gene_symbol,biofilm_logFC,biofilm_padj,planktonic_logFC,planktonic_padj,biofilm_label,biofilm_abs_logFC,planktonic_abs_logFC,biofilm_significant,planktonic_significant
PA14_22460,4.345,1.2e-67,3.617,4.900000000000001e-133,1,4.345,3.617,1,1
ppiA,4.151,3e-63,3.982,9.800000000000001e-124,1,4.151,3.982,1,1
PA14_22470,3.929,1.7e-62,4.158,6.5e-119,1,3.929,4.158,1,1
bapA,3.773,4.400000000000001e-59,3.031,1.8e-103,1,3.773,3.031,1,1
PA14_27070,3.263,1.6e-46,4.044,2.4e-99,1,3.263,4.044,1,1
yhhW,2.964,3.4e-33,3.418,2.9999999999999997e-91,1,2.964,3.418,1,1
PA14_22420,2.388,1.4e-18,-1.867,3.5e-31,1,2.388,1.867,1,1
PA14_27390,1.633,1.8e-09,1.821,3.4e-23,1,1.633,1.821,1,1
PA14_03730,-1.27,2e-07,2.314,1.2e-21,1,1.27,2.314,1,1
PA14_05500,1.283,2.8e-06,1.637,5.2e-17,1,1.283,1.637,1,1
PA14_22280,1.861,5.6e-06,-1.62,2e-16,1,1.861,1.62,1,1
oprQ,-1.069,3.7e-05,-4.116,2.5e-13,1,1.069,4.116,1,1
nirS,-1.513,6.1e-05,1.283,3.6e-11,1,1.513,1.283,1,1
PA14_36470,-1.067,6.1e-05,-1.073,1.4e-10,1,1.067,1.073,1,1
PA14_15360,-1.172,0.0043,-1.079,1.6e-08,1,1.172,1.079,1,1
PA14_36530,-0.795,0.027,1.606,3e-08,0,0.795,1.606,1,1
PA14_05910,0.976,0.027,-1.512,3.2e-08,0,0.976,1.512,1,1
pchD,-0.784,0.035,-1.219,6.6e-08,0,0.784,1.219,1,1
PA14_36820,-1.359,0.057,0.739,2.3e-07,0,1.359,0.739,0,1
norC,-1.811,0.067,0.744,2.7e-07,0,1.811,0.744,0,1
PA14_09750,-0.813,0.074,-0.87,3e-07,0,0.813,0.87,0,1
PA14_05890,1.012,0.096,-1.009,3.4e-07,0,1.012,1.009,0,1
PA14_39990,-0.743,0.1,-1.427,3.6e-07,0,0.743,1.427,0,1
PA14_67410,0.915,0.1,-0.817,7.3e-07,0,0.915,0.817,0,1
acpD,1.04,0.11,-1.543,1.2e-06,0,1.04,1.543,0,1
pchF,-0.692,0.13,-1.206,1.2e-06,0,0.692,1.206,0,1
ccoN,-0.731,0.14,0.828,2.4e-06,0,0.731,0.828,0,1
PA14_40020,-0.754,0.17,-1.108,3.2e-06,0,0.754,1.108,0,1
pchI,-0.703,0.18,-0.714,3.3e-06,0,0.703,0.714,0,1
PA14_32250,-0.942,0.18,-1.069,4.1e-06,0,0.942,1.069,0,1
phnA,0.769,0.18,0.953,1e-05,0,0.769,0.953,0,1
PA14_00480,-0.636,0.19,0.773,1.1e-05,0,0.636,0.773,0,1
aptA,0.745,0.2,0.945,1.1e-05,0,0.745,0.945,0,1
PA14_58330,-1.179,0.19,-0.76,1.3e-05,0,1.179,0.76,0,1
pchE,-0.636,0.22,-0.751,2.1e-05,0,0.636,0.751,0,1
PA14_36520,-0.794,0.23,-0.729,2.3e-05,0,0.794,0.729,0,1
PA14_36500,-0.728,0.31,0.689,3.1e-05,0,0.728,0.689,0,1
pchC,-0.788,0.37,-0.882,3.8e-05,0,0.788,0.882,0,1
opdQ,-0.58,0.46,1.039,4.5e-05,0,0.58,1.039,0,1
muiA,-0.791,0.46,0.801,0.0001,0,0.791,0.801,0,1
pchB,-0.879,0.47,0.784,0.00012,0,0.879,0.784,0,1
dipZ2,-0.653,0.47,-0.677,0.00012,0,0.653,0.677,0,1
pchH,-0.599,0.51,-0.663,0.00013,0,0.599,0.663,0,1
prtN,-0.636,0.51,-0.585,0.00016,0,0.636,0.585,0,1
PA14_40240,0.675,0.51,0.787,0.00018,0,0.675,0.787,0,1
dctA,-0.601,0.51,0.999,0.0002,0,0.601,0.999,0,1
lasB,-0.558,0.54,-0.665,0.0002,0,0.558,0.665,0,1
yeiH,-0.873,0.54,-1.009,0.0002,0,0.873,1.009,0,1
acoR,0.568,0.55,0.688,0.00022,0,0.568,0.688,0,1
PA14_60490,-0.834,0.56,-0.59,0.00026,0,0.834,0.59,0,1
PA14_08660,-0.69,0.59,-0.659,0.00027,0,0.69,0.659,0,1
PA14_49860,0.716,0.59,0.713,0.00038,0,0.716,0.713,0,1
pqsE,0.669,0.62,-1.149,0.00038,0,0.669,1.149,0,1
pqsD,0.657,0.62,-0.912,0.00042,0,0.657,0.912,0,1
yjcH,-0.51,0.63,-0.911,0.00042,0,0.51,0.911,0,1
PA14_36480,-0.634,0.63,0.744,0.00055,0,0.634,0.744,0,1
PA14_36375,-0.581,0.66,-0.765,0.00055,0,0.581,0.765,0,1
popD,0.869,0.67,0.672,0.00055,0,0.869,0.672,0,1
pchR,-0.527,0.7,1.04,0.00068,0,0.527,1.04,0,1
PA14_07850,0.67,0.7,0.81,0.0007,0,0.67,0.81,0,1
PA14_36850,-0.574,0.7,-0.795,0.0008,0,0.574,0.795,0,1
PA14_52520,-0.564,0.7,-1.112,0.0008,0,0.564,1.112,0,1
pchA,-0.548,0.73,0.9,0.00097,0,0.548,0.9,0,1
oprM,0.586,0.73,0.569,0.00097,0,0.586,0.569,0,1
PA14_19960,0.713,0.74,0.599,0.00099,0,0.713,0.599,0,1
glgX,-0.574,0.79,-1.166,0.00097,0,0.574,1.166,0,1
PA14_62240,0.507,0.79,0.944,0.0011,0,0.507,0.944,0,1
PA14_08210,-0.517,0.82,-0.686,0.0011,0,0.517,0.686,0,1
glgB,-0.677,0.82,0.941,0.0012,0,0.677,0.941,0,1
PA14_44430,0.563,0.85,-1.273,0.0012,0,0.563,1.273,0,1
PA14_51010,-0.51,0.95,-0.541,0.0013,0,0.51,0.541,0,1
PA14_07980,-0.869,0.95,0.7,0.0014,0,0.869,0.7,0,1
PA14_22090,-0.537,0.95,1.072,0.0015,0,0.537,1.072,0,1
PA14_30750,-0.704,0.96,-0.669,0.0015,0,0.704,0.669,0,1
hxcW,0.562,0.95,-0.877,0.0016,0,0.562,0.877,0,1
PA14_72890,0.584,0.95,-0.994,0.0018,0,0.584,0.994,0,1
pfpI,-0.483,1.0,-1.439,0.0021,0,0.483,1.439,0,1
PA14_39800,-0.49,1.0,0.844,0.0023,0,0.49,0.844,0,1
PA14_55590,-1.12,1.0,0.515,0.0024,0,1.12,0.515,0,1
PA14_36490,-0.771,1.0,1.503,0.0024,0,0.771,1.503,0,1
pchG,-0.532,1.0,-0.858,0.0025,0,0.532,0.858,0,1
opmL,0.672,1.0,0.791,0.0025,0,0.672,0.791,0,1
PA14_51560,-0.861,1.0,-1.055,0.0026,0,0.861,1.055,0,1
PA14_61010,-0.466,1.0,-1.01,0.0032,0,0.466,1.01,0,1
PA14_01350,0.703,1.0,-0.522,0.0032,0,0.703,0.522,0,1
PA14_08220,-0.498,1.0,-0.608,0.0036,0,0.498,0.608,0,1
PA14_04340,0.596,1.0,1.843,0.0038,0,0.596,1.843,0,1
PA14_09690,0.958,1.0,1.055,0.0041,0,0.958,1.055,0,1
nosR,-2.151,1.0,0.536,0.0041,0,2.151,0.536,0,1
yaaU,-0.776,1.0,0.665,0.0041,0,0.776,0.665,0,1
PA14_28150,0.635,1.0,-0.589,0.0042,0,0.635,0.589,0,1
gcvT2,0.611,1.0,0.55,0.0046,0,0.611,0.55,0,1
fepC,-0.58,1.0,0.599,0.0047,0,0.58,0.599,0,1
PA14_19850,0.728,1.0,-1.042,0.0047,0,0.728,1.042,0,1
PA14_19900,0.512,1.0,-0.963,0.0056,0,0.512,0.963,0,1
kdpF,-1.852,1.0,0.8,0.0058,0,1.852,0.8,0,1
hprA,-0.604,1.0,-0.611,0.0059,0,0.604,0.611,0,1
vapI,-0.431,1.0,0.874,0.0068,0,0.431,0.874,0,1
PA14_03166,-0.478,1.0,-0.51,0.0072,0,0.478,0.51,0,1
PA14_09370,-0.504,1.0,0.951,0.0082,0,0.504,0.951,0,1
PA14_35270,0.659,1.0,-0.822,0.0082,0,0.659,0.822,0,1
PA14_54540,0.76,1.0,-0.499,0.0082,0,0.76,0.499,0,1
PA14_22140,-0.655,1.0,-1.249,0.0094,0,0.655,1.249,0,1
PA14_28360,-0.596,1.0,-0.802,0.01,0,0.596,0.802,0,1
PA14_29290,-0.668,1.0,0.603,0.01,0,0.668,0.603,0,1
katE,-0.494,1.0,-0.634,0.01,0,0.494,0.634,0,1
PA14_36880,-0.899,1.0,-0.707,0.011,0,0.899,0.707,0,1
PA14_03000,0.658,1.0,-2.282,0.011,0,0.658,2.282,0,1
PA14_20460,0.514,1.0,-1.178,0.011,0,0.514,1.178,0,1
PA14_22400,-0.744,1.0,-0.854,0.011,0,0.744,0.854,0,1
PA14_36700,-0.55,1.0,-0.575,0.011,0,0.55,0.575,0,1
PA14_40030,-0.53,1.0,-1.19,0.012,0,0.53,1.19,0,1
minD,-0.442,1.0,0.468,0.012,0,0.442,0.468,0,1
PA14_04270,-0.483,1.0,-0.502,0.012,0,0.483,0.502,0,1
glnA,-0.458,1.0,0.764,0.013,0,0.458,0.764,0,1
PA14_52490,-0.497,1.0,0.776,0.013,0,0.497,0.776,0,1
PA14_56800,0.556,1.0,0.669,0.014,0,0.556,0.669,0,1
coIII,0.414,1.0,0.536,0.014,0,0.414,0.536,0,1
PA14_10360,0.716,1.0,-0.669,0.016,0,0.716,0.669,0,1
PA14_11810,-0.552,1.0,-0.477,0.016,0,0.552,0.477,0,1
PA14_18040,0.442,1.0,-0.879,0.017,0,0.442,0.879,0,1
PA14_22180,-1.391,1.0,0.451,0.017,0,1.391,0.451,0,1
glgP,-0.439,1.0,0.662,0.018,0,0.439,0.662,0,1
azlC,-1.09,1.0,0.44,0.019,0,1.09,0.44,0,1
PA14_59070,-0.562,1.0,0.606,0.021,0,0.562,0.606,0,1
PA14_60530,-0.565,1.0,0.558,0.021,0,0.565,0.558,0,1
PA14_64940,0.474,1.0,0.469,0.022,0,0.474,0.469,0,1
coxG,0.462,1.0,-0.769,0.022,0,0.462,0.769,0,1
PA14_11940,0.486,1.0,-0.755,0.022,0,0.486,0.755,0,1
PA14_26390,0.927,1.0,-0.609,0.023,0,0.927,0.609,0,1
hpkR,-0.709,1.0,0.844,0.024,0,0.709,0.844,0,1
kguT,0.68,1.0,0.88,0.025,0,0.68,0.88,0,1
bdhA,0.592,1.0,1.181,0.025,0,0.592,1.181,0,1
yijF,0.598,1.0,0.408,0.025,0,0.598,0.408,0,1
PA14_59210,-0.51,1.0,0.717,0.026,0,0.51,0.717,0,1
PA14_01340,0.582,1.0,0.764,0.027,0,0.582,0.764,0,1
PA14_08230,-0.48,1.0,0.711,0.027,0,0.48,0.711,0,1
oprG,-0.459,1.0,-1.241,0.029,0,0.459,1.241,0,1
PA14_12920,-1.026,1.0,0.813,0.03,0,1.026,0.813,0,1
bfd,-0.405,1.0,-0.497,0.031,0,0.405,0.497,0,1
PA14_31170,0.476,1.0,-0.518,0.031,0,0.476,0.518,0,1
PA14_36980,-0.434,1.0,0.873,0.031,0,0.434,0.873,0,1
PA14_39060,1.166,1.0,-0.525,0.032,0,1.166,0.525,0,1
yneJ,0.497,1.0,-0.801,0.032,0,0.497,0.801,0,1
PA14_46620,-0.441,1.0,-0.654,0.035,0,0.441,0.654,0,1
norB,-0.704,1.0,-0.431,0.035,0,0.704,0.431,0,1
PA14_11530,0.546,1.0,-0.555,0.035,0,0.546,0.555,0,1
gapA,0.668,1.0,0.424,0.036,0,0.668,0.424,0,1
PA14_27610,-0.476,1.0,-0.636,0.039,0,0.476,0.636,0,1
PA14_28410,1.095,1.0,0.395,0.044,0,1.095,0.395,0,1
hemN,-0.444,1.0,0.811,0.042,0,0.444,0.811,0,1
PA14_45410,-0.812,1.0,-0.503,0.043,0,0.812,0.503,0,1
PA14_47120,-0.419,1.0,-0.83,0.046,0,0.419,0.83,0,1
ydaO,-0.423,1.0,0.604,0.045,0,0.423,0.604,0,1
thrB,0.455,1.0,-0.764,0.046,0,0.455,0.764,0,1
PA14_32840,-0.568,1.0,0.53,0.045,0,0.568,0.53,0,1
PA14_43040,0.6,1.0,0.443,0.046,0,0.6,0.443,0,1
PA14_54750,-0.709,1.0,-0.426,0.045,0,0.709,0.426,0,1
PA14_19920,0.594,1.0,-1.08,0.049,0,0.594,1.08,0,1
PA14_55940,0.857,1.0,-0.523,0.054,0,0.857,0.523,0,0
pra,-0.632,1.0,-0.482,0.057,0,0.632,0.482,0,0
PA14_07820,0.439,1.0,-0.822,0.058,0,0.439,0.822,0,0
PA14_26165,-0.444,1.0,-0.65,0.058,0,0.444,0.65,0,0
PA14_33830,-0.416,1.0,0.659,0.058,0,0.416,0.659,0,0
PA14_52910,0.746,1.0,0.656,0.062,0,0.746,0.656,0,0
PA14_59700,-0.915,1.0,-0.827,0.061,0,0.915,0.827,0,0
PA14_32490,-0.436,1.0,0.474,0.063,0,0.436,0.474,0,0
PA14_40230,0.481,1.0,0.452,0.063,0,0.481,0.452,0,0
PA14_54180,-0.563,1.0,-0.739,0.063,0,0.563,0.739,0,0
PA14_61180,0.943,1.0,-0.641,0.065,0,0.943,0.641,0,0
PA14_60090,-0.399,1.0,-0.579,0.067,0,0.399,0.579,0,0
PA14_10200,-0.622,1.0,-0.471,0.07,0,0.622,0.471,0,0
PA14_33590,-0.483,1.0,0.441,0.07,0,0.483,0.441,0,0
PA14_38500,0.546,1.0,0.43,0.07,0,0.546,0.43,0,0
PA14_60480,-0.557,1.0,0.425,0.072,0,0.557,0.425,0,0
PA14_61120,0.433,1.0,0.414,0.07,0,0.433,0.414,0,0
PA14_00810,-0.578,1.0,-0.468,0.073,0,0.578,0.468,0,0
tyrZ,-0.395,1.0,0.418,0.073,0,0.395,0.418,0,0
orfA,-0.36,1.0,1.117,0.073,0,0.36,1.117,0,0
PA14_30080,0.445,1.0,-0.835,0.075,0,0.445,0.835,0,0
PA14_33250,-0.441,1.0,0.376,0.075,0,0.441,0.376,0,0
PA14_36360,-0.538,1.0,1.521,0.075,0,0.538,1.521,0,0
PA14_36410,-0.609,1.0,-0.585,0.081,0,0.609,0.585,0,0
PA14_44510,-1.093,1.0,-0.593,0.081,0,1.093,0.593,0,0
PA14_71380,0.726,1.0,0.706,0.086,0,0.726,0.706,0,0
PA14_02220,0.468,1.0,0.888,0.086,0,0.468,0.888,0,0
PA14_54830,-0.468,1.0,0.7,0.086,0,0.468,0.7,0,0
nfeD,0.555,1.0,0.43,0.086,0,0.555,0.43,0,0
eprS,-0.434,1.0,-1.13,0.086,0,0.434,1.13,0,0
acdA,0.623,1.0,0.377,0.086,0,0.623,0.377,0,0
P33,1.132,1.0,0.428,0.089,0,1.132,0.428,0,0
PA14_46850,-1.101,1.0,-0.867,0.089,0,1.101,0.867,0,0
PA14_21210,-0.404,1.0,-0.696,0.089,0,0.404,0.696,0,0
PA14_36350,-0.437,1.0,-0.372,0.089,0,0.437,0.372,0,0
PA14_36780,-0.407,1.0,0.772,0.089,0,0.407,0.772,0,0
phzG2,0.713,1.0,0.617,0.091,0,0.713,0.617,0,0
napA,0.411,1.0,-1.021,0.091,0,0.411,1.021,0,0
dctP,0.574,1.0,0.478,0.091,0,0.574,0.478,0,0
codB,0.608,1.0,0.38,0.091,0,0.608,0.38,0,0
PA14_12470,0.507,1.0,-1.034,0.092,0,0.507,1.034,0,0
PA14_14550,-0.417,1.0,0.636,0.092,0,0.417,0.636,0,0
PA14_33510,-0.512,1.0,-0.495,0.093,0,0.512,0.495,0,0
intT,-0.379,1.0,0.369,0.095,0,0.379,0.369,0,0
PA14_52550,-0.382,1.0,0.508,0.093,0,0.382,0.508,0,0
PA14_72360,0.344,1.0,-0.703,0.097,0,0.344,0.703,0,0
lrp,-0.48,1.0,-0.531,0.095,0,0.48,0.531,0,0
PA14_39270,0.511,1.0,-0.623,0.1,0,0.511,0.623,0,0
PA14_40260,0.5,1.0,-0.362,0.1,0,0.5,0.362,0,0
ydiA,-0.497,1.0,0.493,0.11,0,0.497,0.493,0,0
PA14_43440,-0.454,1.0,-0.329,0.11,0,0.454,0.329,0,0
PA14_61000,-0.937,1.0,0.362,0.11,0,0.937,0.362,0,0
ubiB,0.433,1.0,-0.47,0.12,0,0.433,0.47,0,0
uhpA,0.451,1.0,-0.537,0.12,0,0.451,0.537,0,0
glpK,0.425,1.0,-0.429,0.12,0,0.425,0.429,0,0
gltK,0.774,1.0,-0.342,0.12,0,0.774,0.342,0,0
PA14_26600,-0.367,1.0,0.686,0.12,0,0.367,0.686,0,0
PA14_51480,-0.403,1.0,0.903,0.12,0,0.403,0.903,0,0
cysD,-0.412,1.0,-0.381,0.12,0,0.412,0.381,0,0
PA14_58040,-0.411,1.0,-0.335,0.12,0,0.411,0.335,0,0
fabG,0.467,1.0,0.38,0.13,0,0.467,0.38,0,0
pilG,-0.396,1.0,-0.444,0.13,0,0.396,0.444,0,0
PA14_12680,0.402,1.0,-0.554,0.13,0,0.402,0.554,0,0
PA14_52880,1.175,1.0,-0.504,0.13,0,1.175,0.504,0,0
PA14_71390,0.466,1.0,-0.776,0.13,0,0.466,0.776,0,0
purT,0.451,1.0,-0.512,0.13,0,0.451,0.512,0,0
PA14_33880,-0.382,1.0,0.779,0.13,0,0.382,0.779,0,0
PA14_43540,0.518,1.0,0.536,0.13,0,0.518,0.536,0,0
cysI,-0.395,1.0,-0.488,0.13,0,0.395,0.488,0,0
opdH,0.635,1.0,0.885,0.13,0,0.635,0.885,0,0
PA14_59820,-0.753,1.0,-0.811,0.13,0,0.753,0.811,0,0
pilY1,-0.345,1.0,-0.535,0.14,0,0.345,0.535,0,0
PA14_21000,0.563,1.0,0.786,0.14,0,0.563,0.786,0,0
PA14_22500,0.685,1.0,-0.403,0.14,0,0.685,0.403,0,0
pcrV,0.497,1.0,0.423,0.15,0,0.497,0.423,0,0
PA14_42970,0.695,1.0,-0.426,0.14,0,0.695,0.426,0,0
nfxB,-0.905,1.0,-0.506,0.15,0,0.905,0.506,0,0
ctaA,0.596,1.0,-0.456,0.15,0,0.596,0.456,0,0
PA14_06580,0.442,1.0,-0.539,0.16,0,0.442,0.539,0,0
pyrG,-0.435,1.0,0.394,0.16,0,0.435,0.394,0,0
PA14_40350,0.419,1.0,-0.392,0.16,0,0.419,0.392,0,0
pilA,0.384,1.0,-0.558,0.16,0,0.384,0.558,0,0
fpvB,-0.419,1.0,0.829,0.17,0,0.419,0.829,0,0
PA14_12560,-0.415,1.0,0.638,0.17,0,0.415,0.638,0,0
atpB,-0.372,1.0,0.381,0.17,0,0.372,0.381,0,0
argD,0.539,1.0,-0.427,0.17,0,0.539,0.427,0,0
PA14_15910,0.56,1.0,0.405,0.17,0,0.56,0.405,0,0
PA14_22240,-0.823,1.0,-0.743,0.17,0,0.823,0.743,0,0
PA14_51570,-0.412,1.0,-0.6,0.18,0,0.412,0.6,0,0
waaC,0.444,1.0,0.661,0.19,0,0.444,0.661,0,0
PA14_10020,0.454,1.0,0.52,0.19,0,0.454,0.52,0,0
PA14_13220,-0.453,1.0,-0.353,0.19,0,0.453,0.353,0,0
nagF,0.487,1.0,0.334,0.19,0,0.487,0.334,0,0
PA14_16370,0.516,1.0,0.653,0.19,0,0.516,0.653,0,0
PA14_27120,-0.563,1.0,-0.334,0.19,0,0.563,0.334,0,0
PA14_31240,-0.384,1.0,-0.662,0.19,0,0.384,0.662,0,0
PA14_47130,-0.361,1.0,0.31,0.19,0,0.361,0.31,0,0
PA14_56480,0.465,1.0,0.545,0.19,0,0.465,0.545,0,0
PA14_04510,0.456,1.0,-0.477,0.19,0,0.456,0.477,0,0
norR,-0.552,1.0,-0.485,0.19,0,0.552,0.485,0,0
exsD,0.453,1.0,0.739,0.19,0,0.453,0.739,0,0
pqsC,0.515,1.0,0.335,0.19,0,0.515,0.335,0,0
cupC2,-0.676,1.0,0.337,0.19,0,0.676,0.337,0,0
algU,-0.359,1.0,-0.553,0.19,0,0.359,0.553,0,0
PA14_56090,-0.43,1.0,0.366,0.19,0,0.43,0.366,0,0
CrcZ,-1.406,1.0,-0.463,0.2,0,1.406,0.463,0,0
recX,-0.41,1.0,0.556,0.19,0,0.41,0.556,0,0
PA14_29820,0.397,1.0,-0.96,0.2,0,0.397,0.96,0,0
cysI,-0.348,1.0,-0.616,0.2,0,0.348,0.616,0,0
pdhB,0.531,1.0,0.398,0.2,0,0.531,0.398,0,0
PA14_40010,-0.435,1.0,-0.313,0.2,0,0.435,0.313,0,0
PA14_41980,-0.397,1.0,-0.346,0.2,0,0.397,0.346,0,0
atpD,-0.355,1.0,-0.353,0.2,0,0.355,0.353,0,0
PA14_36870,-0.429,1.0,0.416,0.2,0,0.429,0.416,0,0
dctQ,0.485,1.0,0.559,0.2,0,0.485,0.559,0,0
PA14_60730,-0.416,1.0,-1.193,0.2,0,0.416,1.193,0,0
PA14_00490,-0.531,1.0,-0.335,0.2,0,0.531,0.335,0,0
PA14_00990,-0.328,1.0,0.316,0.2,0,0.328,0.316,0,0
PA14_47320,0.402,1.0,0.35,0.2,0,0.402,0.35,0,0
PA14_51080,0.76,1.0,0.417,0.2,0,0.76,0.417,0,0
PA14_59130,-0.633,1.0,-0.424,0.21,0,0.633,0.424,0,0
PA14_69250,-0.405,1.0,0.332,0.21,0,0.405,0.332,0,0
PA14_07970,-0.628,1.0,0.336,0.22,0,0.628,0.336,0,0
pslH,0.772,1.0,0.598,0.21,0,0.772,0.598,0,0
PA14_61290,-0.386,1.0,0.809,0.21,0,0.386,0.809,0,0
yfdZ,-0.423,1.0,-0.329,0.21,0,0.423,0.329,0,0
hslR,0.431,1.0,0.34,0.21,0,0.431,0.34,0,0
PA14_14430,0.379,1.0,0.427,0.21,0,0.379,0.427,0,0
PA14_38310,-0.857,1.0,0.342,0.22,0,0.857,0.342,0,0
PA14_38420,0.362,1.0,-0.608,0.22,0,0.362,0.608,0,0
crfX,-0.376,1.0,-0.307,0.23,0,0.376,0.307,0,0
fixI,0.433,1.0,0.583,0.22,0,0.433,0.583,0,0
PA14_02100,0.56,1.0,0.381,0.22,0,0.56,0.381,0,0
PA14_12180,-0.75,1.0,-0.446,0.22,0,0.75,0.446,0,0
PA14_21570,0.624,1.0,-0.322,0.22,0,0.624,0.322,0,0
PA14_33290,-0.374,1.0,0.549,0.22,0,0.374,0.549,0,0
PA14_36550,-0.425,1.0,-0.716,0.22,0,0.425,0.716,0,0
PA14_44160,0.401,1.0,-0.51,0.23,0,0.401,0.51,0,0
PA14_44260,0.641,1.0,0.697,0.22,0,0.641,0.697,0,0
exoT,0.562,1.0,-0.355,0.22,0,0.562,0.355,0,0
ctaB,0.424,1.0,-0.639,0.22,0,0.424,0.639,0,0
PA14_22190,-1.38,1.0,0.678,0.22,0,1.38,0.678,0,0
PA14_36200,-0.51,1.0,-1.779,0.23,0,0.51,1.779,0,0
PA14_67440,0.421,1.0,0.44,0.23,0,0.421,0.44,0,0
PA14_19710,0.556,1.0,0.723,0.23,0,0.556,0.723,0,0
PA14_20470,0.361,1.0,-0.49,0.23,0,0.361,0.49,0,0
glcG,0.838,1.0,0.37,0.23,0,0.838,0.37,0,0
tRNA,0.61,1.0,-0.536,0.24,0,0.61,0.536,0,0
tufB,-0.444,1.0,0.668,0.23,0,0.444,0.668,0,0
repA,-0.358,1.0,-0.311,0.24,0,0.358,0.311,0,0
PA14_21860,0.501,1.0,0.473,0.24,0,0.501,0.473,0,0
PA14_37660,-0.554,1.0,0.49,0.23,0,0.554,0.49,0,0
PA14_00310,0.495,1.0,-0.405,0.24,0,0.495,0.405,0,0
PA14_08470,-0.555,1.0,-0.318,0.23,0,0.555,0.318,0,0
PA14_20480,0.365,1.0,0.605,0.25,0,0.365,0.605,0,0
ispB,-0.604,1.0,0.416,0.24,0,0.604,0.416,0,0
spuC,0.35,1.0,-1.004,0.25,0,0.35,1.004,0,0
PA14_20900,0.609,1.0,-0.784,0.24,0,0.609,0.784,0,0
PA14_21840,-0.338,1.0,-0.74,0.24,0,0.338,0.74,0,0
pa1L,0.692,1.0,-0.416,0.25,0,0.692,0.416,0,0
PA14_36730,-0.373,1.0,-0.559,0.24,0,0.373,0.559,0,0
PA14_37820,-0.567,1.0,0.499,0.24,0,0.567,0.499,0,0
sdhC,-0.338,1.0,0.549,0.25,0,0.338,0.549,0,0
PA14_63340,0.393,1.0,0.285,0.24,0,0.393,0.285,0,0
PA14_64850,0.753,1.0,-0.306,0.25,0,0.753,0.306,0,0
P10,-0.921,1.0,0.456,0.26,0,0.921,0.456,0,0
PA14_01810,0.426,1.0,-0.581,0.25,0,0.426,0.581,0,0
cheA,0.461,1.0,1.444,0.26,0,0.461,1.444,0,0
PA14_12440,0.41,1.0,-0.306,0.26,0,0.41,0.306,0,0
ycfJ,-0.575,1.0,0.525,0.25,0,0.575,0.525,0,0
PA14_46480,-0.663,1.0,0.363,0.25,0,0.663,0.363,0,0
PA14_48970,-0.8,1.0,-0.292,0.27,0,0.8,0.292,0,0
PA14_49680,-0.564,1.0,-0.729,0.27,0,0.564,0.729,0,0
PA14_09380,-0.393,1.0,0.334,0.28,0,0.393,0.334,0,0
PA14_26610,-0.359,1.0,-0.341,0.27,0,0.359,0.341,0,0
PA14_32710,-0.568,1.0,-0.331,0.28,0,0.568,0.331,0,0
PA14_39420,0.494,1.0,-0.509,0.28,0,0.494,0.509,0,0
pcrH,0.869,1.0,0.317,0.28,0,0.869,0.317,0,0
PA14_63940,0.409,1.0,-0.45,0.28,0,0.409,0.45,0,0
PA14_64930,0.488,1.0,-0.657,0.28,0,0.488,0.657,0,0
PA14_67540,0.604,1.0,0.655,0.28,0,0.604,0.655,0,0
atpG,-0.345,1.0,-0.324,0.29,0,0.345,0.324,0,0
tRNA,-0.748,1.0,-0.311,0.28,0,0.748,0.311,0,0
PA14_15650,-1.221,1.0,-0.413,0.28,0,1.221,0.413,0,0
PA14_21810,-0.373,1.0,-0.872,0.29,0,0.373,0.872,0,0
gltR,0.569,1.0,-0.352,0.3,0,0.569,0.352,0,0
PA14_71760,0.502,1.0,-0.355,0.3,0,0.502,0.355,0,0
PA14_02730,0.565,1.0,1.178,0.29,0,0.565,1.178,0,0
PA14_18800,0.387,1.0,0.474,0.3,0,0.387,0.474,0,0
PA14_30090,0.366,1.0,-0.46,0.3,0,0.366,0.46,0,0
ccoN,-0.337,1.0,0.276,0.29,0,0.337,0.276,0,0
PA14_48660,0.463,1.0,0.316,0.31,0,0.463,0.316,0,0
PA14_72640,-0.361,1.0,-0.374,0.31,0,0.361,0.374,0,0
glpF,0.362,1.0,0.565,0.3,0,0.362,0.565,0,0
phnC,-0.45,1.0,-0.494,0.31,0,0.45,0.494,0,0
PA14_32830,-0.368,1.0,0.329,0.31,0,0.368,0.329,0,0
PA14_48830,-0.461,1.0,0.33,0.31,0,0.461,0.33,0,0
PA14_57690,-0.551,1.0,-0.355,0.32,0,0.551,0.355,0,0
tpiA,-0.339,1.0,-0.453,0.31,0,0.339,0.453,0,0
minE,-0.332,1.0,-0.557,0.33,0,0.332,0.557,0,0
PA14_32810,-0.38,1.0,-0.339,0.34,0,0.38,0.339,0,0
pvdG,-0.378,1.0,0.399,0.35,0,0.378,0.399,0,0
PA14_56180,-0.381,1.0,0.284,0.34,0,0.381,0.284,0,0
PA14_67780,-0.869,1.0,-0.383,0.34,0,0.869,0.383,0,0
PA14_20510,-0.321,1.0,0.331,0.34,0,0.321,0.331,0,0
PA14_55780,0.438,1.0,-0.691,0.36,0,0.438,0.691,0,0
PA14_00800,0.446,1.0,-0.34,0.36,0,0.446,0.34,0,0
PA14_03480,0.479,1.0,-0.458,0.36,0,0.479,0.458,0,0
PA14_21670,-0.47,1.0,-0.377,0.36,0,0.47,0.377,0,0
PA14_36990,0.913,1.0,-0.286,0.36,0,0.913,0.286,0,0
PA14_43610,0.38,1.0,0.353,0.37,0,0.38,0.353,0,0
selB,0.419,1.0,0.379,0.37,0,0.419,0.379,0,0
rep,-0.378,1.0,-0.318,0.37,0,0.378,0.318,0,0
ppkA,0.815,1.0,-0.493,0.37,0,0.815,0.493,0,0
PA14_19690,1.252,1.0,-0.425,0.37,0,1.252,0.425,0,0
ibpA,-0.355,1.0,-0.55,0.37,0,0.355,0.55,0,0
glmM,0.357,1.0,0.325,0.37,0,0.357,0.325,0,0
PA14_72300,-0.35,1.0,1.844,0.37,0,0.35,1.844,0,0
mmsA,0.448,1.0,0.323,0.38,0,0.448,0.323,0,0
PA14_33350,-0.46,1.0,-0.418,0.38,0,0.46,0.418,0,0
PA14_20530,-0.345,1.0,0.275,0.38,0,0.345,0.275,0,0
PA14_28110,0.859,1.0,-0.441,0.37,0,0.859,0.441,0,0
PA14_36650,-1.05,1.0,0.282,0.38,0,1.05,0.282,0,0
PA14_36660,-0.376,1.0,0.999,0.39,0,0.376,0.999,0,0
PA14_55400,0.326,1.0,-0.399,0.39,0,0.326,0.399,0,0
cysQ,0.387,1.0,-0.291,0.39,0,0.387,0.291,0,0
PA14_69820,-0.491,1.0,0.339,0.38,0,0.491,0.339,0,0
PA14_01730,0.358,1.0,-0.419,0.38,0,0.358,0.419,0,0
PA14_11790,-0.388,1.0,0.318,0.38,0,0.388,0.318,0,0
PA14_16680,0.332,1.0,0.296,0.39,0,0.332,0.296,0,0
PA14_28740,-0.37,1.0,-0.376,0.39,0,0.37,0.376,0,0
PA14_33320,-0.616,1.0,0.496,0.39,0,0.616,0.496,0,0
fliI,0.387,1.0,-0.274,0.39,0,0.387,0.274,0,0
PA14_54240,0.493,1.0,-0.325,0.39,0,0.493,0.325,0,0
aspA,-0.467,1.0,-0.287,0.39,0,0.467,0.287,0,0
bioC,0.727,1.0,-0.43,0.39,0,0.727,0.43,0,0
ydjA,0.64,1.0,0.356,0.39,0,0.64,0.356,0,0
acpP,-0.356,1.0,-0.326,0.39,0,0.356,0.326,0,0
PA14_28895,0.788,1.0,-0.353,0.41,0,0.788,0.353,0,0
PA14_30680,-0.552,1.0,-0.286,0.4,0,0.552,0.286,0,0
PA14_24210,0.371,1.0,-0.464,0.41,0,0.371,0.464,0,0
tnpS,-0.326,1.0,-0.801,0.41,0,0.326,0.801,0,0
PA14_44620,-0.325,1.0,-0.442,0.41,0,0.325,0.442,0,0
PA14_45870,0.383,1.0,-0.727,0.42,0,0.383,0.727,0,0
PA14_46260,0.401,1.0,1.357,0.41,0,0.401,1.357,0,0
PA14_52480,-0.392,1.0,-0.267,0.41,0,0.392,0.267,0,0
aroQ2,0.407,1.0,0.368,0.43,0,0.407,0.368,0,0
cynS,1.395,1.0,0.312,0.43,0,1.395,0.312,0,0
PA14_58240,0.444,1.0,0.761,0.42,0,0.444,0.761,0,0
fdhA,0.389,1.0,0.296,0.42,0,0.389,0.296,0,0
PA14_01230,0.675,1.0,0.36,0.42,0,0.675,0.36,0,0
gpFI,-0.35,1.0,0.267,0.43,0,0.35,0.267,0,0
ampR,-0.49,1.0,-0.514,0.43,0,0.49,0.514,0,0
ribC,0.388,1.0,-0.248,0.43,0,0.388,0.248,0,0
moaE,0.44,1.0,-0.286,0.44,0,0.44,0.286,0,0
wrbA,-0.434,1.0,-0.273,0.45,0,0.434,0.273,0,0
PA14_28130,-0.402,1.0,-0.354,0.45,0,0.402,0.354,0,0
folE2,-0.494,1.0,-0.437,0.46,0,0.494,0.437,0,0
PA14_43870,-0.493,1.0,-0.348,0.46,0,0.493,0.348,0,0
PA14_33780,-0.316,1.0,-0.334,0.46,0,0.316,0.334,0,0
PA14_37490,0.574,1.0,-0.45,0.46,0,0.574,0.45,0,0
rimJ,0.45,1.0,-0.409,0.47,0,0.45,0.409,0,0
cobA,0.447,1.0,-0.325,0.46,0,0.447,0.325,0,0
PA14_49010,-0.729,1.0,-0.419,0.46,0,0.729,0.419,0,0
PA14_29100,0.417,1.0,-0.366,0.47,0,0.417,0.366,0,0
kguD,0.773,1.0,0.269,0.46,0,0.773,0.269,0,0
rcsB,-0.345,1.0,0.416,0.48,0,0.345,0.416,0,0
sndH,-0.391,1.0,-0.332,0.47,0,0.391,0.332,0,0
pssA,-0.326,1.0,0.662,0.47,0,0.326,0.662,0,0
benK,0.453,1.0,0.313,0.47,0,0.453,0.313,0,0
rubB,0.358,1.0,0.253,0.47,0,0.358,0.253,0,0
PA14_14380,-0.54,1.0,-0.419,0.48,0,0.54,0.419,0,0
pvdS,-0.856,1.0,-0.25,0.47,0,0.856,0.25,0,0
kguE,1.161,1.0,0.996,0.48,0,1.161,0.996,0,0
maiA,0.474,1.0,0.479,0.48,0,0.474,0.479,0,0
PA14_54870,-0.327,1.0,-0.243,0.48,0,0.327,0.243,0,0
PA14_63460,-0.618,1.0,0.458,0.48,0,0.618,0.458,0,0
PA14_21780,-0.48,1.0,-0.283,0.48,0,0.48,0.283,0,0
PA14_26150,-0.482,1.0,-0.873,0.48,0,0.482,0.873,0,0
mexT,-0.503,1.0,-0.37,0.48,0,0.503,0.37,0,0
folP,0.359,1.0,-0.373,0.48,0,0.359,0.373,0,0
PA14_01480,0.473,1.0,-0.249,0.48,0,0.473,0.249,0,0
PA14_03340,-0.427,1.0,-0.27,0.49,0,0.427,0.27,0,0
sbp,-0.415,1.0,0.396,0.49,0,0.415,0.396,0,0
PA14_33910,0.442,1.0,-0.342,0.49,0,0.442,0.342,0,0
PA14_36930,-0.383,1.0,-1.013,0.49,0,0.383,1.013,0,0
PA14_14450,-0.492,1.0,-0.283,0.5,0,0.492,0.283,0,0
PA14_21680,-0.327,1.0,-0.458,0.5,0,0.327,0.458,0,0
PA14_32520,0.325,1.0,0.415,0.49,0,0.325,0.415,0,0
tnpT,-0.316,1.0,-0.384,0.5,0,0.316,0.384,0,0
PA14_47060,-0.706,1.0,-0.404,0.5,0,0.706,0.404,0,0
PA14_55631,-0.838,1.0,-0.357,0.5,0,0.838,0.357,0,0
PA14_55930,0.42,1.0,-0.574,0.5,0,0.42,0.574,0,0
PA14_68510,0.503,1.0,0.323,0.51,0,0.503,0.323,0,0
PA14_54050,0.457,1.0,-0.28,0.51,0,0.457,0.28,0,0
ctpL,0.529,1.0,0.334,0.51,0,0.529,0.334,0,0
PA14_71830,0.565,1.0,0.304,0.51,0,0.565,0.304,0,0
cheW,0.549,1.0,-0.384,0.51,0,0.549,0.384,0,0
gpFII,-0.34,1.0,0.335,0.51,0,0.34,0.335,0,0
PA14_12370,-0.348,1.0,-0.392,0.51,0,0.348,0.392,0,0
PA14_36790,-0.382,1.0,0.679,0.51,0,0.382,0.679,0,0
paaH,0.521,1.0,0.829,0.51,0,0.521,0.829,0,0
PA14_72010,-0.341,1.0,-1.632,0.52,0,0.341,1.632,0,0
cca,0.368,1.0,-0.517,0.52,0,0.368,0.517,0,0
PA14_38395,-0.86,1.0,-0.357,0.52,0,0.86,0.357,0,0
nfxB,-0.807,1.0,-0.382,0.52,0,0.807,0.382,0,0
PA14_64400,-0.427,1.0,-0.267,0.52,0,0.427,0.267,0,0
PA14_28000,-0.346,1.0,0.567,0.52,0,0.346,0.567,0,0
msuE,-1.505,1.0,0.816,0.52,0,1.505,0.816,0,0
cysB,-0.385,1.0,-0.373,0.53,0,0.385,0.373,0,0
purD,0.592,1.0,0.253,0.53,0,0.592,0.253,0,0
coaD,-0.375,1.0,0.288,0.53,0,0.375,0.288,0,0
creD,0.404,1.0,0.613,0.54,0,0.404,0.613,0,0
recA,-0.345,1.0,-0.33,0.54,0,0.345,0.33,0,0
PA14_17660,0.586,1.0,0.269,0.55,0,0.586,0.269,0,0
PA14_17730,-0.274,1.0,-0.955,0.55,0,0.274,0.955,0,0
yafL,-0.335,1.0,-0.36,0.56,0,0.335,0.36,0,0
pelA,-0.507,1.0,-0.424,0.56,0,0.507,0.424,0,0
xylX,0.549,1.0,0.323,0.56,0,0.549,0.323,0,0
sdaA,0.378,1.0,0.277,0.56,0,0.378,0.277,0,0
PA14_33940,0.473,1.0,0.31,0.56,0,0.473,0.31,0,0
pvcB,1.46,1.0,-0.295,0.56,0,1.46,0.295,0,0
PA14_36900,-0.48,1.0,0.239,0.56,0,0.48,0.239,0,0
PA14_41340,-0.417,1.0,0.409,0.57,0,0.417,0.409,0,0
nasT,0.728,1.0,-0.421,0.56,0,0.728,0.421,0,0
ccmC,0.36,1.0,0.279,0.56,0,0.36,0.279,0,0
PA14_54080,0.333,1.0,-0.246,0.56,0,0.333,0.246,0,0
PA14_54740,-0.687,1.0,-0.278,0.56,0,0.687,0.278,0,0
pmbA,0.328,1.0,-0.53,0.57,0,0.328,0.53,0,0
radC,0.368,1.0,-0.288,0.56,0,0.368,0.288,0,0
cysT,-0.513,1.0,0.301,0.57,0,0.513,0.301,0,0
spuB,0.321,1.0,0.456,0.57,0,0.321,0.456,0,0
gcdH,0.399,1.0,-0.692,0.57,0,0.399,0.692,0,0
nirQ,0.39,1.0,0.834,0.58,0,0.39,0.834,0,0
PA14_06960,0.426,1.0,0.425,0.58,0,0.426,0.425,0,0
PA14_08650,-0.298,1.0,-0.517,0.58,0,0.298,0.517,0,0
rplJ,-0.304,1.0,0.317,0.59,0,0.304,0.317,0,0
bfrA,-0.406,1.0,-0.368,0.59,0,0.406,0.368,0,0
PA14_12700,-0.542,1.0,-0.622,0.59,0,0.542,0.622,0,0
PA14_16780,0.608,1.0,0.426,0.59,0,0.608,0.426,0,0
fabH2,0.448,1.0,-0.283,0.59,0,0.448,0.283,0,0
alkB,-0.281,1.0,-0.731,0.6,0,0.281,0.731,0,0
PA14_22250,-0.457,1.0,-0.413,0.59,0,0.457,0.413,0,0
PA14_31200,-1.618,1.0,0.521,0.6,0,1.618,0.521,0,0
PA14_33600,-0.541,1.0,0.251,0.6,0,0.541,0.251,0,0
PA14_36030,-0.564,1.0,-0.307,0.6,0,0.564,0.307,0,0
PA14_36740,-0.328,1.0,-0.302,0.6,0,0.328,0.302,0,0
PA14_38020,0.521,1.0,0.252,0.62,0,0.521,0.252,0,0
PA14_38220,-0.335,1.0,0.338,0.62,0,0.335,0.338,0,0
gnyR,-0.53,1.0,-0.329,0.64,0,0.53,0.329,0,0
PA14_40740,0.326,1.0,0.261,0.64,0,0.326,0.261,0,0
PA14_41110,-0.378,1.0,-0.267,0.64,0,0.378,0.267,0,0
PA14_43520,0.459,1.0,0.33,0.64,0,0.459,0.33,0,0
sdhD,-0.602,1.0,0.242,0.64,0,0.602,0.242,0,0
cycH,0.49,1.0,-0.733,0.64,0,0.49,0.733,0,0
PA14_47640,-0.896,1.0,-0.338,0.64,0,0.896,0.338,0,0
cobB,0.542,1.0,0.307,0.65,0,0.542,0.307,0,0
PA14_47920,-0.965,1.0,-0.35,0.65,0,0.965,0.35,0,0
napB,0.425,1.0,0.778,0.65,0,0.425,0.778,0,0
PA14_50940,-0.289,1.0,0.394,0.65,0,0.289,0.394,0,0
PA14_54230,0.466,1.0,-0.405,0.65,0,0.466,0.405,0,0
mucA,-0.296,1.0,-0.396,0.65,0,0.296,0.396,0,0
PA14_54910,0.503,1.0,0.271,0.65,0,0.503,0.271,0,0
PA14_58010,-0.34,1.0,0.359,0.65,0,0.34,0.359,0,0
PA14_59830,-0.352,1.0,-0.42,0.65,0,0.352,0.42,0,0
aspC,0.441,1.0,-0.333,0.65,0,0.441,0.333,0,0
PA14_67210,-0.278,1.0,0.42,0.66,0,0.278,0.42,0,0
PA14_69050,0.402,1.0,-0.378,0.66,0,0.402,0.378,0,0
wbpW,0.33,1.0,-0.518,0.66,0,0.33,0.518,0,0
engB,-0.507,1.0,1.083,0.66,0,0.507,1.083,0,0
atpI,-0.302,1.0,0.215,0.66,0,0.302,0.215,0,0
clpB,0.377,1.0,-0.254,0.66,0,0.377,0.254,0,0
PA14_01410,0.349,1.0,-0.418,0.66,0,0.349,0.418,0,0
PA14_01990,-0.598,1.0,-0.228,0.66,0,0.598,0.228,0,0
PA14_03520,0.397,1.0,-0.527,0.66,0,0.397,0.527,0,0
PA14_04530,0.342,1.0,0.296,0.67,0,0.342,0.296,0,0
folA,0.56,1.0,-0.257,0.67,0,0.56,0.257,0,0
PA14_07450,-0.299,1.0,-0.396,0.67,0,0.299,0.396,0,0
PA14_08450,-0.352,1.0,-0.362,0.67,0,0.352,0.362,0,0
yafB,-0.819,1.0,-0.93,0.67,0,0.819,0.93,0,0
PA14_11630,-0.481,1.0,0.202,0.67,0,0.481,0.202,0,0
moeA1,1.237,1.0,0.353,0.67,0,1.237,0.353,0,0
PA14_14200,0.35,1.0,0.468,0.67,0,0.35,0.468,0,0
holC,0.483,1.0,-0.388,0.67,0,0.483,0.388,0,0
queA,-0.363,1.0,0.307,0.67,0,0.363,0.307,0,0
wspE,0.397,1.0,-0.542,0.68,0,0.397,0.542,0,0
ahpC,-0.635,1.0,-2.058,0.68,0,0.635,2.058,0,0
PA14_19990,-0.403,1.0,1.46,0.67,0,0.403,1.46,0,0
flgN,-0.359,1.0,0.313,0.68,0,0.359,0.313,0,0
PA14_22960,0.39,1.0,-0.541,0.68,0,0.39,0.541,0,0
tyrB,-0.318,1.0,1.329,0.68,0,0.318,1.329,0,0
PA14_24570,-0.412,1.0,0.22,0.68,0,0.412,0.22,0,0
PA14_26000,0.417,1.0,-5.621,0.68,0,0.417,5.621,0,0
PA14_26620,-0.329,1.0,-0.335,0.68,0,0.329,0.335,0,0
clpA,0.302,1.0,-0.464,0.68,0,0.302,0.464,0,0
yqjG,0.366,1.0,-0.36,0.68,0,0.366,0.36,0,0
tam,0.382,1.0,-0.493,0.68,0,0.382,0.493,0,0
bkdB,-0.835,1.0,-0.313,0.68,0,0.835,0.313,0,0
PA14_38290,-0.494,1.0,0.316,0.68,0,0.494,0.316,0,0
PA14_38340,0.302,1.0,-0.501,0.68,0,0.302,0.501,0,0
PA14_41950,-0.462,1.0,-0.247,0.68,0,0.462,0.247,0,0
kdpC,2.199,1.0,-0.216,0.69,0,2.199,0.216,0,0
PA14_44080,-0.328,1.0,-0.536,0.69,0,0.328,0.536,0,0
PA14_44800,-0.406,1.0,0.472,0.69,0,0.406,0.472,0,0
PA14_45190,0.43,1.0,0.328,0.69,0,0.43,0.328,0,0
motC,0.378,1.0,-0.244,0.69,0,0.378,0.244,0,0
lasI,-0.869,1.0,0.207,0.69,0,0.869,0.207,0,0
PA14_47270,0.355,1.0,0.404,0.69,0,0.355,0.404,0,0
PA14_48560,-0.575,1.0,-0.269,0.69,0,0.575,0.269,0,0
PA14_49030,-0.403,1.0,-0.216,0.69,0,0.403,0.216,0,0
PA14_49940,-0.305,1.0,-0.323,0.69,0,0.305,0.323,0,0
PA14_50300,0.354,1.0,-0.464,0.69,0,0.354,0.464,0,0
PA14_53820,-0.546,1.0,0.319,0.69,0,0.546,0.319,0,0
PA14_55850,0.853,1.0,-0.277,0.69,0,0.853,0.277,0,0
PA14_56570,0.912,1.0,-0.373,0.7,0,0.912,0.373,0,0
PA14_59200,-0.293,1.0,0.247,0.7,0,0.293,0.247,0,0
PA14_59550,-0.282,1.0,-0.409,0.69,0,0.282,0.409,0,0
PA14_61110,0.502,1.0,-0.344,0.7,0,0.502,0.344,0,0
cbrB,0.316,1.0,-0.421,0.7,0,0.316,0.421,0,0
PA14_64430,-0.71,1.0,0.249,0.7,0,0.71,0.249,0,0
vanR,0.4,1.0,0.34,0.71,0,0.4,0.34,0,0
PA14_65670,-0.335,1.0,-0.212,0.71,0,0.335,0.212,0,0
PA14_68450,-0.374,1.0,0.233,0.71,0,0.374,0.233,0,0
envZ,0.351,1.0,0.309,0.71,0,0.351,0.309,0,0
PA14_71190,2.873,1.0,-0.52,0.73,0,2.873,0.52,0,0
atpE,-0.526,1.0,-0.291,0.73,0,0.526,0.291,0,0
P6,-0.408,1.0,-0.285,0.73,0,0.408,0.285,0,0
PA14_00925,1.282,1.0,-0.39,0.73,0,1.282,0.39,0,0
PA14_01670,0.483,1.0,-0.344,0.73,0,0.483,0.344,0,0
pcaF,0.476,1.0,0.226,0.74,0,0.476,0.226,0,0
PA14_03310,-0.369,1.0,-0.362,0.74,0,0.369,0.362,0,0
PA14_03710,-0.313,1.0,0.317,0.74,0,0.313,0.317,0,0
yqgF,0.337,1.0,-0.384,0.74,0,0.337,0.384,0,0
mexB,0.314,1.0,-0.995,0.74,0,0.314,0.995,0,0
PA14_09630,0.315,1.0,-0.302,0.75,0,0.315,0.302,0,0
PA14_09760,-0.795,1.0,-1.156,0.75,0,0.795,1.156,0,0
PA14_12570,-0.338,1.0,-0.731,0.75,0,0.338,0.731,0,0
PA14_16630,-0.395,1.0,0.355,0.75,0,0.395,0.355,0,0
PA14_21920,-0.618,1.0,-0.245,0.75,0,0.618,0.245,0,0
PA14_22310,-0.582,1.0,0.634,0.75,0,0.582,0.634,0,0
PA14_22480,-0.496,1.0,0.716,0.75,0,0.496,0.716,0,0
PA14_22660,0.36,1.0,0.507,0.76,0,0.36,0.507,0,0
yrbF,0.438,1.0,0.248,0.75,0,0.438,0.248,0,0
cmk,0.414,1.0,0.736,0.76,0,0.414,0.736,0,0
gltX,-0.329,1.0,0.343,0.76,0,0.329,0.343,0,0
PA14_24960,0.372,1.0,0.299,0.76,0,0.372,0.299,0,0
PA14_25420,-0.351,1.0,0.293,0.77,0,0.351,0.293,0,0
plsX,-0.365,1.0,-0.366,0.77,0,0.365,0.366,0,0
PA14_28220,-0.332,1.0,-0.339,0.76,0,0.332,0.339,0,0
PA14_28940,-0.433,1.0,0.868,0.77,0,0.433,0.868,0,0
PA14_30490,0.687,1.0,0.409,0.77,0,0.687,0.409,0,0
pslJ,0.479,1.0,0.227,0.77,0,0.479,0.227,0,0
PA14_35880,0.356,1.0,-0.24,0.78,0,0.356,0.24,0,0
PA14_36760,-0.451,1.0,0.257,0.78,0,0.451,0.257,0,0
PA14_40270,-0.895,1.0,0.243,0.78,0,0.895,0.243,0,0
PA14_41030,0.318,1.0,-0.299,0.78,0,0.318,0.299,0,0
PA14_41860,-0.286,1.0,0.237,0.78,0,0.286,0.237,0,0
PA14_42160,-0.324,1.0,-0.479,0.79,0,0.324,0.479,0,0
ygfU,-0.336,1.0,0.214,0.79,0,0.336,0.214,0,0
PA14_46360,-0.34,1.0,-0.546,0.79,0,0.34,0.546,0,0
pirA,-0.314,1.0,0.496,0.79,0,0.314,0.496,0,0
PA14_52500,-0.429,1.0,-0.626,0.81,0,0.429,0.626,0,0
acsA,-0.274,1.0,-0.359,0.81,0,0.274,0.359,0,0
prpD,-0.289,1.0,0.544,0.81,0,0.289,0.544,0,0
ung,-0.339,1.0,0.638,0.81,0,0.339,0.638,0,0
PA14_55117,-0.438,1.0,-0.221,0.8,0,0.438,0.221,0,0
PA14_56700,0.377,1.0,0.302,0.81,0,0.377,0.302,0,0
PA14_57570,-0.327,1.0,0.793,0.81,0,0.327,0.793,0,0
PA14_58380,-0.315,1.0,0.276,0.81,0,0.315,0.276,0,0
piuC,-0.308,1.0,-0.268,0.81,0,0.308,0.268,0,0
PA14_59400,-0.311,1.0,0.234,0.81,0,0.311,0.234,0,0
PA14_60130,-0.31,1.0,0.25,0.81,0,0.31,0.25,0,0
PA14_63210,0.299,1.0,-0.296,0.81,0,0.299,0.296,0,0
ycgO,-0.664,1.0,-0.231,0.81,0,0.664,0.231,0,0
PA14_68480,-0.348,1.0,0.303,0.81,0,0.348,0.303,0,0
phoB,-0.321,1.0,-0.24,0.81,0,0.321,0.24,0,0
PA14_71450,-0.468,1.0,-0.486,0.81,0,0.468,0.486,0,0
PA14_72930,0.317,1.0,-0.202,0.81,0,0.317,0.202,0,0
PA14_73000,0.449,1.0,1.635,0.81,0,0.449,1.635,0,0
PA14_73150,-0.304,1.0,-0.414,0.81,0,0.304,0.414,0,0
PrrB_RsmZ,0.632,1.0,-0.362,0.81,0,0.632,0.362,0,0
tRNA,0.476,1.0,0.257,0.81,0,0.476,0.257,0,0
PA14_00420,0.764,1.0,-0.266,0.81,0,0.764,0.266,0,0
chpA,0.29,1.0,0.357,0.82,0,0.29,0.357,0,0
yceI,0.474,1.0,0.25,0.82,0,0.474,0.25,0,0
PA14_08670,-0.297,1.0,0.229,0.82,0,0.297,0.229,0,0
cupB3,0.414,1.0,-0.252,0.82,0,0.414,0.252,0,0
nhaP,-0.43,1.0,-0.559,0.82,0,0.43,0.559,0,0
PA14_13660,-0.955,1.0,0.803,0.82,0,0.955,0.803,0,0
PA14_14270,0.316,1.0,-0.582,0.82,0,0.316,0.582,0,0
PA14_15150,0.33,1.0,0.317,0.82,0,0.33,0.317,0,0
fadD1,-0.268,1.0,0.238,0.82,0,0.268,0.238,0,0
PA14_22110,-0.591,1.0,-1.284,0.82,0,0.591,1.284,0,0
xcpY,0.519,1.0,-0.316,0.82,0,0.519,0.316,0,0
PA14_27600,-0.429,1.0,-0.282,0.82,0,0.429,0.282,0,0
PA14_28910,0.759,1.0,0.449,0.82,0,0.759,0.449,0,0
PA14_30380,-0.449,1.0,-1.284,0.82,0,0.449,1.284,0,0
PA14_33580,-0.642,1.0,-0.24,0.82,0,0.642,0.24,0,0
bkdA2,-1.065,1.0,-0.305,0.82,0,1.065,0.305,0,0
PA14_36460,-0.332,1.0,0.477,0.83,0,0.332,0.477,0,0
ydgF,-0.863,1.0,-0.184,0.82,0,0.863,0.184,0,0
PA14_47580,0.37,1.0,1.75,0.82,0,0.37,1.75,0,0
napc,0.329,1.0,0.34,0.83,0,0.329,0.34,0,0
pqsB,0.412,1.0,1.749,0.83,0,0.412,1.749,0,0
PA14_55790,0.311,1.0,0.379,0.83,0,0.311,0.379,0,0
ptsN,-0.417,1.0,0.212,0.83,0,0.417,0.212,0,0
PA14_58290,-0.299,1.0,0.213,0.83,0,0.299,0.213,0,0
PA14_59630,-0.27,1.0,-0.239,0.83,0,0.27,0.239,0,0
rpmA,-0.277,1.0,0.388,0.83,0,0.277,0.388,0,0
panB,-0.319,1.0,0.547,0.83,0,0.319,0.547,0,0
PA14_62670,0.35,1.0,-0.269,0.83,0,0.35,0.269,0,0
PA14_63450,-0.303,1.0,0.445,0.83,0,0.303,0.445,0,0
yhdG,0.295,1.0,-0.317,0.83,0,0.295,0.317,0,0
ompH,-0.316,1.0,-0.183,0.83,0,0.316,0.183,0,0
PA14_66090,-0.303,1.0,-1.18,0.83,0,0.303,1.18,0,0
PA14_68460,-0.631,1.0,-0.255,0.83,0,0.631,0.255,0,0
PA14_69350,0.305,1.0,-0.626,0.83,0,0.305,0.626,0,0
PA14_72130,0.309,1.0,0.364,0.83,0,0.309,0.364,0,0
P10,-0.693,1.0,-0.364,0.83,0,0.693,0.364,0,0
PA14_01190,0.664,1.0,0.936,0.83,0,0.664,0.936,0,0
PA14_03380,-0.281,1.0,0.206,0.84,0,0.281,0.206,0,0
oprE,-0.387,1.0,-0.264,0.84,0,0.387,0.264,0,0
PA14_09570,-0.433,1.0,-0.237,0.84,0,0.433,0.237,0,0
PA14_11230,1.06,1.0,-0.243,0.84,0,1.06,0.243,0,0
cioB,0.288,1.0,-0.73,0.84,0,0.288,0.73,0,0
PA14_13060,-0.683,1.0,-0.25,0.84,0,0.683,0.25,0,0
PA14_15090,0.36,1.0,0.209,0.84,0,0.36,0.209,0,0
fruK,0.732,1.0,0.225,0.84,0,0.732,0.225,0,0
PA14_23950,0.34,1.0,-0.236,0.84,0,0.34,0.236,0,0
xcpW,0.418,1.0,-1.319,0.84,0,0.418,1.319,0,0
pelB,0.524,1.0,-0.288,0.85,0,0.524,0.288,0,0
pelF,-0.564,1.0,-0.299,0.85,0,0.564,0.299,0,0
PA14_24590,-0.297,1.0,0.483,0.85,0,0.297,0.483,0,0
PA14_27360,-0.918,1.0,-0.394,0.85,0,0.918,0.394,0,0
PA14_28050,0.274,1.0,0.256,0.85,0,0.274,0.256,0,0
PA14_28510,-0.759,1.0,0.262,0.87,0,0.759,0.262,0,0
ptpS,-0.616,1.0,-0.214,0.87,0,0.616,0.214,0,0
PA14_31190,0.591,1.0,-0.522,0.86,0,0.591,0.522,0,0
PA14_34550,-1.618,1.0,0.247,0.86,0,1.618,0.247,0,0
pvcD,0.804,1.0,-0.39,0.86,0,0.804,0.39,0,0
cynR,0.526,1.0,0.257,0.86,0,0.526,0.257,0,0
PA14_38190,-0.375,1.0,-0.222,0.86,0,0.375,0.222,0,0
gor,0.36,1.0,-0.499,0.86,0,0.36,0.499,0,0
PA14_39140,0.306,1.0,-0.318,0.86,0,0.306,0.318,0,0
PA14_39540,0.308,1.0,0.284,0.88,0,0.308,0.284,0,0
PA14_40560,-1.148,1.0,0.283,0.86,0,1.148,0.283,0,0
nirB,-0.385,1.0,-0.269,0.88,0,0.385,0.269,0,0
popB,0.379,1.0,0.301,0.86,0,0.379,0.301,0,0
PA14_43840,0.332,1.0,0.228,0.88,0,0.332,0.228,0,0
rsaL,-0.322,1.0,-0.241,0.86,0,0.322,0.241,0,0
PA14_46660,-0.526,1.0,-0.32,0.87,0,0.526,0.32,0,0
PA14_47350,-0.298,1.0,1.131,0.89,0,0.298,1.131,0,0
PA14_50640,0.479,1.0,-0.572,0.9,0,0.479,0.572,0,0
PA14_52560,-0.264,1.0,-1.846,0.91,0,0.264,1.846,0,0
PA14_53900,0.361,1.0,0.234,0.89,0,0.361,0.234,0,0
PA14_54010,0.381,1.0,-0.213,0.9,0,0.381,0.213,0,0
PA14_54810,-0.419,1.0,0.398,0.91,0,0.419,0.398,0,0
PA14_55800,-0.31,1.0,0.278,0.88,0,0.31,0.278,0,0
PA14_58090,0.281,1.0,0.267,0.89,0,0.281,0.267,0,0
gatC,-0.582,1.0,0.257,0.92,0,0.582,0.257,0,0
piuA,-0.334,1.0,0.211,0.89,0,0.334,0.211,0,0
PA14_59470,0.334,1.0,-0.369,0.91,0,0.334,0.369,0,0
PA14_59690,-0.379,1.0,0.218,0.89,0,0.379,0.218,0,0
PA14_61150,-0.3,1.0,-0.196,0.88,0,0.3,0.196,0,0
csuC,0.532,1.0,-0.226,0.88,0,0.532,0.226,0,0
pnp,-0.274,1.0,-0.232,0.89,0,0.274,0.232,0,0
PA14_65810,0.466,1.0,0.302,0.89,0,0.466,0.302,0,0
PA14_66690,0.279,1.0,-0.945,0.89,0,0.279,0.945,0,0
PA14_68110,-0.769,1.0,1.551,0.89,0,0.769,1.551,0,0
rmlC,0.364,1.0,0.263,0.91,0,0.364,0.263,0,0
arcA,-0.337,1.0,1.031,0.9,0,0.337,1.031,0,0
PA14_72260,-0.334,1.0,0.741,0.88,0,0.334,0.741,0,0
pyrQ,0.348,1.0,-0.277,0.89,0,0.348,0.277,0,0
5S_rRNA,-1.894,1.0,-0.208,0.91,0,1.894,0.208,0,0
P18,-1.063,1.0,-0.209,0.89,0,1.063,0.209,0,0
plcB,-0.287,1.0,0.413,0.89,0,0.287,0.413,0,0
PA14_00470,-0.29,1.0,0.238,0.9,0,0.29,0.238,0,0
PA14_04250,-1.015,1.0,1.135,0.9,0,1.015,1.135,0,0
PA14_04710,-0.479,1.0,-0.371,0.89,0,0.479,0.371,0,0
amaB,0.436,1.0,-0.225,0.92,0,0.436,0.225,0,0
PA14_07140,0.431,1.0,-0.415,0.89,0,0.431,0.415,0,0
PA14_08260,-0.29,1.0,0.203,0.88,0,0.29,0.203,0,0
fepB,-0.636,1.0,0.264,0.92,0,0.636,0.264,0,0
PA14_11130,0.312,1.0,-0.217,0.88,0,0.312,0.217,0,0
PA14_12450,0.3,1.0,0.451,0.91,0,0.3,0.451,0,0
PA14_12550,-0.693,1.0,-0.252,0.89,0,0.693,0.252,0,0
PA14_13210,0.271,1.0,0.208,0.91,0,0.271,0.208,0,0
PA14_14220,0.326,1.0,0.673,0.89,0,0.326,0.673,0,0
yaeL,-0.251,1.0,0.292,0.9,0,0.251,0.292,0,0
PA14_17780,-0.555,1.0,0.197,0.93,0,0.555,0.197,0,0
algF,-1.518,1.0,0.368,0.92,0,1.518,0.368,0,0
PA14_18870,-0.297,1.0,-0.18,0.92,0,0.297,0.18,0,0
PA14_19480,-0.275,1.0,0.218,0.93,0,0.275,0.218,0,0
PA14_20120,0.312,1.0,-0.192,0.92,0,0.312,0.192,0,0
phnI,0.706,1.0,0.254,0.93,0,0.706,0.254,0,0
PA14_20700,-0.303,1.0,0.177,0.92,0,0.303,0.177,0,0
minC,-0.339,1.0,0.263,0.92,0,0.339,0.263,0,0
PA14_22230,-0.386,1.0,-0.799,0.92,0,0.386,0.799,0,0
glpD2,0.456,1.0,0.29,0.92,0,0.456,0.29,0,0
exbD,-0.334,1.0,0.226,0.93,0,0.334,0.226,0,0
PA14_25840,-0.263,1.0,-0.404,0.92,0,0.263,0.404,0,0
hisM,-0.934,1.0,0.199,0.92,0,0.934,0.199,0,0
PA14_26350,0.292,1.0,-0.299,0.94,0,0.292,0.299,0,0
yfdC,0.29,1.0,-0.203,0.92,0,0.29,0.203,0,0
aat,-0.533,1.0,0.2,0.94,0,0.533,0.2,0,0
pqsH,-0.28,1.0,0.239,0.93,0,0.28,0.239,0,0
PA14_31070,0.524,1.0,-0.909,0.92,0,0.524,0.909,0,0
PA14_31180,-0.396,1.0,-0.287,0.92,0,0.396,0.287,0,0
PA14_31510,0.497,1.0,0.23,0.92,0,0.497,0.23,0,0
mexE,-0.813,1.0,-0.329,0.92,0,0.813,0.329,0,0
PA14_33840,-0.462,1.0,-0.169,0.92,0,0.462,0.169,0,0
PA14_36450,-0.39,1.0,-0.184,0.92,0,0.39,0.184,0,0
glgA,-0.384,1.0,-0.179,0.92,0,0.384,0.179,0,0
PA14_39090,0.484,1.0,-0.513,0.92,0,0.484,0.513,0,0
cirA,-0.796,1.0,-0.22,0.92,0,0.796,0.22,0,0
lasA,-0.407,1.0,0.533,0.92,0,0.407,0.533,0,0
PA14_40470,-0.302,1.0,0.364,0.92,0,0.302,0.364,0,0
acnB,-0.244,1.0,-0.227,0.93,0,0.244,0.227,0,0
pabB,-0.67,1.0,0.194,0.92,0,0.67,0.194,0,0
hcpD,-0.341,1.0,-0.805,0.92,0,0.341,0.805,0,0
PA14_43250,-0.297,1.0,1.66,0.92,0,0.297,1.66,0,0
PA14_46570,-0.284,1.0,-0.249,0.93,0,0.284,0.249,0,0
aprX,-0.296,1.0,-0.257,0.92,0,0.296,0.257,0,0
PA14_48540,-1.164,1.0,-0.562,0.92,0,1.164,0.562,0,0
PA14_50320,0.446,1.0,-0.256,0.93,0,0.446,0.256,0,0
PA14_51020,-0.573,1.0,0.345,0.92,0,0.573,0.345,0,0
tolA,-0.272,1.0,0.239,0.93,0,0.272,0.239,0,0
PA14_53410,-0.379,1.0,0.243,0.92,0,0.379,0.243,0,0
rnc,0.333,1.0,0.222,0.92,0,0.333,0.222,0,0
PA14_54790,-0.426,1.0,-0.231,0.92,0,0.426,0.231,0,0
PA14_55550,-0.826,1.0,0.18,0.97,0,0.826,0.18,0,0
sbcD,-0.764,1.0,0.326,0.95,0,0.764,0.326,0,0
PA14_55820,0.334,1.0,0.32,0.96,0,0.334,0.32,0,0
pctA,-0.975,1.0,0.598,0.96,0,0.975,0.598,0,0
PA14_57460,-0.424,1.0,0.262,0.96,0,0.424,0.262,0,0
PA14_59640,-0.679,1.0,0.216,0.96,0,0.679,0.216,0,0
PA14_59650,-1.389,1.0,0.332,0.97,0,1.389,0.332,0,0
mexC,-0.505,1.0,0.302,0.96,0,0.505,0.302,0,0
ipk,-0.243,1.0,-0.229,0.97,0,0.243,0.229,0,0
fdhE,0.414,1.0,0.186,0.96,0,0.414,0.186,0,0
PA14_63750,0.506,1.0,0.223,0.95,0,0.506,0.223,0,0
PA14_68360,-0.529,1.0,-0.175,0.96,0,0.529,0.175,0,0
yhiI,-0.285,1.0,0.243,0.95,0,0.285,0.243,0,0
atpF,-0.256,1.0,0.306,0.96,0,0.256,0.306,0,0
PA14_02460,-0.44,1.0,-0.25,0.97,0,0.44,0.25,0,0
thyA,-0.288,1.0,-0.266,0.95,0,0.288,0.266,0,0
bioD,0.572,1.0,-0.3,0.96,0,0.572,0.3,0,0
hol,-0.304,1.0,0.42,0.95,0,0.304,0.42,0,0
PA14_10350,0.389,1.0,0.344,0.96,0,0.389,0.344,0,0
PA14_18660,0.38,1.0,-0.312,0.95,0,0.38,0.312,0,0
rhlI,-0.257,1.0,0.512,0.96,0,0.257,0.512,0,0
PA14_19450,0.376,1.0,0.306,0.95,0,0.376,0.306,0,0
PA14_20940,0.408,1.0,-0.546,0.97,0,0.408,0.546,0,0
PA14_21260,-0.54,1.0,-0.313,0.97,0,0.54,0.313,0,0
PA14_22120,-0.471,1.0,-0.456,0.97,0,0.471,0.456,0,0
PA14_28340,-0.282,1.0,-0.407,0.95,0,0.282,0.407,0,0
PA14_28970,-0.531,1.0,-0.322,0.95,0,0.531,0.322,0,0
PA14_29550,0.341,1.0,-0.411,0.97,0,0.341,0.411,0,0
cysG,0.287,1.0,0.301,0.95,0,0.287,0.301,0,0
PA14_33160,-0.533,1.0,0.224,0.97,0,0.533,0.224,0,0
pvdE,-0.37,1.0,0.555,0.95,0,0.37,0.555,0,0
PA14_34030,0.757,1.0,-0.2,0.96,0,0.757,0.2,0,0
PA14_34110,0.566,1.0,-0.775,0.95,0,0.566,0.775,0,0
atoB,0.458,1.0,0.389,0.96,0,0.458,0.389,0,0
PA14_38770,0.383,1.0,-0.202,0.95,0,0.383,0.202,0,0
PA14_39110,-0.355,1.0,-1.258,0.96,0,0.355,1.258,0,0
PA14_39180,0.46,1.0,-0.255,0.96,0,0.46,0.255,0,0
rbsK,0.328,1.0,0.263,0.96,0,0.328,0.263,0,0
PA14_39440,-1.004,1.0,-0.174,0.96,0,1.004,0.174,0,0
PA14_39720,0.678,1.0,0.215,0.97,0,0.678,0.215,0,0
polB,0.313,1.0,0.184,0.95,0,0.313,0.184,0,0
PA14_42860,-0.289,1.0,-0.317,1.0,0,0.289,0.317,0,0
PA14_43100,-0.253,1.0,-0.499,0.98,0,0.253,0.499,0,0
PA14_43780,-0.625,1.0,-0.203,1.0,0,0.625,0.203,0,0
PA14_44960,0.433,1.0,0.665,1.0,0,0.433,0.665,0,0
PA14_46280,-1.18,1.0,-0.281,1.0,0,1.18,0.281,0,0
PA14_46900,-0.44,1.0,-1.581,0.99,0,0.44,1.581,0,0
yafJ,0.301,1.0,0.204,0.99,0,0.301,0.204,0,0
PA14_49620,1.223,1.0,-0.525,1.0,0,1.223,0.525,0,0
aruB,0.271,1.0,0.185,0.99,0,0.271,0.185,0,0
aotO,0.415,1.0,0.219,1.0,0,0.415,0.219,0,0
PA14_55730,-1.233,1.0,0.199,1.0,0,1.233,0.199,0,0
PA14_55750,-0.27,1.0,0.255,0.98,0,0.27,0.255,0,0
PA14_57560,-0.27,1.0,0.362,1.0,0,0.27,0.362,0,0
cysN,-0.247,1.0,0.181,1.0,0,0.247,0.181,0,0
PA14_59430,-0.344,1.0,0.251,0.99,0,0.344,0.251,0,0
PA14_60930,-0.261,1.0,0.441,1.0,0,0.261,0.441,0,0
PA14_61140,0.599,1.0,0.36,1.0,0,0.599,0.36,0,0
pdhR,0.282,1.0,-0.221,0.98,0,0.282,0.221,0,0
zwf,0.294,1.0,0.245,0.97,0,0.294,0.245,0,0
atpA,-0.246,1.0,0.264,0.99,0,0.246,0.264,0,0
atpH,-0.264,1.0,0.432,1.0,0,0.264,0.432,0,0
P26,-0.276,1.0,-1.28,0.99,0,0.276,1.28,0,0
coxA,0.25,1.0,0.244,0.99,0,0.25,0.244,0,0
aguA,0.346,1.0,0.267,0.98,0,0.346,0.267,0,0
PA14_09770,-0.442,1.0,0.256,0.99,0,0.442,0.256,0,0
icsA,0.282,1.0,0.406,0.99,0,0.282,0.406,0,0
fabZ,-0.288,1.0,0.166,1.0,0,0.288,0.166,0,0
PA14_17440,0.285,1.0,0.301,0.97,0,0.285,0.301,0,0
PA14_18160,0.39,1.0,-0.287,0.97,0,0.39,0.287,0,0
PA14_19720,0.429,1.0,0.295,0.99,0,0.429,0.295,0,0
hasE,0.505,1.0,0.173,0.98,0,0.505,0.173,0,0
PA14_21850,0.277,1.0,0.207,0.98,0,0.277,0.207,0,0
PA14_22270,0.32,1.0,0.269,0.98,0,0.32,0.269,0,0
PA14_26760,0.306,1.0,-0.217,1.0,0,0.306,0.217,0,0
rebB1,0.435,1.0,-0.32,0.98,0,0.435,0.32,0,0
PA14_28090,-0.864,1.0,0.279,0.98,0,0.864,0.279,0,0
PA14_28290,0.515,1.0,-0.297,0.98,0,0.515,0.297,0,0
endA,-0.388,1.0,-0.318,0.99,0,0.388,0.318,0,0
mtlD,0.725,1.0,0.273,1.0,0,0.725,0.273,0,0
PA14_36390,-0.39,1.0,0.487,1.0,0,0.39,0.487,0,0
ybhO,-0.335,1.0,-0.682,1.0,0,0.335,0.682,0,0
PA14_37420,0.662,1.0,0.202,1.0,0,0.662,0.202,0,0
PA14_37780,0.311,1.0,0.21,1.0,0,0.311,0.21,0,0
grp,-0.522,1.0,-0.705,1.0,0,0.522,0.705,0,0
PA14_39770,0.272,1.0,-0.324,1.0,0,0.272,0.324,0,0
phzB2,0.276,1.0,0.207,1.0,0,0.276,0.207,0,0
PA14_40730,0.363,1.0,1.014,1.0,0,0.363,1.014,0,0
PA14_41500,-0.272,1.0,0.26,1.0,0,0.272,0.26,0,0
benE,-0.278,1.0,-0.176,1.0,0,0.278,0.176,0,0
PA14_43580,0.412,1.0,0.235,1.0,0,0.412,0.235,0,0
braB,-0.257,1.0,0.415,1.0,0,0.257,0.415,0,0
ccmE,0.34,1.0,0.245,1.0,0,0.34,0.245,0,0
motD,0.314,1.0,0.192,1.0,0,0.314,0.192,0,0
pyc,0.377,1.0,0.197,1.0,0,0.377,0.197,0,0
PA14_48530,-0.518,1.0,-0.229,1.0,0,0.518,0.229,0,0
PA14_49440,-0.275,1.0,0.295,1.0,0,0.275,0.295,0,0
PA14_52010,-0.277,1.0,0.239,1.0,0,0.277,0.239,0,0
sodM,-0.382,1.0,-0.643,1.0,0,0.382,0.643,0,0
PA14_58080,0.346,1.0,-0.295,1.0,0,0.346,0.295,0,0
PA14_61340,0.471,1.0,-0.25,1.0,0,0.471,0.25,0,0
PA14_61830,-0.619,1.0,0.337,1.0,0,0.619,0.337,0,0
PA14_62040,-0.271,1.0,1.002,1.0,0,0.271,1.002,0,0
PA14_62060,-0.625,1.0,0.188,1.0,0,0.625,0.188,0,0
PA14_62090,-0.782,1.0,-0.225,1.0,0,0.782,0.225,0,0
PA14_63200,0.305,1.0,0.162,1.0,0,0.305,0.162,0,0
PA14_66040,0.384,1.0,0.203,1.0,0,0.384,0.203,0,0
waaX,0.32,1.0,-0.191,1.0,0,0.32,0.191,0,0
PA14_67050,-0.292,1.0,-0.27,1.0,0,0.292,0.27,0,0
PA14_71320,-0.329,1.0,0.198,1.0,0,0.329,0.198,0,0
PA14_72150,-0.502,1.0,0.663,1.0,0,0.502,0.663,0,0
PA14_00410,0.292,1.0,-0.328,1.0,0,0.292,0.328,0,0
PA14_00570,-0.666,1.0,-0.336,1.0,0,0.666,0.336,0,0
PA14_02890,-0.372,1.0,0.236,1.0,0,0.372,0.236,0,0
PA14_05820,0.358,1.0,0.269,1.0,0,0.358,0.269,0,0
PA14_06875,-0.243,1.0,-0.15,1.0,0,0.243,0.15,0,0
PA14_08570,-0.806,1.0,-0.172,1.0,0,0.806,0.172,0,0
birA,-0.354,1.0,0.249,1.0,0,0.354,0.249,0,0
acoC,0.601,1.0,0.182,1.0,0,0.601,0.182,0,0
PA14_13010,-0.701,1.0,0.302,1.0,0,0.701,0.302,0,0
PA14_13840,1.226,1.0,-0.292,1.0,0,1.226,0.292,0,0
hscA,0.282,1.0,-0.364,1.0,0,0.282,0.364,0,0
PA14_15120,0.279,1.0,-0.184,1.0,0,0.279,0.184,0,0
PA14_15350,-0.292,1.0,-0.2,1.0,0,0.292,0.2,0,0
PA14_16280,-0.255,1.0,0.156,1.0,0,0.255,0.156,0,0
PA14_16640,-0.261,1.0,0.206,1.0,0,0.261,0.206,0,0
dapC,0.381,1.0,-0.44,1.0,0,0.381,0.44,0,0
yigM,0.32,1.0,-0.321,1.0,0,0.32,0.321,0,0
mioC,0.319,1.0,-0.235,1.0,0,0.319,0.235,0,0
phoA,-0.839,1.0,0.696,1.0,0,0.839,0.696,0,0
PA14_21550,0.267,1.0,-0.239,1.0,0,0.267,0.239,0,0
glk,0.376,1.0,-0.258,1.0,0,0.376,0.258,0,0
PA14_24580,-0.243,1.0,0.233,1.0,0,0.243,0.233,0,0
PA14_24700,-0.343,1.0,0.21,1.0,0,0.343,0.21,0,0
PA14_26260,-0.948,1.0,-0.198,1.0,0,0.948,0.198,0,0
deaD,-0.4,1.0,0.211,1.0,0,0.4,0.211,0,0
PA14_33230,-0.426,1.0,-0.246,1.0,0,0.426,0.246,0,0
PA14_33520,-0.279,1.0,-0.234,1.0,0,0.279,0.234,0,0
PA14_34900,0.322,1.0,-0.16,1.0,0,0.322,0.16,0,0
PA14_35470,-0.313,1.0,0.499,1.0,0,0.313,0.499,0,0
PA14_35990,-0.478,1.0,0.249,1.0,0,0.478,0.249,0,0
PA14_36370,-0.289,1.0,0.166,1.0,0,0.289,0.166,0,0
PA14_36770,-0.437,1.0,0.198,1.0,0,0.437,0.198,0,0
PA14_36940,-0.343,1.0,-1.337,1.0,0,0.343,1.337,0,0
ygjU,-0.294,1.0,0.432,1.0,0,0.294,0.432,0,0
ycjJ,-0.32,1.0,-0.537,1.0,0,0.32,0.537,0,0
qscR,-0.26,1.0,0.367,1.0,0,0.26,0.367,0,0
PA14_40080,0.321,1.0,0.214,1.0,0,0.321,0.214,0,0
folD,-0.497,1.0,-0.23,1.0,0,0.497,0.23,0,0
PA14_41400,0.311,1.0,0.171,1.0,0,0.311,0.171,0,0
exsB,0.388,1.0,-1.177,1.0,0,0.388,1.177,0,0
PA14_44460,0.543,1.0,-0.261,1.0,0,0.543,0.261,0,0
PA14_46330,-0.504,1.0,0.487,1.0,0,0.504,0.487,0,0
cobQ,0.536,1.0,0.461,1.0,0,0.536,0.461,0,0
PA14_48190,0.349,1.0,0.659,1.0,0,0.349,0.659,0,0
PA14_48230,1.213,1.0,-0.519,1.0,0,1.213,0.519,0,0
PA14_51200,-0.402,1.0,0.18,1.0,0,0.402,0.18,0,0
cupC1,-0.363,1.0,0.162,1.0,0,0.363,0.162,0,0
helX,-0.261,1.0,0.221,1.0,0,0.261,0.221,0,0
PA14_52850,0.771,1.0,0.195,1.0,0,0.771,0.195,0,0
PA14_52960,-0.866,1.0,0.557,1.0,0,0.866,0.557,0,0
pruR,-0.259,1.0,0.346,1.0,0,0.259,0.346,0,0
PA14_54550,-1.684,1.0,0.143,1.0,0,1.684,0.143,0,0
icmP,-0.375,1.0,-0.155,1.0,0,0.375,0.155,0,0
PA14_59120,-0.362,1.0,0.219,1.0,0,0.362,0.219,0,0
PA14_59440,-0.401,1.0,-0.719,1.0,0,0.401,0.719,0,0
PA14_59600,-0.282,1.0,0.334,1.0,0,0.282,0.334,0,0
PA14_59980,-0.682,1.0,-0.162,1.0,0,0.682,0.162,0,0
PA14_60180,-0.469,1.0,0.252,1.0,0,0.469,0.252,0,0
PA14_60550,0.312,1.0,0.261,1.0,0,0.312,0.261,0,0
moeB,0.374,1.0,0.211,1.0,0,0.374,0.211,0,0
mgtA,-0.678,1.0,-0.169,1.0,0,0.678,0.169,0,0
aspP,0.281,1.0,-0.242,1.0,0,0.281,0.242,0,0
PA14_66910,0.409,1.0,0.43,1.0,0,0.409,0.43,0,0
rmlD,0.37,1.0,-0.691,1.0,0,0.37,0.691,0,0
glyA1,0.655,1.0,-0.308,1.0,0,0.655,0.308,0,0
adhA,-0.333,1.0,0.296,1.0,0,0.333,0.296,0,0
gidB,-0.306,1.0,0.382,1.0,0,0.306,0.382,0,0
PA14_01240,-0.24,1.0,0.198,1.0,0,0.24,0.198,0,0
PA14_05050,0.429,1.0,0.297,1.0,0,0.429,0.297,0,0
proC,0.335,1.0,0.189,1.0,0,0.335,0.189,0,0
PA14_06150,0.3,1.0,-0.793,1.0,0,0.3,0.793,0,0
glpE,-0.407,1.0,-0.7,1.0,0,0.407,0.7,0,0
djlA,0.348,1.0,-0.265,1.0,0,0.348,0.265,0,0
PA14_08060,-0.267,1.0,-0.26,1.0,0,0.267,0.26,0,0
ribB,0.318,1.0,-0.57,1.0,0,0.318,0.57,0,0
PA14_17330,-0.294,1.0,-0.858,1.0,0,0.294,0.858,0,0
algD,-1.529,1.0,0.842,1.0,0,1.529,0.842,0,0
mqoA,-0.257,1.0,0.913,1.0,0,0.257,0.913,0,0
PA14_19730,0.355,1.0,0.204,1.0,0,0.355,0.204,0,0
PA14_25830,0.47,1.0,-0.296,1.0,0,0.47,0.296,0,0
PA14_26980,-0.36,1.0,0.786,1.0,0,0.36,0.786,0,0
PA14_28010,-0.514,1.0,0.19,1.0,0,0.514,0.19,0,0
PA14_29200,-0.396,1.0,-0.236,1.0,0,0.396,0.236,0,0
uvrC,0.27,1.0,-0.183,1.0,0,0.27,0.183,0,0
PA14_31270,0.275,1.0,0.285,1.0,0,0.275,0.285,0,0
czcB,0.431,1.0,0.194,1.0,0,0.431,0.194,0,0
PA14_33360,-0.445,1.0,0.214,1.0,0,0.445,0.214,0,0
PA14_34450,-0.282,1.0,0.19,1.0,0,0.282,0.19,0,0
PA14_36670,-0.373,1.0,0.296,1.0,0,0.373,0.296,0,0
PA14_37640,0.92,1.0,-0.527,1.0,0,0.92,0.527,0,0
PA14_43530,0.259,1.0,0.545,1.0,0,0.259,0.545,0,0
PA14_44930,0.354,1.0,0.232,1.0,0,0.354,0.232,0,0
czcD,-0.418,1.0,-0.42,1.0,0,0.418,0.42,0,0
PA14_48440,-0.585,1.0,-0.297,1.0,0,0.585,0.297,0,0
PA14_49410,-0.31,1.0,-0.574,1.0,0,0.31,0.574,0,0
PA14_50610,0.374,1.0,-0.155,1.0,0,0.374,0.155,0,0
PA14_50760,0.508,1.0,0.264,1.0,0,0.508,0.264,0,0
PA14_51640,-0.392,1.0,0.18,1.0,0,0.392,0.18,0,0
pirS,0.267,1.0,-0.296,1.0,0,0.267,0.296,0,0
pta,0.28,1.0,-0.348,1.0,0,0.28,0.348,0,0
PA14_53660,-0.241,1.0,0.27,1.0,0,0.241,0.27,0,0
PA14_53720,0.432,1.0,-0.421,1.0,0,0.432,0.421,0,0
PA14_55260,0.859,1.0,-0.149,1.0,0,0.859,0.149,0,0
PA14_56030,-0.244,1.0,-0.285,1.0,0,0.244,0.285,0,0
PA14_56430,0.395,1.0,0.397,1.0,0,0.395,0.397,0,0
PA14_58510,-0.847,1.0,-0.213,1.0,0,0.847,0.213,0,0
comL,-0.242,1.0,-0.163,1.0,0,0.242,0.163,0,0
PA14_60590,0.311,1.0,-0.242,1.0,0,0.311,0.242,0,0
nusA,-0.228,1.0,-0.156,1.0,0,0.228,0.156,0,0
PA14_63280,0.264,1.0,0.458,1.0,0,0.264,0.458,0,0
PA14_65970,0.356,1.0,0.393,1.0,0,0.356,0.393,0,0
phaF,-0.233,1.0,0.249,1.0,0,0.233,0.249,0,0
gcvH1,-0.24,1.0,-0.327,1.0,0,0.24,0.327,0,0
hemY,0.254,1.0,0.197,1.0,0,0.254,0.197,0,0
hcpB,-0.427,1.0,0.324,1.0,0,0.427,0.324,0,0
PA14_71000,0.336,1.0,-0.737,1.0,0,0.336,0.737,0,0
gmd,0.428,1.0,-0.22,1.0,0,0.428,0.22,0,0
PA14_72420,0.283,1.0,0.255,1.0,0,0.283,0.255,0,0
tRNA,-1.672,1.0,0.311,1.0,0,1.672,0.311,0,0
PA14_01470,0.303,1.0,0.204,1.0,0,0.303,0.204,0,0
PA14_01770,-0.297,1.0,0.38,1.0,0,0.297,0.38,0,0
PA14_04180,-0.943,1.0,0.183,1.0,0,0.943,0.183,0,0
pydA,0.784,1.0,0.26,1.0,0,0.784,0.26,0,0
nirJ,-0.724,1.0,-0.332,1.0,0,0.724,0.332,0,0
PA14_06930,0.405,1.0,1.654,1.0,0,0.405,1.654,0,0
PA14_07330,-0.229,1.0,1.236,1.0,0,0.229,1.236,0,0
ostA,-0.229,1.0,0.174,1.0,0,0.229,0.174,0,0
PA14_10730,-0.218,1.0,0.257,1.0,0,0.218,0.257,0,0
PA14_11980,-0.26,1.0,0.305,1.0,0,0.26,0.305,0,0
PA14_13170,0.444,1.0,0.459,1.0,0,0.444,0.459,0,0
PA14_13370,0.565,1.0,-0.479,1.0,0,0.565,0.479,0,0
hscB,0.253,1.0,0.32,1.0,0,0.253,0.32,0,0
PA14_15570,-0.258,1.0,0.155,1.0,0,0.258,0.155,0,0
wspR,0.32,1.0,-0.354,1.0,0,0.32,0.354,0,0
lysS,0.31,1.0,0.241,1.0,0,0.31,0.241,0,0
PA14_18050,0.262,1.0,0.24,1.0,0,0.262,0.24,0,0
dcd,-0.232,1.0,0.38,1.0,0,0.232,0.38,0,0
PA14_22100,-0.318,1.0,-0.453,1.0,0,0.318,0.453,0,0
gltS,0.591,1.0,-0.165,1.0,0,0.591,0.165,0,0
PA14_24420,0.321,1.0,-0.327,1.0,0,0.321,0.327,0,0
cobL,-0.297,1.0,0.463,1.0,0,0.297,0.463,0,0
yadG,-0.242,1.0,0.749,1.0,0,0.242,0.749,0,0
PA14_33460,-0.619,1.0,-0.761,1.0,0,0.619,0.761,0,0
ptxR,-0.62,1.0,0.398,1.0,0,0.62,0.398,0,0
pslO,-0.395,1.0,-0.818,1.0,0,0.395,0.818,0,0
gnyA,0.316,1.0,0.434,1.0,0,0.316,0.434,0,0
pcaK,0.367,1.0,-1.389,1.0,0,0.367,1.389,0,0
bglX,-0.224,1.0,-0.233,1.0,0,0.224,0.233,0,0
PA14_44311,-0.22,1.0,0.407,1.0,0,0.22,0.407,0,0
PA14_46030,-0.326,1.0,-0.431,1.0,0,0.326,0.431,0,0
PA14_48850,-0.34,1.0,-0.222,1.0,0,0.34,0.222,0,0
yeaG,0.314,1.0,-0.164,1.0,0,0.314,0.164,0,0
pcd,0.334,1.0,0.295,1.0,0,0.334,0.295,0,0
aruE,0.252,1.0,-0.24,1.0,0,0.252,0.24,0,0
PA14_53120,0.252,1.0,0.172,1.0,0,0.252,0.172,0,0
PA14_56600,0.282,1.0,0.312,1.0,0,0.282,0.312,0,0
PA14_59560,-0.434,1.0,-0.288,1.0,0,0.434,0.288,0,0
PA14_59850,-0.388,1.0,-0.331,1.0,0,0.388,0.331,0,0
PA14_61260,-0.747,1.0,-0.434,1.0,0,0.747,0.434,0,0
rfaE,0.271,1.0,-0.586,1.0,0,0.271,0.586,0,0
PA14_68230,0.268,1.0,-0.267,1.0,0,0.268,0.267,0,0
PA14_68250,0.312,1.0,0.186,1.0,0,0.312,0.186,0,0
pepP,0.287,1.0,0.282,1.0,0,0.287,0.282,0,0
PA14_69510,-0.288,1.0,0.199,1.0,0,0.288,0.199,0,0
atpC,-0.233,1.0,-0.158,1.0,0,0.233,0.158,0,0
tRNA,-0.327,1.0,-0.211,1.0,0,0.327,0.211,0,0
PA14_00960,0.856,1.0,-0.174,1.0,0,0.856,0.174,0,0
PA14_01490,0.21,1.0,-0.283,1.0,0,0.21,0.283,0,0
pcaJ,0.418,1.0,-0.276,1.0,0,0.418,0.276,0,0
PA14_06940,-0.313,1.0,0.242,1.0,0,0.313,0.242,0,0
PA14_08110,-0.317,1.0,0.345,1.0,0,0.317,0.345,0,0
rpmC,-0.528,1.0,0.185,1.0,0,0.528,0.185,0,0
fixG,-0.268,1.0,0.173,1.0,0,0.268,0.173,0,0
PA14_11330,0.308,1.0,-0.268,1.0,0,0.308,0.268,0,0
PA14_11370,-0.69,1.0,0.211,1.0,0,0.69,0.211,0,0
PA14_13190,0.291,1.0,-0.281,1.0,0,0.291,0.281,0,0
moaA1,0.686,1.0,-0.422,1.0,0,0.686,0.422,0,0
PA14_16380,-0.413,1.0,0.664,1.0,0,0.413,0.664,0,0
wspC,0.284,1.0,0.181,1.0,0,0.284,0.181,0,0
PA14_17580,0.258,1.0,0.185,1.0,0,0.258,0.185,0,0
algE,-0.849,1.0,0.291,1.0,0,0.849,0.291,0,0
argG,-0.259,1.0,0.291,1.0,0,0.259,0.291,0,0
hasR,0.315,1.0,-0.606,1.0,0,0.315,0.606,0,0
PA14_20800,-0.254,1.0,0.182,1.0,0,0.254,0.182,0,0
cyp23,0.381,1.0,0.37,1.0,0,0.381,0.37,0,0
PA14_21120,0.391,1.0,0.269,1.0,0,0.391,0.269,0,0
PA14_23250,0.29,1.0,0.757,1.0,0,0.29,0.757,0,0
PA14_23810,-0.359,1.0,0.143,1.0,0,0.359,0.143,0,0
PA14_26050,-0.21,1.0,-0.401,1.0,0,0.21,0.401,0,0
PA14_28210,0.364,1.0,-0.136,1.0,0,0.364,0.136,0,0
PA14_28580,-0.236,1.0,1.01,1.0,0,0.236,1.01,0,0
PA14_28870,0.345,1.0,-0.249,1.0,0,0.345,0.249,0,0
cysK,0.261,1.0,-0.467,1.0,0,0.261,0.467,0,0
pfeA,-0.414,1.0,-0.223,1.0,0,0.414,0.223,0,0
PA14_32930,0.286,1.0,0.178,1.0,0,0.286,0.178,0,0
PA14_32950,0.309,1.0,0.206,1.0,0,0.309,0.206,0,0
aldG,-0.302,1.0,-0.783,1.0,0,0.302,0.783,0,0
arsH,-0.709,1.0,0.23,1.0,0,0.709,0.23,0,0
PA14_35460,-0.346,1.0,0.149,1.0,0,0.346,0.149,0,0
fusA2,0.238,1.0,-0.214,1.0,0,0.238,0.214,0,0
rbsB,-0.393,1.0,0.21,1.0,0,0.393,0.21,0,0
thrH,-0.349,1.0,0.135,1.0,0,0.349,0.135,0,0
pscF,-1.35,1.0,-0.21,1.0,0,1.35,0.21,0,0
PA14_43550,0.272,1.0,0.276,1.0,0,0.272,0.276,0,0
sucC,-0.238,1.0,-0.194,1.0,0,0.238,0.194,0,0
gltA,-0.533,1.0,0.176,1.0,0,0.533,0.176,0,0
ccoP,-0.242,1.0,-0.273,1.0,0,0.242,0.273,0,0
PA14_45480,0.373,1.0,0.37,1.0,0,0.373,0.37,0,0
PA14_46770,-0.27,1.0,0.198,1.0,0,0.27,0.198,0,0
PA14_47750,0.593,1.0,0.286,1.0,0,0.593,0.286,0,0
PA14_52060,-0.32,1.0,-0.265,1.0,0,0.32,0.265,0,0
PA14_52080,0.325,1.0,0.194,1.0,0,0.325,0.194,0,0
PA14_52540,-0.217,1.0,0.189,1.0,0,0.217,0.189,0,0
PA14_53040,-0.24,1.0,-0.254,1.0,0,0.24,0.254,0,0
PA14_53700,0.428,1.0,-0.54,1.0,0,0.428,0.54,0,0
recD,0.339,1.0,0.234,1.0,0,0.339,0.234,0,0
PA14_55900,0.465,1.0,0.244,1.0,0,0.465,0.244,0,0
PA14_59220,-0.284,1.0,-0.177,1.0,0,0.284,0.177,0,0
aroQ1,-0.253,1.0,0.188,1.0,0,0.253,0.188,0,0
PA14_64710,-0.301,1.0,-0.147,1.0,0,0.301,0.147,0,0
pncA,-0.445,1.0,-0.278,1.0,0,0.445,0.278,0,0
PA14_65090,-0.346,1.0,0.28,1.0,0,0.346,0.28,0,0
mutL,0.264,1.0,1.005,1.0,0,0.264,1.005,0,0
PA14_66340,0.324,1.0,-0.14,1.0,0,0.324,0.14,0,0
PA14_70490,0.274,1.0,-0.329,1.0,0,0.274,0.329,0,0
PA14_72350,-0.333,1.0,-0.238,1.0,0,0.333,0.238,0,0
PA14_72370,0.285,1.0,0.141,1.0,0,0.285,0.141,0,0
t44,0.325,1.0,0.225,1.0,0,0.325,0.225,0,0
P34,-0.586,1.0,0.208,1.0,0,0.586,0.208,0,0
ptsP,0.229,1.0,0.189,1.0,0,0.229,0.189,0,0
fiuI,-0.238,1.0,0.163,1.0,0,0.238,0.163,0,0
acoA,0.618,1.0,0.175,1.0,0,0.618,0.175,0,0
PA14_11030,0.621,1.0,0.345,1.0,0,0.621,0.345,0,0
PA14_11140,0.324,1.0,-0.438,1.0,0,0.324,0.438,0,0
styD,0.371,1.0,-0.19,1.0,0,0.371,0.19,0,0
PA14_16390,0.257,1.0,0.194,1.0,0,0.257,0.194,0,0
PA14_17000,-0.942,1.0,0.304,1.0,0,0.942,0.304,0,0
rpsB,-0.218,1.0,-0.494,1.0,0,0.218,0.494,0,0
PA14_20980,0.356,1.0,0.224,1.0,0,0.356,0.224,0,0
PA14_21460,-1.331,1.0,-0.241,1.0,0,1.331,0.241,0,0
yjcG,-0.236,1.0,-0.246,1.0,0,0.236,0.246,0,0
PA14_26850,0.371,1.0,-0.198,1.0,0,0.371,0.198,0,0
folE,-0.273,1.0,-0.244,1.0,0,0.273,0.244,0,0
PA14_28320,-0.333,1.0,0.173,1.0,0,0.333,0.173,0,0
PA14_28390,0.649,1.0,-0.173,1.0,0,0.649,0.173,0,0
PA14_28420,0.358,1.0,-0.205,1.0,0,0.358,0.205,0,0
aceA,-0.237,1.0,-1.238,1.0,0,0.237,1.238,0,0
bkdA1,-1.046,1.0,-0.162,1.0,0,1.046,0.162,0,0
PA14_37100,0.361,1.0,-0.433,1.0,0,0.361,0.433,0,0
PA14_38170,-0.551,1.0,0.273,1.0,0,0.551,0.273,0,0
ilvG,0.285,1.0,-0.248,1.0,0,0.285,0.248,0,0
pqqE,0.301,1.0,-0.67,1.0,0,0.301,0.67,0,0
PA14_39530,0.373,1.0,0.283,1.0,0,0.373,0.283,0,0
nuoA,0.377,1.0,0.22,1.0,0,0.377,0.22,0,0
PA14_41450,-0.271,1.0,-0.158,1.0,0,0.271,0.158,0,0
pscC,0.293,1.0,-0.161,1.0,0,0.293,0.161,0,0
PA14_43420,0.283,1.0,-0.886,1.0,0,0.283,0.886,0,0
PA14_45240,-0.472,1.0,-0.318,1.0,0,0.472,0.318,0,0
PA14_45430,0.332,1.0,0.216,1.0,0,0.332,0.216,0,0
PA14_48150,-0.286,1.0,0.202,1.0,0,0.286,0.202,0,0
PA14_48950,-0.835,1.0,0.356,1.0,0,0.835,0.356,0,0
PA14_49020,-0.268,1.0,0.287,1.0,0,0.268,0.287,0,0
dctA,-0.342,1.0,-0.219,1.0,0,0.342,0.219,0,0
PA14_49870,0.382,1.0,-0.523,1.0,0,0.382,0.523,0,0
PA14_50850,-0.396,1.0,-0.149,1.0,0,0.396,0.149,0,0
lpxO2,0.287,1.0,-0.164,1.0,0,0.287,0.164,0,0
aruG,0.251,1.0,0.188,1.0,0,0.251,0.188,0,0
PA14_55920,0.311,1.0,-0.159,1.0,0,0.311,0.159,0,0
PA14_56390,-0.423,1.0,0.169,1.0,0,0.423,0.169,0,0
PA14_56590,0.289,1.0,0.208,1.0,0,0.289,0.208,0,0
PA14_58070,0.222,1.0,0.193,1.0,0,0.222,0.193,0,0
PA14_59890,-0.806,1.0,0.266,1.0,0,0.806,0.266,0,0
rplU,-0.247,1.0,0.297,1.0,0,0.247,0.297,0,0
dctP,-0.298,1.0,-1.588,1.0,0,0.298,1.588,0,0
phuS,-0.253,1.0,0.47,1.0,0,0.253,0.47,0,0
yfjF,0.305,1.0,-0.654,1.0,0,0.305,0.654,0,0
PA14_63270,0.25,1.0,0.155,1.0,0,0.25,0.155,0,0
waaF,0.26,1.0,0.337,1.0,0,0.26,0.337,0,0
PA14_69100,-0.248,1.0,0.299,1.0,0,0.248,0.299,0,0
glcD,0.324,1.0,-1.148,1.0,0,0.324,1.148,0,0
PA14_71750,-0.231,1.0,0.201,1.0,0,0.231,0.201,0,0
PA14_72070,-0.614,1.0,0.179,1.0,0,0.614,0.179,0,0
tRNA,0.213,1.0,-0.357,1.0,0,0.213,0.357,0,0
PA14_01840,-0.336,1.0,-0.176,1.0,0,0.336,0.176,0,0
PA14_02010,-0.352,1.0,-0.278,1.0,0,0.352,0.278,0,0
PA14_05480,-0.244,1.0,0.176,1.0,0,0.244,0.176,0,0
PA14_06250,0.351,1.0,0.241,1.0,0,0.351,0.241,0,0
PA14_08610,1.479,1.0,0.693,1.0,0,1.479,0.693,0,0
fptA,-0.494,1.0,0.175,1.0,0,0.494,0.175,0,0
PA14_09680,-0.286,1.0,0.217,1.0,0,0.286,0.217,0,0
PA14_10400,-0.967,1.0,-0.319,1.0,0,0.967,0.319,0,0
nusB,0.292,1.0,-0.165,1.0,0,0.292,0.165,0,0
cutE,-0.28,1.0,-0.344,1.0,0,0.28,0.344,0,0
yafV,0.231,1.0,0.21,1.0,0,0.231,0.21,0,0
PA14_15490,-0.279,1.0,-0.163,1.0,0,0.279,0.163,0,0
PA14_18200,0.267,1.0,-0.189,1.0,0,0.267,0.189,0,0
yeiE,-0.225,1.0,0.182,1.0,0,0.225,0.182,0,0
PA14_21010,0.411,1.0,-0.185,1.0,0,0.411,0.185,0,0
qor,0.251,1.0,0.205,1.0,0,0.251,0.205,0,0
pgl,0.478,1.0,0.192,1.0,0,0.478,0.192,0,0
pyrD,-0.283,1.0,-0.377,1.0,0,0.283,0.377,0,0
PA14_24850,-0.264,1.0,0.294,1.0,0,0.264,0.294,0,0
moeA2,0.255,1.0,-0.18,1.0,0,0.255,0.18,0,0
PA14_24940,0.286,1.0,-0.35,1.0,0,0.286,0.35,0,0
btuC,0.708,1.0,-0.26,1.0,0,0.708,0.26,0,0
PA14_29680,-0.329,1.0,0.185,1.0,0,0.329,0.185,0,0
PA14_30140,0.516,1.0,-0.159,1.0,0,0.516,0.159,0,0
PA14_30800,0.373,1.0,0.418,1.0,0,0.373,0.418,0,0
opmB,0.479,1.0,-0.41,1.0,0,0.479,0.41,0,0
PA14_32190,0.29,1.0,0.211,1.0,0,0.29,0.211,0,0
PA14_32540,0.279,1.0,-0.253,1.0,0,0.279,0.253,0,0
PA14_34680,0.355,1.0,0.2,1.0,0,0.355,0.2,0,0
PA14_34700,0.516,1.0,-0.457,1.0,0,0.516,0.457,0,0
scoA,-0.262,1.0,0.16,1.0,0,0.262,0.16,0,0
phzA2,0.383,1.0,0.14,1.0,0,0.383,0.14,0,0
PA14_40570,0.26,1.0,-0.134,1.0,0,0.26,0.134,0,0
ilvG,-0.666,1.0,-0.19,1.0,0,0.666,0.19,0,0
PA14_46810,0.346,1.0,0.205,1.0,0,0.346,0.205,0,0
ompP1,0.258,1.0,0.154,1.0,0,0.258,0.154,0,0
PA14_48490,-0.335,1.0,0.333,1.0,0,0.335,0.333,0,0
PA14_49350,0.296,1.0,-0.188,1.0,0,0.296,0.188,0,0
PA14_51840,-0.596,1.0,0.363,1.0,0,0.596,0.363,0,0
relA,0.235,1.0,-0.166,1.0,0,0.235,0.166,0,0
PA14_53100,-1.403,1.0,-0.319,1.0,0,1.403,0.319,0,0
PA14_53650,-0.452,1.0,-0.259,1.0,0,0.452,0.259,0,0
PA14_55860,0.622,1.0,-0.19,1.0,0,0.622,0.19,0,0
PA14_59180,-0.487,1.0,-0.622,1.0,0,0.487,0.622,0,0
PA14_59840,-0.483,1.0,-1.28,1.0,0,0.483,1.28,0,0
PA14_60240,-0.449,1.0,-0.2,1.0,0,0.449,0.2,0,0
pagL,-0.345,1.0,-0.421,1.0,0,0.345,0.421,0,0
PA14_62890,0.319,1.0,-0.214,1.0,0,0.319,0.214,0,0
cueR,-0.35,1.0,-0.29,1.0,0,0.35,0.29,0,0
PA14_63910,0.353,1.0,0.155,1.0,0,0.353,0.155,0,0
PA14_64780,-0.37,1.0,-0.37,1.0,0,0.37,0.37,0,0
PA14_65760,0.276,1.0,0.267,1.0,0,0.276,0.267,0,0
PA14_65820,0.374,1.0,-0.494,1.0,0,0.374,0.494,0,0
gltD,0.358,1.0,-0.225,1.0,0,0.358,0.225,0,0
proW,0.273,1.0,-0.174,1.0,0,0.273,0.174,0,0
PA14_67520,0.362,1.0,0.322,1.0,0,0.362,0.322,0,0
PA14_67970,0.378,1.0,0.168,1.0,0,0.378,0.168,0,0
PA14_68620,-0.448,1.0,0.16,1.0,0,0.448,0.16,0,0
PA14_69950,0.263,1.0,-0.201,1.0,0,0.263,0.201,0,0
oadA,0.238,1.0,-0.478,1.0,0,0.238,0.478,0,0
PA14_71880,0.415,1.0,-0.511,1.0,0,0.415,0.511,0,0
np20,0.248,1.0,0.23,1.0,0,0.248,0.23,0,0
PA14_01610,0.388,1.0,-0.163,1.0,0,0.388,0.163,0,0
PA14_02270,0.255,1.0,0.166,1.0,0,0.255,0.166,0,0
aroE,-0.506,1.0,0.815,1.0,0,0.506,0.815,0,0
speB1,-0.5,1.0,0.15,1.0,0,0.5,0.15,0,0
PA14_06890,0.235,1.0,-0.148,1.0,0,0.235,0.148,0,0
prkA,0.223,1.0,-0.398,1.0,0,0.223,0.398,0,0
ssb,-0.312,1.0,-0.338,1.0,0,0.312,0.338,0,0
PA14_11290,0.243,1.0,-0.157,1.0,0,0.243,0.157,0,0
PA14_11590,0.396,1.0,0.127,1.0,0,0.396,0.127,0,0
fecI,-0.422,1.0,-0.172,1.0,0,0.422,0.172,0,0
PA14_18070,0.329,1.0,-0.584,1.0,0,0.329,0.584,0,0
PA14_21030,-0.218,1.0,0.288,1.0,0,0.218,0.288,0,0
PA14_21280,-0.245,1.0,0.175,1.0,0,0.245,0.175,0,0
PA14_24350,-0.459,1.0,-0.227,1.0,0,0.459,0.227,0,0
PA14_25060,-0.236,1.0,0.377,1.0,0,0.236,0.377,0,0
PA14_25990,0.269,1.0,0.211,1.0,0,0.269,0.211,0,0
PA14_27675,0.314,1.0,0.181,1.0,0,0.314,0.181,0,0
yjbN,-0.31,1.0,-0.142,1.0,0,0.31,0.142,0,0
PA14_30770,-0.644,1.0,0.443,1.0,0,0.644,0.443,0,0
gcvP2,0.354,1.0,0.234,1.0,0,0.354,0.234,0,0
PA14_33130,0.255,1.0,0.255,1.0,0,0.255,0.255,0,0
PA14_34460,-0.365,1.0,0.348,1.0,0,0.365,0.348,0,0
arsB,0.715,1.0,-0.441,1.0,0,0.715,0.441,0,0
modA,-0.212,1.0,0.193,1.0,0,0.212,0.193,0,0
estX,0.576,1.0,0.163,1.0,0,0.576,0.163,0,0
PA14_42410,1.181,1.0,0.203,1.0,0,1.181,0.203,0,0
sucD,-0.235,1.0,0.196,1.0,0,0.235,0.196,0,0
aer,-0.212,1.0,0.557,1.0,0,0.212,0.557,0,0
xdhB,0.232,1.0,0.226,1.0,0,0.232,0.226,0,0
alc,0.235,1.0,0.209,1.0,0,0.235,0.209,0,0
PA14_46510,-0.228,1.0,-0.237,1.0,0,0.228,0.237,0,0
PA14_48460,0.363,1.0,-0.552,1.0,0,0.363,0.552,0,0
ycaC,-0.264,1.0,0.842,1.0,0,0.264,0.842,0,0
PA14_48810,-0.297,1.0,-0.41,1.0,0,0.297,0.41,0,0
nrdB,-0.271,1.0,0.148,1.0,0,0.271,0.148,0,0
cobB,0.32,1.0,0.536,1.0,0,0.32,0.536,0,0
PA14_51540,-0.228,1.0,-0.347,1.0,0,0.228,0.347,0,0
PA14_53210,-0.445,1.0,-0.28,1.0,0,0.445,0.28,0,0
PA14_53630,-0.671,1.0,-0.188,1.0,0,0.671,0.188,0,0
PA14_55410,-0.43,1.0,-0.311,1.0,0,0.43,0.311,0,0
hxcV,-0.592,1.0,-0.222,1.0,0,0.592,0.222,0,0
PA14_56910,-0.207,1.0,0.266,1.0,0,0.207,0.266,0,0
lpxC,-0.23,1.0,-0.184,1.0,0,0.23,0.184,0,0
murF,0.229,1.0,-0.471,1.0,0,0.229,0.471,0,0
PA14_57830,0.299,1.0,0.162,1.0,0,0.299,0.162,0,0
PA14_58610,-0.511,1.0,-0.334,1.0,0,0.511,0.334,0,0
PA14_59670,-0.922,1.0,-0.178,1.0,0,0.922,0.178,0,0
PA14_59930,-1.059,1.0,0.218,1.0,0,1.059,0.218,0,0
clpB,0.246,1.0,-0.16,1.0,0,0.246,0.16,0,0
PA14_63920,0.275,1.0,-0.145,1.0,0,0.275,0.145,0,0
PA14_63970,-0.219,1.0,-0.152,1.0,0,0.219,0.152,0,0
azu,-0.589,1.0,0.356,1.0,0,0.589,0.356,0,0
hutC,0.254,1.0,0.182,1.0,0,0.254,0.182,0,0
PA14_68280,-0.322,1.0,-0.201,1.0,0,0.322,0.201,0,0
PA14_68570,-0.234,1.0,-0.169,1.0,0,0.234,0.169,0,0
PA14_68840,-0.308,1.0,0.17,1.0,0,0.308,0.17,0,0
PA14_68955,0.315,1.0,0.545,1.0,0,0.315,0.545,0,0
algZ,0.217,1.0,0.189,1.0,0,0.217,0.189,0,0
argB,0.304,1.0,0.54,1.0,0,0.304,0.54,0,0
PA14_70350,0.255,1.0,-0.178,1.0,0,0.255,0.178,0,0
glcF,0.37,1.0,-0.369,1.0,0,0.37,0.369,0,0
yeiE,-0.455,1.0,0.173,1.0,0,0.455,0.173,0,0
accC,0.281,1.0,-0.216,1.0,0,0.281,0.216,0,0
PA14_72080,-0.232,1.0,-0.379,1.0,0,0.232,0.379,0,0
PA14_72760,-0.233,1.0,-0.346,1.0,0,0.233,0.346,0,0
rnk_pseudo,1.113,1.0,-0.201,1.0,0,1.113,0.201,0,0
PA14_04490,0.283,1.0,0.176,1.0,0,0.283,0.176,0,0
PA14_05660,0.203,1.0,0.183,1.0,0,0.203,0.183,0,0
PA14_07380,0.321,1.0,0.83,1.0,0,0.321,0.83,0,0
gpD,-0.208,1.0,0.461,1.0,0,0.208,0.461,0,0
PA14_09960,0.295,1.0,-0.201,1.0,0,0.295,0.201,0,0
PA14_12330,-0.209,1.0,0.273,1.0,0,0.209,0.273,0,0
orf2,-0.225,1.0,-0.356,1.0,0,0.225,0.356,0,0
PA14_12490,0.369,1.0,0.2,1.0,0,0.369,0.2,0,0
PA14_13340,0.354,1.0,-0.273,1.0,0,0.354,0.273,0,0
PA14_16350,-0.618,1.0,0.567,1.0,0,0.618,0.567,0,0
PA14_16740,0.322,1.0,-0.189,1.0,0,0.322,0.189,0,0
mmsR,-0.353,1.0,0.393,1.0,0,0.353,0.393,0,0
algG,-0.775,1.0,-0.296,1.0,0,0.775,0.296,0,0
alg44,-0.698,1.0,0.244,1.0,0,0.698,0.244,0,0
PA14_19270,-0.512,1.0,-0.16,1.0,0,0.512,0.16,0,0
PA14_21940,-0.297,1.0,-0.24,1.0,0,0.297,0.24,0,0
PA14_29180,0.334,1.0,0.933,1.0,0,0.334,0.933,0,0
PA14_29720,-0.2,1.0,-0.181,1.0,0,0.2,0.181,0,0
PA14_34800,-0.292,1.0,-0.264,1.0,0,0.292,0.264,0,0
kguK,0.938,1.0,-0.271,1.0,0,0.938,0.271,0,0
PA14_37610,0.463,1.0,0.181,1.0,0,0.463,0.181,0,0
PA14_38570,-0.233,1.0,0.164,1.0,0,0.233,0.164,0,0
acsA,0.259,1.0,0.225,1.0,0,0.259,0.225,0,0
PA14_38740,0.254,1.0,-0.18,1.0,0,0.254,0.18,0,0
nrdD,-0.565,1.0,-0.174,1.0,0,0.565,0.174,0,0
PA14_41710,-0.215,1.0,0.205,1.0,0,0.215,0.205,0,0
aroF-1,-0.219,1.0,0.336,1.0,0,0.219,0.336,0,0
PA14_42000,2.013,1.0,0.125,1.0,0,2.013,0.125,0,0
ybbB,0.272,1.0,0.166,1.0,0,0.272,0.166,0,0
PA14_46010,-0.298,1.0,0.295,1.0,0,0.298,0.295,0,0
PA14_48610,0.882,1.0,-0.146,1.0,0,0.882,0.146,0,0
PA14_51500,-0.319,1.0,-0.17,1.0,0,0.319,0.17,0,0
proS,-0.227,1.0,0.166,1.0,0,0.227,0.166,0,0
hxcY,0.973,1.0,-0.153,1.0,0,0.973,0.153,0,0
PA14_57920,-0.504,1.0,-0.233,1.0,0,0.504,0.233,0,0
PA14_58420,-0.234,1.0,-0.521,1.0,0,0.234,0.521,0,0
dppF,-0.255,1.0,-0.58,1.0,0,0.255,0.58,0,0
ampE,0.27,1.0,0.228,1.0,0,0.27,0.228,0,0
PA14_58800,0.289,1.0,-0.165,1.0,0,0.289,0.165,0,0
PA14_59160,-0.381,1.0,0.175,1.0,0,0.381,0.175,0,0
PA14_60070,-0.186,1.0,0.227,1.0,0,0.186,0.227,0,0
PA14_61720,-0.212,1.0,0.221,1.0,0,0.212,0.221,0,0
PA14_63700,0.6,1.0,0.487,1.0,0,0.6,0.487,0,0
PA14_66700,0.242,1.0,-0.2,1.0,0,0.242,0.2,0,0
cyaY,0.238,1.0,0.224,1.0,0,0.238,0.224,0,0
PA14_72990,-0.278,1.0,0.471,1.0,0,0.278,0.471,0,0
tRNA,-0.255,1.0,-0.163,1.0,0,0.255,0.163,0,0
smf,0.509,1.0,0.302,1.0,0,0.509,0.302,0,0
PA14_00970,0.402,1.0,-0.192,1.0,0,0.402,0.192,0,0
PA14_01150,-0.405,1.0,-0.185,1.0,0,0.405,0.185,0,0
hcpC,-0.948,1.0,-0.276,1.0,0,0.948,0.276,0,0
PA14_04640,0.354,1.0,0.168,1.0,0,0.354,0.168,0,0
fdx1,-0.211,1.0,0.202,1.0,0,0.211,0.202,0,0
PA14_04790,0.268,1.0,-0.236,1.0,0,0.268,0.236,0,0
PA14_05870,0.281,1.0,0.227,1.0,0,0.281,0.227,0,0
PA14_06400,-0.576,1.0,-0.193,1.0,0,0.576,0.193,0,0
PA14_06600,0.207,1.0,-0.156,1.0,0,0.207,0.156,0,0
PA14_06980,0.332,1.0,-0.239,1.0,0,0.332,0.239,0,0
gpI,-0.223,1.0,-0.299,1.0,0,0.223,0.299,0,0
yajR,-0.207,1.0,-0.219,1.0,0,0.207,0.219,0,0
PA14_12730,0.612,1.0,-0.348,1.0,0,0.612,0.348,0,0
PA14_15080,0.298,1.0,-0.225,1.0,0,0.298,0.225,0,0
PA14_15840,-0.199,1.0,-0.437,1.0,0,0.199,0.437,0,0
PA14_16200,0.371,1.0,-0.471,1.0,0,0.371,0.471,0,0
PA14_16990,-0.594,1.0,-0.3,1.0,0,0.594,0.3,0,0
PA14_17890,0.263,1.0,0.18,1.0,0,0.263,0.18,0,0
algA,-0.911,1.0,0.443,1.0,0,0.911,0.443,0,0
PA14_18590,-0.462,1.0,-0.18,1.0,0,0.462,0.18,0,0
PA14_19700,0.278,1.0,0.718,1.0,0,0.278,0.718,0,0
PA14_19860,0.272,1.0,0.338,1.0,0,0.272,0.338,0,0
PA14_20100,-0.333,1.0,-0.374,1.0,0,0.333,0.374,0,0
PA14_20520,-0.204,1.0,-0.181,1.0,0,0.204,0.181,0,0
sugE,-0.303,1.0,1.236,1.0,0,0.303,1.236,0,0
PA14_22160,-0.548,1.0,-0.146,1.0,0,0.548,0.146,0,0
PA14_22770,0.266,1.0,0.438,1.0,0,0.266,0.438,0,0
PA14_23490,-0.581,1.0,0.467,1.0,0,0.581,0.467,0,0
PA14_23700,-0.194,1.0,0.185,1.0,0,0.194,0.185,0,0
rmf,-0.3,1.0,0.179,1.0,0,0.3,0.179,0,0
PA14_24870,-0.577,1.0,0.167,1.0,0,0.577,0.167,0,0
PA14_25520,-0.436,1.0,0.342,1.0,0,0.436,0.342,0,0
murB,0.267,1.0,-1.346,1.0,0,0.267,1.346,0,0
ycfH,0.277,1.0,1.101,1.0,0,0.277,1.101,0,0
PA14_25900,-0.219,1.0,-0.142,1.0,0,0.219,0.142,0,0
PA14_26670,0.46,1.0,-0.134,1.0,0,0.46,0.134,0,0
lipA,-0.338,1.0,0.164,1.0,0,0.338,0.164,0,0
PA14_27350,0.271,1.0,0.455,1.0,0,0.271,0.455,0,0
rebB2,0.328,1.0,-0.313,1.0,0,0.328,0.313,0,0
PA14_29800,0.267,1.0,-0.786,1.0,0,0.267,0.786,0,0
PA14_30730,-0.219,1.0,-0.322,1.0,0,0.219,0.322,0,0
PA14_34100,0.298,1.0,-0.196,1.0,0,0.298,0.196,0,0
PA14_37440,0.558,1.0,-0.162,1.0,0,0.558,0.162,0,0
PA14_39480,-0.189,1.0,-0.279,1.0,0,0.189,0.279,0,0
pscD,0.49,1.0,0.243,1.0,0,0.49,0.243,0,0
PA14_44100,0.273,1.0,-0.189,1.0,0,0.273,0.189,0,0
recR,0.285,1.0,-0.173,1.0,0,0.285,0.173,0,0
PA14_49720,-0.52,1.0,-0.198,1.0,0,0.52,0.198,0,0
PA14_50570,0.226,1.0,-0.162,1.0,0,0.226,0.162,0,0
PA14_51490,-0.239,1.0,-0.419,1.0,0,0.239,0.419,0,0
PA14_52510,-0.264,1.0,-0.213,1.0,0,0.264,0.213,0,0
PA14_53770,-0.439,1.0,-0.162,1.0,0,0.439,0.162,0,0
PA14_55880,0.505,1.0,-0.242,1.0,0,0.505,0.242,0,0
PA14_56450,0.365,1.0,0.165,1.0,0,0.365,0.165,0,0
PA14_58300,0.214,1.0,-0.153,1.0,0,0.214,0.153,0,0
piuB,-0.246,1.0,-0.206,1.0,0,0.246,0.206,0,0
PA14_59860,-1.238,1.0,-0.193,1.0,0,1.238,0.193,0,0
rsmC,0.459,1.0,0.175,1.0,0,0.459,0.175,0,0
PA14_63110,-0.482,1.0,-0.306,1.0,0,0.482,0.306,0,0
PA14_64280,1.565,1.0,-0.205,1.0,0,1.565,0.205,0,0
osmE,-0.44,1.0,-0.137,1.0,0,0.44,0.137,0,0
PA14_64490,-0.417,1.0,0.159,1.0,0,0.417,0.159,0,0
psd,0.299,1.0,0.16,1.0,0,0.299,0.16,0,0
PA14_67170,0.332,1.0,-0.23,1.0,0,0.332,0.23,0,0
PA14_67370,0.273,1.0,-0.274,1.0,0,0.273,0.274,0,0
gshA,0.208,1.0,-0.341,1.0,0,0.208,0.341,0,0
PA14_70050,0.241,1.0,0.223,1.0,0,0.241,0.223,0,0
PA14_70300,-0.317,1.0,0.354,1.0,0,0.317,0.354,0,0
PA14_72900,-0.201,1.0,-0.238,1.0,0,0.201,0.238,0,0
PrrF,-2.305,1.0,0.242,1.0,0,2.305,0.242,0,0
tRNA,0.596,1.0,-0.244,1.0,0,0.596,0.244,0,0
mdcL,0.313,1.0,-0.223,1.0,0,0.313,0.223,0,0
catI,0.278,1.0,0.191,1.0,0,0.278,0.191,0,0
PA14_05060,-0.229,1.0,-0.694,1.0,0,0.229,0.694,0,0
PA14_05400,0.346,1.0,0.213,1.0,0,0.346,0.213,0,0
PA14_06640,0.258,1.0,-0.236,1.0,0,0.258,0.236,0,0
gpU,-0.199,1.0,-0.185,1.0,0,0.199,0.185,0,0
rplK,-0.209,1.0,0.186,1.0,0,0.209,0.186,0,0
PA14_11730,0.421,1.0,0.58,1.0,0,0.421,0.58,0,0
eutC,-0.289,1.0,0.203,1.0,0,0.289,0.203,0,0
PA14_12150,0.296,1.0,0.487,1.0,0,0.296,0.487,0,0
PA14_13290,0.405,1.0,-0.152,1.0,0,0.405,0.152,0,0
PA14_15870,0.245,1.0,0.179,1.0,0,0.245,0.179,0,0
kdsA,-0.19,1.0,-0.304,1.0,0,0.19,0.304,0,0
rpoS,-0.191,1.0,-0.279,1.0,0,0.191,0.279,0,0
fdxA,-0.212,1.0,-0.631,1.0,0,0.212,0.631,0,0
nosL,0.923,1.0,-0.186,1.0,0,0.923,0.186,0,0
leuC,-0.179,1.0,-0.314,1.0,0,0.179,0.314,0,0
PA14_26080,-0.274,1.0,0.629,1.0,0,0.274,0.629,0,0
tesA,-0.208,1.0,0.311,1.0,0,0.208,0.311,0,0
PA14_27740,0.286,1.0,-0.411,1.0,0,0.286,0.411,0,0
yadH,-0.242,1.0,-0.456,1.0,0,0.242,0.456,0,0
PA14_27950,-0.241,1.0,-0.142,1.0,0,0.241,0.142,0,0
PA14_28240,-0.277,1.0,-0.206,1.0,0,0.277,0.206,0,0
PA14_29340,-1.074,1.0,0.259,1.0,0,1.074,0.259,0,0
antB,1.078,1.0,-1.177,1.0,0,1.078,1.177,0,0
lpdV,-0.67,1.0,0.214,1.0,0,0.67,0.214,0,0
PA14_37200,-0.26,1.0,-0.164,1.0,0,0.26,0.164,0,0
PA14_38270,0.204,1.0,0.528,1.0,0,0.204,0.528,0,0
pqqC,0.278,1.0,-0.16,1.0,0,0.278,0.16,0,0
pscK,0.979,1.0,0.217,1.0,0,0.979,0.217,0,0
PA14_42990,0.315,1.0,-0.318,1.0,0,0.315,0.318,0,0
PA14_43030,0.267,1.0,0.169,1.0,0,0.267,0.169,0,0
kdpE,0.307,1.0,-0.454,1.0,0,0.307,0.454,0,0
yohC,0.385,1.0,-0.135,1.0,0,0.385,0.135,0,0
prpC,-0.214,1.0,0.183,1.0,0,0.214,0.183,0,0
PA14_55250,0.367,1.0,0.265,1.0,0,0.367,0.265,0,0
pigC,0.368,1.0,0.95,1.0,0,0.368,0.95,0,0
iciA,0.35,1.0,0.388,1.0,0,0.35,0.388,0,0
fumC1,-0.242,1.0,0.154,1.0,0,0.242,0.154,0,0
PA14_58910,-0.308,1.0,-0.164,1.0,0,0.308,0.164,0,0
pilR2,-0.259,1.0,-0.113,1.0,0,0.259,0.113,0,0
PA14_59970,-0.196,1.0,-0.167,1.0,0,0.196,0.167,0,0
PA14_61270,-0.501,1.0,-0.188,1.0,0,0.501,0.188,0,0
yieG,-0.329,1.0,-0.2,1.0,0,0.329,0.2,0,0
omlA,-0.229,1.0,0.359,1.0,0,0.229,0.359,0,0
PA14_63320,0.345,1.0,0.15,1.0,0,0.345,0.15,0,0
PA14_63380,-0.427,1.0,-0.145,1.0,0,0.427,0.145,0,0
ureA,1.046,1.0,0.219,1.0,0,1.046,0.219,0,0
yjfH,0.222,1.0,-0.154,1.0,0,0.222,0.154,0,0
motA,-0.195,1.0,-0.583,1.0,0,0.195,0.583,0,0
wapQ,0.303,1.0,0.169,1.0,0,0.303,0.169,0,0
blc,0.252,1.0,0.279,1.0,0,0.252,0.279,0,0
hisH1,0.244,1.0,-0.236,1.0,0,0.244,0.236,0,0
argE,0.233,1.0,0.86,1.0,0,0.233,0.86,0,0
algR,0.228,1.0,-0.126,1.0,0,0.228,0.126,0,0
argH,-0.193,1.0,-0.249,1.0,0,0.193,0.249,0,0
rubA1,-0.228,1.0,0.164,1.0,0,0.228,0.164,0,0
PA14_71840,0.226,1.0,0.209,1.0,0,0.226,0.209,0,0
PA14_73200,0.235,1.0,-0.747,1.0,0,0.235,0.747,0,0
PA14_01220,0.279,1.0,0.453,1.0,0,0.279,0.453,0,0
PA14_01270,0.372,1.0,0.158,1.0,0,0.372,0.158,0,0
atsR,-0.467,1.0,-0.19,1.0,0,0.467,0.19,0,0
PA14_03760,-0.282,1.0,0.694,1.0,0,0.282,0.694,0,0
PA14_04010,-0.212,1.0,0.21,1.0,0,0.212,0.21,0,0
PA14_06240,-0.304,1.0,0.197,1.0,0,0.304,0.197,0,0
rarD,-0.219,1.0,0.374,1.0,0,0.219,0.374,0,0
PA14_07250,0.291,1.0,0.227,1.0,0,0.291,0.227,0,0
PA14_08120,-0.194,1.0,0.194,1.0,0,0.194,0.194,0,0
PA14_08380,-0.197,1.0,0.171,1.0,0,0.197,0.171,0,0
hpcH,0.57,1.0,-0.373,1.0,0,0.57,0.373,0,0
sotB,-0.376,1.0,0.404,1.0,0,0.376,0.404,0,0
holA,-0.32,1.0,0.28,1.0,0,0.32,0.28,0,0
cepA,-0.387,1.0,-0.182,1.0,0,0.387,0.182,0,0
PA14_15370,-0.315,1.0,0.175,1.0,0,0.315,0.175,0,0
arnB,-0.502,1.0,0.26,1.0,0,0.502,0.26,0,0
PA14_19410,0.195,1.0,0.171,1.0,0,0.195,0.171,0,0
PA14_20920,0.273,1.0,-0.171,1.0,0,0.273,0.171,0,0
oprO,-0.209,1.0,-0.363,1.0,0,0.209,0.363,0,0
PA14_22720,0.504,1.0,0.385,1.0,0,0.504,0.385,0,0
edd,0.367,1.0,-0.586,1.0,0,0.367,0.586,0,0
ygfF,0.236,1.0,-0.361,1.0,0,0.236,0.361,0,0
PA14_24240,0.24,1.0,-0.526,1.0,0,0.24,0.526,0,0
lolD,0.285,1.0,0.221,1.0,0,0.285,0.221,0,0
lolE,0.251,1.0,0.146,1.0,0,0.251,0.146,0,0
pabC,0.334,1.0,0.228,1.0,0,0.334,0.228,0,0
PA14_26420,-0.272,1.0,0.415,1.0,0,0.272,0.415,0,0
PA14_26580,-0.614,1.0,-0.16,1.0,0,0.614,0.16,0,0
PA14_27200,0.243,1.0,0.127,1.0,0,0.243,0.127,0,0
PA14_27880,0.385,1.0,-0.354,1.0,0,0.385,0.354,0,0
PA14_30440,-0.282,1.0,-0.131,1.0,0,0.282,0.131,0,0
PA14_30590,0.242,1.0,0.167,1.0,0,0.242,0.167,0,0
gcvH2,0.372,1.0,-0.383,1.0,0,0.372,0.383,0,0
PA14_37760,0.201,1.0,0.614,1.0,0,0.201,0.614,0,0
PA14_40130,0.258,1.0,-0.145,1.0,0,0.258,0.145,0,0
pscH,0.885,1.0,-0.235,1.0,0,0.885,0.235,0,0
PA14_42680,-0.243,1.0,-0.418,1.0,0,0.243,0.418,0,0
PA14_43000,0.314,1.0,-0.513,1.0,0,0.314,0.513,0,0
PA14_46140,0.637,1.0,-0.256,1.0,0,0.637,0.256,0,0
PA14_48210,0.396,1.0,-0.449,1.0,0,0.396,0.449,0,0
PA14_48280,0.732,1.0,-0.158,1.0,0,0.732,0.158,0,0
PA14_48910,-0.393,1.0,0.15,1.0,0,0.393,0.15,0,0
PA14_50310,0.353,1.0,-0.465,1.0,0,0.353,0.465,0,0
braF,0.322,1.0,0.301,1.0,0,0.322,0.301,0,0
aruD,0.246,1.0,0.181,1.0,0,0.246,0.181,0,0
PA14_53580,-0.208,1.0,0.18,1.0,0,0.208,0.18,0,0
cafA,0.232,1.0,0.167,1.0,0,0.232,0.167,0,0
PA14_60270,0.237,1.0,0.171,1.0,0,0.237,0.171,0,0
hisF1,0.219,1.0,0.16,1.0,0,0.219,0.16,0,0
xpt,-0.271,1.0,0.168,1.0,0,0.271,0.168,0,0
PA14_70920,-0.355,1.0,0.265,1.0,0,0.355,0.265,0,0
betI,-0.273,1.0,0.153,1.0,0,0.273,0.153,0,0
PA14_71900,-0.754,1.0,-0.164,1.0,0,0.754,0.164,0,0
wzm,0.312,1.0,0.827,1.0,0,0.312,0.827,0,0
trkA,0.228,1.0,0.376,1.0,0,0.228,0.376,0,0
hemF,-0.25,1.0,-0.272,1.0,0,0.25,0.272,0,0
nuh,-0.244,1.0,-0.143,1.0,0,0.244,0.143,0,0
PA14_02140,0.817,1.0,0.569,1.0,0,0.817,0.569,0,0
pcaB,0.401,1.0,0.171,1.0,0,0.401,0.171,0,0
PA14_03530,-0.357,1.0,-0.156,1.0,0,0.357,0.156,0,0
rhlE,0.225,1.0,-0.121,1.0,0,0.225,0.121,0,0
PA14_06620,0.304,1.0,0.149,1.0,0,0.304,0.149,0,0
PA14_07780,-0.173,1.0,-0.15,1.0,0,0.173,0.15,0,0
PA14_08280,-0.188,1.0,-0.229,1.0,0,0.188,0.229,0,0
rpsQ,-0.259,1.0,0.173,1.0,0,0.259,0.173,0,0
ddlA,0.255,1.0,0.145,1.0,0,0.255,0.145,0,0
PA14_10050,-0.962,1.0,1.288,1.0,0,0.962,1.288,0,0
adh,0.356,1.0,0.254,1.0,0,0.356,0.254,0,0
hpcC,0.365,1.0,-0.255,1.0,0,0.365,0.255,0,0
nadD,0.268,1.0,0.174,1.0,0,0.268,0.174,0,0
rhl,-0.204,1.0,0.15,1.0,0,0.204,0.15,0,0
PA14_14210,0.332,1.0,-1.012,1.0,0,0.332,1.012,0,0
PA14_14280,-0.306,1.0,0.301,1.0,0,0.306,0.301,0,0
PA14_16300,0.263,1.0,-0.162,1.0,0,0.263,0.162,0,0
opmE,0.932,1.0,-1.019,1.0,0,0.932,1.019,0,0
PA14_18830,0.284,1.0,0.516,1.0,0,0.284,0.516,0,0
rnfA,-0.237,1.0,0.217,1.0,0,0.237,0.217,0,0
ssuB,0.839,1.0,-0.341,1.0,0,0.839,0.341,0,0
PA14_20690,0.268,1.0,0.153,1.0,0,0.268,0.153,0,0
PA14_22220,-0.374,1.0,0.386,1.0,0,0.374,0.386,0,0
PA14_22650,0.254,1.0,-0.193,1.0,0,0.254,0.193,0,0
act,0.232,1.0,-0.175,1.0,0,0.232,0.175,0,0
accD,0.207,1.0,-0.243,1.0,0,0.207,0.243,0,0
efp,-0.323,1.0,0.233,1.0,0,0.323,0.233,0,0
PA14_27800,0.274,1.0,-0.244,1.0,0,0.274,0.244,0,0
PA14_30560,0.269,1.0,-0.259,1.0,0,0.269,0.259,0,0
bphR,-0.322,1.0,0.121,1.0,0,0.322,0.121,0,0
PA14_32480,-0.828,1.0,0.159,1.0,0,0.828,0.159,0,0
optS,-0.292,1.0,0.244,1.0,0,0.292,0.244,0,0
PA14_34290,-0.598,1.0,0.138,1.0,0,0.598,0.138,0,0
ptxS,0.371,1.0,0.779,1.0,0,0.371,0.779,0,0
PA14_35860,-0.18,1.0,0.222,1.0,0,0.18,0.222,0,0
PA14_36910,0.185,1.0,0.14,1.0,0,0.185,0.14,0,0
PA14_37770,0.327,1.0,0.152,1.0,0,0.327,0.152,0,0
PA14_39020,-0.334,1.0,0.125,1.0,0,0.334,0.125,0,0
rbsR,0.259,1.0,-0.173,1.0,0,0.259,0.173,0,0
PA14_40440,-0.235,1.0,0.16,1.0,0,0.235,0.16,0,0
PA14_41260,-0.341,1.0,0.203,1.0,0,0.341,0.203,0,0
PA14_42140,-0.198,1.0,0.162,1.0,0,0.198,0.162,0,0
exsC,0.244,1.0,0.19,1.0,0,0.244,0.19,0,0
ccoO,-0.32,1.0,-0.38,1.0,0,0.32,0.38,0,0
PA14_44760,0.254,1.0,0.169,1.0,0,0.254,0.169,0,0
yybH,-0.241,1.0,0.357,1.0,0,0.241,0.357,0,0
pfuA,0.267,1.0,0.129,1.0,0,0.267,0.129,0,0
PA14_50330,0.269,1.0,0.21,1.0,0,0.269,0.21,0,0
PA14_52340,-0.393,1.0,-0.258,1.0,0,0.393,0.258,0,0
PA14_55040,-0.404,1.0,0.277,1.0,0,0.404,0.277,0,0
maf,0.235,1.0,0.607,1.0,0,0.235,0.607,0,0
PA14_59570,-0.894,1.0,0.151,1.0,0,0.894,0.151,0,0
cupD1,-0.292,1.0,-0.225,1.0,0,0.292,0.225,0,0
PA14_63520,-0.512,1.0,0.174,1.0,0,0.512,0.174,0,0
PA14_63820,-0.559,1.0,0.172,1.0,0,0.559,0.172,0,0
hisX,0.221,1.0,0.31,1.0,0,0.221,0.31,0,0
PA14_67400,0.225,1.0,-0.166,1.0,0,0.225,0.166,0,0
PA14_72020,0.3,1.0,-0.198,1.0,0,0.3,0.198,0,0
PA14_01550,0.283,1.0,-0.361,1.0,0,0.283,0.361,0,0
PA14_03720,-0.284,1.0,-0.124,1.0,0,0.284,0.124,0,0
PA14_04840,0.258,1.0,-0.324,1.0,0,0.258,0.324,0,0
PA14_05030,-0.318,1.0,-0.21,1.0,0,0.318,0.21,0,0
PA14_05040,0.364,1.0,-0.867,1.0,0,0.364,0.867,0,0
pilH,-0.208,1.0,0.243,1.0,0,0.208,0.243,0,0
gltX,0.617,1.0,0.35,1.0,0,0.617,0.35,0,0
rpe,-0.255,1.0,0.767,1.0,0,0.255,0.767,0,0
XR2,-0.201,1.0,0.276,1.0,0,0.201,0.276,0,0
PA14_08200,-0.191,1.0,0.346,1.0,0,0.191,0.346,0,0
PA14_09660,-0.199,1.0,0.655,1.0,0,0.199,0.655,0,0
PA14_10840,0.283,1.0,-0.674,1.0,0,0.283,0.674,0,0
algK,-1.137,1.0,-0.215,1.0,0,1.137,0.215,0,0
PA14_18810,-0.224,1.0,-0.417,1.0,0,0.224,0.417,0,0
PA14_19380,-0.498,1.0,-0.253,1.0,0,0.498,0.253,0,0
ldh,0.206,1.0,-0.164,1.0,0,0.206,0.164,0,0
rluA,-0.45,1.0,-0.225,1.0,0,0.45,0.225,0,0
yciK,0.229,1.0,0.228,1.0,0,0.229,0.228,0,0
xcpX,0.213,1.0,0.147,1.0,0,0.213,0.147,0,0
PA14_24190,0.288,1.0,-0.228,1.0,0,0.288,0.228,0,0
PA14_24300,0.308,1.0,-0.299,1.0,0,0.308,0.299,0,0
PA14_27560,-0.218,1.0,-0.178,1.0,0,0.218,0.178,0,0
PA14_28070,-0.347,1.0,-0.194,1.0,0,0.347,0.194,0,0
PA14_29470,0.245,1.0,-0.22,1.0,0,0.245,0.22,0,0
PA14_29650,0.576,1.0,1.278,1.0,0,0.576,1.278,0,0
PA14_29710,-0.525,1.0,-0.231,1.0,0,0.525,0.231,0,0
PA14_32280,0.23,1.0,0.25,1.0,0,0.23,0.25,0,0
PA14_36540,-0.299,1.0,-0.176,1.0,0,0.299,0.176,0,0
PA14_36620,-0.596,1.0,-0.106,1.0,0,0.596,0.106,0,0
hmgA,-0.203,1.0,-0.201,1.0,0,0.203,0.201,0,0
PA14_40370,-0.316,1.0,0.152,1.0,0,0.316,0.152,0,0
lon,0.192,1.0,-1.44,1.0,0,0.192,1.44,0,0
PA14_41690,-0.308,1.0,0.255,1.0,0,0.308,0.255,0,0
PA14_46020,-0.285,1.0,-0.103,1.0,0,0.285,0.103,0,0
PA14_46860,0.588,1.0,-0.174,1.0,0,0.588,0.174,0,0
aprA,-0.228,1.0,0.129,1.0,0,0.228,0.129,0,0
PA14_48420,-0.144,1.0,0.126,1.0,0,0.144,0.126,0,0
PA14_50750,-0.282,1.0,0.113,1.0,0,0.282,0.113,0,0
yigN,-0.218,1.0,-0.563,1.0,0,0.218,0.563,0,0
PA14_51830,-0.505,1.0,0.145,1.0,0,0.505,0.145,0,0
ygcA,0.202,1.0,0.217,1.0,0,0.202,0.217,0,0
trxB2,0.349,1.0,0.2,1.0,0,0.349,0.2,0,0
PA14_53530,0.305,1.0,-0.27,1.0,0,0.305,0.27,0,0
PA14_53870,0.768,1.0,0.341,1.0,0,0.768,0.341,0,0
PA14_54850,-0.298,1.0,-0.176,1.0,0,0.298,0.176,0,0
PA14_56560,0.239,1.0,0.295,1.0,0,0.239,0.295,0,0
PA14_57170,-0.206,1.0,0.134,1.0,0,0.206,0.134,0,0
PA14_59100,-0.293,1.0,-0.228,1.0,0,0.293,0.228,0,0
PA14_62100,-0.211,1.0,-0.147,1.0,0,0.211,0.147,0,0
PA14_63350,0.288,1.0,0.161,1.0,0,0.288,0.161,0,0
fdnI,0.366,1.0,0.541,1.0,0,0.366,0.541,0,0
PA14_69300,-0.197,1.0,-0.339,1.0,0,0.197,0.339,0,0
PA14_72710,0.417,1.0,-0.134,1.0,0,0.417,0.134,0,0
PA14_00700,0.653,1.0,-0.21,1.0,0,0.653,0.21,0,0
coxB,0.216,1.0,-0.31,1.0,0,0.216,0.31,0,0
PA14_02110,0.418,1.0,-0.196,1.0,0,0.418,0.196,0,0
PA14_04700,0.193,1.0,0.202,1.0,0,0.193,0.202,0,0
chpE,0.558,1.0,0.206,1.0,0,0.558,0.206,0,0
PA14_05450,-0.42,1.0,0.175,1.0,0,0.42,0.175,0,0
dsbB,-0.223,1.0,0.157,1.0,0,0.223,0.157,0,0
rplE,-0.242,1.0,0.15,1.0,0,0.242,0.15,0,0
narK2,0.613,1.0,0.145,1.0,0,0.613,0.145,0,0
PA14_19740,0.271,1.0,0.203,1.0,0,0.271,0.203,0,0
PA14_20240,-0.323,1.0,-0.247,1.0,0,0.323,0.247,0,0
lecB,0.245,1.0,0.996,1.0,0,0.245,0.996,0,0
PA14_22530,-0.464,1.0,-0.131,1.0,0,0.464,0.131,0,0
PA14_22860,0.275,1.0,0.245,1.0,0,0.275,0.245,0,0
himD,-0.148,1.0,0.168,1.0,0,0.148,0.168,0,0
nagZ,-0.17,1.0,0.59,1.0,0,0.17,0.59,0,0
PA14_26280,0.215,1.0,0.205,1.0,0,0.215,0.205,0,0
PA14_31230,0.494,1.0,0.234,1.0,0,0.494,0.234,0,0
PA14_33120,0.233,1.0,0.281,1.0,0,0.233,0.281,0,0
mtlZ,-0.743,1.0,-0.413,1.0,0,0.743,0.413,0,0
gapB,0.264,1.0,-0.135,1.0,0,0.264,0.135,0,0
stp1,0.586,1.0,0.15,1.0,0,0.586,0.15,0,0
PA14_44170,-0.181,1.0,0.113,1.0,0,0.181,0.113,0,0
pykF,0.33,1.0,-0.175,1.0,0,0.33,0.175,0,0
ccmH,0.31,1.0,-0.209,1.0,0,0.31,0.209,0,0
PA14_45460,-0.212,1.0,0.123,1.0,0,0.212,0.123,0,0
fliO,0.489,1.0,-0.224,1.0,0,0.489,0.224,0,0
gbuR,-0.225,1.0,-0.115,1.0,0,0.225,0.115,0,0
PA14_46640,-0.273,1.0,0.456,1.0,0,0.273,0.456,0,0
PA14_49640,0.263,1.0,0.169,1.0,0,0.263,0.169,0,0
PA14_49810,-0.248,1.0,0.13,1.0,0,0.248,0.13,0,0
pauA,0.25,1.0,0.18,1.0,0,0.25,0.18,0,0
PA14_52890,0.692,1.0,0.154,1.0,0,0.692,0.154,0,0
PA14_52930,-0.472,1.0,-0.206,1.0,0,0.472,0.206,0,0
PA14_55760,-0.317,1.0,0.234,1.0,0,0.317,0.234,0,0
feoA,-0.634,1.0,-0.198,1.0,0,0.634,0.198,0,0
PA14_56970,0.29,1.0,-0.22,1.0,0,0.29,0.22,0,0
PA14_57030,0.263,1.0,0.163,1.0,0,0.263,0.163,0,0
secA,-0.159,1.0,0.196,1.0,0,0.159,0.196,0,0
murE,0.211,1.0,-0.184,1.0,0,0.211,0.184,0,0
PA14_57990,1.531,1.0,0.132,1.0,0,1.531,0.132,0,0
PA14_63880,0.342,1.0,0.195,1.0,0,0.342,0.195,0,0
PA14_64840,-0.296,1.0,-0.221,1.0,0,0.296,0.221,0,0
serB,0.209,1.0,-0.499,1.0,0,0.209,0.499,0,0
proX,0.255,1.0,0.161,1.0,0,0.255,0.161,0,0
secB,-0.533,1.0,0.218,1.0,0,0.533,0.218,0,0
yigN,-0.27,1.0,0.164,1.0,0,0.27,0.164,0,0
PA14_72850,0.285,1.0,-0.438,1.0,0,0.285,0.438,0,0
PA14_00360,0.35,1.0,0.5,1.0,0,0.35,0.5,0,0
PA14_00670,-0.24,1.0,-0.173,1.0,0,0.24,0.173,0,0
PA14_07200,-0.179,1.0,-0.242,1.0,0,0.179,0.242,0,0
JF1,-0.188,1.0,-0.173,1.0,0,0.188,0.173,0,0
rpsH,-0.183,1.0,0.455,1.0,0,0.183,0.455,0,0
PA14_11650,-0.258,1.0,-0.327,1.0,0,0.258,0.327,0,0
PA14_12030,0.204,1.0,-0.355,1.0,0,0.204,0.355,0,0
wspA,-0.155,1.0,0.35,1.0,0,0.155,0.35,0,0
yedE,-0.217,1.0,-0.306,1.0,0,0.217,0.306,0,0
PA14_18090,-0.294,1.0,-0.27,1.0,0,0.294,0.27,0,0
alg8,-0.346,1.0,-0.18,1.0,0,0.346,0.18,0,0
motY,0.246,1.0,-0.216,1.0,0,0.246,0.216,0,0
PA14_20960,0.366,1.0,0.178,1.0,0,0.366,0.178,0,0
metZ,0.275,1.0,0.287,1.0,0,0.275,0.287,0,0
fadH1,0.249,1.0,-0.282,1.0,0,0.249,0.282,0,0
slt,-0.2,1.0,0.7,1.0,0,0.2,0.7,0,0
PA14_26920,0.34,1.0,-0.123,1.0,0,0.34,0.123,0,0
PA14_28350,-0.203,1.0,0.103,1.0,0,0.203,0.103,0,0
PA14_28760,-0.2,1.0,-0.151,1.0,0,0.2,0.151,0,0
PA14_28850,0.21,1.0,-0.148,1.0,0,0.21,0.148,0,0
cpo,-0.211,1.0,0.139,1.0,0,0.211,0.139,0,0
hplT,0.299,1.0,1.727,1.0,0,0.299,1.727,0,0
nuoA,-0.169,1.0,0.107,1.0,0,0.169,0.107,0,0
infA,-0.217,1.0,0.244,1.0,0,0.217,0.244,0,0
dsrE,-0.504,1.0,-0.228,1.0,0,0.504,0.228,0,0
PA14_31050,0.22,1.0,0.383,1.0,0,0.22,0.383,0,0
PA14_36070,0.277,1.0,0.212,1.0,0,0.277,0.212,0,0
hcnA,-0.293,1.0,0.244,1.0,0,0.293,0.244,0,0
PA14_38140,-0.199,1.0,-0.18,1.0,0,0.199,0.18,0,0
PA14_40040,-0.246,1.0,0.148,1.0,0,0.246,0.148,0,0
tig,-0.186,1.0,0.139,1.0,0,0.186,0.139,0,0
PA14_43220,0.237,1.0,-0.374,1.0,0,0.237,0.374,0,0
zipA,0.2,1.0,0.127,1.0,0,0.2,0.127,0,0
PA14_45180,0.455,1.0,-0.237,1.0,0,0.455,0.237,0,0
cheZ,0.201,1.0,0.198,1.0,0,0.201,0.198,0,0
flhB,0.199,1.0,-0.132,1.0,0,0.199,0.132,0,0
PA14_46820,0.214,1.0,0.67,1.0,0,0.214,0.67,0,0
PA14_47390,-0.221,1.0,-0.229,1.0,0,0.221,0.229,0,0
PA14_48340,0.394,1.0,0.208,1.0,0,0.394,0.208,0,0
PA14_52465,-0.325,1.0,0.448,1.0,0,0.325,0.448,0,0
PA14_53150,0.203,1.0,-0.124,1.0,0,0.203,0.124,0,0
PA14_53160,0.283,1.0,-0.192,1.0,0,0.283,0.192,0,0
PA14_54820,-0.21,1.0,-0.161,1.0,0,0.21,0.161,0,0
PA14_55140,-0.575,1.0,0.196,1.0,0,0.575,0.196,0,0
hxcS,0.588,1.0,0.237,1.0,0,0.588,0.237,0,0
ftsA,0.2,1.0,0.269,1.0,0,0.2,0.269,0,0
PA14_57980,-0.211,1.0,0.381,1.0,0,0.211,0.381,0,0
pilV2,0.225,1.0,0.139,1.0,0,0.225,0.139,0,0
PA14_59960,-0.234,1.0,0.379,1.0,0,0.234,0.379,0,0
mviN,-0.199,1.0,0.156,1.0,0,0.199,0.156,0,0
PA14_62520,-0.43,1.0,-0.484,1.0,0,0.43,0.484,0,0
grpE,0.244,1.0,-0.16,1.0,0,0.244,0.16,0,0
PA14_63330,0.25,1.0,-0.162,1.0,0,0.25,0.162,0,0
pchA,0.221,1.0,-0.123,1.0,0,0.221,0.123,0,0
PA14_65860,0.211,1.0,0.162,1.0,0,0.211,0.162,0,0
PA14_68940,0.2,1.0,0.134,1.0,0,0.2,0.134,0,0
yhiH,-0.192,1.0,0.223,1.0,0,0.192,0.223,0,0
ppk,0.251,1.0,0.147,1.0,0,0.251,0.147,0,0
PA14_70360,0.215,1.0,0.657,1.0,0,0.215,0.657,0,0
PA14_71280,0.469,1.0,-0.856,1.0,0,0.469,0.856,0,0
tRNA,1.101,1.0,-0.171,1.0,0,1.101,0.171,0,0
tRNA,-1.116,1.0,-0.148,1.0,0,1.116,0.148,0,0
6S,1.695,1.0,0.198,1.0,0,1.695,0.198,0,0
P8,-0.976,1.0,0.142,1.0,0,0.976,0.142,0,0
pyrC,0.256,1.0,-0.108,1.0,0,0.256,0.108,0,0
metK,-0.182,1.0,0.202,1.0,0,0.182,0.202,0,0
folK,0.243,1.0,0.21,1.0,0,0.243,0.21,0,0
PA14_08580,-0.968,1.0,0.159,1.0,0,0.968,0.159,0,0
merA,0.207,1.0,0.193,1.0,0,0.207,0.193,0,0
PA14_15710,0.353,1.0,0.126,1.0,0,0.353,0.126,0,0
PA14_15860,-0.161,1.0,0.591,1.0,0,0.161,0.591,0,0
PA14_15880,0.266,1.0,-0.281,1.0,0,0.266,0.281,0,0
PA14_19940,-0.529,1.0,0.218,1.0,0,0.529,0.218,0,0
orfH,-0.171,1.0,0.502,1.0,0,0.171,0.502,0,0
PA14_23570,-0.258,1.0,0.627,1.0,0,0.258,0.627,0,0
xcpZ,0.285,1.0,-0.128,1.0,0,0.285,0.128,0,0
PA14_28770,-0.183,1.0,0.143,1.0,0,0.183,0.143,0,0
PA14_29690,0.334,1.0,0.19,1.0,0,0.334,0.19,0,0
xylZ,0.817,1.0,0.215,1.0,0,0.817,0.215,0,0
PA14_32670,0.416,1.0,0.502,1.0,0,0.416,0.502,0,0
PA14_32820,-0.229,1.0,-0.296,1.0,0,0.229,0.296,0,0
gnyD,-0.122,1.0,0.169,1.0,0,0.122,0.169,0,0
fahA,0.227,1.0,-0.12,1.0,0,0.227,0.12,0,0
PA14_40910,0.249,1.0,0.399,1.0,0,0.249,0.399,0,0
PA14_41140,-0.29,1.0,0.162,1.0,0,0.29,0.162,0,0
PA14_41960,-0.329,1.0,0.146,1.0,0,0.329,0.146,0,0
PA14_42200,0.202,1.0,0.141,1.0,0,0.202,0.141,0,0
fliN,0.241,1.0,0.261,1.0,0,0.241,0.261,0,0
PA14_46370,-0.171,1.0,0.302,1.0,0,0.171,0.302,0,0
PA14_46550,-0.164,1.0,-0.115,1.0,0,0.164,0.115,0,0
PA14_47860,0.736,1.0,-0.152,1.0,0,0.736,0.152,0,0
PA14_47890,0.275,1.0,0.138,1.0,0,0.275,0.138,0,0
yfcG,-0.32,1.0,-0.179,1.0,0,0.32,0.179,0,0
flgI,0.278,1.0,-0.24,1.0,0,0.278,0.24,0,0
PA14_52130,0.181,1.0,-0.231,1.0,0,0.181,0.231,0,0
PA14_53140,-0.163,1.0,0.275,1.0,0,0.163,0.275,0,0
PA14_56050,-0.193,1.0,-0.231,1.0,0,0.193,0.231,0,0
PA14_56720,0.287,1.0,-0.283,1.0,0,0.287,0.283,0,0
PA14_58350,-0.196,1.0,0.256,1.0,0,0.196,0.256,0,0
PA14_60060,-0.164,1.0,0.271,1.0,0,0.164,0.271,0,0
PA14_61760,-0.182,1.0,0.174,1.0,0,0.182,0.174,0,0
fur,-0.191,1.0,0.203,1.0,0,0.191,0.203,0,0
PA14_64560,0.493,1.0,-0.225,1.0,0,0.493,0.225,0,0
PA14_65700,0.215,1.0,-0.21,1.0,0,0.215,0.21,0,0
PA14_66140,0.238,1.0,-0.208,1.0,0,0.238,0.208,0,0
hslU,0.281,1.0,-0.381,1.0,0,0.281,0.381,0,0
PA14_67380,0.373,1.0,-0.129,1.0,0,0.373,0.129,0,0
PA14_68060,-0.194,1.0,0.101,1.0,0,0.194,0.101,0,0
PA14_69280,0.198,1.0,0.211,1.0,0,0.198,0.211,0,0
PA14_69760,-0.391,1.0,1.347,1.0,0,0.391,1.347,0,0
PA14_70590,-0.167,1.0,0.161,1.0,0,0.167,0.161,0,0
cynT,0.216,1.0,0.234,1.0,0,0.216,0.234,0,0
PA14_73160,-0.343,1.0,0.188,1.0,0,0.343,0.188,0,0
mdcH,0.416,1.0,0.127,1.0,0,0.416,0.127,0,0
PA14_04520,0.207,1.0,0.156,1.0,0,0.207,0.156,0,0
creC,0.229,1.0,-0.211,1.0,0,0.229,0.211,0,0
PA14_08050,-0.182,1.0,-0.211,1.0,0,0.182,0.211,0,0
PA14_08500,0.256,1.0,-0.252,1.0,0,0.256,0.252,0,0
rplF,-0.164,1.0,0.365,1.0,0,0.164,0.365,0,0
katA,0.227,1.0,-0.255,1.0,0,0.227,0.255,0,0
aldH,0.559,1.0,0.334,1.0,0,0.559,0.334,0,0
ygiM,-0.38,1.0,-0.119,1.0,0,0.38,0.119,0,0
PA14_10950,0.551,1.0,-0.277,1.0,0,0.551,0.277,0,0
PA14_13150,0.202,1.0,0.143,1.0,0,0.202,0.143,0,0
PA14_18860,0.219,1.0,0.154,1.0,0,0.219,0.154,0,0
PA14_21175,-0.262,1.0,0.132,1.0,0,0.262,0.132,0,0
PA14_23730,-0.26,1.0,-0.166,1.0,0,0.26,0.166,0,0
PA14_24440,0.274,1.0,0.119,1.0,0,0.274,0.119,0,0
PA14_25590,0.21,1.0,-0.142,1.0,0,0.21,0.142,0,0
cbiD,0.337,1.0,0.175,1.0,0,0.337,0.175,0,0
PA14_27170,0.394,1.0,0.114,1.0,0,0.394,0.114,0,0
tal,-0.18,1.0,1.448,1.0,0,0.18,1.448,0,0
trbJ,0.949,1.0,0.144,1.0,0,0.949,0.144,0,0
PA14_31150,-0.186,1.0,-0.147,1.0,0,0.186,0.147,0,0
PA14_33920,-0.326,1.0,-0.11,1.0,0,0.326,0.11,0,0
metN-1,0.681,1.0,-0.335,1.0,0,0.681,0.335,0,0
PA14_34720,0.251,1.0,0.138,1.0,0,0.251,0.138,0,0
PA14_36180,-0.221,1.0,0.37,1.0,0,0.221,0.37,0,0
PA14_36830,-0.195,1.0,0.129,1.0,0,0.195,0.129,0,0
gbsA,0.29,1.0,-0.232,1.0,0,0.29,0.232,0,0
PA14_37120,0.203,1.0,-0.164,1.0,0,0.203,0.164,0,0
PA14_39610,0.216,1.0,-0.273,1.0,0,0.216,0.273,0,0
phzC2,0.309,1.0,0.137,1.0,0,0.309,0.137,0,0
PA14_42980,0.231,1.0,0.15,1.0,0,0.231,0.15,0,0
ycgN,-0.312,1.0,-0.393,1.0,0,0.312,0.393,0,0
PA14_49070,0.217,1.0,0.168,1.0,0,0.217,0.168,0,0
PA14_52920,0.26,1.0,-0.331,1.0,0,0.26,0.331,0,0
PA14_53810,-0.27,1.0,0.485,1.0,0,0.27,0.485,0,0
PA14_54960,-0.296,1.0,-0.448,1.0,0,0.296,0.448,0,0
PA14_55330,1.3,1.0,0.167,1.0,0,1.3,0.167,0,0
PA14_56040,-0.179,1.0,-0.141,1.0,0,0.179,0.141,0,0
PA14_56190,-0.181,1.0,0.102,1.0,0,0.181,0.102,0,0
murD,0.192,1.0,0.698,1.0,0,0.192,0.698,0,0
PA14_58390,-0.19,1.0,-0.18,1.0,0,0.19,0.18,0,0
PA14_58440,-0.177,1.0,-0.099,1.0,0,0.177,0.099,0,0
pilB,-0.154,1.0,-0.175,1.0,0,0.154,0.175,0,0
PA14_60000,-0.291,1.0,-0.345,1.0,0,0.291,0.345,0,0
PA14_60570,-0.198,1.0,0.202,1.0,0,0.198,0.202,0,0
PA14_60780,-0.33,1.0,0.189,1.0,0,0.33,0.189,0,0
sfsA,0.285,1.0,0.195,1.0,0,0.285,0.195,0,0
panD,-0.274,1.0,-0.111,1.0,0,0.274,0.111,0,0
PA14_64540,0.242,1.0,-0.206,1.0,0,0.242,0.206,0,0
dnaB,-0.164,1.0,-0.229,1.0,0,0.164,0.229,0,0
PA14_68670,0.22,1.0,-0.619,1.0,0,0.22,0.619,0,0
rpmG,-0.184,1.0,-0.167,1.0,0,0.184,0.167,0,0
PA14_00940,0.514,1.0,-0.137,1.0,0,0.514,0.137,0,0
PA14_02720,0.439,1.0,-0.118,1.0,0,0.439,0.118,0,0
spuA,0.193,1.0,-0.171,1.0,0,0.193,0.171,0,0
PA14_04830,0.266,1.0,-0.298,1.0,0,0.266,0.298,0,0
mexR,-0.261,1.0,0.146,1.0,0,0.261,0.146,0,0
PA14_05850,-0.19,1.0,0.137,1.0,0,0.19,0.137,0,0
PA14_06330,0.185,1.0,0.226,1.0,0,0.185,0.226,0,0
PA14_07050,0.196,1.0,-0.148,1.0,0,0.196,0.148,0,0
PA14_08520,0.172,1.0,0.095,1.0,0,0.172,0.095,0,0
rpsG,-0.17,1.0,0.179,1.0,0,0.17,0.179,0,0
rplP,-0.187,1.0,-0.187,1.0,0,0.187,0.187,0,0
cupB4,-0.804,1.0,-0.106,1.0,0,0.804,0.106,0,0
PA14_12050,0.314,1.0,-0.161,1.0,0,0.314,0.161,0,0
PA14_13960,-0.358,1.0,-0.14,1.0,0,0.358,0.14,0,0
PA14_14520,-0.277,1.0,0.195,1.0,0,0.277,0.195,0,0
ispD,-0.186,1.0,0.085,1.0,0,0.186,0.085,0,0
PA14_19430,0.245,1.0,0.294,1.0,0,0.245,0.294,0,0
PA14_21520,0.233,1.0,-0.157,1.0,0,0.233,0.157,0,0
yciI,0.278,1.0,-0.307,1.0,0,0.278,0.307,0,0
morB,0.351,1.0,0.133,1.0,0,0.351,0.133,0,0
PA14_28790,-0.166,1.0,0.158,1.0,0,0.166,0.158,0,0
PA14_29250,0.389,1.0,-0.174,1.0,0,0.389,0.174,0,0
PA14_29330,0.229,1.0,-0.217,1.0,0,0.229,0.217,0,0
mutT,-0.323,1.0,0.18,1.0,0,0.323,0.18,0,0
PA14_33330,-0.177,1.0,-0.193,1.0,0,0.177,0.193,0,0
PA14_33430,-0.347,1.0,0.141,1.0,0,0.347,0.141,0,0
PA14_34880,0.246,1.0,0.15,1.0,0,0.246,0.15,0,0
PA14_37470,0.888,1.0,0.189,1.0,0,0.888,0.189,0,0
PA14_41010,0.193,1.0,-0.128,1.0,0,0.193,0.128,0,0
mltD,-0.258,1.0,-0.203,1.0,0,0.258,0.203,0,0
PA14_43080,-0.866,1.0,-0.133,1.0,0,0.866,0.133,0,0
PA14_44320,0.234,1.0,0.359,1.0,0,0.234,0.359,0,0
PA14_44980,-0.277,1.0,0.254,1.0,0,0.277,0.254,0,0
PA14_45400,-0.188,1.0,0.331,1.0,0,0.188,0.331,0,0
PA14_46740,0.238,1.0,0.254,1.0,0,0.238,0.254,0,0
PA14_46840,0.209,1.0,0.151,1.0,0,0.209,0.151,0,0
PA14_48200,0.256,1.0,0.139,1.0,0,0.256,0.139,0,0
migA,-0.173,1.0,-0.231,1.0,0,0.173,0.231,0,0
PA14_56100,-0.342,1.0,0.184,1.0,0,0.342,0.184,0,0
groES,0.185,1.0,0.135,1.0,0,0.185,0.135,0,0
rpoN,0.226,1.0,-0.111,1.0,0,0.226,0.111,0,0
PA14_59660,-0.66,1.0,-0.118,1.0,0,0.66,0.118,0,0
PA14_59800,-0.156,1.0,0.186,1.0,0,0.156,0.186,0,0
PA14_61170,-0.64,1.0,0.13,1.0,0,0.64,0.13,0,0
PA14_61910,-0.244,1.0,-0.227,1.0,0,0.244,0.227,0,0
PA14_63660,-0.27,1.0,-0.174,1.0,0,0.27,0.174,0,0
opdK,-0.238,1.0,-0.18,1.0,0,0.238,0.18,0,0
hutH,0.28,1.0,-0.088,1.0,0,0.28,0.088,0,0
gloA3,-0.201,1.0,-0.263,1.0,0,0.201,0.263,0,0
PA14_68100,-0.431,1.0,-0.348,1.0,0,0.431,0.348,0,0
emrB,-0.287,1.0,-0.272,1.0,0,0.287,0.272,0,0
sss,0.275,1.0,0.128,1.0,0,0.275,0.128,0,0
PA14_70580,-0.211,1.0,-0.193,1.0,0,0.211,0.193,0,0
dctD,0.208,1.0,-0.175,1.0,0,0.208,0.175,0,0
PA14_01200,0.267,1.0,0.207,1.0,0,0.267,0.207,0,0
PA14_01780,-0.299,1.0,0.173,1.0,0,0.299,0.173,0,0
exbB1,0.252,1.0,-0.132,1.0,0,0.252,0.132,0,0
PA14_02980,0.267,1.0,-0.574,1.0,0,0.267,0.574,0,0
PA14_05230,-0.207,1.0,-0.199,1.0,0,0.207,0.199,0,0
dnr,-0.382,1.0,-0.374,1.0,0,0.382,0.374,0,0
moaF,-0.317,1.0,0.162,1.0,0,0.317,0.162,0,0
PA14_11240,0.232,1.0,0.167,1.0,0,0.232,0.167,0,0
PA14_12900,-0.254,1.0,0.211,1.0,0,0.254,0.211,0,0
PA14_13050,0.314,1.0,-0.125,1.0,0,0.314,0.125,0,0
narJ,1.394,1.0,-0.178,1.0,0,1.394,0.178,0,0
tsf,-0.185,1.0,0.213,1.0,0,0.185,0.213,0,0
rarD,0.221,1.0,0.128,1.0,0,0.221,0.128,0,0
ydgB,-0.19,1.0,0.14,1.0,0,0.19,0.14,0,0
PA14_22550,-0.133,1.0,-0.227,1.0,0,0.133,0.227,0,0
PA14_22560,0.309,1.0,-0.297,1.0,0,0.309,0.297,0,0
yciV,-0.177,1.0,0.188,1.0,0,0.177,0.188,0,0
PA14_24390,0.353,1.0,0.118,1.0,0,0.353,0.118,0,0
sppA,0.18,1.0,0.142,1.0,0,0.18,0.142,0,0
PA14_27190,-0.414,1.0,0.151,1.0,0,0.414,0.151,0,0
PA14_28250,-0.183,1.0,-0.141,1.0,0,0.183,0.141,0,0
PA14_28820,-0.149,1.0,-0.196,1.0,0,0.149,0.196,0,0
PA14_29760,-0.187,1.0,0.098,1.0,0,0.187,0.098,0,0
nuoF,0.206,1.0,-0.203,1.0,0,0.206,0.203,0,0
czrR,-0.163,1.0,-0.142,1.0,0,0.163,0.142,0,0
PA14_33770,-0.204,1.0,-0.11,1.0,0,0.204,0.11,0,0
pslF,0.505,1.0,0.17,1.0,0,0.505,0.17,0,0
PA14_36120,-0.313,1.0,-0.219,1.0,0,0.313,0.219,0,0
opdO,0.876,1.0,-0.113,1.0,0,0.876,0.113,0,0
hvn,0.303,1.0,-0.113,1.0,0,0.303,0.113,0,0
PA14_40150,0.428,1.0,-0.373,1.0,0,0.428,0.373,0,0
ppkB,-0.402,1.0,-0.676,1.0,0,0.402,0.676,0,0
PA14_41800,0.195,1.0,-0.31,1.0,0,0.195,0.31,0,0
PA14_42940,0.44,1.0,-0.163,1.0,0,0.44,0.163,0,0
PA14_43790,-0.309,1.0,-0.155,1.0,0,0.309,0.155,0,0
sucB,-0.165,1.0,0.234,1.0,0,0.165,0.234,0,0
PA14_44920,-0.156,1.0,0.123,1.0,0,0.156,0.123,0,0
PA14_48000,-0.373,1.0,-0.285,1.0,0,0.373,0.285,0,0
PA14_48930,-0.281,1.0,0.127,1.0,0,0.281,0.127,0,0
phaG,0.222,1.0,-0.153,1.0,0,0.222,0.153,0,0
oprL,-0.146,1.0,0.157,1.0,0,0.146,0.157,0,0
PA14_51950,-0.219,1.0,-0.15,1.0,0,0.219,0.15,0,0
PA14_53730,0.197,1.0,0.128,1.0,0,0.197,0.128,0,0
PA14_55100,-0.452,1.0,0.139,1.0,0,0.452,0.139,0,0
hxcP,0.439,1.0,-0.103,1.0,0,0.439,0.103,0,0
PA14_56510,0.196,1.0,-0.164,1.0,0,0.196,0.164,0,0
PA14_56750,-0.889,1.0,0.19,1.0,0,0.889,0.19,0,0
ftsI,0.178,1.0,0.297,1.0,0,0.178,0.297,0,0
PA14_57540,-0.186,1.0,0.369,1.0,0,0.186,0.369,0,0
PA14_63100,0.246,1.0,-0.086,1.0,0,0.246,0.086,0,0
aceA,-0.156,1.0,-0.104,1.0,0,0.156,0.104,0,0
phaC1,-0.186,1.0,-0.084,1.0,0,0.186,0.084,0,0
hutU,0.238,1.0,-0.331,1.0,0,0.238,0.331,0,0
PA14_67940,-0.582,1.0,0.17,1.0,0,0.582,0.17,0,0
hemC,0.181,1.0,-0.434,1.0,0,0.181,0.434,0,0
PA14_70870,0.704,1.0,0.311,1.0,0,0.704,0.311,0,0
PA14_71120,0.735,1.0,-0.13,1.0,0,0.735,0.13,0,0
kinB,0.169,1.0,0.111,1.0,0,0.169,0.111,0,0
PA14_72870,0.184,1.0,-0.177,1.0,0,0.184,0.177,0,0
PA14_04030,0.285,1.0,-0.235,1.0,0,0.285,0.235,0,0
PA14_04040,0.215,1.0,0.408,1.0,0,0.215,0.408,0,0
rpoH,-0.17,1.0,-0.359,1.0,0,0.17,0.359,0,0
PA14_05580,-0.229,1.0,-0.106,1.0,0,0.229,0.106,0,0
sahH,-0.169,1.0,-0.137,1.0,0,0.169,0.137,0,0
nirO,0.43,1.0,-0.156,1.0,0,0.43,0.156,0,0
PA14_06970,0.236,1.0,0.156,1.0,0,0.236,0.156,0,0
PA14_07660,0.172,1.0,-0.392,1.0,0,0.172,0.392,0,0
tufA,-0.168,1.0,0.265,1.0,0,0.168,0.265,0,0
PA14_10970,-0.369,1.0,-0.435,1.0,0,0.369,0.435,0,0
PA14_12910,-0.393,1.0,-0.155,1.0,0,0.393,0.155,0,0
PA14_13630,0.17,1.0,-0.28,1.0,0,0.17,0.28,0,0
PA14_14570,0.455,1.0,0.201,1.0,0,0.455,0.201,0,0
recJ,0.214,1.0,-0.264,1.0,0,0.214,0.264,0,0
PA14_16870,-0.274,1.0,-0.381,1.0,0,0.274,0.381,0,0
PA14_17380,-0.173,1.0,0.143,1.0,0,0.173,0.143,0,0
cinA,0.187,1.0,-0.334,1.0,0,0.187,0.334,0,0
algI,-0.261,1.0,0.193,1.0,0,0.261,0.193,0,0
edaA,0.397,1.0,0.135,1.0,0,0.397,0.135,0,0
foaA,-0.148,1.0,0.133,1.0,0,0.148,0.133,0,0
PA14_28880,0.897,1.0,0.13,1.0,0,0.897,0.13,0,0
PA14_30950,-0.987,1.0,0.122,1.0,0,0.987,0.122,0,0
PA14_31030,0.223,1.0,0.136,1.0,0,0.223,0.136,0,0
PA14_31280,0.188,1.0,0.159,1.0,0,0.188,0.159,0,0
PA14_31360,0.26,1.0,0.267,1.0,0,0.26,0.267,0,0
opdJ,-0.269,1.0,0.229,1.0,0,0.269,0.229,0,0
PA14_33420,-0.385,1.0,-0.118,1.0,0,0.385,0.118,0,0
PA14_33990,0.289,1.0,-0.096,1.0,0,0.289,0.096,0,0
PA14_34830,-0.222,1.0,-0.197,1.0,0,0.222,0.197,0,0
PA14_35020,-0.704,1.0,-0.146,1.0,0,0.704,0.146,0,0
PA14_35770,0.256,1.0,0.343,1.0,0,0.256,0.343,0,0
PA14_37570,-0.18,1.0,-0.195,1.0,0,0.18,0.195,0,0
PA14_38370,-0.192,1.0,0.215,1.0,0,0.192,0.215,0,0
PA14_39070,0.277,1.0,-0.228,1.0,0,0.277,0.228,0,0
PA14_39360,0.21,1.0,-0.225,1.0,0,0.21,0.225,0,0
PA14_39410,-0.188,1.0,-0.324,1.0,0,0.188,0.324,0,0
xqhA,0.31,1.0,-0.175,1.0,0,0.31,0.175,0,0
PA14_40860,-0.181,1.0,0.178,1.0,0,0.181,0.178,0,0
PA14_41790,0.207,1.0,-0.14,1.0,0,0.207,0.14,0,0
PA14_42150,-0.186,1.0,-0.172,1.0,0,0.186,0.172,0,0
PA14_42950,0.611,1.0,0.092,1.0,0,0.611,0.092,0,0
PA14_43730,0.281,1.0,0.126,1.0,0,0.281,0.126,0,0
ccmA,-0.189,1.0,0.246,1.0,0,0.189,0.246,0,0
PA14_47010,-0.217,1.0,-0.223,1.0,0,0.217,0.223,0,0
PA14_49740,-0.194,1.0,0.125,1.0,0,0.194,0.125,0,0
yaiL,-0.171,1.0,0.32,1.0,0,0.171,0.32,0,0
PA14_53300,-0.19,1.0,0.15,1.0,0,0.19,0.15,0,0
PA14_58530,0.28,1.0,0.147,1.0,0,0.28,0.147,0,0
nadC,-0.178,1.0,0.454,1.0,0,0.178,0.454,0,0
PA14_58790,0.473,1.0,0.456,1.0,0,0.473,0.456,0,0
PA14_58850,0.205,1.0,0.158,1.0,0,0.205,0.158,0,0
PA14_60630,-0.369,1.0,-0.205,1.0,0,0.369,0.205,0,0
PA14_61550,-0.267,1.0,-0.187,1.0,0,0.267,0.187,0,0
PA14_65160,0.226,1.0,0.126,1.0,0,0.226,0.126,0,0
PA14_65380,0.31,1.0,0.141,1.0,0,0.31,0.141,0,0
hutT,0.313,1.0,-0.129,1.0,0,0.313,0.129,0,0
PA14_68290,-0.183,1.0,0.131,1.0,0,0.183,0.131,0,0
rho,-0.156,1.0,0.183,1.0,0,0.156,0.183,0,0
PA14_70010,0.274,1.0,0.155,1.0,0,0.274,0.155,0,0
algC,0.226,1.0,-0.345,1.0,0,0.226,0.345,0,0
PA14_71170,0.273,1.0,-0.148,1.0,0,0.273,0.148,0,0
P13,0.297,1.0,-0.138,1.0,0,0.297,0.138,0,0
PA14_00340,0.35,1.0,-0.313,1.0,0,0.35,0.313,0,0
PA14_00590,0.741,1.0,0.523,1.0,0,0.741,0.523,0,0
prlC,0.186,1.0,0.127,1.0,0,0.186,0.127,0,0
pobR,0.236,1.0,-0.46,1.0,0,0.236,0.46,0,0
PA14_07360,0.175,1.0,0.133,1.0,0,0.175,0.133,0,0
PA14_07470,-0.242,1.0,0.134,1.0,0,0.242,0.134,0,0
PA14_09820,0.19,1.0,-0.345,1.0,0,0.19,0.345,0,0
PA14_13360,0.331,1.0,0.154,1.0,0,0.331,0.154,0,0
PA14_14710,-0.149,1.0,-0.282,1.0,0,0.149,0.282,0,0
cumB,0.193,1.0,-0.227,1.0,0,0.193,0.227,0,0
PA14_16880,-0.328,1.0,0.156,1.0,0,0.328,0.156,0,0
PA14_19680,0.439,1.0,-0.409,1.0,0,0.439,0.409,0,0
PA14_19750,0.575,1.0,-0.114,1.0,0,0.575,0.114,0,0
PA14_20500,-0.289,1.0,-0.119,1.0,0,0.289,0.119,0,0
PA14_21820,-0.166,1.0,-0.142,1.0,0,0.166,0.142,0,0
PA14_21910,-0.25,1.0,0.131,1.0,0,0.25,0.131,0,0
PA14_24380,0.313,1.0,0.146,1.0,0,0.313,0.146,0,0
PA14_25370,-0.179,1.0,0.204,1.0,0,0.179,0.204,0,0
cobI,0.331,1.0,-0.681,1.0,0,0.331,0.681,0,0
PA14_26880,0.181,1.0,0.298,1.0,0,0.181,0.298,0,0
PA14_26970,0.215,1.0,-0.214,1.0,0,0.215,0.214,0,0
PA14_31720,0.235,1.0,-0.181,1.0,0,0.235,0.181,0,0
antC,-0.372,1.0,-0.493,1.0,0,0.372,0.493,0,0
catA,0.294,1.0,0.109,1.0,0,0.294,0.109,0,0
PA14_32700,-0.167,1.0,0.125,1.0,0,0.167,0.125,0,0
PA14_37070,0.247,1.0,0.274,1.0,0,0.247,0.274,0,0
PA14_39500,0.284,1.0,0.133,1.0,0,0.284,0.133,0,0
PA14_40070,0.184,1.0,0.154,1.0,0,0.184,0.154,0,0
PA14_41070,0.174,1.0,0.619,1.0,0,0.174,0.619,0,0
PA14_41760,0.246,1.0,-0.155,1.0,0,0.246,0.155,0,0
PA14_42030,0.368,1.0,-0.923,1.0,0,0.368,0.923,0,0
PA14_42060,-0.2,1.0,0.111,1.0,0,0.2,0.111,0,0
PA14_43710,-0.199,1.0,0.153,1.0,0,0.199,0.153,0,0
PA14_43760,-0.172,1.0,-0.361,1.0,0,0.172,0.361,0,0
PA14_44190,-0.569,1.0,-0.114,1.0,0,0.569,0.114,0,0
ccmF,0.208,1.0,-0.164,1.0,0,0.208,0.164,0,0
PA14_46310,0.234,1.0,-0.246,1.0,0,0.234,0.246,0,0
lepA,-0.165,1.0,0.485,1.0,0,0.165,0.485,0,0
PA14_54950,-0.168,1.0,-0.162,1.0,0,0.168,0.162,0,0
lpxO1,-0.192,1.0,0.154,1.0,0,0.192,0.154,0,0
PA14_58880,-0.199,1.0,0.222,1.0,0,0.199,0.222,0,0
pilQ2,-0.225,1.0,0.078,1.0,0,0.225,0.078,0,0
phuR,-0.156,1.0,-0.119,1.0,0,0.156,0.119,0,0
vanB,0.256,1.0,0.119,1.0,0,0.256,0.119,0,0
PA14_65900,0.192,1.0,0.101,1.0,0,0.192,0.101,0,0
PA14_67010,0.335,1.0,0.267,1.0,0,0.335,0.267,0,0
PA14_68440,-0.245,1.0,-0.19,1.0,0,0.245,0.19,0,0
PA14_69840,0.255,1.0,-0.604,1.0,0,0.255,0.604,0,0
PA14_71020,0.224,1.0,0.177,1.0,0,0.224,0.177,0,0
PA14_01330,-0.163,1.0,0.142,1.0,0,0.163,0.142,0,0
guaD,-0.195,1.0,-0.225,1.0,0,0.195,0.225,0,0
ahpF,0.189,1.0,0.113,1.0,0,0.189,0.113,0,0
PA14_07020,0.248,1.0,0.221,1.0,0,0.248,0.221,0,0
PA14_08600,-0.607,1.0,1.086,1.0,0,0.607,1.086,0,0
rplD,-0.137,1.0,0.154,1.0,0,0.137,0.154,0,0
PA14_10740,-0.233,1.0,-0.114,1.0,0,0.233,0.114,0,0
ribD,0.189,1.0,0.107,1.0,0,0.189,0.107,0,0
PA14_11670,-0.434,1.0,-0.123,1.0,0,0.434,0.123,0,0
lis,0.177,1.0,-0.209,1.0,0,0.177,0.209,0,0
PA14_13560,0.317,1.0,-0.131,1.0,0,0.317,0.131,0,0
PA14_13920,-0.255,1.0,0.572,1.0,0,0.255,0.572,0,0
PA14_14300,0.344,1.0,-0.253,1.0,0,0.344,0.253,0,0
PA14_15240,0.608,1.0,0.14,1.0,0,0.608,0.14,0,0
nlpD,-0.27,1.0,0.594,1.0,0,0.27,0.594,0,0
PA14_18850,0.37,1.0,-0.101,1.0,0,0.37,0.101,0,0
phnP,-0.321,1.0,0.127,1.0,0,0.321,0.127,0,0
PA14_21050,0.208,1.0,-0.245,1.0,0,0.208,0.245,0,0
PA14_21070,-0.181,1.0,0.253,1.0,0,0.181,0.253,0,0
trpF,0.219,1.0,0.168,1.0,0,0.219,0.168,0,0
yqjE,0.197,1.0,-0.326,1.0,0,0.197,0.326,0,0
thrS,-0.174,1.0,0.124,1.0,0,0.174,0.124,0,0
PA14_35950,0.519,1.0,0.169,1.0,0,0.519,0.169,0,0
PA14_38090,0.212,1.0,0.302,1.0,0,0.212,0.302,0,0
PA14_38180,-0.143,1.0,0.578,1.0,0,0.143,0.578,0,0
rbsA,0.24,1.0,-0.116,1.0,0,0.24,0.116,0,0
PA14_40280,0.165,1.0,0.151,1.0,0,0.165,0.151,0,0
PA14_40650,-0.356,1.0,0.121,1.0,0,0.356,0.121,0,0
pscL,0.317,1.0,-0.145,1.0,0,0.317,0.145,0,0
PA14_43570,0.725,1.0,0.39,1.0,0,0.725,0.39,0,0
ygdE,-0.288,1.0,0.311,1.0,0,0.288,0.311,0,0
PA14_44990,-0.234,1.0,-0.091,1.0,0,0.234,0.091,0,0
PA14_46290,0.269,1.0,0.566,1.0,0,0.269,0.566,0,0
PA14_46340,-0.23,1.0,-0.47,1.0,0,0.23,0.47,0,0
fabF2,-0.225,1.0,-0.406,1.0,0,0.225,0.406,0,0
PA14_47880,-0.332,1.0,-0.121,1.0,0,0.332,0.121,0,0
braD,-0.261,1.0,-0.119,1.0,0,0.261,0.119,0,0
PA14_51205,-0.207,1.0,-0.119,1.0,0,0.207,0.119,0,0
PA14_52020,-0.147,1.0,0.287,1.0,0,0.147,0.287,0,0
dinP,-0.179,1.0,0.137,1.0,0,0.179,0.137,0,0
PA14_53790,0.184,1.0,0.103,1.0,0,0.184,0.103,0,0
PA14_54670,0.183,1.0,-0.11,1.0,0,0.183,0.11,0,0
PA14_58410,-0.158,1.0,0.48,1.0,0,0.158,0.48,0,0
PA14_58540,0.184,1.0,0.09,1.0,0,0.184,0.09,0,0
recN,-0.167,1.0,-0.089,1.0,0,0.167,0.089,0,0
PA14_63720,1.204,1.0,0.119,1.0,0,1.204,0.119,0,0
PA14_64700,-0.17,1.0,0.148,1.0,0,0.17,0.148,0,0
PA14_66150,0.197,1.0,-0.468,1.0,0,0.197,0.468,0,0
PA14_66580,-0.166,1.0,0.64,1.0,0,0.166,0.64,0,0
PA14_68420,0.232,1.0,-0.385,1.0,0,0.232,0.385,0,0
yegQ,0.271,1.0,0.521,1.0,0,0.271,0.521,0,0
PA14_72050,0.321,1.0,-0.304,1.0,0,0.321,0.304,0,0
znuC,0.31,1.0,0.128,1.0,0,0.31,0.128,0,0
PA14_01140,0.274,1.0,0.143,1.0,0,0.274,0.143,0,0
PA14_03330,-0.288,1.0,0.246,1.0,0,0.288,0.246,0,0
PA14_04240,0.471,1.0,0.103,1.0,0,0.471,0.103,0,0
PA14_04300,-0.255,1.0,-0.372,1.0,0,0.255,0.372,0,0
PA14_04780,0.193,1.0,0.139,1.0,0,0.193,0.139,0,0
PA14_07790,0.192,1.0,0.126,1.0,0,0.192,0.126,0,0
gpV,-0.19,1.0,0.146,1.0,0,0.19,0.146,0,0
PA14_08270,-0.169,1.0,0.345,1.0,0,0.169,0.345,0,0
PA14_09810,1.178,1.0,-0.376,1.0,0,1.178,0.376,0,0
aph,0.234,1.0,-0.186,1.0,0,0.234,0.186,0,0
moaD,0.271,1.0,0.106,1.0,0,0.271,0.106,0,0
PA14_16160,-0.189,1.0,0.134,1.0,0,0.189,0.134,0,0
PA14_16770,0.322,1.0,-0.192,1.0,0,0.322,0.192,0,0
PA14_16790,-0.163,1.0,-0.114,1.0,0,0.163,0.114,0,0
ispF,0.218,1.0,-0.116,1.0,0,0.218,0.116,0,0
dgkA,-0.415,1.0,-0.148,1.0,0,0.415,0.148,0,0
glpR,0.245,1.0,-0.113,1.0,0,0.245,0.113,0,0
rhlR,-0.169,1.0,0.423,1.0,0,0.169,0.423,0,0
PA14_20060,-0.163,1.0,0.976,1.0,0,0.163,0.976,0,0
PA14_23050,0.159,1.0,0.812,1.0,0,0.159,0.812,0,0
purF,0.173,1.0,0.123,1.0,0,0.173,0.123,0,0
pepN,0.173,1.0,1.254,1.0,0,0.173,1.254,0,0
PA14_24370,0.193,1.0,-0.375,1.0,0,0.193,0.375,0,0
PA14_26060,0.178,1.0,0.253,1.0,0,0.178,0.253,0,0
trpR,-0.186,1.0,-0.238,1.0,0,0.186,0.238,0,0
PA14_27940,-0.167,1.0,0.157,1.0,0,0.167,0.157,0,0
PA14_28500,-0.181,1.0,-0.223,1.0,0,0.181,0.223,0,0
PA14_28560,-0.33,1.0,0.113,1.0,0,0.33,0.113,0,0
PA14_29070,-0.256,1.0,0.141,1.0,0,0.256,0.141,0,0
serS,0.195,1.0,0.267,1.0,0,0.195,0.267,0,0
PA14_30980,-0.524,1.0,0.232,1.0,0,0.524,0.232,0,0
PA14_31750,-0.366,1.0,-0.196,1.0,0,0.366,0.196,0,0
PA14_31800,0.162,1.0,0.249,1.0,0,0.162,0.249,0,0
PA14_31930,-0.494,1.0,0.187,1.0,0,0.494,0.187,0,0
PA14_32330,0.328,1.0,-0.177,1.0,0,0.328,0.177,0,0
PA14_32460,-0.565,1.0,0.238,1.0,0,0.565,0.238,0,0
PA14_35850,-0.108,1.0,-0.235,1.0,0,0.108,0.235,0,0
PA14_40180,-0.205,1.0,0.129,1.0,0,0.205,0.129,0,0
PA14_40700,-0.168,1.0,0.26,1.0,0,0.168,0.26,0,0
pscS,-0.971,1.0,-0.144,1.0,0,0.971,0.144,0,0
PA14_42900,0.208,1.0,-0.118,1.0,0,0.208,0.118,0,0
ccoO,-0.146,1.0,-0.099,1.0,0,0.146,0.099,0,0
cyoB,-0.293,1.0,-0.279,1.0,0,0.293,0.279,0,0
aprI,-0.147,1.0,-0.116,1.0,0,0.147,0.116,0,0
oprH,-0.395,1.0,0.201,1.0,0,0.395,0.201,0,0
fleQ,-0.134,1.0,-0.132,1.0,0,0.134,0.132,0,0
PA14_50870,-0.28,1.0,0.24,1.0,0,0.28,0.24,0,0
yfcG,-0.194,1.0,-0.446,1.0,0,0.194,0.446,0,0
aruF,0.154,1.0,-0.197,1.0,0,0.154,0.197,0,0
PA14_54500,0.227,1.0,-0.539,1.0,0,0.227,0.539,0,0
recB,0.187,1.0,-0.3,1.0,0,0.187,0.3,0,0
PA14_57850,-0.166,1.0,-0.097,1.0,0,0.166,0.097,0,0
PA14_58860,-0.355,1.0,-0.18,1.0,0,0.355,0.18,0,0
pilX,-0.204,1.0,-0.214,1.0,0,0.204,0.214,0,0
mexD,0.222,1.0,-0.133,1.0,0,0.222,0.133,0,0
prs,-0.163,1.0,0.126,1.0,0,0.163,0.126,0,0
PA14_62180,0.198,1.0,-0.234,1.0,0,0.198,0.234,0,0
PA14_64010,0.202,1.0,0.401,1.0,0,0.202,0.401,0,0
PA14_66530,0.329,1.0,-0.288,1.0,0,0.329,0.288,0,0
pilP,0.18,1.0,0.134,1.0,0,0.18,0.134,0,0
PA14_69110,-0.14,1.0,-0.183,1.0,0,0.14,0.183,0,0
glnK,0.192,1.0,-0.507,1.0,0,0.192,0.507,0,0
PA14_70170,0.18,1.0,0.075,1.0,0,0.18,0.075,0,0
P33,0.234,1.0,0.119,1.0,0,0.234,0.119,0,0
PA14_00160,0.183,1.0,-0.136,1.0,0,0.183,0.136,0,0
sun,0.35,1.0,0.123,1.0,0,0.35,0.123,0,0
PA14_01800,-0.32,1.0,-0.182,1.0,0,0.32,0.182,0,0
aguR,-0.274,1.0,-0.253,1.0,0,0.274,0.253,0,0
PA14_06460,0.26,1.0,0.142,1.0,0,0.26,0.142,0,0
pgk,0.183,1.0,-0.145,1.0,0,0.183,0.145,0,0
PA14_07860,-0.19,1.0,-0.132,1.0,0,0.19,0.132,0,0
lys,-0.137,1.0,0.234,1.0,0,0.137,0.234,0,0
PA14_08180,-0.298,1.0,0.217,1.0,0,0.298,0.217,0,0
PA14_08240,-0.161,1.0,-0.221,1.0,0,0.161,0.221,0,0
rplR,-0.157,1.0,0.258,1.0,0,0.157,0.258,0,0
lipB,0.176,1.0,-0.167,1.0,0,0.176,0.167,0,0
PA14_12760,0.221,1.0,-0.121,1.0,0,0.221,0.121,0,0
PA14_13130,-0.136,1.0,0.171,1.0,0,0.136,0.171,0,0
narX,0.176,1.0,0.131,1.0,0,0.176,0.131,0,0
PA14_14170,0.18,1.0,-0.134,1.0,0,0.18,0.134,0,0
PA14_15130,0.168,1.0,0.146,1.0,0,0.168,0.146,0,0
repC,-0.122,1.0,0.276,1.0,0,0.122,0.276,0,0
tnpR,-0.154,1.0,-0.199,1.0,0,0.154,0.199,0,0
PA14_15770,0.15,1.0,-0.211,1.0,0,0.15,0.211,0,0
PA14_15940,-0.179,1.0,-0.317,1.0,0,0.179,0.317,0,0
PA14_17150,-0.155,1.0,0.226,1.0,0,0.155,0.226,0,0
rnfC,0.302,1.0,0.173,1.0,0,0.302,0.173,0,0
plcN,-0.217,1.0,-0.156,1.0,0,0.217,0.156,0,0
lhr1,0.195,1.0,-0.122,1.0,0,0.195,0.122,0,0
PA14_22580,0.293,1.0,0.134,1.0,0,0.293,0.134,0,0
nqrC,0.24,1.0,-0.377,1.0,0,0.24,0.377,0,0
PA14_26810,0.392,1.0,-0.199,1.0,0,0.392,0.199,0,0
PA14_26960,0.193,1.0,0.267,1.0,0,0.193,0.267,0,0
PA14_27470,-0.204,1.0,-0.164,1.0,0,0.204,0.164,0,0
fhp,0.205,1.0,0.154,1.0,0,0.205,0.154,0,0
PA14_30360,-0.168,1.0,0.345,1.0,0,0.168,0.345,0,0
PA14_31040,0.186,1.0,-0.132,1.0,0,0.186,0.132,0,0
PA14_31660,-0.166,1.0,-0.158,1.0,0,0.166,0.158,0,0
PA14_32600,-0.298,1.0,0.105,1.0,0,0.298,0.105,0,0
gtdA,-0.291,1.0,0.164,1.0,0,0.291,0.164,0,0
arsC,0.851,1.0,-0.214,1.0,0,0.851,0.214,0,0
PA14_35720,-0.247,1.0,-0.203,1.0,0,0.247,0.203,0,0
PA14_35890,0.237,1.0,0.114,1.0,0,0.237,0.114,0,0
PA14_36280,0.658,1.0,0.981,1.0,0,0.658,0.981,0,0
pqqF,0.354,1.0,0.196,1.0,0,0.354,0.196,0,0
PA14_40690,0.21,1.0,-0.117,1.0,0,0.21,0.117,0,0
PA14_40900,-0.221,1.0,-0.267,1.0,0,0.221,0.267,0,0
PA14_40930,0.175,1.0,-0.253,1.0,0,0.175,0.253,0,0
PA14_41990,0.368,1.0,0.125,1.0,0,0.368,0.125,0,0
PA14_43740,0.191,1.0,0.156,1.0,0,0.191,0.156,0,0
sucA,-0.134,1.0,0.099,1.0,0,0.134,0.099,0,0
PA14_45710,0.23,1.0,0.194,1.0,0,0.23,0.194,0,0
PA14_46880,0.193,1.0,-0.108,1.0,0,0.193,0.108,0,0
gltL,-0.193,1.0,-0.078,1.0,0,0.193,0.078,0,0
PA14_46990,0.23,1.0,-0.218,1.0,0,0.23,0.218,0,0
PA14_49310,-0.49,1.0,0.156,1.0,0,0.49,0.156,0,0
PA14_49400,0.196,1.0,-0.39,1.0,0,0.196,0.39,0,0
PA14_52110,-0.319,1.0,-0.127,1.0,0,0.319,0.127,0,0
cysM,0.156,1.0,0.349,1.0,0,0.156,0.349,0,0
PA14_52900,0.223,1.0,0.129,1.0,0,0.223,0.129,0,0
mvaT,-0.131,1.0,0.167,1.0,0,0.131,0.167,0,0
PA14_59510,0.438,1.0,0.142,1.0,0,0.438,0.142,0,0
PA14_59590,-0.221,1.0,-0.103,1.0,0,0.221,0.103,0,0
cupD4,-0.24,1.0,-0.187,1.0,0,0.24,0.187,0,0
PA14_64050,0.177,1.0,0.237,1.0,0,0.177,0.237,0,0
waaG,0.209,1.0,0.162,1.0,0,0.209,0.162,0,0
ynfL,-0.188,1.0,-0.155,1.0,0,0.188,0.155,0,0
PA14_67150,0.246,1.0,0.093,1.0,0,0.246,0.093,0,0
rpmB,-0.222,1.0,0.128,1.0,0,0.222,0.128,0,0
PA14_70290,0.181,1.0,0.155,1.0,0,0.181,0.155,0,0
PA14_71690,0.267,1.0,-0.085,1.0,0,0.267,0.085,0,0
P2,-0.427,1.0,-0.198,1.0,0,0.427,0.198,0,0
PA14_04810,0.177,1.0,0.085,1.0,0,0.177,0.085,0,0
PA14_06300,-0.162,1.0,0.084,1.0,0,0.162,0.084,0,0
rplL,-0.162,1.0,-0.122,1.0,0,0.162,0.122,0,0
proA,0.175,1.0,-0.074,1.0,0,0.175,0.074,0,0
narL,-0.164,1.0,-0.221,1.0,0,0.164,0.221,0,0
PA14_14540,-0.166,1.0,-0.129,1.0,0,0.166,0.129,0,0
PA14_15190,-1.007,1.0,-0.127,1.0,0,1.007,0.127,0,0
PA14_15700,0.241,1.0,0.123,1.0,0,0.241,0.123,0,0
PA14_17550,0.169,1.0,-0.159,1.0,0,0.169,0.159,0,0
potA,-0.615,1.0,0.146,1.0,0,0.615,0.146,0,0
PA14_18020,0.174,1.0,0.292,1.0,0,0.174,0.292,0,0
rhlA,-0.14,1.0,0.167,1.0,0,0.14,0.167,0,0
pheC,0.145,1.0,-0.154,1.0,0,0.145,0.154,0,0
amiE,-0.138,1.0,-0.109,1.0,0,0.138,0.109,0,0
PA14_21560,0.327,1.0,0.183,1.0,0,0.327,0.183,0,0
PA14_23240,0.198,1.0,0.257,1.0,0,0.198,0.257,0,0
leuB,-0.159,1.0,0.119,1.0,0,0.159,0.119,0,0
PA14_24310,-0.159,1.0,0.104,1.0,0,0.159,0.104,0,0
fpvA,-0.147,1.0,-0.236,1.0,0,0.147,0.236,0,0
PA14_36100,0.271,1.0,0.115,1.0,0,0.271,0.115,0,0
exoY,-0.17,1.0,-0.119,1.0,0,0.17,0.119,0,0
iscS,-0.204,1.0,-0.275,1.0,0,0.204,0.275,0,0
PA14_38050,0.269,1.0,-0.099,1.0,0,0.269,0.099,0,0
ybiT,-0.145,1.0,0.152,1.0,0,0.145,0.152,0,0
PA14_40310,-0.176,1.0,0.168,1.0,0,0.176,0.168,0,0
PA14_40750,-0.195,1.0,-0.142,1.0,0,0.195,0.142,0,0
rnhA,0.179,1.0,-0.144,1.0,0,0.179,0.144,0,0
PA14_43490,0.295,1.0,-0.826,1.0,0,0.295,0.826,0,0
PA14_43910,-0.317,1.0,0.184,1.0,0,0.317,0.184,0,0
PA14_44880,0.166,1.0,0.066,1.0,0,0.166,0.066,0,0
hcpA,0.786,1.0,0.25,1.0,0,0.786,0.25,0,0
aprF,-0.171,1.0,-0.128,1.0,0,0.171,0.128,0,0
pyoS3I,-0.178,1.0,-0.184,1.0,0,0.178,0.184,0,0
fliE,-0.226,1.0,-0.15,1.0,0,0.226,0.15,0,0
tolQ,-0.152,1.0,-0.114,1.0,0,0.152,0.114,0,0
phhC,0.22,1.0,-0.228,1.0,0,0.22,0.228,0,0
PA14_54930,-0.154,1.0,0.096,1.0,0,0.154,0.096,0,0
toxR,-0.342,1.0,0.12,1.0,0,0.342,0.12,0,0
PA14_57140,-0.215,1.0,-0.08,1.0,0,0.215,0.08,0,0
mreB,-0.176,1.0,-0.151,1.0,0,0.176,0.151,0,0
PA14_58830,-0.155,1.0,0.14,1.0,0,0.155,0.14,0,0
PA14_61320,-0.166,1.0,-0.34,1.0,0,0.166,0.34,0,0
PA14_61620,-0.298,1.0,-0.135,1.0,0,0.298,0.135,0,0
PA14_62370,-0.19,1.0,-0.155,1.0,0,0.19,0.155,0,0
acsB,0.159,1.0,0.135,1.0,0,0.159,0.135,0,0
PA14_63360,0.771,1.0,-1.065,1.0,0,0.771,1.065,0,0
PA14_67700,0.174,1.0,0.312,1.0,0,0.174,0.312,0,0
PA14_68970,0.184,1.0,-0.103,1.0,0,0.184,0.103,0,0
yhhJ,-0.176,1.0,-0.173,1.0,0,0.176,0.173,0,0
hemD,0.231,1.0,-0.148,1.0,0,0.231,0.148,0,0
PA14_72110,0.258,1.0,-0.141,1.0,0,0.258,0.141,0,0
citM,-0.332,1.0,0.322,1.0,0,0.332,0.322,0,0
znuB,0.165,1.0,0.298,1.0,0,0.165,0.298,0,0
tRNA,-0.534,1.0,0.102,1.0,0,0.534,0.102,0,0
qor,0.174,1.0,0.122,1.0,0,0.174,0.122,0,0
PA14_03300,-0.168,1.0,-0.116,1.0,0,0.168,0.116,0,0
PA14_03510,-0.173,1.0,0.238,1.0,0,0.173,0.238,0,0
PA14_03590,0.369,1.0,0.211,1.0,0,0.369,0.211,0,0
pilI,-0.21,1.0,0.137,1.0,0,0.21,0.137,0,0
PA14_06120,-0.398,1.0,0.093,1.0,0,0.398,0.093,0,0
fiuR,0.17,1.0,0.139,1.0,0,0.17,0.139,0,0
rpsE,-0.145,1.0,-0.104,1.0,0,0.145,0.104,0,0
tesB,-0.166,1.0,0.074,1.0,0,0.166,0.074,0,0
PA14_16100,-0.171,1.0,0.195,1.0,0,0.171,0.195,0,0
PA14_16600,0.228,1.0,0.098,1.0,0,0.228,0.098,0,0
PA14_18600,-0.113,1.0,-0.074,1.0,0,0.113,0.074,0,0
hasF,0.396,1.0,-0.123,1.0,0,0.396,0.123,0,0
rhlG,0.284,1.0,0.169,1.0,0,0.284,0.169,0,0
PA14_21240,-0.107,1.0,-1.069,1.0,0,0.107,1.069,0,0
PA14_24110,0.471,1.0,-0.194,1.0,0,0.471,0.194,0,0
PA14_26570,-0.173,1.0,-0.657,1.0,0,0.173,0.657,0,0
greB,0.23,1.0,-0.091,1.0,0,0.23,0.091,0,0
PA14_27270,-0.246,1.0,-0.12,1.0,0,0.246,0.12,0,0
PA14_27280,-0.156,1.0,-0.175,1.0,0,0.156,0.175,0,0
PA14_28190,0.517,1.0,0.138,1.0,0,0.517,0.138,0,0
cspD,-0.149,1.0,0.145,1.0,0,0.149,0.145,0,0
PA14_32570,0.228,1.0,-0.209,1.0,0,0.228,0.209,0,0
PA14_34770,-0.425,1.0,-0.434,1.0,0,0.425,0.434,0,0
PA14_35150,0.38,1.0,-0.202,1.0,0,0.38,0.202,0,0
PA14_35780,0.367,1.0,0.132,1.0,0,0.367,0.132,0,0
PA14_36170,0.442,1.0,-0.296,1.0,0,0.442,0.296,0,0
PA14_36680,-0.217,1.0,-0.117,1.0,0,0.217,0.117,0,0
cupA1,-0.191,1.0,-0.119,1.0,0,0.191,0.119,0,0
PA14_39160,0.194,1.0,0.109,1.0,0,0.194,0.109,0,0
PA14_40300,-0.2,1.0,0.117,1.0,0,0.2,0.117,0,0
PA14_41200,0.24,1.0,0.296,1.0,0,0.24,0.296,0,0
PA14_41910,-0.154,1.0,0.238,1.0,0,0.154,0.238,0,0
fabA,-0.139,1.0,0.263,1.0,0,0.139,0.263,0,0
ccmB,0.171,1.0,0.125,1.0,0,0.171,0.125,0,0
PA14_45930,-0.17,1.0,-0.074,1.0,0,0.17,0.074,0,0
PA14_47840,-0.523,1.0,-0.152,1.0,0,0.523,0.152,0,0
PA14_48170,0.146,1.0,-0.147,1.0,0,0.146,0.147,0,0
PA14_48380,-0.686,1.0,-0.265,1.0,0,0.686,0.265,0,0
nrdA,-0.123,1.0,-0.123,1.0,0,0.123,0.123,0,0
PA14_49660,0.194,1.0,0.199,1.0,0,0.194,0.199,0,0
flgB,-0.192,1.0,0.18,1.0,0,0.192,0.18,0,0
mucC,-0.137,1.0,-0.328,1.0,0,0.137,0.328,0,0
PA14_55000,0.214,1.0,0.111,1.0,0,0.214,0.111,0,0
PA14_56530,0.174,1.0,0.161,1.0,0,0.174,0.161,0,0
PA14_56540,-0.148,1.0,0.137,1.0,0,0.148,0.137,0,0
PA14_57820,-0.156,1.0,0.122,1.0,0,0.156,0.122,0,0
PA14_60200,0.21,1.0,-0.213,1.0,0,0.21,0.213,0,0
PA14_61520,0.289,1.0,-0.436,1.0,0,0.289,0.436,0,0
smtA,0.3,1.0,0.391,1.0,0,0.3,0.391,0,0
PA14_63500,0.227,1.0,0.215,1.0,0,0.227,0.215,0,0
irlR,-0.199,1.0,-0.541,1.0,0,0.199,0.541,0,0
PA14_67230,-0.161,1.0,-0.11,1.0,0,0.161,0.11,0,0
rmlB,0.132,1.0,-0.158,1.0,0,0.132,0.158,0,0
arcC,0.187,1.0,0.12,1.0,0,0.187,0.12,0,0
ppx,-0.127,1.0,0.125,1.0,0,0.127,0.125,0,0
bioA,0.162,1.0,-0.495,1.0,0,0.162,0.495,0,0
PA14_71340,-0.891,1.0,-0.222,1.0,0,0.891,0.222,0,0
PA14_72430,0.187,1.0,-0.165,1.0,0,0.187,0.165,0,0
PA14_72920,0.165,1.0,-0.12,1.0,0,0.165,0.12,0,0
trpB,-0.215,1.0,-0.337,1.0,0,0.215,0.337,0,0
PA14_01030,0.22,1.0,0.109,1.0,0,0.22,0.109,0,0
cheR,0.27,1.0,-0.265,1.0,0,0.27,0.265,0,0
thiS,-0.366,1.0,-0.144,1.0,0,0.366,0.144,0,0
PA14_06310,-0.118,1.0,0.683,1.0,0,0.118,0.683,0,0
PA14_07420,0.197,1.0,0.156,1.0,0,0.197,0.156,0,0
gpW,-0.183,1.0,0.15,1.0,0,0.183,0.15,0,0
PA14_08310,-0.167,1.0,-0.162,1.0,0,0.167,0.162,0,0
rpsJ,-0.221,1.0,0.24,1.0,0,0.221,0.24,0,0
mexI,-0.149,1.0,0.131,1.0,0,0.149,0.131,0,0
PA14_10770,0.163,1.0,0.405,1.0,0,0.163,0.405,0,0
ribA,0.17,1.0,0.131,1.0,0,0.17,0.131,0,0
PA14_12780,-0.146,1.0,-0.183,1.0,0,0.146,0.183,0,0
PA14_13470,0.202,1.0,-0.209,1.0,0,0.202,0.209,0,0
yhjE,0.241,1.0,-0.188,1.0,0,0.241,0.188,0,0
algL,-0.532,1.0,0.184,1.0,0,0.532,0.184,0,0
PA14_19340,-0.147,1.0,0.158,1.0,0,0.147,0.158,0,0
PA14_19350,-0.139,1.0,-0.086,1.0,0,0.139,0.086,0,0
amiR,-0.192,1.0,0.162,1.0,0,0.192,0.162,0,0
PA14_22510,0.392,1.0,0.251,1.0,0,0.392,0.251,0,0
PA14_25480,0.171,1.0,-0.141,1.0,0,0.171,0.141,0,0
yebN,-0.149,1.0,0.107,1.0,0,0.149,0.107,0,0
PA14_27150,-0.179,1.0,0.097,1.0,0,0.179,0.097,0,0
yfbQ,-0.157,1.0,0.11,1.0,0,0.157,0.11,0,0
msrB,0.168,1.0,-0.101,1.0,0,0.168,0.101,0,0
PA14_28330,0.582,1.0,-0.142,1.0,0,0.582,0.142,0,0
PA14_28630,0.205,1.0,-0.198,1.0,0,0.205,0.198,0,0
PA14_29190,-0.651,1.0,0.271,1.0,0,0.651,0.271,0,0
idh,-0.112,1.0,-0.198,1.0,0,0.112,0.198,0,0
PA14_33980,0.504,1.0,0.143,1.0,0,0.504,0.143,0,0
srpM,0.284,1.0,-0.124,1.0,0,0.284,0.124,0,0
PA14_34850,0.23,1.0,0.117,1.0,0,0.23,0.117,0,0
cupA4,-0.499,1.0,0.094,1.0,0,0.499,0.094,0,0
PA14_37670,-0.191,1.0,-0.095,1.0,0,0.191,0.095,0,0
PA14_40790,-0.178,1.0,0.167,1.0,0,0.178,0.167,0,0
PA14_43240,-0.222,1.0,0.122,1.0,0,0.222,0.122,0,0
PA14_47400,-0.16,1.0,0.169,1.0,0,0.16,0.169,0,0
PA14_47870,0.511,1.0,-0.159,1.0,0,0.511,0.159,0,0
PA14_47970,0.504,1.0,-0.313,1.0,0,0.504,0.313,0,0
PA14_49500,-0.499,1.0,1.161,1.0,0,0.499,1.161,0,0
PA14_51060,-0.357,1.0,-0.234,1.0,0,0.357,0.234,0,0
PA14_51220,-0.138,1.0,0.132,1.0,0,0.138,0.132,0,0
bcp,-0.142,1.0,-0.085,1.0,0,0.142,0.085,0,0
PA14_55390,-0.319,1.0,0.12,1.0,0,0.319,0.12,0,0
PA14_56550,-0.142,1.0,-0.101,1.0,0,0.142,0.101,0,0
PA14_56680,-0.147,1.0,-0.087,1.0,0,0.147,0.087,0,0
PA14_59150,-0.258,1.0,-0.146,1.0,0,0.258,0.146,0,0
PA14_60960,-0.134,1.0,0.192,1.0,0,0.134,0.192,0,0
ilvC,0.171,1.0,0.07,1.0,0,0.171,0.07,0,0
phuW,0.245,1.0,0.115,1.0,0,0.245,0.115,0,0
PA14_62390,0.146,1.0,0.089,1.0,0,0.146,0.089,0,0
cbrA,-0.123,1.0,-0.115,1.0,0,0.123,0.115,0,0
dipZ,-0.234,1.0,-0.145,1.0,0,0.234,0.145,0,0
PA14_64520,-0.176,1.0,0.106,1.0,0,0.176,0.106,0,0
aceF,-0.142,1.0,-0.123,1.0,0,0.142,0.123,0,0
hemE,-0.167,1.0,-0.106,1.0,0,0.167,0.106,0,0
PA14_67190,-0.211,1.0,-0.113,1.0,0,0.211,0.113,0,0
hemX,0.162,1.0,0.27,1.0,0,0.162,0.27,0,0
dadX,-0.2,1.0,-0.255,1.0,0,0.2,0.255,0,0
glcE,0.338,1.0,0.115,1.0,0,0.338,0.115,0,0
glcC,-0.183,1.0,0.19,1.0,0,0.183,0.19,0,0
atsB,-0.422,1.0,0.236,1.0,0,0.422,0.236,0,0
pcaK,0.273,1.0,-0.118,1.0,0,0.273,0.118,0,0
bioB,-0.133,1.0,0.126,1.0,0,0.133,0.126,0,0
PA14_07400,-0.499,1.0,0.161,1.0,0,0.499,0.161,0,0
PA14_09870,-0.221,1.0,-0.742,1.0,0,0.221,0.742,0,0
PA14_12140,-0.215,1.0,0.164,1.0,0,0.215,0.164,0,0
PA14_12770,0.197,1.0,-0.106,1.0,0,0.197,0.106,0,0
PA14_12860,0.179,1.0,0.779,1.0,0,0.179,0.779,0,0
adk,-0.145,1.0,-0.244,1.0,0,0.145,0.244,0,0
PA14_18080,-0.141,1.0,-0.161,1.0,0,0.141,0.161,0,0
PA14_20070,-0.289,1.0,0.192,1.0,0,0.289,0.192,0,0
PA14_21440,-0.151,1.0,-0.176,1.0,0,0.151,0.176,0,0
PA14_21470,-0.238,1.0,-0.17,1.0,0,0.238,0.17,0,0
PA14_22330,-0.138,1.0,-0.179,1.0,0,0.138,0.179,0,0
fecI,-0.882,1.0,-0.372,1.0,0,0.882,0.372,0,0
PA14_28730,-0.154,1.0,0.072,1.0,0,0.154,0.072,0,0
rhs,0.172,1.0,-0.919,1.0,0,0.172,0.919,0,0
icd,-0.116,1.0,-0.173,1.0,0,0.116,0.173,0,0
PA14_33240,0.303,1.0,0.154,1.0,0,0.303,0.154,0,0
PA14_36010,0.316,1.0,-0.142,1.0,0,0.316,0.142,0,0
nudC,0.163,1.0,0.116,1.0,0,0.163,0.116,0,0
PA14_42120,-0.2,1.0,0.097,1.0,0,0.2,0.097,0,0
sdhB,-0.13,1.0,0.183,1.0,0,0.13,0.183,0,0
lig,0.14,1.0,0.931,1.0,0,0.14,0.931,0,0
cysP,-0.146,1.0,-0.23,1.0,0,0.146,0.23,0,0
PA14_45130,-0.219,1.0,-0.154,1.0,0,0.219,0.154,0,0
PA14_45250,0.175,1.0,0.135,1.0,0,0.175,0.135,0,0
cheB,0.18,1.0,1.152,1.0,0,0.18,1.152,0,0
PA14_46590,-0.257,1.0,-0.111,1.0,0,0.257,0.111,0,0
cyoD,0.68,1.0,-0.435,1.0,0,0.68,0.435,0,0
PA14_47600,0.184,1.0,-0.224,1.0,0,0.184,0.224,0,0
PA14_47810,-0.374,1.0,-0.117,1.0,0,0.374,0.117,0,0
PA14_48600,0.56,1.0,-0.119,1.0,0,0.56,0.119,0,0
napF,0.468,1.0,-0.117,1.0,0,0.468,0.117,0,0
fliH,0.157,1.0,-0.12,1.0,0,0.157,0.12,0,0
PA14_50860,0.19,1.0,-0.17,1.0,0,0.19,0.17,0,0
PA14_51230,-0.147,1.0,0.094,1.0,0,0.147,0.094,0,0
PA14_52280,-0.184,1.0,-0.082,1.0,0,0.184,0.082,0,0
PA14_53750,0.29,1.0,0.147,1.0,0,0.29,0.147,0,0
mucB,-0.125,1.0,-0.117,1.0,0,0.125,0.117,0,0
PA14_54490,-0.191,1.0,0.298,1.0,0,0.191,0.298,0,0
PA14_56260,0.209,1.0,0.11,1.0,0,0.209,0.11,0,0
ftsQ,0.16,1.0,-0.118,1.0,0,0.16,0.118,0,0
PA14_59190,-0.21,1.0,-0.09,1.0,0,0.21,0.09,0,0
fklB,0.16,1.0,0.059,1.0,0,0.16,0.059,0,0
ilvI,-0.13,1.0,-0.402,1.0,0,0.13,0.402,0,0
yedA,0.17,1.0,-0.18,1.0,0,0.17,0.18,0,0
PA14_64610,0.262,1.0,-0.318,1.0,0,0.262,0.318,0,0
yjeF,0.179,1.0,-0.352,1.0,0,0.179,0.352,0,0
PA14_65640,-0.225,1.0,0.135,1.0,0,0.225,0.135,0,0
ntrB,-0.165,1.0,0.076,1.0,0,0.165,0.076,0,0
marC,0.261,1.0,0.185,1.0,0,0.261,0.185,0,0
betT1,-0.171,1.0,0.192,1.0,0,0.171,0.192,0,0
PA14_71180,0.255,1.0,-0.227,1.0,0,0.255,0.227,0,0
PA14_73110,0.159,1.0,-0.106,1.0,0,0.159,0.106,0,0
PA14_00980,-0.13,1.0,-0.076,1.0,0,0.13,0.076,0,0
PA14_01790,0.206,1.0,0.094,1.0,0,0.206,0.094,0,0
pcaC,0.206,1.0,0.109,1.0,0,0.206,0.109,0,0
PA14_04290,0.206,1.0,0.095,1.0,0,0.206,0.095,0,0
PA14_06950,0.207,1.0,-0.236,1.0,0,0.207,0.236,0,0
yqjC,-0.215,1.0,0.138,1.0,0,0.215,0.138,0,0
fepG,-0.412,1.0,0.229,1.0,0,0.412,0.229,0,0
PA14_10480,-0.278,1.0,0.569,1.0,0,0.278,0.569,0,0
PA14_13720,-0.425,1.0,0.11,1.0,0,0.425,0.11,0,0
PA14_14420,-0.22,1.0,0.095,1.0,0,0.22,0.095,0,0
PA14_14975,0.169,1.0,-0.098,1.0,0,0.169,0.098,0,0
leuA,0.16,1.0,0.137,1.0,0,0.16,0.137,0,0
merE,0.537,1.0,-0.27,1.0,0,0.537,0.27,0,0
yeaZ,0.209,1.0,0.165,1.0,0,0.209,0.165,0,0
mmsA,-0.131,1.0,-0.244,1.0,0,0.131,0.244,0,0
PA14_18640,0.213,1.0,0.154,1.0,0,0.213,0.154,0,0
PA14_18820,-0.419,1.0,-0.12,1.0,0,0.419,0.12,0,0
flgM,-0.132,1.0,0.347,1.0,0,0.132,0.347,0,0
gltG,-0.389,1.0,0.103,1.0,0,0.389,0.103,0,0
PA14_25620,-0.134,1.0,-0.265,1.0,0,0.134,0.265,0,0
PA14_27530,0.215,1.0,-0.17,1.0,0,0.215,0.17,0,0
yliJ,-0.146,1.0,-0.142,1.0,0,0.146,0.142,0,0
PA14_29160,0.172,1.0,0.255,1.0,0,0.172,0.255,0,0
PA14_31420,-0.269,1.0,0.167,1.0,0,0.269,0.167,0,0
tpx,-0.154,1.0,-0.317,1.0,0,0.154,0.317,0,0
catC,0.276,1.0,-0.122,1.0,0,0.276,0.122,0,0
PA14_33930,-0.182,1.0,0.133,1.0,0,0.182,0.133,0,0
asnB,0.374,1.0,-0.112,1.0,0,0.374,0.112,0,0
PA14_39080,0.251,1.0,-0.106,1.0,0,0.251,0.106,0,0
PA14_45470,-0.279,1.0,0.231,1.0,0,0.279,0.231,0,0
cheW,0.158,1.0,0.199,1.0,0,0.158,0.199,0,0
fliR,0.264,1.0,-0.293,1.0,0,0.264,0.293,0,0
PA14_46300,0.195,1.0,-0.089,1.0,0,0.195,0.089,0,0
PA14_47440,0.171,1.0,-0.347,1.0,0,0.171,0.347,0,0
rnd,-0.134,1.0,0.231,1.0,0,0.134,0.231,0,0
PA14_48030,-0.528,1.0,0.116,1.0,0,0.528,0.116,0,0
dgt,0.146,1.0,-0.137,1.0,0,0.146,0.137,0,0
PA14_50930,0.16,1.0,0.157,1.0,0,0.16,0.157,0,0
PA14_51670,0.208,1.0,0.16,1.0,0,0.208,0.16,0,0
ybgC,-0.18,1.0,0.082,1.0,0,0.18,0.082,0,0
PA14_52070,-0.185,1.0,-0.201,1.0,0,0.185,0.201,0,0
yecO,0.263,1.0,0.174,1.0,0,0.263,0.174,0,0
PA14_56130,0.222,1.0,0.398,1.0,0,0.222,0.398,0,0
PA14_56890,0.179,1.0,0.132,1.0,0,0.179,0.132,0,0
PA14_57680,0.189,1.0,-0.14,1.0,0,0.189,0.14,0,0
PA14_61410,0.209,1.0,-0.147,1.0,0,0.209,0.147,0,0
dapB,0.209,1.0,-0.237,1.0,0,0.209,0.237,0,0
PA14_63420,-0.449,1.0,-0.191,1.0,0,0.449,0.191,0,0
hutI,0.315,1.0,-0.355,1.0,0,0.315,0.355,0,0
thiI,0.171,1.0,-0.087,1.0,0,0.171,0.087,0,0
PA14_67650,0.297,1.0,-0.202,1.0,0,0.297,0.202,0,0
PA14_68090,-0.19,1.0,0.148,1.0,0,0.19,0.148,0,0
arcD,-0.164,1.0,-0.103,1.0,0,0.164,0.103,0,0
PA14_69020,-0.135,1.0,-0.137,1.0,0,0.135,0.137,0,0
algQ,0.151,1.0,-0.162,1.0,0,0.151,0.162,0,0
PA14_69740,0.318,1.0,-0.377,1.0,0,0.318,0.377,0,0
PA14_69900,-0.127,1.0,0.372,1.0,0,0.127,0.372,0,0
PA14_72840,0.15,1.0,-0.182,1.0,0,0.15,0.182,0,0
PA14_73010,0.201,1.0,-0.201,1.0,0,0.201,0.201,0,0
tRNA,0.45,1.0,-0.115,1.0,0,0.45,0.115,0,0
P11,0.439,1.0,-0.467,1.0,0,0.439,0.467,0,0
P24,0.379,1.0,0.142,1.0,0,0.379,0.142,0,0
tRNA,-0.774,1.0,0.155,1.0,0,0.774,0.155,0,0
PA14_01020,0.231,1.0,0.129,1.0,0,0.231,0.129,0,0
PA14_01640,-0.196,1.0,-0.151,1.0,0,0.196,0.151,0,0
tonB2,1.205,1.0,-0.126,1.0,0,1.205,0.126,0,0
PA14_02960,0.329,1.0,0.601,1.0,0,0.329,0.601,0,0
PA14_03163,-0.116,1.0,0.22,1.0,0,0.116,0.22,0,0
PA14_03220,-0.162,1.0,0.107,1.0,0,0.162,0.107,0,0
PA14_04380,0.196,1.0,-0.197,1.0,0,0.196,0.197,0,0
speD,-0.156,1.0,0.476,1.0,0,0.156,0.476,0,0
phzE1,0.201,1.0,0.322,1.0,0,0.201,0.322,0,0
mexG,-0.261,1.0,0.148,1.0,0,0.261,0.148,0,0
PA14_10010,0.202,1.0,0.253,1.0,0,0.202,0.253,0,0
PA14_10190,-0.167,1.0,0.226,1.0,0,0.167,0.226,0,0
PA14_10490,-0.205,1.0,-0.087,1.0,0,0.205,0.087,0,0
PA14_12300,-0.146,1.0,-0.248,1.0,0,0.146,0.248,0,0
PA14_12630,0.161,1.0,0.069,1.0,0,0.161,0.069,0,0
cysE,0.144,1.0,-0.122,1.0,0,0.144,0.122,0,0
rpmE,0.151,1.0,-0.12,1.0,0,0.151,0.12,0,0
PA14_17790,-0.151,1.0,-0.074,1.0,0,0.151,0.074,0,0
paaH,0.259,1.0,-0.354,1.0,0,0.259,0.354,0,0
rnt,-0.141,1.0,-0.228,1.0,0,0.141,0.228,0,0
pyrC,-0.147,1.0,0.557,1.0,0,0.147,0.557,0,0
PA14_19360,-0.141,1.0,0.125,1.0,0,0.141,0.125,0,0
PA14_19950,-0.145,1.0,-0.086,1.0,0,0.145,0.086,0,0
PA14_20491,0.237,1.0,-0.204,1.0,0,0.237,0.204,0,0
PA14_21090,0.353,1.0,0.105,1.0,0,0.353,0.105,0,0
hrpA,0.149,1.0,0.126,1.0,0,0.149,0.126,0,0
gltB,-0.189,1.0,-0.08,1.0,0,0.189,0.08,0,0
serC,0.156,1.0,0.191,1.0,0,0.156,0.191,0,0
kdgA,0.268,1.0,0.2,1.0,0,0.268,0.2,0,0
dacB,-0.24,1.0,0.374,1.0,0,0.24,0.374,0,0
aroF,0.188,1.0,-0.197,1.0,0,0.188,0.197,0,0
PA14_26070,-0.247,1.0,0.132,1.0,0,0.247,0.132,0,0
PA14_26160,-0.248,1.0,-0.09,1.0,0,0.248,0.09,0,0
PA14_26190,0.186,1.0,0.069,1.0,0,0.186,0.069,0,0
mccB,0.207,1.0,-0.126,1.0,0,0.207,0.126,0,0
PA14_28600,0.105,1.0,-0.307,1.0,0,0.105,0.307,0,0
PA14_31110,-0.353,1.0,-0.147,1.0,0,0.353,0.147,0,0
pgsA,-0.137,1.0,0.078,1.0,0,0.137,0.078,0,0
PA14_31740,1.192,1.0,-0.149,1.0,0,1.192,0.149,0,0
PA14_33110,-0.221,1.0,0.101,1.0,0,0.221,0.101,0,0
PA14_33570,-0.185,1.0,0.114,1.0,0,0.185,0.114,0,0
pvdF,-0.132,1.0,0.106,1.0,0,0.132,0.106,0,0
PA14_34790,-0.254,1.0,-0.098,1.0,0,0.254,0.098,0,0
pvcA,0.333,1.0,0.291,1.0,0,0.333,0.291,0,0
ada,0.252,1.0,-0.231,1.0,0,0.252,0.231,0,0
PA14_39620,0.374,1.0,0.262,1.0,0,0.374,0.262,0,0
PA14_40110,-0.287,1.0,0.106,1.0,0,0.287,0.106,0,0
PA14_40330,-1.034,1.0,-0.189,1.0,0,1.034,0.189,0,0
PA14_40880,-0.15,1.0,0.12,1.0,0,0.15,0.12,0,0
PA14_40890,-0.168,1.0,-0.206,1.0,0,0.168,0.206,0,0
PA14_41320,-0.164,1.0,-0.082,1.0,0,0.164,0.082,0,0
cysS,0.174,1.0,0.097,1.0,0,0.174,0.097,0,0
PA14_43020,0.289,1.0,-0.142,1.0,0,0.289,0.142,0,0
kdpD,0.188,1.0,0.109,1.0,0,0.188,0.109,0,0
fabB,-0.117,1.0,0.115,1.0,0,0.117,0.115,0,0
PA14_45830,0.2,1.0,-0.164,1.0,0,0.2,0.164,0,0
PA14_45910,0.272,1.0,0.14,1.0,0,0.272,0.14,0,0
PA14_46200,0.211,1.0,0.106,1.0,0,0.211,0.106,0,0
PA14_46580,-0.165,1.0,0.23,1.0,0,0.165,0.23,0,0
gltK,-0.165,1.0,0.077,1.0,0,0.165,0.077,0,0
PA14_48470,-0.341,1.0,0.127,1.0,0,0.341,0.127,0,0
lcaD,0.192,1.0,0.097,1.0,0,0.192,0.097,0,0
PA14_49300,0.176,1.0,0.164,1.0,0,0.176,0.164,0,0
PA14_49780,0.298,1.0,0.104,1.0,0,0.298,0.104,0,0
PA14_49930,-0.131,1.0,-0.141,1.0,0,0.131,0.141,0,0
cupC3,-0.119,1.0,0.118,1.0,0,0.119,0.118,0,0
PA14_51620,-0.231,1.0,0.17,1.0,0,0.231,0.17,0,0
oruR,0.199,1.0,0.2,1.0,0,0.199,0.2,0,0
prpB,0.141,1.0,-0.351,1.0,0,0.141,0.351,0,0
PA14_55020,-0.208,1.0,0.358,1.0,0,0.208,0.358,0,0
hxcR,0.19,1.0,-1.096,1.0,0,0.19,1.096,0,0
pctB,-0.129,1.0,-0.243,1.0,0,0.129,0.243,0,0
PA14_56410,0.233,1.0,-0.803,1.0,0,0.233,0.803,0,0
PA14_56470,0.309,1.0,-0.258,1.0,0,0.309,0.258,0,0
PA14_57110,0.155,1.0,0.108,1.0,0,0.155,0.108,0,0
mutT,0.199,1.0,-0.119,1.0,0,0.199,0.119,0,0
PA14_57480,-0.136,1.0,0.103,1.0,0,0.136,0.103,0,0
PA14_59530,0.271,1.0,0.427,1.0,0,0.271,0.427,0,0
PA14_61510,0.243,1.0,0.16,1.0,0,0.243,0.16,0,0
lpd3,0.188,1.0,0.149,1.0,0,0.188,0.149,0,0
PA14_65630,0.212,1.0,0.091,1.0,0,0.212,0.091,0,0
pilM,-0.124,1.0,-0.234,1.0,0,0.124,0.234,0,0
mutY,0.164,1.0,0.155,1.0,0,0.164,0.155,0,0
emrA,-0.212,1.0,0.277,1.0,0,0.212,0.277,0,0
ubiC,-0.451,1.0,-0.211,1.0,0,0.451,0.211,0,0
wzt,0.162,1.0,0.969,1.0,0,0.162,0.969,0,0
tRNA,0.567,1.0,0.427,1.0,0,0.567,0.427,0,0
PA14_01540,-0.33,1.0,0.133,1.0,0,0.33,0.133,0,0
PA14_01860,-0.253,1.0,-0.184,1.0,0,0.253,0.184,0,0
PA14_02300,0.341,1.0,0.112,1.0,0,0.341,0.112,0,0
exbD1,-0.359,1.0,0.115,1.0,0,0.359,0.115,0,0
PA14_04350,0.246,1.0,-0.077,1.0,0,0.246,0.077,0,0
PA14_06860,-0.281,1.0,0.242,1.0,0,0.281,0.242,0,0
PA14_08400,0.165,1.0,0.091,1.0,0,0.165,0.091,0,0
secE,-0.125,1.0,0.206,1.0,0,0.125,0.206,0,0
rpsL,-0.126,1.0,0.115,1.0,0,0.126,0.115,0,0
fusA1,-0.123,1.0,1.026,1.0,0,0.123,1.026,0,0
rplC,-0.105,1.0,-0.068,1.0,0,0.105,0.068,0,0
hpaC,0.578,1.0,-0.17,1.0,0,0.578,0.17,0,0
hpaA,-0.282,1.0,0.187,1.0,0,0.282,0.187,0,0
PA14_11830,0.136,1.0,0.082,1.0,0,0.136,0.082,0,0
PA14_12590,0.256,1.0,-0.232,1.0,0,0.256,0.232,0,0
narH,0.311,1.0,-0.069,1.0,0,0.311,0.069,0,0
PA14_14530,0.158,1.0,-0.121,1.0,0,0.158,0.121,0,0
trbK,-0.352,1.0,0.102,1.0,0,0.352,0.102,0,0
PA14_16110,-0.136,1.0,-0.189,1.0,0,0.136,0.189,0,0
acsL,-0.125,1.0,-0.081,1.0,0,0.125,0.081,0,0
PA14_24140,-0.123,1.0,0.157,1.0,0,0.123,0.157,0,0
moxR,-0.11,1.0,-0.083,1.0,0,0.11,0.083,0,0
htpX,-0.13,1.0,0.11,1.0,0,0.13,0.11,0,0
PA14_27650,0.755,1.0,-0.142,1.0,0,0.755,0.142,0,0
PA14_28230,-0.513,1.0,0.064,1.0,0,0.513,0.064,0,0
PA14_28310,-0.177,1.0,0.099,1.0,0,0.177,0.099,0,0
hplS,0.258,1.0,0.21,1.0,0,0.258,0.21,0,0
PA14_30070,0.182,1.0,0.114,1.0,0,0.182,0.114,0,0
arsR,0.432,1.0,0.051,1.0,0,0.432,0.051,0,0
PA14_35160,-0.355,1.0,0.124,1.0,0,0.355,0.124,0,0
PA14_35810,-0.123,1.0,0.084,1.0,0,0.123,0.084,0,0
PA14_35920,0.118,1.0,0.143,1.0,0,0.118,0.143,0,0
PA14_38750,-0.125,1.0,-0.215,1.0,0,0.125,0.215,0,0
PA14_39700,0.596,1.0,-0.158,1.0,0,0.596,0.158,0,0
ccoN-2,-0.165,1.0,0.252,1.0,0,0.165,0.252,0,0
yhgI,0.136,1.0,0.13,1.0,0,0.136,0.13,0,0
adi,0.143,1.0,-0.118,1.0,0,0.143,0.118,0,0
PA14_43050,0.171,1.0,-0.184,1.0,0,0.171,0.184,0,0
PA14_43810,0.31,1.0,0.074,1.0,0,0.31,0.074,0,0
lpdG,-0.122,1.0,-0.4,1.0,0,0.122,0.4,0,0
PA14_45340,0.745,1.0,0.192,1.0,0,0.745,0.192,0,0
ycgL,-0.161,1.0,-0.166,1.0,0,0.161,0.166,0,0
PA14_47490,-0.111,1.0,0.099,1.0,0,0.111,0.099,0,0
PA14_48920,-1.017,1.0,0.193,1.0,0,1.017,0.193,0,0
rhlC,0.262,1.0,0.23,1.0,0,0.262,0.23,0,0
mvfR,-0.121,1.0,-0.144,1.0,0,0.121,0.144,0,0
wrbA,-0.15,1.0,0.101,1.0,0,0.15,0.101,0,0
PA14_54640,0.19,1.0,-0.159,1.0,0,0.19,0.159,0,0
PA14_55320,0.415,1.0,0.081,1.0,0,0.415,0.081,0,0
PA14_58360,-0.135,1.0,-0.097,1.0,0,0.135,0.097,0,0
cstA,-0.112,1.0,-0.072,1.0,0,0.112,0.072,0,0
pgi,0.152,1.0,-0.087,1.0,0,0.152,0.087,0,0
PA14_63740,-0.588,1.0,0.087,1.0,0,0.588,0.087,0,0
PA14_65030,-0.115,1.0,0.192,1.0,0,0.115,0.192,0,0
PA14_66000,0.225,1.0,-0.084,1.0,0,0.225,0.084,0,0
PA14_66800,0.183,1.0,-0.115,1.0,0,0.183,0.115,0,0
PA14_68550,0.188,1.0,0.104,1.0,0,0.188,0.104,0,0
tex,-0.168,1.0,0.081,1.0,0,0.168,0.081,0,0
lysA,0.155,1.0,0.103,1.0,0,0.155,0.103,0,0
wbpY,0.166,1.0,-0.29,1.0,0,0.166,0.29,0,0
kgtP,-0.258,1.0,-0.153,1.0,0,0.258,0.153,0,0
PA14_73140,-0.13,1.0,0.338,1.0,0,0.13,0.338,0,0
rpsL_psuedo,-0.155,1.0,0.262,1.0,0,0.155,0.262,0,0
PA14_00140,-0.178,1.0,-0.208,1.0,0,0.178,0.208,0,0
PA14_00680,-0.379,1.0,0.121,1.0,0,0.379,0.121,0,0
PA14_03370,-0.168,1.0,-0.13,1.0,0,0.168,0.13,0,0
spuF,0.168,1.0,-0.208,1.0,0,0.168,0.208,0,0
PA14_04020,-0.251,1.0,0.268,1.0,0,0.251,0.268,0,0
yicE,0.178,1.0,0.407,1.0,0,0.178,0.407,0,0
PA14_05600,-0.171,1.0,-0.163,1.0,0,0.171,0.163,0,0
PA14_06090,0.577,1.0,-0.194,1.0,0,0.577,0.194,0,0
PA14_06210,-0.223,1.0,-0.107,1.0,0,0.223,0.107,0,0
PA14_06420,-0.222,1.0,-0.099,1.0,0,0.222,0.099,0,0
PA14_09880,-0.394,1.0,0.083,1.0,0,0.394,0.083,0,0
hpaG1,-0.599,1.0,0.125,1.0,0,0.599,0.125,0,0
PA14_10980,-0.214,1.0,-0.189,1.0,0,0.214,0.189,0,0
PA14_11520,0.185,1.0,0.092,1.0,0,0.185,0.092,0,0
aqpZ,-0.314,1.0,-0.119,1.0,0,0.314,0.119,0,0
PA14_11750,0.156,1.0,0.109,1.0,0,0.156,0.109,0,0
PA14_13090,0.2,1.0,0.325,1.0,0,0.2,0.325,0,0
PA14_13500,0.225,1.0,-0.148,1.0,0,0.225,0.148,0,0
mexF,0.228,1.0,0.075,1.0,0,0.228,0.075,0,0
PA14_20880,0.251,1.0,0.108,1.0,0,0.251,0.108,0,0
mutT,0.186,1.0,-0.145,1.0,0,0.186,0.145,0,0
uvrB,0.137,1.0,-0.355,1.0,0,0.137,0.355,0,0
PA14_24740,0.156,1.0,0.075,1.0,0,0.156,0.075,0,0
topA,-0.115,1.0,0.174,1.0,0,0.115,0.174,0,0
trxA,-0.176,1.0,0.171,1.0,0,0.176,0.171,0,0
PA14_29560,0.209,1.0,0.105,1.0,0,0.209,0.105,0,0
traG,-0.208,1.0,0.081,1.0,0,0.208,0.081,0,0
PA14_33150,0.168,1.0,0.399,1.0,0,0.168,0.399,0,0
PA14_33870,-0.421,1.0,-0.08,1.0,0,0.421,0.08,0,0
sugE,-0.128,1.0,0.088,1.0,0,0.128,0.088,0,0
pscB,0.407,1.0,-0.138,1.0,0,0.407,0.138,0,0
PA14_44210,0.187,1.0,-0.077,1.0,0,0.187,0.077,0,0
yjaB,-0.232,1.0,-0.09,1.0,0,0.232,0.09,0,0
PA14_48500,-0.257,1.0,0.107,1.0,0,0.257,0.107,0,0
kefB,0.186,1.0,-0.089,1.0,0,0.186,0.089,0,0
PA14_48800,0.122,1.0,-0.078,1.0,0,0.122,0.078,0,0
PA14_49730,0.208,1.0,0.105,1.0,0,0.208,0.105,0,0
PA14_49880,-0.127,1.0,0.089,1.0,0,0.127,0.089,0,0
pac,0.187,1.0,-0.299,1.0,0,0.187,0.299,0,0
PA14_53200,-0.127,1.0,0.115,1.0,0,0.127,0.115,0,0
cat,-0.14,1.0,-0.104,1.0,0,0.14,0.104,0,0
cpaF2,0.28,1.0,-0.11,1.0,0,0.28,0.11,0,0
PA14_56110,-0.247,1.0,0.111,1.0,0,0.247,0.111,0,0
apbA,-0.221,1.0,-0.142,1.0,0,0.221,0.142,0,0
PA14_60770,0.203,1.0,0.176,1.0,0,0.203,0.176,0,0
PA14_61300,-0.121,1.0,-0.168,1.0,0,0.121,0.168,0,0
PA14_61600,-0.088,1.0,0.281,1.0,0,0.088,0.281,0,0
yadF,-0.143,1.0,0.292,1.0,0,0.143,0.292,0,0
PA14_62110,0.151,1.0,0.079,1.0,0,0.151,0.079,0,0
PA14_62230,-0.147,1.0,0.334,1.0,0,0.147,0.334,0,0
PA14_62380,0.139,1.0,-0.198,1.0,0,0.139,0.198,0,0
PA14_66450,0.167,1.0,-0.135,1.0,0,0.167,0.135,0,0
PA14_67860,0.207,1.0,0.074,1.0,0,0.207,0.074,0,0
PA14_68030,0.386,1.0,0.081,1.0,0,0.386,0.081,0,0
PA14_71570,0.173,1.0,-0.083,1.0,0,0.173,0.083,0,0
rmd,0.21,1.0,-0.145,1.0,0,0.21,0.145,0,0
PA14_72090,-0.373,1.0,0.46,1.0,0,0.373,0.46,0,0
yidC,-0.122,1.0,0.106,1.0,0,0.122,0.106,0,0
P31,-1.007,1.0,0.143,1.0,0,1.007,0.143,0,0
add,0.157,1.0,-0.122,1.0,0,0.157,0.122,0,0
PA14_02930,0.554,1.0,0.39,1.0,0,0.554,0.39,0,0
thiG,-0.132,1.0,0.835,1.0,0,0.132,0.835,0,0
PA14_05110,0.157,1.0,-0.353,1.0,0,0.157,0.353,0,0
metF,-0.158,1.0,-0.316,1.0,0,0.158,0.316,0,0
PA14_05775,0.803,1.0,-0.116,1.0,0,0.803,0.116,0,0
PA14_05920,-0.122,1.0,0.123,1.0,0,0.122,0.123,0,0
psfA,0.159,1.0,-0.082,1.0,0,0.159,0.082,0,0
PA14_07460,-0.154,1.0,0.134,1.0,0,0.154,0.134,0,0
PA14_10070,0.443,1.0,0.098,1.0,0,0.443,0.098,0,0
fecA,-0.222,1.0,-0.083,1.0,0,0.222,0.083,0,0
PA14_13490,0.221,1.0,-0.202,1.0,0,0.221,0.202,0,0
PA14_14130,0.193,1.0,-0.16,1.0,0,0.193,0.16,0,0
mocA,0.121,1.0,-0.721,1.0,0,0.121,0.721,0,0
PA14_15600,0.144,1.0,-0.101,1.0,0,0.144,0.101,0,0
phnJ,0.711,1.0,-0.085,1.0,0,0.711,0.085,0,0
PA14_20680,0.149,1.0,-0.118,1.0,0,0.149,0.118,0,0
PA14_21480,-0.121,1.0,0.113,1.0,0,0.121,0.113,0,0
fecA,-0.14,1.0,-0.126,1.0,0,0.14,0.126,0,0
PA14_22640,0.208,1.0,-0.11,1.0,0,0.208,0.11,0,0
wzz,-0.121,1.0,0.121,1.0,0,0.121,0.121,0,0
PA14_24130,-0.209,1.0,-0.194,1.0,0,0.209,0.194,0,0
pilZ,-0.134,1.0,-0.187,1.0,0,0.134,0.187,0,0
cobN,0.153,1.0,-0.18,1.0,0,0.153,0.18,0,0
PA14_26090,-0.231,1.0,0.244,1.0,0,0.231,0.244,0,0
PA14_28460,-0.178,1.0,-0.094,1.0,0,0.178,0.094,0,0
himA,-0.077,1.0,0.081,1.0,0,0.077,0.081,0,0
PA14_30450,0.168,1.0,0.095,1.0,0,0.168,0.095,0,0
PA14_37880,0.266,1.0,-0.178,1.0,0,0.266,0.178,0,0
pqqD,0.24,1.0,0.076,1.0,0,0.24,0.076,0,0
PA14_40340,-0.301,1.0,-0.109,1.0,0,0.301,0.109,0,0
cmpX,-0.083,1.0,0.181,1.0,0,0.083,0.181,0,0
yaiE,-0.401,1.0,-0.072,1.0,0,0.401,0.072,0,0
PA14_45890,-0.142,1.0,0.135,1.0,0,0.142,0.135,0,0
PA14_46150,0.165,1.0,-0.065,1.0,0,0.165,0.065,0,0
PA14_47080,-0.155,1.0,-0.133,1.0,0,0.155,0.133,0,0
PA14_50060,-0.116,1.0,-0.711,1.0,0,0.116,0.711,0,0
flgK,0.16,1.0,0.601,1.0,0,0.16,0.601,0,0
PA14_50660,0.181,1.0,0.166,1.0,0,0.181,0.166,0,0
PA14_51630,-0.218,1.0,-0.098,1.0,0,0.218,0.098,0,0
aroP2,-0.204,1.0,-0.451,1.0,0,0.204,0.451,0,0
PA14_53500,-0.125,1.0,-0.251,1.0,0,0.125,0.251,0,0
PA14_53540,0.207,1.0,0.217,1.0,0,0.207,0.217,0,0
PA14_55300,0.722,1.0,-0.109,1.0,0,0.722,0.109,0,0
crcB,-0.098,1.0,-0.087,1.0,0,0.098,0.087,0,0
argJ,0.16,1.0,-0.317,1.0,0,0.16,0.317,0,0
PA14_57870,0.183,1.0,-0.541,1.0,0,0.183,0.541,0,0
PA14_57910,-0.125,1.0,-0.715,1.0,0,0.125,0.715,0,0
PA14_59920,-0.208,1.0,-0.269,1.0,0,0.208,0.269,0,0
PA14_60050,-0.129,1.0,-0.133,1.0,0,0.129,0.133,0,0
PA14_60140,-0.216,1.0,0.062,1.0,0,0.216,0.062,0,0
PA14_60520,0.195,1.0,-0.261,1.0,0,0.195,0.261,0,0
greA,0.228,1.0,0.11,1.0,0,0.228,0.11,0,0
PA14_63240,-0.241,1.0,-0.086,1.0,0,0.241,0.086,0,0
PA14_63840,0.227,1.0,-0.14,1.0,0,0.227,0.14,0,0
PA14_65520,0.16,1.0,0.054,1.0,0,0.16,0.054,0,0
PA14_66990,0.293,1.0,-0.162,1.0,0,0.293,0.162,0,0
PA14_68390,0.19,1.0,0.082,1.0,0,0.19,0.082,0,0
PA14_72820,-0.136,1.0,0.117,1.0,0,0.136,0.117,0,0
PA14_01180,0.37,1.0,-0.073,1.0,0,0.37,0.073,0,0
PA14_01440,0.254,1.0,0.126,1.0,0,0.254,0.126,0,0
mcdM,0.223,1.0,-0.104,1.0,0,0.223,0.104,0,0
PA14_03170,-0.127,1.0,-0.266,1.0,0,0.127,0.266,0,0
gabT,-0.138,1.0,-0.156,1.0,0,0.138,0.156,0,0
PA14_04660,-0.124,1.0,-0.183,1.0,0,0.124,0.183,0,0
PA14_08000,-0.135,1.0,0.175,1.0,0,0.135,0.175,0,0
PA14_11260,-0.135,1.0,-0.435,1.0,0,0.135,0.435,0,0
PA14_11910,-0.136,1.0,0.168,1.0,0,0.136,0.168,0,0
PA14_12650,-0.275,1.0,0.096,1.0,0,0.275,0.096,0,0
PA14_12850,0.178,1.0,-0.182,1.0,0,0.178,0.182,0,0
PA14_13300,0.383,1.0,-0.229,1.0,0,0.383,0.229,0,0
PA14_14310,-0.11,1.0,-0.364,1.0,0,0.11,0.364,0,0
pilF,-0.125,1.0,0.1,1.0,0,0.125,0.1,0,0
trmD,0.155,1.0,0.075,1.0,0,0.155,0.075,0,0
xerD,-0.184,1.0,0.253,1.0,0,0.184,0.253,0,0
PA14_16720,-0.155,1.0,-0.062,1.0,0,0.155,0.062,0,0
PA14_17710,0.15,1.0,-0.255,1.0,0,0.15,0.255,0,0
bfrB,-0.104,1.0,0.287,1.0,0,0.104,0.287,0,0
gloA1,0.136,1.0,-0.148,1.0,0,0.136,0.148,0,0
ssuC,0.281,1.0,-0.725,1.0,0,0.281,0.725,0,0
PA14_20640,0.398,1.0,-0.15,1.0,0,0.398,0.15,0,0
PA14_21190,0.142,1.0,0.224,1.0,0,0.142,0.224,0,0
PA14_21300,-0.411,1.0,0.212,1.0,0,0.411,0.212,0,0
PA14_21600,-0.2,1.0,0.081,1.0,0,0.2,0.081,0,0
PA14_26300,-0.876,1.0,0.266,1.0,0,0.876,0.266,0,0
PA14_26690,0.521,1.0,0.129,1.0,0,0.521,0.129,0,0
mttC,0.161,1.0,-0.116,1.0,0,0.161,0.116,0,0
PA14_27910,-0.162,1.0,-0.29,1.0,0,0.162,0.29,0,0
PA14_28120,0.169,1.0,0.157,1.0,0,0.169,0.157,0,0
PA14_28920,-0.377,1.0,-0.375,1.0,0,0.377,0.375,0,0
PA14_31450,0.137,1.0,0.127,1.0,0,0.137,0.127,0,0
PA14_32790,-0.103,1.0,0.126,1.0,0,0.103,0.126,0,0
PA14_33060,-0.447,1.0,0.14,1.0,0,0.447,0.14,0,0
glgB,-0.198,1.0,0.123,1.0,0,0.198,0.123,0,0
PA14_38000,0.438,1.0,0.141,1.0,0,0.438,0.141,0,0
PA14_39200,0.17,1.0,-0.198,1.0,0,0.17,0.198,0,0
PA14_40800,-0.267,1.0,0.174,1.0,0,0.267,0.174,0,0
exsA,-0.101,1.0,-0.09,1.0,0,0.101,0.09,0,0
stk1,-0.265,1.0,0.264,1.0,0,0.265,0.264,0,0
selD,0.152,1.0,-0.105,1.0,0,0.152,0.105,0,0
glsA,-0.162,1.0,0.834,1.0,0,0.162,0.834,0,0
htpG,0.138,1.0,0.125,1.0,0,0.138,0.125,0,0
fleN,0.139,1.0,0.13,1.0,0,0.139,0.13,0,0
pdxB,-0.153,1.0,0.189,1.0,0,0.153,0.189,0,0
cobD,0.302,1.0,0.226,1.0,0,0.302,0.226,0,0
PA14_48550,-0.701,1.0,0.105,1.0,0,0.701,0.105,0,0
PA14_50880,0.227,1.0,0.1,1.0,0,0.227,0.1,0,0
PA14_53640,-0.387,1.0,0.099,1.0,0,0.387,0.099,0,0
PA14_54040,0.189,1.0,0.135,1.0,0,0.189,0.135,0,0
PA14_54210,0.149,1.0,-0.058,1.0,0,0.149,0.058,0,0
PA14_54980,0.142,1.0,0.131,1.0,0,0.142,0.131,0,0
moxR,0.288,1.0,0.081,1.0,0,0.288,0.081,0,0
ampG,-0.144,1.0,0.142,1.0,0,0.144,0.142,0,0
PA14_57240,-0.142,1.0,-0.335,1.0,0,0.142,0.335,0,0
PA14_57490,-0.143,1.0,-0.076,1.0,0,0.143,0.076,0,0
pilO2,-0.153,1.0,-0.087,1.0,0,0.153,0.087,0,0
PA14_59580,-0.124,1.0,-0.201,1.0,0,0.124,0.201,0,0
PA14_59910,-0.204,1.0,0.11,1.0,0,0.204,0.11,0,0
PA14_62360,-0.27,1.0,0.121,1.0,0,0.27,0.121,0,0
PA14_62660,0.144,1.0,-0.1,1.0,0,0.144,0.1,0,0
PA14_64270,-0.308,1.0,0.162,1.0,0,0.308,0.162,0,0
PA14_64530,0.485,1.0,0.103,1.0,0,0.485,0.103,0,0
ynfM,0.289,1.0,0.117,1.0,0,0.289,0.117,0,0
mdoH,0.118,1.0,0.579,1.0,0,0.118,0.579,0,0
pgm,-0.128,1.0,-0.639,1.0,0,0.128,0.639,0,0
ubiD,0.148,1.0,-0.266,1.0,0,0.148,0.266,0,0
PA14_69520,-0.115,1.0,-0.645,1.0,0,0.115,0.645,0,0
crc,-0.114,1.0,0.147,1.0,0,0.114,0.147,0,0
bvga,-0.163,1.0,-0.097,1.0,0,0.163,0.097,0,0
phzH,0.129,1.0,0.106,1.0,0,0.129,0.106,0,0
PA14_00780,-0.139,1.0,-0.106,1.0,0,0.139,0.106,0,0
PA14_04100,0.123,1.0,-0.169,1.0,0,0.123,0.169,0,0
PA14_04690,0.145,1.0,-0.436,1.0,0,0.145,0.436,0,0
PA14_06230,-0.13,1.0,0.206,1.0,0,0.13,0.206,0,0
PA14_07260,0.168,1.0,0.109,1.0,0,0.168,0.109,0,0
apaH,0.15,1.0,0.102,1.0,0,0.15,0.102,0,0
PA14_16340,0.195,1.0,-0.118,1.0,0,0.195,0.118,0,0
PA14_16970,-0.13,1.0,0.333,1.0,0,0.13,0.333,0,0
accA,-0.114,1.0,-0.11,1.0,0,0.114,0.11,0,0
PA14_18340,-0.391,1.0,-0.084,1.0,0,0.391,0.084,0,0
PA14_20770,-0.11,1.0,-0.638,1.0,0,0.11,0.638,0,0
capB,-0.148,1.0,-0.102,1.0,0,0.148,0.102,0,0
PA14_22410,-0.139,1.0,-0.406,1.0,0,0.139,0.406,0,0
nqrD,-0.161,1.0,-0.907,1.0,0,0.161,0.907,0,0
etfB,-0.098,1.0,0.399,1.0,0,0.098,0.399,0,0
PA14_31690,-0.132,1.0,-0.097,1.0,0,0.132,0.097,0,0
catR,0.184,1.0,-0.103,1.0,0,0.184,0.103,0,0
PA14_32530,-0.114,1.0,0.092,1.0,0,0.114,0.092,0,0
PA14_33380,-0.409,1.0,-0.904,1.0,0,0.409,0.904,0,0
PA14_33610,-0.115,1.0,-0.154,1.0,0,0.115,0.154,0,0
pvdO,-0.234,1.0,0.211,1.0,0,0.234,0.211,0,0
PA14_34330,0.136,1.0,0.058,1.0,0,0.136,0.058,0,0
mtlG,-0.311,1.0,0.321,1.0,0,0.311,0.321,0,0
mtlR,-0.133,1.0,-0.079,1.0,0,0.133,0.079,0,0
tpnA,-0.123,1.0,-0.165,1.0,0,0.123,0.165,0,0
PA14_37320,0.352,1.0,-0.103,1.0,0,0.352,0.103,0,0
exaE,0.653,1.0,-0.158,1.0,0,0.653,0.158,0,0
PA14_40210,-0.324,1.0,0.25,1.0,0,0.324,0.25,0,0
yhfP,0.143,1.0,0.169,1.0,0,0.143,0.169,0,0
PA14_42870,-0.145,1.0,-0.116,1.0,0,0.145,0.116,0,0
PA14_44120,0.146,1.0,0.084,1.0,0,0.146,0.084,0,0
glxR,0.228,1.0,-0.078,1.0,0,0.228,0.078,0,0
ccmG,0.215,1.0,-0.312,1.0,0,0.215,0.312,0,0
PA14_47090,0.133,1.0,0.142,1.0,0,0.133,0.142,0,0
cyoA,-0.221,1.0,-0.147,1.0,0,0.221,0.147,0,0
PA14_47240,-0.128,1.0,0.056,1.0,0,0.128,0.056,0,0
aprD,0.216,1.0,-0.162,1.0,0,0.216,0.162,0,0
PA14_49150,-0.18,1.0,0.419,1.0,0,0.18,0.419,0,0
ylbA,-0.161,1.0,-0.077,1.0,0,0.161,0.077,0,0
PA14_50040,0.162,1.0,0.159,1.0,0,0.162,0.159,0,0
PA14_50240,-0.126,1.0,-0.135,1.0,0,0.126,0.135,0,0
PA14_50600,0.2,1.0,0.062,1.0,0,0.2,0.062,0,0
PA14_51260,-0.124,1.0,-0.177,1.0,0,0.124,0.177,0,0
phnB,0.171,1.0,-0.092,1.0,0,0.171,0.092,0,0
PA14_53310,-0.099,1.0,0.61,1.0,0,0.099,0.61,0,0
PA14_53380,-0.454,1.0,0.153,1.0,0,0.454,0.153,0,0
PA14_58320,0.132,1.0,-0.082,1.0,0,0.132,0.082,0,0
PA14_59380,-0.131,1.0,0.183,1.0,0,0.131,0.183,0,0
PA14_60540,0.137,1.0,-0.086,1.0,0,0.137,0.086,0,0
PA14_61560,0.197,1.0,-0.232,1.0,0,0.197,0.232,0,0
selA,0.226,1.0,-0.099,1.0,0,0.226,0.099,0,0
gcvT1,-0.126,1.0,-0.202,1.0,0,0.126,0.202,0,0
PA14_70550,0.125,1.0,0.074,1.0,0,0.125,0.074,0,0
tonB,-0.152,1.0,-0.116,1.0,0,0.152,0.116,0,0
tRNA,0.893,1.0,0.074,1.0,0,0.893,0.074,0,0
PA14_01080,0.412,1.0,0.09,1.0,0,0.412,0.09,0,0
mdcD,0.296,1.0,0.05,1.0,0,0.296,0.05,0,0
PA14_02740,-0.158,1.0,0.177,1.0,0,0.158,0.177,0,0
PA14_03160,-0.109,1.0,-0.408,1.0,0,0.109,0.408,0,0
PA14_04940,0.16,1.0,-0.182,1.0,0,0.16,0.182,0,0
metX,0.301,1.0,-0.096,1.0,0,0.301,0.096,0,0
dnaG,-0.109,1.0,0.493,1.0,0,0.109,0.493,0,0
PA14_08100,-0.114,1.0,-0.062,1.0,0,0.114,0.062,0,0
PA14_08460,0.149,1.0,-0.292,1.0,0,0.149,0.292,0,0
PA14_10560,0.16,1.0,0.129,1.0,0,0.16,0.129,0,0
PA14_11860,0.162,1.0,-0.06,1.0,0,0.162,0.06,0,0
PA14_12110,-0.103,1.0,0.092,1.0,0,0.103,0.092,0,0
PA14_13330,0.182,1.0,-0.111,1.0,0,0.182,0.111,0,0
PA14_14320,-0.284,1.0,0.104,1.0,0,0.284,0.104,0,0
ybdL,-0.109,1.0,-0.131,1.0,0,0.109,0.131,0,0
PA14_15140,-0.396,1.0,0.18,1.0,0,0.396,0.18,0,0
traJ,0.162,1.0,-0.124,1.0,0,0.162,0.124,0,0
PA14_15620,-0.267,1.0,-0.267,1.0,0,0.267,0.267,0,0
fmt,-0.263,1.0,-0.131,1.0,0,0.263,0.131,0,0
rnfE,-0.233,1.0,-0.144,1.0,0,0.233,0.144,0,0
phnM,0.27,1.0,-0.116,1.0,0,0.27,0.116,0,0
PA14_21870,0.166,1.0,-0.076,1.0,0,0.166,0.076,0,0
hexR,0.144,1.0,-0.106,1.0,0,0.144,0.106,0,0
PA14_27310,0.152,1.0,0.314,1.0,0,0.152,0.314,0,0
PA14_28930,0.63,1.0,-0.067,1.0,0,0.63,0.067,0,0
PA14_29660,0.189,1.0,0.107,1.0,0,0.189,0.107,0,0
nuoJ,0.305,1.0,0.334,1.0,0,0.305,0.334,0,0
nuoI,0.397,1.0,0.117,1.0,0,0.397,0.117,0,0
PA14_30720,-0.143,1.0,0.098,1.0,0,0.143,0.098,0,0
PA14_32350,-0.389,1.0,0.126,1.0,0,0.389,0.126,0,0
pvdH,-0.166,1.0,0.083,1.0,0,0.166,0.083,0,0
PA14_33960,-0.17,1.0,-0.143,1.0,0,0.17,0.143,0,0
PA14_35800,-0.115,1.0,0.105,1.0,0,0.115,0.105,0,0
PA14_38080,-0.105,1.0,0.096,1.0,0,0.105,0.096,0,0
exaD,0.896,1.0,-0.111,1.0,0,0.896,0.111,0,0
hupB,0.166,1.0,0.167,1.0,0,0.166,0.167,0,0
pscI,0.273,1.0,-1.265,1.0,0,0.273,1.265,0,0
PA14_44690,-0.134,1.0,-0.069,1.0,0,0.134,0.069,0,0
PA14_46610,-0.17,1.0,-0.116,1.0,0,0.17,0.116,0,0
cyoC,-0.501,1.0,-0.072,1.0,0,0.501,0.072,0,0
PA14_48330,-0.739,1.0,-0.504,1.0,0,0.739,0.504,0,0
PA14_48510,0.876,1.0,0.102,1.0,0,0.876,0.102,0,0
PA14_48710,0.194,1.0,0.124,1.0,0,0.194,0.124,0,0
PA14_49580,-0.253,1.0,0.523,1.0,0,0.253,0.523,0,0
yedU,-0.146,1.0,-0.328,1.0,0,0.146,0.328,0,0
tolB,-0.108,1.0,0.232,1.0,0,0.108,0.232,0,0
PA14_55150,-0.2,1.0,-0.143,1.0,0,0.2,0.143,0,0
PA14_58990,-0.165,1.0,-0.155,1.0,0,0.165,0.155,0,0
PA14_59110,0.191,1.0,-0.346,1.0,0,0.191,0.346,0,0
PA14_63650,-0.355,1.0,0.171,1.0,0,0.355,0.171,0,0
fis,0.199,1.0,0.075,1.0,0,0.199,0.075,0,0
PA14_64640,-0.159,1.0,-0.204,1.0,0,0.159,0.204,0,0
ureE,-0.516,1.0,0.109,1.0,0,0.516,0.109,0,0
rplI,0.153,1.0,-0.192,1.0,0,0.153,0.192,0,0
PA14_65210,-0.14,1.0,-0.059,1.0,0,0.14,0.059,0,0
purA,0.214,1.0,-0.11,1.0,0,0.214,0.11,0,0
hflC,0.131,1.0,0.093,1.0,0,0.131,0.093,0,0
hflK,0.115,1.0,-0.091,1.0,0,0.115,0.091,0,0
icc,0.185,1.0,-0.351,1.0,0,0.185,0.351,0,0
PA14_65940,-0.189,1.0,-0.14,1.0,0,0.189,0.14,0,0
gltB,0.173,1.0,0.106,1.0,0,0.173,0.106,0,0
PA14_68470,-0.199,1.0,0.139,1.0,0,0.199,0.139,0,0
ompR,0.132,1.0,0.055,1.0,0,0.132,0.055,0,0
PA14_68720,-0.291,1.0,-0.068,1.0,0,0.291,0.068,0,0
PA14_69310,0.131,1.0,0.735,1.0,0,0.131,0.735,0,0
PA14_69340,0.145,1.0,0.095,1.0,0,0.145,0.095,0,0
PA14_70400,-0.14,1.0,0.129,1.0,0,0.14,0.129,0,0
PA14_71210,-0.156,1.0,-0.083,1.0,0,0.156,0.083,0,0
prfH,-0.444,1.0,0.32,1.0,0,0.444,0.32,0,0
tmRNA,0.212,1.0,0.193,1.0,0,0.212,0.193,0,0
tRNA,0.632,1.0,-0.584,1.0,0,0.632,0.584,0,0
PA14_02150,-0.21,1.0,-0.584,1.0,0,0.21,0.584,0,0
pntB,0.15,1.0,0.112,1.0,0,0.15,0.112,0,0
spuE,0.131,1.0,0.077,1.0,0,0.131,0.077,0,0
ycgM,0.14,1.0,-0.093,1.0,0,0.14,0.093,0,0
PA14_05220,-0.113,1.0,-0.061,1.0,0,0.113,0.061,0,0
PA14_05630,-0.154,1.0,-0.192,1.0,0,0.154,0.192,0,0
phzB1,-0.113,1.0,-0.126,1.0,0,0.113,0.126,0,0
PA14_09580,0.211,1.0,0.064,1.0,0,0.211,0.064,0,0
choS,-0.227,1.0,0.095,1.0,0,0.227,0.095,0,0
phlE,0.354,1.0,-0.336,1.0,0,0.354,0.336,0,0
PA14_10960,-0.479,1.0,0.106,1.0,0,0.479,0.106,0,0
PA14_11250,-0.116,1.0,0.103,1.0,0,0.116,0.103,0,0
PA14_13880,-0.756,1.0,-0.158,1.0,0,0.756,0.158,0,0
PA14_17670,-0.113,1.0,0.093,1.0,0,0.113,0.093,0,0
metG,-0.117,1.0,-0.098,1.0,0,0.117,0.098,0,0
rdgC,-0.163,1.0,-0.229,1.0,0,0.163,0.229,0,0
htrB,0.155,1.0,0.137,1.0,0,0.155,0.137,0,0
PA14_24340,-0.14,1.0,-0.058,1.0,0,0.14,0.058,0,0
pelG,-0.181,1.0,0.36,1.0,0,0.181,0.36,0,0
nqrE,-0.144,1.0,-0.2,1.0,0,0.144,0.2,0,0
PA14_25470,-0.131,1.0,0.107,1.0,0,0.131,0.107,0,0
holB,0.149,1.0,-0.32,1.0,0,0.149,0.32,0,0
PA14_27580,0.156,1.0,0.129,1.0,0,0.156,0.129,0,0
PA14_28040,-0.247,1.0,-0.118,1.0,0,0.247,0.118,0,0
PA14_28300,-0.316,1.0,-0.114,1.0,0,0.316,0.114,0,0
PA14_30760,-0.117,1.0,0.221,1.0,0,0.117,0.221,0,0
PA14_31300,0.163,1.0,0.229,1.0,0,0.163,0.229,0,0
PA14_31330,-0.176,1.0,-0.232,1.0,0,0.176,0.232,0,0
lldA,0.157,1.0,0.662,1.0,0,0.157,0.662,0,0
PA14_34050,0.222,1.0,-0.336,1.0,0,0.222,0.336,0,0
PA14_34130,0.187,1.0,-0.187,1.0,0,0.187,0.187,0,0
opbA,-0.149,1.0,0.314,1.0,0,0.149,0.314,0,0
PA14_36050,0.276,1.0,-0.336,1.0,0,0.276,0.336,0,0
cynT,0.306,1.0,0.132,1.0,0,0.306,0.132,0,0
PA14_38010,0.161,1.0,-0.11,1.0,0,0.161,0.11,0,0
rbsC,0.206,1.0,-0.145,1.0,0,0.206,0.145,0,0
dnaQ,0.128,1.0,0.174,1.0,0,0.128,0.174,0,0
PA14_42780,0.135,1.0,-0.13,1.0,0,0.135,0.13,0,0
PA14_44230,0.456,1.0,0.118,1.0,0,0.456,0.118,0,0
dnaX,-0.115,1.0,0.112,1.0,0,0.115,0.112,0,0
allA,-0.113,1.0,-0.149,1.0,0,0.113,0.149,0,0
fliQ,0.364,1.0,0.059,1.0,0,0.364,0.059,0,0
PA14_46440,0.145,1.0,-0.155,1.0,0,0.145,0.155,0,0
gltJ,-0.139,1.0,0.151,1.0,0,0.139,0.151,0,0
phnX,0.142,1.0,0.081,1.0,0,0.142,0.081,0,0
PA14_50500,-0.14,1.0,0.366,1.0,0,0.14,0.366,0,0
PA14_51090,-0.239,1.0,0.118,1.0,0,0.239,0.118,0,0
PA14_53390,-0.286,1.0,0.035,1.0,0,0.286,0.035,0,0
PA14_54890,0.152,1.0,0.051,1.0,0,0.152,0.051,0,0
PA14_55240,0.206,1.0,0.095,1.0,0,0.206,0.095,0,0
murC,0.107,1.0,-0.108,1.0,0,0.107,0.108,0,0
ankB,0.206,1.0,0.179,1.0,0,0.206,0.179,0,0
PA14_61280,-0.106,1.0,-0.078,1.0,0,0.106,0.078,0,0
csuD,0.175,1.0,0.081,1.0,0,0.175,0.081,0,0
PA14_61590,-0.219,1.0,-0.122,1.0,0,0.219,0.122,0,0
PA14_61610,-0.307,1.0,0.139,1.0,0,0.307,0.139,0,0
PA14_66410,0.144,1.0,0.074,1.0,0,0.144,0.074,0,0
proV,0.184,1.0,0.301,1.0,0,0.184,0.301,0,0
drgA,-0.182,1.0,-0.066,1.0,0,0.182,0.066,0,0
PA14_68920,0.131,1.0,0.084,1.0,0,0.131,0.084,0,0
ubiH,0.138,1.0,0.093,1.0,0,0.138,0.093,0,0
hupA,-0.106,1.0,-0.291,1.0,0,0.106,0.291,0,0
PA14_71590,-0.159,1.0,0.122,1.0,0,0.159,0.122,0,0
rnpA,-0.209,1.0,0.139,1.0,0,0.209,0.139,0,0
cheB,0.394,1.0,-0.088,1.0,0,0.394,0.088,0,0
PA14_02870,0.179,1.0,-0.773,1.0,0,0.179,0.773,0,0
PA14_03010,0.128,1.0,0.356,1.0,0,0.128,0.356,0,0
PA14_03120,0.199,1.0,-0.161,1.0,0,0.199,0.161,0,0
PA14_03130,0.176,1.0,-0.226,1.0,0,0.176,0.226,0,0
PA14_04210,-0.203,1.0,0.146,1.0,0,0.203,0.146,0,0
PA14_04730,-0.082,1.0,-0.08,1.0,0,0.082,0.08,0,0
PA14_07010,0.2,1.0,-0.078,1.0,0,0.2,0.078,0,0
PA14_07070,-0.125,1.0,0.097,1.0,0,0.125,0.097,0,0
ygjP,-0.181,1.0,-0.324,1.0,0,0.181,0.324,0,0
PA14_11970,-0.099,1.0,0.365,1.0,0,0.099,0.365,0,0
PA14_13200,0.153,1.0,0.087,1.0,0,0.153,0.087,0,0
PA14_13530,0.282,1.0,0.104,1.0,0,0.282,0.104,0,0
ompH,-0.096,1.0,-0.152,1.0,0,0.096,0.152,0,0
sfcA,-0.112,1.0,0.178,1.0,0,0.112,0.178,0,0
PA14_21580,0.145,1.0,0.124,1.0,0,0.145,0.124,0,0
aroP1,0.169,1.0,-0.121,1.0,0,0.169,0.121,0,0
PA14_26330,0.16,1.0,-0.21,1.0,0,0.16,0.21,0,0
hplR,0.175,1.0,-0.177,1.0,0,0.175,0.177,0,0
PA14_30620,-0.134,1.0,0.159,1.0,0,0.134,0.159,0,0
trbE,0.319,1.0,-0.133,1.0,0,0.319,0.133,0,0
PA14_32750,0.198,1.0,-0.382,1.0,0,0.198,0.382,0,0
pslK,0.451,1.0,-0.721,1.0,0,0.451,0.721,0,0
pslE,-0.179,1.0,0.135,1.0,0,0.179,0.135,0,0
PA14_36150,0.536,1.0,-0.058,1.0,0,0.536,0.058,0,0
PA14_37360,0.4,1.0,0.057,1.0,0,0.4,0.057,0,0
PA14_37630,0.316,1.0,0.29,1.0,0,0.316,0.29,0,0
PA14_37980,-0.397,1.0,0.113,1.0,0,0.397,0.113,0,0
PA14_40660,-0.356,1.0,0.129,1.0,0,0.356,0.129,0,0
PA14_41160,-0.134,1.0,-0.069,1.0,0,0.134,0.069,0,0
PA14_41330,-0.102,1.0,0.098,1.0,0,0.102,0.098,0,0
pcrD,0.135,1.0,0.111,1.0,0,0.135,0.111,0,0
PA14_45970,0.156,1.0,0.159,1.0,0,0.156,0.159,0,0
PA14_47250,0.227,1.0,0.039,1.0,0,0.227,0.039,0,0
perM,-0.082,1.0,-0.088,1.0,0,0.082,0.088,0,0
aspS,-0.111,1.0,-0.136,1.0,0,0.111,0.136,0,0
PA14_53490,-0.165,1.0,-0.408,1.0,0,0.165,0.408,0,0
PA14_53890,-0.497,1.0,0.211,1.0,0,0.497,0.211,0,0
PA14_54470,-0.19,1.0,0.053,1.0,0,0.19,0.053,0,0
PA14_55280,0.292,1.0,0.127,1.0,0,0.292,0.127,0,0
pitA,-0.135,1.0,0.083,1.0,0,0.135,0.083,0,0
rplM,-0.14,1.0,-0.065,1.0,0,0.14,0.065,0,0
PA14_57900,0.15,1.0,0.096,1.0,0,0.15,0.096,0,0
pilN2,0.207,1.0,0.057,1.0,0,0.207,0.057,0,0
PA14_60040,-0.114,1.0,0.104,1.0,0,0.114,0.104,0,0
dcd2,-0.094,1.0,-0.096,1.0,0,0.094,0.096,0,0
phuT,-0.104,1.0,-0.078,1.0,0,0.104,0.078,0,0
yhbC,-0.114,1.0,0.226,1.0,0,0.114,0.226,0,0
PA14_63900,-0.121,1.0,-0.525,1.0,0,0.121,0.525,0,0
PA14_64000,-0.138,1.0,-0.133,1.0,0,0.138,0.133,0,0
vanA,0.221,1.0,0.164,1.0,0,0.221,0.164,0,0
PA14_65010,-0.264,1.0,0.05,1.0,0,0.264,0.05,0,0
PA14_65220,-0.191,1.0,0.165,1.0,0,0.191,0.165,0,0
orn,-0.096,1.0,0.09,1.0,0,0.096,0.09,0,0
PA14_67620,-0.238,1.0,-0.772,1.0,0,0.238,0.772,0,0
PA14_68080,-0.129,1.0,-0.103,1.0,0,0.129,0.103,0,0
pckA,-0.121,1.0,-0.074,1.0,0,0.121,0.074,0,0
PA14_69030,0.176,1.0,0.094,1.0,0,0.176,0.094,0,0
PA14_70060,0.185,1.0,0.607,1.0,0,0.185,0.607,0,0
PA14_70740,-0.119,1.0,0.064,1.0,0,0.119,0.064,0,0
etfB-1,-0.992,1.0,-0.075,1.0,0,0.992,0.075,0,0
PA14_00770,-0.165,1.0,0.328,1.0,0,0.165,0.328,0,0
PA14_01040,-0.203,1.0,-0.09,1.0,0,0.203,0.09,0,0
cheD,-0.458,1.0,-0.093,1.0,0,0.458,0.093,0,0
gabD,0.096,1.0,-0.133,1.0,0,0.096,0.133,0,0
PA14_04160,-0.091,1.0,0.101,1.0,0,0.091,0.101,0,0
PA14_05160,-0.106,1.0,0.048,1.0,0,0.106,0.048,0,0
PA14_07430,-0.135,1.0,-0.087,1.0,0,0.135,0.087,0,0
phzA1,-0.108,1.0,-0.269,1.0,0,0.108,0.269,0,0
PA14_09920,0.257,1.0,0.125,1.0,0,0.257,0.125,0,0
hpaX,0.179,1.0,-0.068,1.0,0,0.179,0.068,0,0
PA14_12710,0.22,1.0,-0.157,1.0,0,0.22,0.157,0,0
PA14_13680,0.24,1.0,-0.059,1.0,0,0.24,0.059,0,0
PA14_14370,-0.2,1.0,0.075,1.0,0,0.2,0.075,0,0
PA14_16290,-0.073,1.0,0.266,1.0,0,0.073,0.266,0,0
cadA,0.105,1.0,0.172,1.0,0,0.105,0.172,0,0
PA14_16820,0.122,1.0,0.088,1.0,0,0.122,0.088,0,0
PA14_16980,-0.192,1.0,0.637,1.0,0,0.192,0.637,0,0
map,0.109,1.0,0.108,1.0,0,0.109,0.108,0,0
potD,-0.179,1.0,-0.152,1.0,0,0.179,0.152,0,0
PA14_19610,-0.163,1.0,0.324,1.0,0,0.163,0.324,0,0
PA14_21660,-0.37,1.0,0.179,1.0,0,0.37,0.179,0,0
csaA,0.154,1.0,-0.137,1.0,0,0.154,0.137,0,0
lexA,-0.094,1.0,-0.248,1.0,0,0.094,0.248,0,0
PA14_25800,-0.11,1.0,0.083,1.0,0,0.11,0.083,0,0
moxR,0.111,1.0,-0.262,1.0,0,0.111,0.262,0,0
PA14_27620,-0.116,1.0,-0.529,1.0,0,0.116,0.529,0,0
PA14_27990,-0.099,1.0,0.6,1.0,0,0.099,0.6,0,0
PA14_28430,-0.149,1.0,0.089,1.0,0,0.149,0.089,0,0
PA14_29440,0.16,1.0,0.329,1.0,0,0.16,0.329,0,0
ycaJ,0.125,1.0,-0.083,1.0,0,0.125,0.083,0,0
PA14_31500,0.172,1.0,-0.19,1.0,0,0.172,0.19,0,0
PA14_32780,-0.33,1.0,-0.209,1.0,0,0.33,0.209,0,0
pvdA,-0.111,1.0,0.085,1.0,0,0.111,0.085,0,0
msuC,0.194,1.0,0.131,1.0,0,0.194,0.131,0,0
yncB,0.183,1.0,-0.142,1.0,0,0.183,0.142,0,0
PA14_40710,-0.185,1.0,0.137,1.0,0,0.185,0.137,0,0
sohB,0.123,1.0,-0.183,1.0,0,0.123,0.183,0,0
PA14_42180,0.157,1.0,-0.187,1.0,0,0.157,0.187,0,0
PA14_43130,-0.097,1.0,-0.314,1.0,0,0.097,0.314,0,0
PA14_44090,-0.192,1.0,-0.226,1.0,0,0.192,0.226,0,0
PA14_44180,-0.121,1.0,-0.202,1.0,0,0.121,0.202,0,0
PA14_45170,0.179,1.0,-0.085,1.0,0,0.179,0.085,0,0
PA14_45700,0.214,1.0,0.093,1.0,0,0.214,0.093,0,0
ybeJ,-0.093,1.0,0.047,1.0,0,0.093,0.047,0,0
PA14_47360,0.164,1.0,-0.083,1.0,0,0.164,0.083,0,0
yieF,0.145,1.0,-0.089,1.0,0,0.145,0.089,0,0
PA14_49290,-0.168,1.0,0.097,1.0,0,0.168,0.097,0,0
flgF,-0.137,1.0,-0.063,1.0,0,0.137,0.063,0,0
PA14_50950,0.202,1.0,0.197,1.0,0,0.202,0.197,0,0
PA14_53610,-0.197,1.0,0.426,1.0,0,0.197,0.426,0,0
ywnB,0.194,1.0,-0.088,1.0,0,0.194,0.088,0,0
PA14_55050,-0.127,1.0,0.111,1.0,0,0.127,0.111,0,0
PA14_55060,-0.124,1.0,-0.137,1.0,0,0.124,0.137,0,0
PA14_55070,0.165,1.0,-0.121,1.0,0,0.165,0.121,0,0
PA14_56620,-0.125,1.0,-0.045,1.0,0,0.125,0.045,0,0
PA14_56660,0.222,1.0,-0.096,1.0,0,0.222,0.096,0,0
PA14_56770,0.386,1.0,0.128,1.0,0,0.386,0.128,0,0
PA14_56870,0.184,1.0,0.386,1.0,0,0.184,0.386,0,0
PA14_57250,-0.107,1.0,0.093,1.0,0,0.107,0.093,0,0
PA14_57600,0.127,1.0,0.093,1.0,0,0.127,0.093,0,0
PA14_60030,-0.185,1.0,0.079,1.0,0,0.185,0.079,0,0
pilS,-0.1,1.0,0.089,1.0,0,0.1,0.089,0,0
ribF,-0.118,1.0,-0.058,1.0,0,0.118,0.058,0,0
PA14_60900,0.155,1.0,0.141,1.0,0,0.155,0.141,0,0
PA14_62190,0.143,1.0,0.049,1.0,0,0.143,0.049,0,0
gtrB,0.719,1.0,0.182,1.0,0,0.719,0.182,0,0
rhdA,-0.144,1.0,0.085,1.0,0,0.144,0.085,0,0
PA14_66460,-0.231,1.0,-0.137,1.0,0,0.231,0.137,0,0
PA14_69580,0.122,1.0,-0.107,1.0,0,0.122,0.107,0,0
PA14_69620,-0.142,1.0,-0.157,1.0,0,0.142,0.157,0,0
PA14_69770,0.114,1.0,-0.186,1.0,0,0.114,0.186,0,0
pchP,-0.095,1.0,0.126,1.0,0,0.095,0.126,0,0
mtr,-0.109,1.0,0.137,1.0,0,0.109,0.137,0,0
wbpX,0.152,1.0,0.284,1.0,0,0.152,0.284,0,0
P16,-0.122,1.0,0.1,1.0,0,0.122,0.1,0,0
PA14_00720,-0.113,1.0,-0.348,1.0,0,0.113,0.348,0,0
mtgA,0.199,1.0,-0.073,1.0,0,0.199,0.073,0,0
chpD,0.243,1.0,-0.288,1.0,0,0.243,0.288,0,0
dapA,-0.362,1.0,0.111,1.0,0,0.362,0.111,0,0
PA14_10780,0.115,1.0,0.11,1.0,0,0.115,0.11,0,0
PA14_12170,-0.473,1.0,-0.113,1.0,0,0.473,0.113,0,0
PA14_13870,-0.247,1.0,-0.07,1.0,0,0.247,0.07,0,0
PA14_13950,0.202,1.0,-0.101,1.0,0,0.202,0.101,0,0
PA14_16020,-0.141,1.0,0.09,1.0,0,0.141,0.09,0,0
PA14_16580,-0.088,1.0,-0.142,1.0,0,0.088,0.142,0,0
nth,-0.248,1.0,-0.182,1.0,0,0.248,0.182,0,0
PA14_23630,0.215,1.0,0.132,1.0,0,0.215,0.132,0,0
PA14_26990,-0.159,1.0,0.221,1.0,0,0.159,0.221,0,0
PA14_27050,-0.106,1.0,0.066,1.0,0,0.106,0.066,0,0
PA14_27490,-0.519,1.0,0.086,1.0,0,0.519,0.086,0,0
gpo,-0.087,1.0,0.145,1.0,0,0.087,0.145,0,0
PA14_29410,0.197,1.0,-0.312,1.0,0,0.197,0.312,0,0
nuoG,0.119,1.0,-0.179,1.0,0,0.119,0.179,0,0
PA14_32850,-0.149,1.0,-0.276,1.0,0,0.149,0.276,0,0
pvdN,-0.114,1.0,-0.063,1.0,0,0.114,0.063,0,0
tauD,-0.156,1.0,0.547,1.0,0,0.156,0.547,0,0
hcnC,0.135,1.0,0.119,1.0,0,0.135,0.119,0,0
PA14_37530,-0.858,1.0,0.108,1.0,0,0.858,0.108,0,0
PA14_40060,0.468,1.0,0.136,1.0,0,0.468,0.136,0,0
PA14_41730,-0.084,1.0,-0.066,1.0,0,0.084,0.066,0,0
PA14_41780,0.129,1.0,0.271,1.0,0,0.129,0.271,0,0
pcrR,0.468,1.0,-0.05,1.0,0,0.468,0.05,0,0
sixA,0.17,1.0,-0.109,1.0,0,0.17,0.109,0,0
PA14_44390,-0.158,1.0,0.097,1.0,0,0.158,0.097,0,0
PA14_44480,0.135,1.0,-0.039,1.0,0,0.135,0.039,0,0
PA14_44820,-0.069,1.0,0.073,1.0,0,0.069,0.073,0,0
PA14_44900,0.142,1.0,0.139,1.0,0,0.142,0.139,0,0
potF,0.199,1.0,0.068,1.0,0,0.199,0.068,0,0
PA14_46630,-0.13,1.0,0.066,1.0,0,0.13,0.066,0,0
PA14_46670,-0.368,1.0,0.068,1.0,0,0.368,0.068,0,0
PA14_48350,0.278,1.0,0.233,1.0,0,0.278,0.233,0,0
PA14_48780,0.127,1.0,-0.669,1.0,0,0.127,0.669,0,0
rrmA,0.449,1.0,0.097,1.0,0,0.449,0.097,0,0
PA14_52290,0.183,1.0,-0.115,1.0,0,0.183,0.115,0,0
PA14_53570,-0.098,1.0,-0.626,1.0,0,0.098,0.626,0,0
yecP,0.29,1.0,0.072,1.0,0,0.29,0.072,0,0
PA14_54620,-0.059,1.0,0.084,1.0,0,0.059,0.084,0,0
PA14_56170,-0.203,1.0,-0.168,1.0,0,0.203,0.168,0,0
PA14_58230,0.216,1.0,0.093,1.0,0,0.216,0.093,0,0
PA14_60580,0.166,1.0,-0.111,1.0,0,0.166,0.111,0,0
mqoB,-0.111,1.0,-0.111,1.0,0,0.111,0.111,0,0
upp,0.141,1.0,0.105,1.0,0,0.141,0.105,0,0
phr,-0.22,1.0,-0.114,1.0,0,0.22,0.114,0,0
PA14_62800,-0.092,1.0,-0.262,1.0,0,0.092,0.262,0,0
PA14_63130,-0.112,1.0,-0.197,1.0,0,0.112,0.197,0,0
argS,-0.112,1.0,0.069,1.0,0,0.112,0.069,0,0
phaD,0.134,1.0,-0.046,1.0,0,0.134,0.046,0,0
dsbH,0.158,1.0,0.23,1.0,0,0.158,0.23,0,0
recG,0.123,1.0,-0.053,1.0,0,0.123,0.053,0,0
PA14_72230,-0.117,1.0,0.08,1.0,0,0.117,0.08,0,0
algB,0.095,1.0,-0.163,1.0,0,0.095,0.163,0,0
abc,-0.206,1.0,-0.084,1.0,0,0.206,0.084,0,0
Bacteria_small_SRP,-0.831,1.0,-0.186,1.0,0,0.831,0.186,0,0
PA14_00150,-0.174,1.0,-0.33,1.0,0,0.174,0.33,0,0
PA14_00320,0.201,1.0,-0.112,1.0,0,0.201,0.112,0,0
atsK,-0.849,1.0,-0.15,1.0,0,0.849,0.15,0,0
mdcG,0.339,1.0,-0.056,1.0,0,0.339,0.056,0,0
PA14_03620,-0.348,1.0,-0.139,1.0,0,0.348,0.139,0,0
aphA,0.179,1.0,0.104,1.0,0,0.179,0.104,0,0
PA14_04570,0.311,1.0,-0.072,1.0,0,0.311,0.072,0,0
pilT,-0.098,1.0,-0.09,1.0,0,0.098,0.09,0,0
PA14_08430,0.135,1.0,-0.115,1.0,0,0.135,0.115,0,0
PA14_09610,0.19,1.0,-0.107,1.0,0,0.19,0.107,0,0
PA14_10850,-0.202,1.0,0.099,1.0,0,0.202,0.099,0,0
ndk,-0.103,1.0,0.093,1.0,0,0.103,0.093,0,0
yfhD,-0.103,1.0,-0.45,1.0,0,0.103,0.45,0,0
PA14_16140,-0.136,1.0,-0.134,1.0,0,0.136,0.134,0,0
potB,-0.224,1.0,-0.051,1.0,0,0.224,0.051,0,0
mrp,0.136,1.0,0.167,1.0,0,0.136,0.167,0,0
asnB,-0.106,1.0,-0.086,1.0,0,0.106,0.086,0,0
PA14_19770,0.185,1.0,0.063,1.0,0,0.185,0.063,0,0
PA14_21140,0.266,1.0,-0.376,1.0,0,0.266,0.376,0,0
PA14_21970,-0.115,1.0,0.272,1.0,0,0.115,0.272,0,0
zwf,0.206,1.0,-0.231,1.0,0,0.206,0.231,0,0
PA14_23690,0.154,1.0,0.09,1.0,0,0.154,0.09,0,0
yafE,0.243,1.0,0.087,1.0,0,0.243,0.087,0,0
PA14_25220,-0.126,1.0,-0.195,1.0,0,0.126,0.195,0,0
PA14_28080,-0.301,1.0,-0.102,1.0,0,0.301,0.102,0,0
PA14_28440,-0.103,1.0,0.115,1.0,0,0.103,0.115,0,0
PA14_29150,0.15,1.0,-0.272,1.0,0,0.15,0.272,0,0
PA14_31350,0.093,1.0,0.141,1.0,0,0.093,0.141,0,0
PA14_33370,-0.48,1.0,-0.117,1.0,0,0.48,0.117,0,0
mtlY,0.644,1.0,-0.318,1.0,0,0.644,0.318,0,0
PA14_36605,-0.146,1.0,-0.138,1.0,0,0.146,0.138,0,0
PA14_37840,0.165,1.0,0.098,1.0,0,0.165,0.098,0,0
PA14_37900,0.15,1.0,0.101,1.0,0,0.15,0.101,0,0
PA14_38970,0.999,1.0,-0.229,1.0,0,0.999,0.229,0,0
PA14_43180,0.216,1.0,0.053,1.0,0,0.216,0.053,0,0
PA14_47420,-0.185,1.0,-0.221,1.0,0,0.185,0.221,0,0
coaB,-0.104,1.0,0.187,1.0,0,0.104,0.187,0,0
PA14_49280,-0.157,1.0,0.163,1.0,0,0.157,0.163,0,0
purC,0.128,1.0,-0.177,1.0,0,0.128,0.177,0,0
PA14_51940,0.151,1.0,-0.082,1.0,0,0.151,0.082,0,0
phhA,0.203,1.0,-0.203,1.0,0,0.203,0.203,0,0
PA14_53110,-0.186,1.0,0.146,1.0,0,0.186,0.146,0,0
ackA,0.16,1.0,-0.229,1.0,0,0.16,0.229,0,0
PA14_53880,0.171,1.0,-0.077,1.0,0,0.171,0.077,0,0
PA14_54070,0.235,1.0,-0.163,1.0,0,0.235,0.163,0,0
PA14_54630,-0.127,1.0,0.173,1.0,0,0.127,0.173,0,0
PA14_55220,0.216,1.0,-0.142,1.0,0,0.216,0.142,0,0
trpS,-0.111,1.0,0.068,1.0,0,0.111,0.068,0,0
PA14_57970,-0.065,1.0,-0.141,1.0,0,0.065,0.141,0,0
PA14_58960,0.223,1.0,0.041,1.0,0,0.223,0.041,0,0
PA14_60110,-0.072,1.0,0.079,1.0,0,0.072,0.079,0,0
hitA,0.112,1.0,0.145,1.0,0,0.112,0.145,0,0
trmA,0.198,1.0,-0.108,1.0,0,0.198,0.108,0,0
folK,0.214,1.0,-0.09,1.0,0,0.214,0.09,0,0
ureC,0.223,1.0,0.068,1.0,0,0.223,0.068,0,0
hflX,0.154,1.0,-0.034,1.0,0,0.154,0.034,0,0
fimX,-0.091,1.0,-0.093,1.0,0,0.091,0.093,0,0
aroK,0.111,1.0,-0.047,1.0,0,0.111,0.047,0,0
maeB,-0.1,1.0,0.082,1.0,0,0.1,0.082,0,0
hisI,-0.1,1.0,-0.198,1.0,0,0.1,0.198,0,0
PA14_67200,-0.092,1.0,-0.086,1.0,0,0.092,0.086,0,0
grx,-0.14,1.0,-0.151,1.0,0,0.14,0.151,0,0
PA14_67830,0.212,1.0,-0.093,1.0,0,0.212,0.093,0,0
fixR,-0.106,1.0,0.113,1.0,0,0.106,0.113,0,0
opmG,-0.163,1.0,-0.231,1.0,0,0.163,0.231,0,0
rimK,0.118,1.0,0.118,1.0,0,0.118,0.118,0,0
trxA,-0.104,1.0,-0.139,1.0,0,0.104,0.139,0,0
PA14_73050,0.152,1.0,-0.766,1.0,0,0.152,0.766,0,0
parB,0.125,1.0,-0.07,1.0,0,0.125,0.07,0,0
soj,-0.097,1.0,0.182,1.0,0,0.097,0.182,0,0
glyQ,-0.115,1.0,0.044,1.0,0,0.115,0.044,0,0
PA14_00520,-0.128,1.0,-0.094,1.0,0,0.128,0.094,0,0
PA14_01680,-0.329,1.0,-0.319,1.0,0,0.329,0.319,0,0
pcaD,0.315,1.0,0.13,1.0,0,0.315,0.13,0,0
clpA,0.126,1.0,-0.132,1.0,0,0.126,0.132,0,0
rpoB,-0.094,1.0,-0.057,1.0,0,0.094,0.057,0,0
ppiC2,-0.157,1.0,-0.259,1.0,0,0.157,0.259,0,0
PA14_11160,-0.194,1.0,-0.589,1.0,0,0.194,0.589,0,0
PA14_13580,-0.098,1.0,-0.257,1.0,0,0.098,0.257,0,0
PA14_13590,0.168,1.0,0.058,1.0,0,0.168,0.058,0,0
iscS,-0.082,1.0,0.157,1.0,0,0.082,0.157,0,0
PA14_15000,-0.113,1.0,-0.166,1.0,0,0.113,0.166,0,0
PA14_15180,-0.17,1.0,0.089,1.0,0,0.17,0.089,0,0
merD,0.406,1.0,-0.156,1.0,0,0.406,0.156,0,0
PA14_18300,-0.161,1.0,-0.059,1.0,0,0.161,0.059,0,0
nosZ,-0.127,1.0,-0.046,1.0,0,0.127,0.046,0,0
PA14_24330,-0.079,1.0,-0.103,1.0,0,0.079,0.103,0,0
foaB,0.116,1.0,-0.144,1.0,0,0.116,0.144,0,0
PA14_28530,0.095,1.0,0.082,1.0,0,0.095,0.082,0,0
PA14_29300,-0.123,1.0,0.124,1.0,0,0.123,0.124,0,0
PA14_29575,0.13,1.0,-0.072,1.0,0,0.13,0.072,0,0
PA14_31780,0.146,1.0,-0.096,1.0,0,0.146,0.096,0,0
oprN,0.25,1.0,0.265,1.0,0,0.25,0.265,0,0
PA14_34070,-0.101,1.0,0.078,1.0,0,0.101,0.078,0,0
PA14_34080,-0.097,1.0,-0.052,1.0,0,0.097,0.052,0,0
chiC,0.073,1.0,-0.067,1.0,0,0.073,0.067,0,0
PA14_35030,-0.429,1.0,0.119,1.0,0,0.429,0.119,0,0
PA14_36110,0.225,1.0,0.081,1.0,0,0.225,0.081,0,0
PA14_37910,-0.153,1.0,0.093,1.0,0,0.153,0.093,0,0
PA14_41080,0.186,1.0,0.127,1.0,0,0.186,0.127,0,0
ppiD,-0.084,1.0,-0.19,1.0,0,0.084,0.19,0,0
PA14_41270,-0.14,1.0,0.139,1.0,0,0.14,0.139,0,0
PA14_42820,0.124,1.0,0.139,1.0,0,0.124,0.139,0,0
PA14_44130,-0.12,1.0,-0.118,1.0,0,0.12,0.118,0,0
PA14_44560,0.15,1.0,-0.061,1.0,0,0.15,0.061,0,0
flhF,0.108,1.0,-0.296,1.0,0,0.108,0.296,0,0
PA14_47520,-0.091,1.0,0.503,1.0,0,0.091,0.503,0,0
PA14_49000,-0.376,1.0,-0.094,1.0,0,0.376,0.094,0,0
rbn,-0.106,1.0,0.487,1.0,0,0.106,0.487,0,0
ldhA,-0.117,1.0,-0.107,1.0,0,0.117,0.107,0,0
PA14_53840,-0.126,1.0,0.336,1.0,0,0.126,0.336,0,0
rsuA,-0.195,1.0,0.078,1.0,0,0.195,0.078,0,0
PA14_56380,-0.107,1.0,0.254,1.0,0,0.107,0.254,0,0
PA14_56880,0.133,1.0,-0.141,1.0,0,0.133,0.141,0,0
groEL,0.092,1.0,0.203,1.0,0,0.092,0.203,0,0
PA14_58690,-0.033,1.0,0.098,1.0,0,0.033,0.098,0,0
pilD,0.158,1.0,-0.176,1.0,0,0.158,0.176,0,0
ccpR,-0.145,1.0,-0.05,1.0,0,0.145,0.05,0,0
yjeS,-0.095,1.0,-0.147,1.0,0,0.095,0.147,0,0
PA14_65470,-0.098,1.0,0.175,1.0,0,0.098,0.175,0,0
PA14_65590,-0.13,1.0,-0.047,1.0,0,0.13,0.047,0,0
parC,-0.169,1.0,-0.199,1.0,0,0.169,0.199,0,0
PA14_66480,0.125,1.0,-0.145,1.0,0,0.125,0.145,0,0
gcvP1,0.093,1.0,0.338,1.0,0,0.093,0.338,0,0
PA14_69320,-0.104,1.0,-0.175,1.0,0,0.104,0.175,0,0
yicC,-0.092,1.0,-0.21,1.0,0,0.092,0.21,0,0
gltP,-0.118,1.0,0.079,1.0,0,0.118,0.079,0,0
phnA,-0.092,1.0,0.11,1.0,0,0.092,0.11,0,0
PA14_01980,0.157,1.0,0.4,1.0,0,0.157,0.4,0,0
spuD,0.096,1.0,-0.189,1.0,0,0.096,0.189,0,0
PA14_04050,-0.077,1.0,-0.072,1.0,0,0.077,0.072,0,0
PA14_04060,-0.268,1.0,-0.42,1.0,0,0.268,0.42,0,0
yhhF,-0.127,1.0,0.083,1.0,0,0.127,0.083,0,0
dhT,-0.099,1.0,-0.063,1.0,0,0.099,0.063,0,0
PA14_08030,-0.105,1.0,-0.079,1.0,0,0.105,0.079,0,0
rplB,-0.16,1.0,-0.05,1.0,0,0.16,0.05,0,0
PA14_10080,-0.339,1.0,0.079,1.0,0,0.339,0.079,0,0
PA14_11740,0.15,1.0,-0.082,1.0,0,0.15,0.082,0,0
PA14_14360,0.138,1.0,-0.101,1.0,0,0.138,0.101,0,0
PA14_15200,0.342,1.0,-0.064,1.0,0,0.342,0.064,0,0
nagE,0.14,1.0,0.087,1.0,0,0.14,0.087,0,0
yjcE,0.152,1.0,0.592,1.0,0,0.152,0.592,0,0
fruB,0.185,1.0,-0.057,1.0,0,0.185,0.057,0,0
PA14_21530,-0.294,1.0,0.062,1.0,0,0.294,0.062,0,0
PA14_23720,0.106,1.0,-0.146,1.0,0,0.106,0.146,0,0
PA14_24830,0.175,1.0,-0.128,1.0,0,0.175,0.128,0,0
trpC,0.297,1.0,-0.09,1.0,0,0.297,0.09,0,0
PA14_28200,-0.101,1.0,-0.151,1.0,0,0.101,0.151,0,0
PA14_28610,-0.209,1.0,-0.065,1.0,0,0.209,0.065,0,0
PA14_32500,0.094,1.0,0.467,1.0,0,0.094,0.467,0,0
hcnB,-0.104,1.0,0.088,1.0,0,0.104,0.088,0,0
pcoA,0.138,1.0,0.067,1.0,0,0.138,0.067,0,0
popN,0.24,1.0,0.128,1.0,0,0.24,0.128,0,0
PA14_45520,0.116,1.0,-0.1,1.0,0,0.116,0.1,0,0
PA14_45850,-0.124,1.0,-0.125,1.0,0,0.124,0.125,0,0
PA14_46430,0.137,1.0,-0.144,1.0,0,0.137,0.144,0,0
PA14_48450,0.191,1.0,0.786,1.0,0,0.191,0.786,0,0
PA14_48770,-0.143,1.0,0.095,1.0,0,0.143,0.095,0,0
PA14_49900,0.197,1.0,-0.039,1.0,0,0.197,0.039,0,0
PA14_50810,-0.106,1.0,-0.08,1.0,0,0.106,0.08,0,0
PA14_51040,0.145,1.0,0.094,1.0,0,0.145,0.094,0,0
PA14_54110,-0.712,1.0,0.3,1.0,0,0.712,0.3,0,0
putA,0.108,1.0,-0.128,1.0,0,0.108,0.128,0,0
PA14_55810,0.117,1.0,0.063,1.0,0,0.117,0.063,0,0
PA14_56420,-0.075,1.0,-0.169,1.0,0,0.075,0.169,0,0
colS,0.127,1.0,0.097,1.0,0,0.127,0.097,0,0
PA14_57080,-0.125,1.0,-0.237,1.0,0,0.125,0.237,0,0
ampD,0.126,1.0,0.078,1.0,0,0.126,0.078,0,0
PA14_61200,-0.134,1.0,-0.102,1.0,0,0.134,0.102,0,0
mgtC,-0.231,1.0,0.087,1.0,0,0.231,0.087,0,0
PA14_63440,-0.181,1.0,-0.111,1.0,0,0.181,0.111,0,0
fdnH,0.16,1.0,-0.143,1.0,0,0.16,0.143,0,0
PA14_64550,0.241,1.0,0.11,1.0,0,0.241,0.11,0,0
rpsR,0.116,1.0,0.123,1.0,0,0.116,0.123,0,0
hisA,0.116,1.0,0.46,1.0,0,0.116,0.46,0,0
gspE,0.105,1.0,-0.05,1.0,0,0.105,0.05,0,0
lrp,-0.073,1.0,0.303,1.0,0,0.073,0.303,0,0
amiA,0.15,1.0,-0.099,1.0,0,0.15,0.099,0,0
tRNA,-0.577,1.0,-0.111,1.0,0,0.577,0.111,0,0
PA14_00660,-0.167,1.0,0.181,1.0,0,0.167,0.181,0,0
PA14_00730,0.146,1.0,-0.165,1.0,0,0.146,0.165,0,0
PA14_00860,-0.729,1.0,0.074,1.0,0,0.729,0.074,0,0
PA14_02020,-0.129,1.0,-0.14,1.0,0,0.129,0.14,0,0
aldH,-0.207,1.0,-0.128,1.0,0,0.207,0.128,0,0
PA14_03360,-0.098,1.0,-0.076,1.0,0,0.098,0.076,0,0
PA14_05130,0.139,1.0,-0.246,1.0,0,0.139,0.246,0,0
PA14_07810,-0.109,1.0,-0.129,1.0,0,0.109,0.129,0,0
PA14_15160,-0.215,1.0,0.138,1.0,0,0.215,0.138,0,0
PA14_16010,-0.347,1.0,0.145,1.0,0,0.347,0.145,0,0
PA14_16410,0.208,1.0,0.07,1.0,0,0.208,0.07,0,0
PA14_17350,-0.123,1.0,-0.048,1.0,0,0.123,0.048,0,0
folE1,-0.093,1.0,-0.105,1.0,0,0.093,0.105,0,0
dsdA,0.14,1.0,-0.156,1.0,0,0.14,0.156,0,0
PA14_22370,-0.083,1.0,-0.093,1.0,0,0.083,0.093,0,0
PA14_23480,0.131,1.0,-0.072,1.0,0,0.131,0.072,0,0
PA14_25150,0.106,1.0,-0.056,1.0,0,0.106,0.056,0,0
erfK,0.092,1.0,0.073,1.0,0,0.092,0.073,0,0
PA14_28280,0.133,1.0,-0.058,1.0,0,0.133,0.058,0,0
PA14_29120,0.122,1.0,0.057,1.0,0,0.122,0.057,0,0
PA14_30500,0.256,1.0,0.045,1.0,0,0.256,0.045,0,0
sfpA,0.156,1.0,0.078,1.0,0,0.156,0.078,0,0
PA14_32370,-0.153,1.0,-0.055,1.0,0,0.153,0.055,0,0
PA14_32860,0.125,1.0,-0.234,1.0,0,0.125,0.234,0,0
pqqB,0.206,1.0,0.051,1.0,0,0.206,0.051,0,0
PA14_40550,-0.119,1.0,-0.088,1.0,0,0.119,0.088,0,0
PA14_41300,0.133,1.0,0.098,1.0,0,0.133,0.098,0,0
nasS,0.191,1.0,-0.025,1.0,0,0.191,0.025,0,0
gda1,0.121,1.0,0.037,1.0,0,0.121,0.037,0,0
PA14_47340,0.113,1.0,0.084,1.0,0,0.113,0.084,0,0
PA14_50910,-0.143,1.0,0.114,1.0,0,0.143,0.114,0,0
PA14_54120,0.283,1.0,0.087,1.0,0,0.283,0.087,0,0
purU1,0.111,1.0,0.04,1.0,0,0.111,0.04,0,0
PA14_56280,0.085,1.0,-0.066,1.0,0,0.085,0.066,0,0
gatA,0.133,1.0,-0.096,1.0,0,0.133,0.096,0,0
pilC,-0.081,1.0,0.091,1.0,0,0.081,0.091,0,0
PA14_59610,-0.054,1.0,0.042,1.0,0,0.054,0.042,0,0
lolB,0.142,1.0,-0.069,1.0,0,0.142,0.069,0,0
phaJ3,0.201,1.0,-0.236,1.0,0,0.201,0.236,0,0
accC,-0.082,1.0,0.051,1.0,0,0.082,0.051,0,0
thiC,-0.075,1.0,0.079,1.0,0,0.075,0.079,0,0
dmsR,0.143,1.0,0.04,1.0,0,0.143,0.04,0,0
rmlA,0.132,1.0,0.036,1.0,0,0.132,0.036,0,0
fkl,-0.067,1.0,0.306,1.0,0,0.067,0.306,0,0
corA,-0.086,1.0,-0.396,1.0,0,0.086,0.396,0,0
PA14_70560,-0.081,1.0,-0.072,1.0,0,0.081,0.072,0,0
PA14_02070,-0.434,1.0,-0.207,1.0,0,0.434,0.207,0,0
cheY,0.131,1.0,0.132,1.0,0,0.131,0.132,0,0
PA14_02700,0.326,1.0,-0.12,1.0,0,0.326,0.12,0,0
pcaT,0.125,1.0,0.053,1.0,0,0.125,0.053,0,0
PA14_06200,-0.355,1.0,0.185,1.0,0,0.355,0.185,0,0
PA14_06260,0.111,1.0,0.108,1.0,0,0.111,0.108,0,0
bioH,0.139,1.0,-0.071,1.0,0,0.139,0.071,0,0
vfr,-0.086,1.0,-0.394,1.0,0,0.086,0.394,0,0
xseB,-0.089,1.0,-0.09,1.0,0,0.089,0.09,0,0
eutB,-0.09,1.0,0.105,1.0,0,0.09,0.105,0,0
PA14_11920,0.151,1.0,-0.076,1.0,0,0.151,0.076,0,0
PA14_13970,-0.083,1.0,-0.239,1.0,0,0.083,0.239,0,0
pcs,0.098,1.0,0.131,1.0,0,0.098,0.131,0,0
tgt,-0.084,1.0,-0.079,1.0,0,0.084,0.079,0,0
PA14_17510,0.164,1.0,0.109,1.0,0,0.164,0.109,0,0
rnfD,-0.311,1.0,-0.129,1.0,0,0.311,0.129,0,0
ybdG,-0.101,1.0,0.103,1.0,0,0.101,0.103,0,0
PA14_19320,0.144,1.0,-0.101,1.0,0,0.144,0.101,0,0
PA14_21750,-0.081,1.0,-0.123,1.0,0,0.081,0.123,0,0
leuD,0.109,1.0,-0.056,1.0,0,0.109,0.056,0,0
folC,0.099,1.0,0.075,1.0,0,0.099,0.075,0,0
PA14_24260,0.094,1.0,-0.048,1.0,0,0.094,0.048,0,0
PA14_24620,0.132,1.0,0.103,1.0,0,0.132,0.103,0,0
ptpA,0.135,1.0,0.071,1.0,0,0.135,0.071,0,0
fabG,-0.089,1.0,0.06,1.0,0,0.089,0.06,0,0
PA14_26400,0.484,1.0,-0.043,1.0,0,0.484,0.043,0,0
PA14_26780,0.123,1.0,0.061,1.0,0,0.123,0.061,0,0
PA14_28950,-0.081,1.0,0.09,1.0,0,0.081,0.09,0,0
xylY,0.506,1.0,-0.166,1.0,0,0.506,0.166,0,0
PA14_33220,0.145,1.0,0.082,1.0,0,0.145,0.082,0,0
gntR,-0.108,1.0,0.113,1.0,0,0.108,0.113,0,0
PA14_34730,-0.231,1.0,0.084,1.0,0,0.231,0.084,0,0
PA14_35200,-0.328,1.0,-0.062,1.0,0,0.328,0.062,0,0
PA14_35730,-0.093,1.0,-0.07,1.0,0,0.093,0.07,0,0
pcoB,0.139,1.0,-0.198,1.0,0,0.139,0.198,0,0
modB,-0.124,1.0,0.671,1.0,0,0.124,0.671,0,0
PA14_41420,0.193,1.0,-0.109,1.0,0,0.193,0.109,0,0
oprF,-0.089,1.0,-0.077,1.0,0,0.089,0.077,0,0
PA14_42050,-0.116,1.0,0.027,1.0,0,0.116,0.027,0,0
PA14_43900,-0.452,1.0,-0.109,1.0,0,0.452,0.109,0,0
PA14_44570,0.179,1.0,-0.062,1.0,0,0.179,0.062,0,0
PA14_44640,-0.117,1.0,-0.093,1.0,0,0.117,0.093,0,0
PA14_50070,0.118,1.0,0.015,1.0,0,0.118,0.015,0,0
fliS,-0.097,1.0,-0.246,1.0,0,0.097,0.246,0,0
flgL,0.134,1.0,0.673,1.0,0,0.134,0.673,0,0
phaC,0.18,1.0,-0.208,1.0,0,0.18,0.208,0,0
PA14_52380,-0.073,1.0,-0.124,1.0,0,0.073,0.124,0,0
PA14_53230,0.159,1.0,0.092,1.0,0,0.159,0.092,0,0
PA14_53680,0.257,1.0,0.136,1.0,0,0.257,0.136,0,0
PA14_54460,0.152,1.0,0.076,1.0,0,0.152,0.076,0,0
PA14_54480,0.131,1.0,0.536,1.0,0,0.131,0.536,0,0
PA14_54580,0.26,1.0,-0.228,1.0,0,0.26,0.228,0,0
PA14_54880,-0.1,1.0,0.072,1.0,0,0.1,0.072,0,0
recC,0.131,1.0,0.515,1.0,0,0.131,0.515,0,0
sbcB,-0.08,1.0,-0.097,1.0,0,0.08,0.097,0,0
PA14_58970,-0.343,1.0,-0.103,1.0,0,0.343,0.103,0,0
rluD,-0.069,1.0,-0.11,1.0,0,0.069,0.11,0,0
PA14_61190,-0.107,1.0,-0.149,1.0,0,0.107,0.149,0,0
ilvH,0.115,1.0,0.074,1.0,0,0.115,0.074,0,0
PA14_62410,0.139,1.0,-0.13,1.0,0,0.139,0.13,0,0
yadB,0.149,1.0,0.15,1.0,0,0.149,0.15,0,0
PA14_64910,0.176,1.0,-0.056,1.0,0,0.176,0.056,0,0
ybcI,-0.188,1.0,0.069,1.0,0,0.188,0.069,0,0
aroB,0.12,1.0,-0.133,1.0,0,0.12,0.133,0,0
pap,-0.088,1.0,0.674,1.0,0,0.088,0.674,0,0
PA14_67820,-0.185,1.0,-0.073,1.0,0,0.185,0.073,0,0
PA14_68260,-0.086,1.0,-0.114,1.0,0,0.086,0.114,0,0
PA14_68810,0.12,1.0,0.069,1.0,0,0.12,0.069,0,0
hemB,0.143,1.0,0.09,1.0,0,0.143,0.09,0,0
amtB,0.09,1.0,0.124,1.0,0,0.09,0.124,0,0
purK,0.11,1.0,0.676,1.0,0,0.11,0.676,0,0
C4,-0.212,1.0,-0.135,1.0,0,0.212,0.135,0,0
PA14_03285,-0.098,1.0,-0.084,1.0,0,0.098,0.084,0,0
PA14_03290,-0.13,1.0,-0.096,1.0,0,0.13,0.096,0,0
PA14_03780,0.097,1.0,0.089,1.0,0,0.097,0.089,0,0
metW,-0.074,1.0,-0.088,1.0,0,0.074,0.088,0,0
codA,-0.201,1.0,-0.15,1.0,0,0.201,0.15,0,0
PA14_06430,-0.227,1.0,0.075,1.0,0,0.227,0.075,0,0
nirM,0.834,1.0,0.093,1.0,0,0.834,0.093,0,0
PA14_07210,-0.101,1.0,-0.05,1.0,0,0.101,0.05,0,0
PA14_10040,0.188,1.0,-0.135,1.0,0,0.188,0.135,0,0
PA14_11180,0.154,1.0,-0.109,1.0,0,0.154,0.109,0,0
PA14_11310,-0.16,1.0,-0.076,1.0,0,0.16,0.076,0,0
PA14_13890,-0.094,1.0,0.062,1.0,0,0.094,0.062,0,0
PA14_18320,-0.47,1.0,0.078,1.0,0,0.47,0.078,0,0
PA14_19670,0.183,1.0,-0.133,1.0,0,0.183,0.133,0,0
nosD,0.192,1.0,-0.063,1.0,0,0.192,0.063,0,0
trkH,-0.097,1.0,-0.092,1.0,0,0.097,0.092,0,0
orfK,-0.076,1.0,0.207,1.0,0,0.076,0.207,0,0
PA14_23640,-0.126,1.0,0.044,1.0,0,0.126,0.044,0,0
nqrF,-0.079,1.0,-0.094,1.0,0,0.079,0.094,0,0
PA14_26940,0.226,1.0,-0.241,1.0,0,0.226,0.241,0,0
PA14_28780,-0.126,1.0,-0.475,1.0,0,0.126,0.475,0,0
PA14_31340,-0.138,1.0,0.254,1.0,0,0.138,0.254,0,0
PA14_31900,0.107,1.0,0.07,1.0,0,0.107,0.07,0,0
PA14_32880,0.195,1.0,0.407,1.0,0,0.195,0.407,0,0
pvdD,0.089,1.0,0.092,1.0,0,0.089,0.092,0,0
PA14_33900,0.105,1.0,0.094,1.0,0,0.105,0.094,0,0
PA14_34300,0.313,1.0,-0.066,1.0,0,0.313,0.066,0,0
pslG,0.153,1.0,-0.04,1.0,0,0.153,0.04,0,0
PA14_36920,0.069,1.0,-0.075,1.0,0,0.069,0.075,0,0
PA14_39570,0.328,1.0,-0.059,1.0,0,0.328,0.059,0,0
PA14_39810,0.238,1.0,0.141,1.0,0,0.238,0.141,0,0
metH,0.108,1.0,-0.116,1.0,0,0.108,0.116,0,0
nasA,-0.398,1.0,-0.082,1.0,0,0.398,0.082,0,0
nasA,-0.171,1.0,0.096,1.0,0,0.171,0.096,0,0
sigX,-0.074,1.0,0.07,1.0,0,0.074,0.07,0,0
PA14_42750,0.156,1.0,0.052,1.0,0,0.156,0.052,0,0
PA14_42830,0.134,1.0,-0.22,1.0,0,0.134,0.22,0,0
PA14_43650,-0.113,1.0,0.08,1.0,0,0.113,0.08,0,0
PA14_48010,-0.174,1.0,0.065,1.0,0,0.174,0.065,0,0
napE,-0.09,1.0,0.085,1.0,0,0.09,0.085,0,0
PA14_49330,-0.052,1.0,-0.073,1.0,0,0.052,0.073,0,0
PA14_50020,-0.059,1.0,0.066,1.0,0,0.059,0.066,0,0
PA14_52730,0.14,1.0,-0.031,1.0,0,0.14,0.031,0,0
ycbL,-0.107,1.0,0.08,1.0,0,0.107,0.08,0,0
recO,0.118,1.0,-0.061,1.0,0,0.118,0.061,0,0
PA14_54570,0.242,1.0,0.078,1.0,0,0.242,0.078,0,0
PA14_55540,0.236,1.0,0.074,1.0,0,0.236,0.074,0,0
PA14_55840,0.84,1.0,0.087,1.0,0,0.84,0.087,0,0
PA14_56210,-0.065,1.0,-0.058,1.0,0,0.065,0.058,0,0
murG,-0.09,1.0,0.011,1.0,0,0.09,0.011,0,0
sspA,0.131,1.0,0.088,1.0,0,0.131,0.088,0,0
PA14_57630,-0.078,1.0,0.08,1.0,0,0.078,0.08,0,0
PA14_59020,0.319,1.0,-0.042,1.0,0,0.319,0.042,0,0
infB,0.084,1.0,0.082,1.0,0,0.084,0.082,0,0
PA14_63680,0.453,1.0,-0.059,1.0,0,0.453,0.059,0,0
accB,-0.067,1.0,0.114,1.0,0,0.067,0.114,0,0
amiB,-0.057,1.0,-0.187,1.0,0,0.057,0.187,0,0
PA14_65570,-0.084,1.0,0.371,1.0,0,0.084,0.371,0,0
waaP,0.123,1.0,-0.11,1.0,0,0.123,0.11,0,0
ctpA,0.114,1.0,-0.215,1.0,0,0.114,0.215,0,0
dut,-0.056,1.0,-0.052,1.0,0,0.056,0.052,0,0
PA14_72600,-0.164,1.0,0.097,1.0,0,0.164,0.097,0,0
PA14_72650,-0.48,1.0,-0.141,1.0,0,0.48,0.141,0,0
tRNA,0.725,1.0,0.067,1.0,0,0.725,0.067,0,0
PA14_00650,-0.109,1.0,-0.054,1.0,0,0.109,0.054,0,0
PA14_00830,0.085,1.0,0.232,1.0,0,0.085,0.232,0,0
PA14_03090,0.123,1.0,-0.279,1.0,0,0.123,0.279,0,0
ygdP,0.112,1.0,-0.058,1.0,0,0.112,0.058,0,0
accC,0.179,1.0,0.05,1.0,0,0.179,0.05,0,0
nirF,0.435,1.0,0.133,1.0,0,0.435,0.133,0,0
PA14_07580,0.125,1.0,0.104,1.0,0,0.125,0.104,0,0
rpsS,-0.101,1.0,-0.028,1.0,0,0.101,0.028,0,0
PA14_10830,-0.069,1.0,0.235,1.0,0,0.069,0.235,0,0
rpsP,-0.081,1.0,0.119,1.0,0,0.081,0.119,0,0
PA14_16130,-0.073,1.0,0.078,1.0,0,0.073,0.078,0,0
eno,-0.091,1.0,0.072,1.0,0,0.091,0.072,0,0
PA14_20110,-0.146,1.0,0.073,1.0,0,0.146,0.073,0,0
PA14_21220,-0.121,1.0,0.112,1.0,0,0.121,0.112,0,0
PA14_23890,0.139,1.0,0.068,1.0,0,0.139,0.068,0,0
xcpU,0.139,1.0,0.082,1.0,0,0.139,0.082,0,0
cobK,0.429,1.0,-0.039,1.0,0,0.429,0.039,0,0
PA14_27830,-0.148,1.0,-0.145,1.0,0,0.148,0.145,0,0
tetV,-0.159,1.0,-0.218,1.0,0,0.159,0.218,0,0
PA14_29750,0.23,1.0,-0.144,1.0,0,0.23,0.144,0,0
PA14_35070,0.112,1.0,0.134,1.0,0,0.112,0.134,0,0
PA14_39470,-0.092,1.0,0.096,1.0,0,0.092,0.096,0,0
ufrA,-0.135,1.0,-0.126,1.0,0,0.135,0.126,0,0
glnS,-0.066,1.0,0.107,1.0,0,0.066,0.107,0,0
PA14_43230,0.125,1.0,-0.056,1.0,0,0.125,0.056,0,0
PA14_43300,0.132,1.0,0.589,1.0,0,0.132,0.589,0,0
PA14_46240,0.09,1.0,-0.132,1.0,0,0.09,0.132,0,0
ansB,-0.119,1.0,0.084,1.0,0,0.119,0.084,0,0
hxuC,-0.067,1.0,-0.034,1.0,0,0.067,0.034,0,0
PA14_48680,-0.123,1.0,0.097,1.0,0,0.123,0.097,0,0
PA14_48890,-0.104,1.0,-0.064,1.0,0,0.104,0.064,0,0
PA14_49590,-0.073,1.0,-0.343,1.0,0,0.073,0.343,0,0
flgD,0.13,1.0,0.063,1.0,0,0.13,0.063,0,0
dapA,-0.095,1.0,0.113,1.0,0,0.095,0.113,0,0
yrkI,-0.199,1.0,0.051,1.0,0,0.199,0.051,0,0
aotP,0.15,1.0,0.364,1.0,0,0.15,0.364,0,0
PA14_53980,-0.081,1.0,-0.122,1.0,0,0.081,0.122,0,0
PA14_56790,0.094,1.0,0.084,1.0,0,0.094,0.084,0,0
PA14_57180,-0.085,1.0,0.148,1.0,0,0.085,0.148,0,0
murA,-0.077,1.0,0.132,1.0,0,0.077,0.132,0,0
mreC,-0.07,1.0,0.071,1.0,0,0.07,0.071,0,0
PA14_58810,-0.117,1.0,0.176,1.0,0,0.117,0.176,0,0
PA14_59410,0.111,1.0,-0.077,1.0,0,0.111,0.077,0,0
PA14_59490,0.263,1.0,0.057,1.0,0,0.263,0.057,0,0
PA14_61390,-0.075,1.0,0.129,1.0,0,0.075,0.129,0,0
PA14_66120,0.098,1.0,0.589,1.0,0,0.098,0.589,0,0
phaD,0.066,1.0,0.113,1.0,0,0.066,0.113,0,0
phaI,-0.098,1.0,0.069,1.0,0,0.098,0.069,0,0
PA14_67040,-0.16,1.0,0.101,1.0,0,0.16,0.101,0,0
arcB,0.138,1.0,0.078,1.0,0,0.138,0.078,0,0
elbB,0.086,1.0,0.104,1.0,0,0.086,0.104,0,0
PA14_69750,-0.062,1.0,-0.079,1.0,0,0.062,0.079,0,0
PA14_69780,-0.081,1.0,-0.076,1.0,0,0.081,0.076,0,0
cls,-0.089,1.0,-0.095,1.0,0,0.089,0.095,0,0
PA14_72040,-0.138,1.0,0.104,1.0,0,0.138,0.104,0,0
cc4,-0.077,1.0,-0.064,1.0,0,0.077,0.064,0,0
PA14_72940,0.103,1.0,-0.036,1.0,0,0.103,0.036,0,0
P27,0.143,1.0,-0.059,1.0,0,0.143,0.059,0,0
tRNA,0.72,1.0,-0.059,1.0,0,0.72,0.059,0,0
P36,0.094,1.0,0.09,1.0,0,0.094,0.09,0,0
gyrB,0.094,1.0,0.026,1.0,0,0.094,0.026,0,0
PA14_00080,0.115,1.0,-0.141,1.0,0,0.115,0.141,0,0
aroE,0.176,1.0,-0.183,1.0,0,0.176,0.183,0,0
PA14_01120,-0.154,1.0,-0.776,1.0,0,0.154,0.776,0,0
ahpC,-0.075,1.0,0.048,1.0,0,0.075,0.048,0,0
PA14_02050,0.115,1.0,0.096,1.0,0,0.115,0.096,0,0
mdcB,0.376,1.0,0.059,1.0,0,0.376,0.059,0,0
PA14_03790,0.097,1.0,-0.122,1.0,0,0.097,0.122,0,0
ilvA1,0.117,1.0,-0.083,1.0,0,0.117,0.083,0,0
PA14_08330,-0.09,1.0,-0.094,1.0,0,0.09,0.094,0,0
PA14_09950,0.152,1.0,-0.095,1.0,0,0.152,0.095,0,0
ompK,0.287,1.0,0.128,1.0,0,0.287,0.128,0,0
PA14_12540,-0.195,1.0,-0.436,1.0,0,0.195,0.436,0,0
PA14_12940,-0.211,1.0,-0.291,1.0,0,0.211,0.291,0,0
fecR,-0.128,1.0,0.054,1.0,0,0.128,0.054,0,0
PA14_14830,-0.058,1.0,0.069,1.0,0,0.058,0.069,0,0
hisS,-0.088,1.0,-0.057,1.0,0,0.088,0.057,0,0
PA14_15110,-0.108,1.0,-0.129,1.0,0,0.108,0.129,0,0
wspB,0.128,1.0,-0.062,1.0,0,0.128,0.062,0,0
lpxA,-0.079,1.0,0.171,1.0,0,0.079,0.171,0,0
PA14_17720,-0.088,1.0,0.035,1.0,0,0.088,0.035,0,0
fruA,0.169,1.0,0.121,1.0,0,0.169,0.121,0,0
PA14_19930,0.264,1.0,0.124,1.0,0,0.264,0.124,0,0
PA14_20670,0.09,1.0,0.59,1.0,0,0.09,0.59,0,0
flgA,-0.092,1.0,0.072,1.0,0,0.092,0.072,0,0
vacJ,-0.078,1.0,0.038,1.0,0,0.078,0.038,0,0
PA14_22730,0.155,1.0,0.06,1.0,0,0.155,0.06,0,0
cpxR,0.163,1.0,0.041,1.0,0,0.163,0.041,0,0
PA14_24220,-0.076,1.0,0.069,1.0,0,0.076,0.069,0,0
yegS,0.119,1.0,0.098,1.0,0,0.119,0.098,0,0
cobW,-0.09,1.0,0.094,1.0,0,0.09,0.094,0,0
lolA,0.124,1.0,0.052,1.0,0,0.124,0.052,0,0
PA14_31840,0.148,1.0,-0.424,1.0,0,0.148,0.424,0,0
metQ-l,-0.392,1.0,-0.262,1.0,0,0.392,0.262,0,0
PA14_34490,0.325,1.0,0.08,1.0,0,0.325,0.08,0,0
PA14_35900,-0.122,1.0,0.144,1.0,0,0.122,0.144,0,0
prpR,0.117,1.0,0.115,1.0,0,0.117,0.115,0,0
amrB,0.082,1.0,-0.118,1.0,0,0.082,0.118,0,0
PA14_41810,0.108,1.0,-0.04,1.0,0,0.108,0.04,0,0
PA14_43880,-0.152,1.0,0.091,1.0,0,0.152,0.091,0,0
fliM,0.104,1.0,0.096,1.0,0,0.104,0.096,0,0
PA14_49060,0.214,1.0,0.177,1.0,0,0.214,0.177,0,0
PA14_49540,0.149,1.0,-0.221,1.0,0,0.149,0.221,0,0
PA14_50510,-0.066,1.0,-0.102,1.0,0,0.066,0.102,0,0
PA14_50920,-0.144,1.0,-0.052,1.0,0,0.144,0.052,0,0
nadA,0.116,1.0,0.323,1.0,0,0.116,0.323,0,0
PA14_51660,-0.165,1.0,0.037,1.0,0,0.165,0.037,0,0
aruC,0.085,1.0,0.147,1.0,0,0.085,0.147,0,0
PA14_53620,-0.118,1.0,-0.724,1.0,0,0.118,0.724,0,0
PA14_54840,-0.153,1.0,-0.156,1.0,0,0.153,0.156,0,0
ftsL,0.122,1.0,0.132,1.0,0,0.122,0.132,0,0
algW,-0.086,1.0,-0.138,1.0,0,0.086,0.138,0,0
dppD,0.154,1.0,0.113,1.0,0,0.154,0.113,0,0
PA14_59000,-0.287,1.0,0.072,1.0,0,0.287,0.072,0,0
pilL2,-0.111,1.0,0.085,1.0,0,0.111,0.085,0,0
lspA,0.116,1.0,-0.079,1.0,0,0.116,0.079,0,0
PA14_60760,0.108,1.0,-0.028,1.0,0,0.108,0.028,0,0
PA14_62260,0.111,1.0,0.06,1.0,0,0.111,0.06,0,0
dksA,-0.092,1.0,0.136,1.0,0,0.092,0.136,0,0
PA14_63730,-0.201,1.0,-0.082,1.0,0,0.201,0.082,0,0
psiF,0.083,1.0,-0.062,1.0,0,0.083,0.062,0,0
mdlC,0.206,1.0,0.077,1.0,0,0.206,0.077,0,0
braD,-0.121,1.0,0.033,1.0,0,0.121,0.033,0,0
pncB1,0.107,1.0,0.126,1.0,0,0.107,0.126,0,0
motB,-0.074,1.0,0.046,1.0,0,0.074,0.046,0,0
PA14_67180,0.115,1.0,0.166,1.0,0,0.115,0.166,0,0
PA14_67530,-0.075,1.0,-0.073,1.0,0,0.075,0.073,0,0
PA14_67840,0.119,1.0,-0.058,1.0,0,0.119,0.058,0,0
nudE,0.069,1.0,0.047,1.0,0,0.069,0.047,0,0
pdxY,-0.111,1.0,-0.054,1.0,0,0.111,0.054,0,0
glmS,-0.113,1.0,0.197,1.0,0,0.113,0.197,0,0
CRISPR-DR4,-0.176,1.0,0.164,1.0,0,0.176,0.164,0,0
PA14_00120,0.094,1.0,-0.159,1.0,0,0.094,0.159,0,0
pyrB,0.124,1.0,-0.051,1.0,0,0.124,0.051,0,0
PA14_11350,0.241,1.0,0.291,1.0,0,0.241,0.291,0,0
pbpA,0.112,1.0,0.12,1.0,0,0.112,0.12,0,0
PA14_12210,-0.093,1.0,-0.039,1.0,0,0.093,0.039,0,0
PA14_12640,0.216,1.0,-0.241,1.0,0,0.216,0.241,0,0
PA14_15580,-0.06,1.0,-0.039,1.0,0,0.06,0.039,0,0
plsB,-0.061,1.0,0.078,1.0,0,0.061,0.078,0,0
pyrH,-0.069,1.0,-0.033,1.0,0,0.069,0.033,0,0
yaaJ,-0.081,1.0,-0.09,1.0,0,0.081,0.09,0,0
ssuF,-0.379,1.0,0.162,1.0,0,0.379,0.162,0,0
PA14_21450,0.17,1.0,-0.225,1.0,0,0.17,0.225,0,0
PA14_22590,-0.146,1.0,0.013,1.0,0,0.146,0.013,0,0
pelE,0.612,1.0,-0.063,1.0,0,0.612,0.063,0,0
PA14_25100,-0.083,1.0,0.073,1.0,0,0.083,0.073,0,0
PA14_27290,-0.159,1.0,-0.141,1.0,0,0.159,0.141,0,0
PA14_27930,-0.089,1.0,0.302,1.0,0,0.089,0.302,0,0
hplV,0.38,1.0,0.08,1.0,0,0.38,0.08,0,0
PA14_30420,0.122,1.0,-0.055,1.0,0,0.122,0.055,0,0
potF,0.084,1.0,-0.051,1.0,0,0.084,0.051,0,0
PA14_30840,0.092,1.0,-0.051,1.0,0,0.092,0.051,0,0
cdsA,0.147,1.0,0.08,1.0,0,0.147,0.08,0,0
mexF,-0.101,1.0,-0.052,1.0,0,0.101,0.052,0,0
PA14_35140,-0.078,1.0,0.2,1.0,0,0.078,0.2,0,0
PA14_37170,0.103,1.0,0.076,1.0,0,0.103,0.076,0,0
PA14_37250,0.215,1.0,0.063,1.0,0,0.215,0.063,0,0
pcrG,0.359,1.0,0.098,1.0,0,0.359,0.098,0,0
kdpB,0.217,1.0,0.09,1.0,0,0.217,0.09,0,0
PA14_43670,0.085,1.0,0.095,1.0,0,0.085,0.095,0,0
acnA,-0.085,1.0,-0.111,1.0,0,0.085,0.111,0,0
PA14_46250,0.139,1.0,-0.351,1.0,0,0.139,0.351,0,0
PA14_50630,-0.055,1.0,-0.174,1.0,0,0.055,0.174,0,0
PA14_54720,-0.23,1.0,-0.297,1.0,0,0.23,0.297,0,0
PA14_55200,0.136,1.0,-0.07,1.0,0,0.136,0.07,0,0
hxcX,0.348,1.0,-0.204,1.0,0,0.348,0.204,0,0
PA14_59370,-0.086,1.0,0.367,1.0,0,0.086,0.367,0,0
PA14_59990,0.174,1.0,-0.124,1.0,0,0.174,0.124,0,0
PA14_61950,-0.167,1.0,-0.155,1.0,0,0.167,0.155,0,0
smpB,0.156,1.0,0.09,1.0,0,0.156,0.09,0,0
rocE,0.159,1.0,0.195,1.0,0,0.159,0.195,0,0
PA14_66160,0.113,1.0,0.082,1.0,0,0.113,0.082,0,0
hslV,0.157,1.0,0.171,1.0,0,0.157,0.171,0,0
betT,-0.069,1.0,0.093,1.0,0,0.069,0.093,0,0
rubA2,0.087,1.0,0.092,1.0,0,0.087,0.092,0,0
PA14_72320,0.114,1.0,0.034,1.0,0,0.114,0.034,0,0
tRNA,0.086,1.0,0.071,1.0,0,0.086,0.071,0,0
Bacteria_small_SRP,-0.238,1.0,-0.074,1.0,0,0.238,0.074,0,0
PA14_00580,0.225,1.0,-0.122,1.0,0,0.225,0.122,0,0
PA14_02290,-0.099,1.0,-0.049,1.0,0,0.099,0.049,0,0
PA14_03470,0.092,1.0,0.136,1.0,0,0.092,0.136,0,0
PA14_03630,-0.171,1.0,0.095,1.0,0,0.171,0.095,0,0
PA14_04070,0.072,1.0,-0.064,1.0,0,0.072,0.064,0,0
PA14_07110,-0.045,1.0,0.292,1.0,0,0.045,0.292,0,0
rpsM,-0.084,1.0,0.074,1.0,0,0.084,0.074,0,0
bcr,0.209,1.0,0.077,1.0,0,0.209,0.077,0,0
cupB1,-0.155,1.0,-0.27,1.0,0,0.155,0.27,0,0
ppa,-0.107,1.0,0.015,1.0,0,0.107,0.015,0,0
cioA,0.07,1.0,0.1,1.0,0,0.07,0.1,0,0
hom,0.097,1.0,-0.113,1.0,0,0.097,0.113,0,0
glpD,-0.082,1.0,0.049,1.0,0,0.082,0.049,0,0
mmsB,-0.14,1.0,-0.07,1.0,0,0.14,0.07,0,0
PA14_21980,0.127,1.0,-0.028,1.0,0,0.127,0.028,0,0
PA14_22260,-0.22,1.0,0.05,1.0,0,0.22,0.05,0,0
PA14_23520,-0.131,1.0,0.012,1.0,0,0.131,0.012,0,0
PA14_26930,0.123,1.0,0.065,1.0,0,0.123,0.065,0,0
PA14_28540,0.235,1.0,0.019,1.0,0,0.235,0.019,0,0
pheT,0.085,1.0,0.071,1.0,0,0.085,0.071,0,0
PA14_29240,0.104,1.0,0.473,1.0,0,0.104,0.473,0,0
gacA,-0.074,1.0,0.199,1.0,0,0.074,0.199,0,0
PA14_31260,0.322,1.0,0.103,1.0,0,0.322,0.103,0,0
PA14_32290,-0.079,1.0,-0.1,1.0,0,0.079,0.1,0,0
PA14_32720,-0.079,1.0,-0.086,1.0,0,0.079,0.086,0,0
PA14_33760,0.17,1.0,-0.034,1.0,0,0.17,0.034,0,0
PA14_33800,-0.088,1.0,0.287,1.0,0,0.088,0.287,0,0
PA14_34000,0.586,1.0,-0.101,1.0,0,0.586,0.101,0,0
PA14_39750,-0.218,1.0,0.063,1.0,0,0.218,0.063,0,0
cysH,-0.077,1.0,0.181,1.0,0,0.077,0.181,0,0
arsC,-0.061,1.0,0.07,1.0,0,0.061,0.07,0,0
fadB,0.126,1.0,0.097,1.0,0,0.126,0.097,0,0
PA14_43290,-0.088,1.0,-0.134,1.0,0,0.088,0.134,0,0
PA14_43600,0.119,1.0,0.198,1.0,0,0.119,0.198,0,0
PA14_45120,-0.079,1.0,0.14,1.0,0,0.079,0.14,0,0
gbuA,-0.168,1.0,0.068,1.0,0,0.168,0.068,0,0
PA14_47370,0.192,1.0,-0.056,1.0,0,0.192,0.056,0,0
PA14_48410,0.095,1.0,0.07,1.0,0,0.095,0.07,0,0
flgJ,-0.127,1.0,-0.159,1.0,0,0.127,0.159,0,0
PA14_51650,-0.073,1.0,-0.116,1.0,0,0.073,0.116,0,0
PA14_52090,0.151,1.0,0.045,1.0,0,0.151,0.045,0,0
PA14_52640,-0.074,1.0,0.049,1.0,0,0.074,0.049,0,0
PA14_53260,-0.087,1.0,-0.023,1.0,0,0.087,0.023,0,0
PA14_54030,0.516,1.0,-0.111,1.0,0,0.516,0.111,0,0
PA14_55380,-0.131,1.0,0.078,1.0,0,0.131,0.078,0,0
hxcU,0.305,1.0,0.044,1.0,0,0.305,0.044,0,0
PA14_58820,-0.095,1.0,-0.12,1.0,0,0.095,0.12,0,0
PA14_58900,-0.071,1.0,0.174,1.0,0,0.071,0.174,0,0
PA14_59480,0.214,1.0,-0.109,1.0,0,0.214,0.109,0,0
PA14_59520,-0.172,1.0,0.269,1.0,0,0.172,0.269,0,0
pvrR,-0.079,1.0,-0.07,1.0,0,0.079,0.07,0,0
obg,0.098,1.0,-0.038,1.0,0,0.098,0.038,0,0
rtcR,0.121,1.0,-0.167,1.0,0,0.121,0.167,0,0
hemA,0.12,1.0,0.188,1.0,0,0.12,0.188,0,0
PA14_65795,0.151,1.0,0.191,1.0,0,0.151,0.191,0,0
PA14_66540,0.189,1.0,-0.156,1.0,0,0.189,0.156,0,0
hisE,0.092,1.0,-0.067,1.0,0,0.092,0.067,0,0
PA14_67470,0.126,1.0,-0.13,1.0,0,0.126,0.13,0,0
PA14_67975,-0.082,1.0,-0.135,1.0,0,0.082,0.135,0,0
hslO,-0.095,1.0,0.287,1.0,0,0.095,0.287,0,0
cycB,0.075,1.0,-0.089,1.0,0,0.075,0.089,0,0
PA14_71640,0.13,1.0,0.078,1.0,0,0.13,0.078,0,0
PA14_71850,-0.064,1.0,0.072,1.0,0,0.064,0.072,0,0
PA14_73390,0.189,1.0,-0.03,1.0,0,0.189,0.03,0,0
PA14_00550,0.123,1.0,0.061,1.0,0,0.123,0.061,0,0
PA14_00690,0.185,1.0,0.106,1.0,0,0.185,0.106,0,0
pcaQ,0.133,1.0,0.067,1.0,0,0.133,0.067,0,0
PA14_02060,0.215,1.0,-0.059,1.0,0,0.215,0.059,0,0
atsA,0.221,1.0,0.175,1.0,0,0.221,0.175,0,0
PA14_02910,-0.196,1.0,-0.103,1.0,0,0.196,0.103,0,0
nusG,-0.076,1.0,0.027,1.0,0,0.076,0.027,0,0
fepD,-0.081,1.0,-0.023,1.0,0,0.081,0.023,0,0
PA14_10530,-0.102,1.0,0.053,1.0,0,0.102,0.053,0,0
PA14_10870,-0.167,1.0,-0.607,1.0,0,0.167,0.607,0,0
PA14_11280,0.15,1.0,0.133,1.0,0,0.15,0.133,0,0
PA14_14020,-0.17,1.0,0.057,1.0,0,0.17,0.057,0,0
pepA,-0.068,1.0,0.128,1.0,0,0.068,0.128,0,0
PA14_15210,0.173,1.0,-0.223,1.0,0,0.173,0.223,0,0
guaA,0.107,1.0,0.066,1.0,0,0.107,0.066,0,0
PA14_17810,0.201,1.0,0.052,1.0,0,0.201,0.052,0,0
PA14_22210,0.221,1.0,0.082,1.0,0,0.221,0.082,0,0
yrbE,-0.077,1.0,0.037,1.0,0,0.077,0.037,0,0
orfE,-0.121,1.0,0.071,1.0,0,0.121,0.071,0,0
mdr,-0.126,1.0,0.449,1.0,0,0.126,0.449,0,0
gdhB,0.084,1.0,-0.405,1.0,0,0.084,0.405,0,0
PA14_25050,0.102,1.0,0.279,1.0,0,0.102,0.279,0,0
ugpQ,-0.079,1.0,0.078,1.0,0,0.079,0.078,0,0
PA14_25940,0.089,1.0,0.079,1.0,0,0.089,0.079,0,0
PA14_26270,0.174,1.0,0.061,1.0,0,0.174,0.061,0,0
cobJ,0.216,1.0,0.085,1.0,0,0.216,0.085,0,0
lipH,-0.156,1.0,0.059,1.0,0,0.156,0.059,0,0
PA14_27140,0.155,1.0,-0.087,1.0,0,0.155,0.087,0,0
infC,-0.066,1.0,-0.075,1.0,0,0.066,0.075,0,0
PA14_29040,-0.382,1.0,-0.041,1.0,0,0.382,0.041,0,0
PA14_29770,0.166,1.0,-0.081,1.0,0,0.166,0.081,0,0
trbB,0.432,1.0,-0.183,1.0,0,0.432,0.183,0,0
PA14_34740,0.308,1.0,0.106,1.0,0,0.308,0.106,0,0
PA14_36420,-0.075,1.0,-0.034,1.0,0,0.075,0.034,0,0
PA14_37310,0.599,1.0,-0.186,1.0,0,0.599,0.186,0,0
kynB,-0.12,1.0,-0.266,1.0,0,0.12,0.266,0,0
PA14_38880,-0.578,1.0,0.106,1.0,0,0.578,0.106,0,0
metE,0.124,1.0,0.161,1.0,0,0.124,0.161,0,0
PA14_39660,-0.095,1.0,-0.132,1.0,0,0.095,0.132,0,0
PA14_39860,0.324,1.0,-0.054,1.0,0,0.324,0.054,0,0
pscR,0.594,1.0,-0.069,1.0,0,0.594,0.069,0,0
PA14_44240,0.295,1.0,0.04,1.0,0,0.295,0.04,0,0
cheA,0.089,1.0,-0.117,1.0,0,0.089,0.117,0,0
PA14_47230,-0.078,1.0,-0.136,1.0,0,0.078,0.136,0,0
mltA,-0.095,1.0,0.168,1.0,0,0.095,0.168,0,0
PA14_48990,-0.628,1.0,0.093,1.0,0,0.628,0.093,0,0
PA14_49630,-0.097,1.0,-0.202,1.0,0,0.097,0.202,0,0
fliG,0.075,1.0,-0.076,1.0,0,0.075,0.076,0,0
fliC,-0.072,1.0,0.059,1.0,0,0.072,0.059,0,0
purM,-0.081,1.0,0.12,1.0,0,0.081,0.12,0,0
PA14_59140,0.333,1.0,-0.056,1.0,0,0.333,0.056,0,0
PA14_59540,-0.077,1.0,0.104,1.0,0,0.077,0.104,0,0
PA14_59620,0.318,1.0,0.025,1.0,0,0.318,0.025,0,0
PA14_60790,-0.081,1.0,0.081,1.0,0,0.081,0.081,0,0
ychF,-0.072,1.0,0.073,1.0,0,0.072,0.073,0,0
PA14_67220,0.207,1.0,0.053,1.0,0,0.207,0.053,0,0
CRISPR-DR4,0.519,1.0,-0.056,1.0,0,0.519,0.056,0,0
PA14_00910,0.159,1.0,0.094,1.0,0,0.159,0.094,0,0
PA14_02750,0.105,1.0,0.1,1.0,0,0.105,0.1,0,0
PA14_03350,0.098,1.0,-0.23,1.0,0,0.098,0.23,0,0
PA14_03860,0.072,1.0,0.058,1.0,0,0.072,0.058,0,0
ycgB,0.071,1.0,0.079,1.0,0,0.071,0.079,0,0
PA14_07900,-0.08,1.0,-0.359,1.0,0,0.08,0.359,0,0
PA14_10130,0.09,1.0,0.051,1.0,0,0.09,0.051,0,0
thiE,0.117,1.0,-0.168,1.0,0,0.117,0.168,0,0
PA14_14140,-0.077,1.0,0.074,1.0,0,0.077,0.074,0,0
PA14_14290,0.098,1.0,0.117,1.0,0,0.098,0.117,0,0
PA14_14690,-0.064,1.0,0.073,1.0,0,0.064,0.073,0,0
guaB,-0.071,1.0,-0.123,1.0,0,0.071,0.123,0,0
PA14_16210,0.144,1.0,-0.081,1.0,0,0.144,0.081,0,0
PA14_16560,0.102,1.0,-0.063,1.0,0,0.102,0.063,0,0
PA14_16750,-0.111,1.0,0.057,1.0,0,0.111,0.057,0,0
PA14_16910,0.1,1.0,-0.052,1.0,0,0.1,0.052,0,0
lipG,-0.124,1.0,-0.214,1.0,0,0.124,0.214,0,0
arnT,-0.197,1.0,0.111,1.0,0,0.197,0.111,0,0
oprP,0.098,1.0,-0.069,1.0,0,0.098,0.069,0,0
ubiG,0.078,1.0,-0.132,1.0,0,0.078,0.132,0,0
gbt,-0.086,1.0,-0.013,1.0,0,0.086,0.013,0,0
PA14_27400,-0.163,1.0,-0.05,1.0,0,0.163,0.05,0,0
PA14_28470,-0.072,1.0,0.054,1.0,0,0.072,0.054,0,0
PA14_28980,-0.138,1.0,0.125,1.0,0,0.138,0.125,0,0
PA14_31530,0.139,1.0,0.164,1.0,0,0.139,0.164,0,0
PA14_31730,-0.243,1.0,0.056,1.0,0,0.243,0.056,0,0
PA14_33340,0.109,1.0,-0.038,1.0,0,0.109,0.038,0,0
sfnR,-0.108,1.0,-0.059,1.0,0,0.108,0.059,0,0
PA14_34690,0.132,1.0,-0.034,1.0,0,0.132,0.034,0,0
PA14_37140,0.158,1.0,0.237,1.0,0,0.158,0.237,0,0
PA14_39250,-0.36,1.0,-0.085,1.0,0,0.36,0.085,0,0
PA14_40050,-0.126,1.0,-0.046,1.0,0,0.126,0.046,0,0
PA14_40430,-0.073,1.0,-0.061,1.0,0,0.073,0.061,0,0
PA14_42740,-0.129,1.0,0.066,1.0,0,0.129,0.066,0,0
fixG,-0.058,1.0,0.023,1.0,0,0.058,0.023,0,0
PA14_46780,-0.062,1.0,0.088,1.0,0,0.062,0.088,0,0
PA14_47000,0.263,1.0,0.05,1.0,0,0.263,0.05,0,0
PA14_50620,-0.088,1.0,0.067,1.0,0,0.088,0.067,0,0
PA14_52370,0.101,1.0,-0.066,1.0,0,0.101,0.066,0,0
PA14_53850,0.114,1.0,-0.08,1.0,0,0.114,0.08,0,0
sodB,-0.061,1.0,0.161,1.0,0,0.061,0.161,0,0
PA14_57930,-0.094,1.0,-0.077,1.0,0,0.094,0.077,0,0
PA14_58500,-0.139,1.0,0.123,1.0,0,0.139,0.123,0,0
PA14_61450,0.171,1.0,-0.211,1.0,0,0.171,0.211,0,0
rplY,0.073,1.0,-0.073,1.0,0,0.073,0.073,0,0
PA14_61920,0.107,1.0,-0.205,1.0,0,0.107,0.205,0,0
yeaS,0.094,1.0,-0.068,1.0,0,0.094,0.068,0,0
hfq,-0.076,1.0,0.083,1.0,0,0.076,0.083,0,0
PA14_65840,-0.097,1.0,-0.056,1.0,0,0.097,0.056,0,0
PA14_65950,-0.125,1.0,0.065,1.0,0,0.125,0.065,0,0
ubiE,-0.085,1.0,0.035,1.0,0,0.085,0.035,0,0
rnk,0.061,1.0,-0.124,1.0,0,0.061,0.124,0,0
PA14_70530,0.091,1.0,-0.052,1.0,0,0.091,0.052,0,0
RNaseP_bact_a,-0.071,1.0,0.105,1.0,0,0.071,0.105,0,0
tRNA,0.149,1.0,0.098,1.0,0,0.149,0.098,0,0
PA14_00900,0.254,1.0,-0.048,1.0,0,0.254,0.048,0,0
PA14_02380,-0.234,1.0,-0.119,1.0,0,0.234,0.119,0,0
PA14_05120,0.121,1.0,-0.144,1.0,0,0.121,0.144,0,0
PA14_05970,0.104,1.0,0.058,1.0,0,0.104,0.058,0,0
emrA,-0.077,1.0,0.095,1.0,0,0.077,0.095,0,0
fda,-0.067,1.0,0.077,1.0,0,0.067,0.077,0,0
PA14_07630,0.152,1.0,-0.17,1.0,0,0.152,0.17,0,0
rplX,-0.056,1.0,0.037,1.0,0,0.056,0.037,0,0
opmD,-0.099,1.0,-0.013,1.0,0,0.099,0.013,0,0
hpcB,0.169,1.0,0.089,1.0,0,0.169,0.089,0,0
PA14_11880,0.151,1.0,-0.188,1.0,0,0.151,0.188,0,0
PA14_11890,0.077,1.0,0.057,1.0,0,0.077,0.057,0,0
PA14_14160,-0.081,1.0,0.056,1.0,0,0.081,0.056,0,0
yajC,-0.094,1.0,0.073,1.0,0,0.094,0.073,0,0
thrC,0.077,1.0,0.098,1.0,0,0.077,0.098,0,0
PA14_17410,0.13,1.0,0.111,1.0,0,0.13,0.111,0,0
phnE,-0.349,1.0,0.035,1.0,0,0.349,0.035,0,0
cheR,0.07,1.0,-0.206,1.0,0,0.07,0.206,0,0
PA14_21640,0.088,1.0,-0.091,1.0,0,0.088,0.091,0,0
PA14_21990,0.079,1.0,-0.088,1.0,0,0.079,0.088,0,0
PA14_24665,0.105,1.0,-0.092,1.0,0,0.105,0.092,0,0
PA14_26730,0.16,1.0,0.147,1.0,0,0.16,0.147,0,0
PA14_29320,-0.067,1.0,-0.051,1.0,0,0.067,0.051,0,0
PA14_35210,-0.179,1.0,0.093,1.0,0,0.179,0.093,0,0
PA14_35230,0.197,1.0,-0.117,1.0,0,0.197,0.117,0,0
PA14_35240,0.148,1.0,-0.211,1.0,0,0.148,0.211,0,0
PA14_41130,-0.04,1.0,0.109,1.0,0,0.04,0.109,0,0
aroC,0.089,1.0,0.242,1.0,0,0.089,0.242,0,0
PA14_43310,-0.139,1.0,-0.099,1.0,0,0.139,0.099,0,0
PA14_45840,-0.061,1.0,-0.072,1.0,0,0.061,0.072,0,0
PA14_46600,-0.205,1.0,-0.102,1.0,0,0.205,0.102,0,0
yegH,0.103,1.0,0.052,1.0,0,0.103,0.052,0,0
PA14_49890,0.099,1.0,-0.036,1.0,0,0.099,0.036,0,0
fliF,-0.069,1.0,0.05,1.0,0,0.069,0.05,0,0
PA14_50650,0.131,1.0,-0.04,1.0,0,0.131,0.04,0,0
PA14_50820,-0.08,1.0,0.093,1.0,0,0.08,0.093,0,0
PA14_51610,-0.074,1.0,0.139,1.0,0,0.074,0.139,0,0
PA14_52440,-0.687,1.0,-0.055,1.0,0,0.687,0.055,0,0
PA14_52530,-0.063,1.0,0.087,1.0,0,0.063,0.087,0,0
plcH,0.166,1.0,-0.257,1.0,0,0.166,0.257,0,0
PA14_53920,-0.077,1.0,-0.069,1.0,0,0.077,0.069,0,0
PA14_55110,-0.099,1.0,0.073,1.0,0,0.099,0.073,0,0
PA14_56640,-0.175,1.0,0.066,1.0,0,0.175,0.066,0,0
PA14_57070,0.163,1.0,-0.096,1.0,0,0.163,0.096,0,0
mraW,-0.065,1.0,-0.107,1.0,0,0.065,0.107,0,0
lysP,-0.077,1.0,-0.206,1.0,0,0.077,0.206,0,0
dnaJ,0.113,1.0,-0.021,1.0,0,0.113,0.021,0,0
PA14_63120,-0.1,1.0,-0.019,1.0,0,0.1,0.019,0,0
PA14_64300,0.225,1.0,-0.049,1.0,0,0.225,0.049,0,0
tatB,-0.094,1.0,-0.045,1.0,0,0.094,0.045,0,0
estA,-0.061,1.0,-0.529,1.0,0,0.061,0.529,0,0
poxB,-0.082,1.0,-0.054,1.0,0,0.082,0.054,0,0
PA14_70070,0.093,1.0,0.147,1.0,0,0.093,0.147,0,0
PA14_70310,0.141,1.0,-0.052,1.0,0,0.141,0.052,0,0
phoU,0.114,1.0,0.061,1.0,0,0.114,0.061,0,0
PA14_72810,0.127,1.0,-0.147,1.0,0,0.127,0.147,0,0
PA14_00400,0.108,1.0,-0.08,1.0,0,0.108,0.08,0,0
ychM,-0.108,1.0,-0.098,1.0,0,0.108,0.098,0,0
PA14_03190,-0.038,1.0,0.047,1.0,0,0.038,0.047,0,0
PA14_03265,0.11,1.0,0.051,1.0,0,0.11,0.051,0,0
PA14_03400,-0.169,1.0,-0.063,1.0,0,0.169,0.063,0,0
serA,-0.04,1.0,0.212,1.0,0,0.04,0.212,0,0
micA,0.078,1.0,0.036,1.0,0,0.078,0.036,0,0
bioF,0.128,1.0,-0.14,1.0,0,0.128,0.14,0,0
norD,0.221,1.0,0.051,1.0,0,0.221,0.051,0,0
trpE,-0.047,1.0,0.128,1.0,0,0.047,0.128,0,0
PA14_10090,0.112,1.0,-0.074,1.0,0,0.112,0.074,0,0
PA14_11930,0.126,1.0,0.046,1.0,0,0.126,0.046,0,0
valS,0.093,1.0,-0.08,1.0,0,0.093,0.08,0,0
PA14_15660,0.102,1.0,-0.057,1.0,0,0.102,0.057,0,0
yfjD,-0.074,1.0,0.048,1.0,0,0.074,0.048,0,0
potC,0.392,1.0,0.063,1.0,0,0.392,0.063,0,0
slyA,0.076,1.0,0.212,1.0,0,0.076,0.212,0,0
PA14_21320,0.103,1.0,-0.019,1.0,0,0.103,0.019,0,0
cyaB,-0.055,1.0,-0.093,1.0,0,0.055,0.093,0,0
PA14_22630,0.189,1.0,0.066,1.0,0,0.189,0.066,0,0
PA14_23670,0.135,1.0,-0.122,1.0,0,0.135,0.122,0,0
asd,-0.082,1.0,0.06,1.0,0,0.082,0.06,0,0
xcpV,0.162,1.0,0.06,1.0,0,0.162,0.06,0,0
pheS,-0.048,1.0,0.062,1.0,0,0.048,0.062,0,0
trxB1,-0.057,1.0,0.131,1.0,0,0.057,0.131,0,0
ssuA,0.103,1.0,-0.06,1.0,0,0.103,0.06,0,0
PA14_31680,0.087,1.0,0.371,1.0,0,0.087,0.371,0,0
PA14_31770,-0.097,1.0,-0.108,1.0,0,0.097,0.108,0,0
antA,0.121,1.0,0.058,1.0,0,0.121,0.058,0,0
PA14_32340,0.463,1.0,0.07,1.0,0,0.463,0.07,0,0
PA14_33310,-0.088,1.0,0.079,1.0,0,0.088,0.079,0,0
cupA2,0.433,1.0,0.085,1.0,0,0.433,0.085,0,0
PA14_37680,0.066,1.0,0.199,1.0,0,0.066,0.199,0,0
PA14_41150,0.125,1.0,0.093,1.0,0,0.125,0.093,0,0
clpX,0.077,1.0,0.05,1.0,0,0.077,0.05,0,0
clpP,0.053,1.0,-0.198,1.0,0,0.053,0.198,0,0
PA14_46110,-0.106,1.0,0.098,1.0,0,0.106,0.098,0,0
yqhC,0.12,1.0,0.081,1.0,0,0.12,0.081,0,0
PA14_49610,-0.177,1.0,-0.037,1.0,0,0.177,0.037,0,0
mucK,-0.115,1.0,-0.034,1.0,0,0.115,0.034,0,0
PA14_52120,-0.098,1.0,-0.141,1.0,0,0.098,0.141,0,0
yaeJ,0.091,1.0,0.079,1.0,0,0.091,0.079,0,0
PA14_53090,0.148,1.0,0.048,1.0,0,0.148,0.048,0,0
PA14_53550,-0.069,1.0,-0.521,1.0,0,0.069,0.521,0,0
PA14_53560,-0.088,1.0,-0.066,1.0,0,0.088,0.066,0,0
PA14_53740,-0.143,1.0,0.081,1.0,0,0.143,0.081,0,0
PA14_58270,0.114,1.0,-0.025,1.0,0,0.114,0.025,0,0
speC,-0.102,1.0,0.055,1.0,0,0.102,0.055,0,0
PA14_58650,-0.047,1.0,-0.072,1.0,0,0.047,0.072,0,0
coaE,-0.067,1.0,-0.021,1.0,0,0.067,0.021,0,0
PA14_59230,-0.077,1.0,-0.065,1.0,0,0.077,0.065,0,0
PA14_60150,-0.077,1.0,0.097,1.0,0,0.077,0.097,0,0
PA14_62030,-0.114,1.0,0.007,1.0,0,0.114,0.007,0,0
PA14_62050,0.16,1.0,-0.074,1.0,0,0.16,0.074,0,0
PA14_62170,-0.055,1.0,0.015,1.0,0,0.055,0.015,0,0
PA14_62680,-0.097,1.0,0.157,1.0,0,0.097,0.157,0,0
yfcY,0.08,1.0,-0.048,1.0,0,0.08,0.048,0,0
ponA,0.094,1.0,-0.035,1.0,0,0.094,0.035,0,0
PA14_68150,0.453,1.0,-0.111,1.0,0,0.453,0.111,0,0
PA14_72690,-0.467,1.0,0.046,1.0,0,0.467,0.046,0,0
PA14_72770,-0.076,1.0,0.087,1.0,0,0.076,0.087,0,0
PA14_02030,0.102,1.0,-0.053,1.0,0,0.102,0.053,0,0
yfiM,-0.071,1.0,0.217,1.0,0,0.071,0.217,0,0
PA14_07550,0.19,1.0,-0.12,1.0,0,0.19,0.12,0,0
rpsU,-0.172,1.0,0.033,1.0,0,0.172,0.033,0,0
gcp,0.086,1.0,0.056,1.0,0,0.086,0.056,0,0
cupB5,0.11,1.0,0.027,1.0,0,0.11,0.027,0,0
PA14_13710,-0.104,1.0,-0.037,1.0,0,0.104,0.037,0,0
PA14_15100,0.066,1.0,0.068,1.0,0,0.066,0.068,0,0
phnH,-0.37,1.0,-0.095,1.0,0,0.37,0.095,0,0
fabH-2,0.061,1.0,-0.118,1.0,0,0.061,0.118,0,0
PA14_22130,-0.293,1.0,0.05,1.0,0,0.293,0.05,0,0
gltF,0.19,1.0,0.06,1.0,0,0.19,0.06,0,0
oprB,-0.09,1.0,0.13,1.0,0,0.09,0.13,0,0
orfL,-0.084,1.0,0.047,1.0,0,0.084,0.047,0,0
snr1,-0.048,1.0,0.048,1.0,0,0.048,0.048,0,0
fabD,-0.049,1.0,-0.156,1.0,0,0.049,0.156,0,0
PA14_25910,-0.08,1.0,0.057,1.0,0,0.08,0.057,0,0
ligT,-0.093,1.0,-0.053,1.0,0,0.093,0.053,0,0
PA14_29010,0.093,1.0,0.037,1.0,0,0.093,0.037,0,0
ysgA,-0.037,1.0,-0.046,1.0,0,0.037,0.046,0,0
nuoH,-0.059,1.0,-0.113,1.0,0,0.059,0.113,0,0
PA14_30690,-0.049,1.0,-0.054,1.0,0,0.049,0.054,0,0
PA14_33440,0.075,1.0,0.19,1.0,0,0.075,0.19,0,0
PA14_35700,-0.072,1.0,0.067,1.0,0,0.072,0.067,0,0
PA14_37220,-0.123,1.0,-0.131,1.0,0,0.123,0.131,0,0
PA14_37340,0.07,1.0,-0.036,1.0,0,0.07,0.036,0,0
exaA,0.49,1.0,0.075,1.0,0,0.49,0.075,0,0
menG,-0.069,1.0,-0.191,1.0,0,0.069,0.191,0,0
PA14_41970,0.08,1.0,-0.151,1.0,0,0.08,0.151,0,0
PA14_42220,-0.045,1.0,-0.125,1.0,0,0.045,0.125,0,0
pscN,-0.172,1.0,-0.038,1.0,0,0.172,0.038,0,0
PA14_45150,-0.159,1.0,-0.047,1.0,0,0.159,0.047,0,0
cobO,0.105,1.0,0.19,1.0,0,0.105,0.19,0,0
pyoS3A,-0.084,1.0,-0.053,1.0,0,0.084,0.053,0,0
PA14_49750,-0.096,1.0,-0.076,1.0,0,0.096,0.076,0,0
PA14_49910,-0.048,1.0,-0.077,1.0,0,0.048,0.077,0,0
PA14_51550,-0.05,1.0,-0.056,1.0,0,0.05,0.056,0,0
tolR,-0.066,1.0,-0.018,1.0,0,0.066,0.018,0,0
argR,0.07,1.0,-0.026,1.0,0,0.07,0.026,0,0
PA14_53330,-0.089,1.0,-0.076,1.0,0,0.089,0.076,0,0
PA14_54730,-0.11,1.0,-0.091,1.0,0,0.11,0.091,0,0
exbD2,0.348,1.0,0.083,1.0,0,0.348,0.083,0,0
mltB1,-0.057,1.0,0.073,1.0,0,0.057,0.073,0,0
lytB,-0.054,1.0,-0.302,1.0,0,0.054,0.302,0,0
murI,0.091,1.0,0.06,1.0,0,0.091,0.06,0,0
PA14_64990,-0.108,1.0,-0.034,1.0,0,0.108,0.034,0,0
tatC,0.078,1.0,0.054,1.0,0,0.078,0.054,0,0
PA14_67120,-0.104,1.0,0.059,1.0,0,0.104,0.059,0,0
PA14_67140,0.141,1.0,0.186,1.0,0,0.141,0.186,0,0
hutG,0.102,1.0,-0.073,1.0,0,0.102,0.073,0,0
PA14_68050,0.108,1.0,-0.055,1.0,0,0.108,0.055,0,0
PA14_71250,-0.155,1.0,0.078,1.0,0,0.155,0.078,0,0
psecoA,-0.069,1.0,0.062,1.0,0,0.069,0.062,0,0
gidA,-0.061,1.0,0.063,1.0,0,0.061,0.063,0,0
osmC,-0.144,1.0,0.005,1.0,0,0.144,0.005,0,0
PA14_01170,0.347,1.0,0.013,1.0,0,0.347,0.013,0,0
PA14_01970,-0.057,1.0,-0.083,1.0,0,0.057,0.083,0,0
PA14_03040,0.13,1.0,0.015,1.0,0,0.13,0.015,0,0
PA14_04370,0.118,1.0,-0.036,1.0,0,0.118,0.036,0,0
chpC,0.139,1.0,-0.278,1.0,0,0.139,0.278,0,0
yadR,0.121,1.0,-0.459,1.0,0,0.121,0.459,0,0
rplW,-0.054,1.0,-0.033,1.0,0,0.054,0.033,0,0
phzG1,0.122,1.0,-0.056,1.0,0,0.122,0.056,0,0
phzC1,0.13,1.0,0.05,1.0,0,0.13,0.05,0,0
thiL,0.13,1.0,0.061,1.0,0,0.13,0.061,0,0
PA14_12820,-0.032,1.0,-0.196,1.0,0,0.032,0.196,0,0
PA14_13070,0.119,1.0,-0.049,1.0,0,0.119,0.049,0,0
PA14_14150,0.142,1.0,-0.083,1.0,0,0.142,0.083,0,0
yjgQ,0.074,1.0,-0.197,1.0,0,0.074,0.197,0,0
PA14_15020,0.097,1.0,0.05,1.0,0,0.097,0.05,0,0
merP,0.188,1.0,0.022,1.0,0,0.188,0.022,0,0
nagA,0.142,1.0,0.359,1.0,0,0.142,0.359,0,0
dsbC,-0.054,1.0,0.127,1.0,0,0.054,0.127,0,0
cdsA,0.096,1.0,0.003,1.0,0,0.096,0.003,0,0
PA14_17590,0.112,1.0,0.067,1.0,0,0.112,0.067,0,0
ada,0.083,1.0,0.03,1.0,0,0.083,0.03,0,0
ybaK,-0.038,1.0,0.043,1.0,0,0.038,0.043,0,0
hasD,-0.291,1.0,0.063,1.0,0,0.291,0.063,0,0
PA14_21290,0.118,1.0,-0.007,1.0,0,0.118,0.007,0,0
PA14_23210,0.121,1.0,0.124,1.0,0,0.121,0.124,0,0
rpmF,-0.079,1.0,-0.064,1.0,0,0.079,0.064,0,0
PA14_26550,-0.054,1.0,0.269,1.0,0,0.054,0.269,0,0
PA14_26750,0.088,1.0,-0.085,1.0,0,0.088,0.085,0,0
PA14_27710,-0.082,1.0,0.062,1.0,0,0.082,0.062,0,0
PA14_27720,-0.064,1.0,0.175,1.0,0,0.064,0.175,0,0
PA14_28990,-0.07,1.0,-0.049,1.0,0,0.07,0.049,0,0
PA14_31560,0.088,1.0,0.098,1.0,0,0.088,0.098,0,0
PA14_31890,0.086,1.0,-0.085,1.0,0,0.086,0.085,0,0
xylS,0.087,1.0,0.306,1.0,0,0.087,0.306,0,0
mtlE,-0.072,1.0,-0.072,1.0,0,0.072,0.072,0,0
PA14_34500,0.322,1.0,-0.043,1.0,0,0.322,0.043,0,0
PA14_34670,-0.088,1.0,-0.061,1.0,0,0.088,0.061,0,0
pslL,-0.116,1.0,0.062,1.0,0,0.116,0.062,0,0
PA14_36560,0.028,1.0,0.154,1.0,0,0.028,0.154,0,0
bacA,-0.077,1.0,0.049,1.0,0,0.077,0.049,0,0
PA14_39520,0.064,1.0,-0.15,1.0,0,0.064,0.15,0,0
PA14_39790,0.341,1.0,-0.059,1.0,0,0.341,0.059,0,0
PA14_40520,0.324,1.0,-0.018,1.0,0,0.324,0.018,0,0
ppiB,-0.042,1.0,-0.282,1.0,0,0.042,0.282,0,0
PA14_42090,0.074,1.0,0.115,1.0,0,0.074,0.115,0,0
PA14_42730,-0.033,1.0,-0.066,1.0,0,0.033,0.066,0,0
PA14_43090,-0.351,1.0,0.311,1.0,0,0.351,0.311,0,0
PA14_44270,-0.095,1.0,0.116,1.0,0,0.095,0.116,0,0
PA14_46100,-0.104,1.0,0.293,1.0,0,0.104,0.293,0,0
aphA,0.188,1.0,-0.092,1.0,0,0.188,0.092,0,0
ilvA2,-0.082,1.0,-0.222,1.0,0,0.082,0.222,0,0
PA14_48570,0.121,1.0,-0.049,1.0,0,0.121,0.049,0,0
PA14_48790,0.068,1.0,0.023,1.0,0,0.068,0.023,0,0
PA14_48840,0.166,1.0,-0.086,1.0,0,0.166,0.086,0,0
PA14_50900,0.136,1.0,0.089,1.0,0,0.136,0.089,0,0
oprD,-0.064,1.0,0.081,1.0,0,0.064,0.081,0,0
PA14_51920,0.077,1.0,-0.041,1.0,0,0.077,0.041,0,0
pbpG,-0.049,1.0,0.079,1.0,0,0.049,0.079,0,0
bolA,-0.082,1.0,0.021,1.0,0,0.082,0.021,0,0
PA14_53690,0.271,1.0,-0.181,1.0,0,0.271,0.181,0,0
PA14_55230,-0.19,1.0,-0.464,1.0,0,0.19,0.464,0,0
hxcT,0.166,1.0,-0.181,1.0,0,0.166,0.181,0,0
PA14_60920,0.094,1.0,-0.071,1.0,0,0.094,0.071,0,0
PA14_61430,-0.07,1.0,0.095,1.0,0,0.07,0.095,0,0
PA14_61940,-0.045,1.0,-0.157,1.0,0,0.045,0.157,0,0
PA14_67900,-0.064,1.0,-0.008,1.0,0,0.064,0.008,0,0
PA14_68070,-0.074,1.0,-0.1,1.0,0,0.074,0.1,0,0
PA14_68830,0.142,1.0,0.055,1.0,0,0.142,0.055,0,0
algP,0.072,1.0,-0.261,1.0,0,0.072,0.261,0,0
dapF,0.067,1.0,0.052,1.0,0,0.067,0.052,0,0
PA14_69880,0.121,1.0,-0.049,1.0,0,0.121,0.049,0,0
dadA,-0.052,1.0,0.059,1.0,0,0.052,0.059,0,0
PA14_71360,-0.152,1.0,-0.098,1.0,0,0.152,0.098,0,0
PA14_71580,0.119,1.0,0.091,1.0,0,0.119,0.091,0,0
PA14_72410,0.115,1.0,0.107,1.0,0,0.115,0.107,0,0
sRNA-Xcc1,-0.211,1.0,-0.117,1.0,0,0.211,0.117,0,0
PA14_03410,-0.216,1.0,0.091,1.0,0,0.216,0.091,0,0
PA14_03420,-0.059,1.0,0.034,1.0,0,0.059,0.034,0,0
PA14_04000,-0.093,1.0,0.276,1.0,0,0.093,0.276,0,0
pilK,0.105,1.0,0.017,1.0,0,0.105,0.017,0,0
PA14_08440,-0.041,1.0,-0.043,1.0,0,0.041,0.043,0,0
mexH,-0.038,1.0,0.147,1.0,0,0.038,0.147,0,0
PA14_10280,0.289,1.0,-0.073,1.0,0,0.289,0.073,0,0
PA14_11610,-0.573,1.0,0.023,1.0,0,0.573,0.023,0,0
mpl,0.074,1.0,0.046,1.0,0,0.074,0.046,0,0
PA14_13390,-0.051,1.0,-0.047,1.0,0,0.051,0.047,0,0
PA14_14860,0.108,1.0,-0.051,1.0,0,0.108,0.051,0,0
PA14_15290,-0.065,1.0,0.14,1.0,0,0.065,0.14,0,0
dxr,0.072,1.0,-0.078,1.0,0,0.072,0.078,0,0
PA14_20280,0.066,1.0,-0.053,1.0,0,0.066,0.053,0,0
fadD2,-0.068,1.0,0.027,1.0,0,0.068,0.027,0,0
PA14_21960,-0.049,1.0,0.066,1.0,0,0.049,0.066,0,0
PA14_24245,0.094,1.0,0.276,1.0,0,0.094,0.276,0,0
PA14_24920,-0.084,1.0,-0.054,1.0,0,0.084,0.054,0,0
PA14_24990,-0.077,1.0,0.108,1.0,0,0.077,0.108,0,0
PA14_27430,-0.149,1.0,-0.04,1.0,0,0.149,0.04,0,0
copR,0.098,1.0,0.038,1.0,0,0.098,0.038,0,0
nuoE,0.078,1.0,0.054,1.0,0,0.078,0.054,0,0
yccA,-0.043,1.0,0.148,1.0,0,0.043,0.148,0,0
PA14_30710,0.065,1.0,-0.079,1.0,0,0.065,0.079,0,0
PA14_31610,0.095,1.0,-0.05,1.0,0,0.095,0.05,0,0
PA14_33560,-0.044,1.0,-0.098,1.0,0,0.044,0.098,0,0
PA14_35250,0.072,1.0,-0.021,1.0,0,0.072,0.021,0,0
gnd,-0.057,1.0,-0.204,1.0,0,0.057,0.204,0,0
PA14_37730,0.095,1.0,0.065,1.0,0,0.095,0.065,0,0
PA14_38920,0.924,1.0,0.078,1.0,0,0.924,0.078,0,0
PA14_38990,0.672,1.0,0.047,1.0,0,0.672,0.047,0,0
modC,-0.085,1.0,-0.066,1.0,0,0.085,0.066,0,0
gpmA,0.074,1.0,-0.028,1.0,0,0.074,0.028,0,0
PA14_42100,-0.102,1.0,0.154,1.0,0,0.102,0.154,0,0
PA14_43630,0.098,1.0,-0.003,1.0,0,0.098,0.003,0,0
PA14_43720,0.109,1.0,-0.011,1.0,0,0.109,0.011,0,0
PA14_46420,0.135,1.0,-0.032,1.0,0,0.135,0.032,0,0
PA14_46540,-0.06,1.0,0.012,1.0,0,0.06,0.012,0,0
PA14_55090,-0.039,1.0,-0.001,1.0,0,0.039,0.001,0,0
PA14_55290,0.317,1.0,0.029,1.0,0,0.317,0.029,0,0
pilE,-0.061,1.0,-0.11,1.0,0,0.061,0.11,0,0
mscL,-0.079,1.0,-0.074,1.0,0,0.079,0.074,0,0
uraA,-0.06,1.0,-0.081,1.0,0,0.06,0.081,0,0
PA14_63830,0.083,1.0,0.012,1.0,0,0.083,0.012,0,0
PA14_64320,-0.092,1.0,-0.077,1.0,0,0.092,0.077,0,0
PA14_64500,0.065,1.0,-0.085,1.0,0,0.065,0.085,0,0
pstB,0.11,1.0,0.282,1.0,0,0.11,0.282,0,0
PA14_72470,-0.063,1.0,-0.065,1.0,0,0.063,0.065,0,0
tRNA,-0.125,1.0,0.067,1.0,0,0.125,0.067,0,0
P9,0.227,1.0,-0.063,1.0,0,0.227,0.063,0,0
tRNA,-0.187,1.0,-0.097,1.0,0,0.187,0.097,0,0
PA14_00760,0.131,1.0,-0.098,1.0,0,0.131,0.098,0,0
PA14_00820,0.154,1.0,-0.048,1.0,0,0.154,0.048,0,0
PA14_03560,-0.141,1.0,-0.036,1.0,0,0.141,0.036,0,0
fiuA,-0.096,1.0,0.051,1.0,0,0.096,0.051,0,0
PA14_07060,-0.053,1.0,0.051,1.0,0,0.053,0.051,0,0
epd,-0.074,1.0,-0.041,1.0,0,0.074,0.041,0,0
PA14_08640,-0.028,1.0,0.236,1.0,0,0.028,0.236,0,0
PA14_11010,-0.159,1.0,0.011,1.0,0,0.159,0.011,0,0
ispA,0.13,1.0,-0.053,1.0,0,0.13,0.053,0,0
PA14_13990,0.068,1.0,0.063,1.0,0,0.068,0.063,0,0
PA14_14390,-0.049,1.0,-0.206,1.0,0,0.049,0.206,0,0
PA14_15610,0.073,1.0,-0.022,1.0,0,0.073,0.022,0,0
PA14_16270,-0.1,1.0,0.028,1.0,0,0.1,0.028,0,0
PA14_16330,0.079,1.0,-0.03,1.0,0,0.079,0.03,0,0
PA14_16830,-0.08,1.0,0.244,1.0,0,0.08,0.244,0,0
sufE,0.173,1.0,0.043,1.0,0,0.173,0.043,0,0
PA14_20080,-0.095,1.0,-0.135,1.0,0,0.095,0.135,0,0
algZ,0.067,1.0,0.064,1.0,0,0.067,0.064,0,0
PA14_22060,0.098,1.0,0.127,1.0,0,0.098,0.127,0,0
PA14_24230,0.081,1.0,0.102,1.0,0,0.081,0.102,0,0
pelD,-0.268,1.0,0.062,1.0,0,0.268,0.062,0,0
uup,-0.023,1.0,-0.011,1.0,0,0.023,0.011,0,0
PA14_28810,-0.041,1.0,0.077,1.0,0,0.041,0.077,0,0
PA14_29030,-0.044,1.0,0.043,1.0,0,0.044,0.043,0,0
nuoM,-0.083,1.0,-0.055,1.0,0,0.083,0.055,0,0
mdaB,0.13,1.0,-0.047,1.0,0,0.13,0.047,0,0
PA14_30820,-0.071,1.0,0.033,1.0,0,0.071,0.033,0,0
PA14_31620,0.127,1.0,0.051,1.0,0,0.127,0.051,0,0
PA14_32440,-0.089,1.0,-0.169,1.0,0,0.089,0.169,0,0
PA14_33070,0.115,1.0,0.108,1.0,0,0.115,0.108,0,0
mxaA,-0.066,1.0,-0.042,1.0,0,0.066,0.042,0,0
ansA,0.158,1.0,-0.01,1.0,0,0.158,0.01,0,0
yfaV,-0.142,1.0,0.085,1.0,0,0.142,0.085,0,0
PA14_39640,-0.103,1.0,0.107,1.0,0,0.103,0.107,0,0
gpsA,0.096,1.0,-0.193,1.0,0,0.096,0.193,0,0
apt,-0.047,1.0,0.037,1.0,0,0.047,0.037,0,0
PA14_44910,-0.04,1.0,-0.09,1.0,0,0.04,0.09,0,0
moaA2,0.086,1.0,-0.173,1.0,0,0.086,0.173,0,0
hyi,-0.061,1.0,0.063,1.0,0,0.061,0.063,0,0
PA14_49790,0.114,1.0,0.06,1.0,0,0.114,0.06,0,0
PA14_49920,0.098,1.0,-0.039,1.0,0,0.098,0.039,0,0
PA14_50590,0.069,1.0,-0.075,1.0,0,0.069,0.075,0,0
ruvB,0.08,1.0,0.024,1.0,0,0.08,0.024,0,0
lemA,-0.047,1.0,0.072,1.0,0,0.047,0.072,0,0
lysC,-0.053,1.0,-0.111,1.0,0,0.053,0.111,0,0
alaS,0.093,1.0,0.017,1.0,0,0.093,0.017,0,0
PA14_53590,0.074,1.0,-0.148,1.0,0,0.074,0.148,0,0
pdxJ,0.073,1.0,0.257,1.0,0,0.073,0.257,0,0
PA14_54340,0.076,1.0,-0.03,1.0,0,0.076,0.03,0,0
nadB,-0.044,1.0,-0.082,1.0,0,0.044,0.082,0,0
PA14_56200,0.085,1.0,-0.072,1.0,0,0.085,0.072,0,0
PA14_59880,-0.293,1.0,-0.027,1.0,0,0.293,0.027,0,0
panC,0.085,1.0,0.067,1.0,0,0.085,0.067,0,0
PA14_62790,-0.099,1.0,0.039,1.0,0,0.099,0.039,0,0
purH,0.093,1.0,-0.143,1.0,0,0.093,0.143,0,0
retS,-0.038,1.0,-0.052,1.0,0,0.038,0.052,0,0
yegD,0.102,1.0,0.057,1.0,0,0.102,0.057,0,0
PA14_64920,0.065,1.0,0.072,1.0,0,0.065,0.072,0,0
PA14_66050,-0.066,1.0,0.005,1.0,0,0.066,0.005,0,0
trmH,-0.061,1.0,-0.086,1.0,0,0.061,0.086,0,0
glmU,0.109,1.0,-0.069,1.0,0,0.109,0.069,0,0
thdF,0.074,1.0,-0.101,1.0,0,0.074,0.101,0,0
P37,-0.08,1.0,-0.072,1.0,0,0.08,0.072,0,0
mdcA,0.069,1.0,-0.123,1.0,0,0.069,0.123,0,0
spuG,-0.038,1.0,-0.052,1.0,0,0.038,0.052,0,0
czcD,0.07,1.0,-0.409,1.0,0,0.07,0.409,0,0
nirN,0.145,1.0,0.241,1.0,0,0.145,0.241,0,0
folB,0.069,1.0,0.101,1.0,0,0.069,0.101,0,0
ksgA,-0.067,1.0,0.052,1.0,0,0.067,0.052,0,0
PA14_07890,0.099,1.0,-0.085,1.0,0,0.099,0.085,0,0
PA14_08540,-0.067,1.0,-0.003,1.0,0,0.067,0.003,0,0
PA14_08690,0.088,1.0,-0.114,1.0,0,0.088,0.114,0,0
rpsC,-0.047,1.0,-0.064,1.0,0,0.047,0.064,0,0
fptB,-0.124,1.0,-0.02,1.0,0,0.124,0.02,0,0
PA14_09780,-0.08,1.0,-0.068,1.0,0,0.08,0.068,0,0
prpL,-0.076,1.0,-0.012,1.0,0,0.076,0.012,0,0
PA14_12260,0.064,1.0,-0.172,1.0,0,0.064,0.172,0,0
PA14_12740,0.092,1.0,0.008,1.0,0,0.092,0.008,0,0
PA14_13320,0.184,1.0,-0.005,1.0,0,0.184,0.005,0,0
secD,-0.048,1.0,0.048,1.0,0,0.048,0.048,0,0
merT,-0.076,1.0,0.026,1.0,0,0.076,0.026,0,0
pcm,-0.033,1.0,0.079,1.0,0,0.033,0.079,0,0
PA14_19030,-0.047,1.0,0.04,1.0,0,0.047,0.04,0,0
PA14_20250,0.013,1.0,-0.173,1.0,0,0.013,0.173,0,0
phnK,-0.46,1.0,0.061,1.0,0,0.46,0.061,0,0
PA14_24610,-0.057,1.0,0.032,1.0,0,0.057,0.032,0,0
PA14_24980,-0.046,1.0,0.054,1.0,0,0.046,0.054,0,0
PA14_26640,-0.071,1.0,0.013,1.0,0,0.071,0.013,0,0
dhs,0.087,1.0,-0.153,1.0,0,0.087,0.153,0,0
PA14_28100,0.128,1.0,0.09,1.0,0,0.128,0.09,0,0
PA14_32450,-0.036,1.0,0.076,1.0,0,0.036,0.076,0,0
PA14_34920,0.168,1.0,-0.021,1.0,0,0.168,0.021,0,0
PA14_35050,0.161,1.0,-0.126,1.0,0,0.161,0.126,0,0
exaC,-0.045,1.0,-0.061,1.0,0,0.045,0.061,0,0
PA14_40620,0.118,1.0,0.063,1.0,0,0.118,0.063,0,0
PA14_42130,-0.051,1.0,-0.126,1.0,0,0.051,0.126,0,0
PA14_42710,0.064,1.0,-0.07,1.0,0,0.064,0.07,0,0
PA14_45090,0.142,1.0,0.08,1.0,0,0.142,0.08,0,0
PA14_46270,0.095,1.0,-0.034,1.0,0,0.095,0.034,0,0
PA14_46380,0.138,1.0,0.055,1.0,0,0.138,0.055,0,0
PA14_47910,0.173,1.0,-0.024,1.0,0,0.173,0.024,0,0
fleR,-0.079,1.0,-0.022,1.0,0,0.079,0.022,0,0
PA14_50770,0.103,1.0,-0.074,1.0,0,0.103,0.074,0,0
PA14_51160,0.469,1.0,0.058,1.0,0,0.469,0.058,0,0
PA14_51510,-0.041,1.0,0.107,1.0,0,0.041,0.107,0,0
PA14_52330,-0.025,1.0,-0.051,1.0,0,0.025,0.051,0,0
PA14_52350,0.096,1.0,0.068,1.0,0,0.096,0.068,0,0
PA14_53270,-0.072,1.0,0.058,1.0,0,0.072,0.058,0,0
PA14_53400,-0.057,1.0,-0.219,1.0,0,0.057,0.219,0,0
btuE,0.041,1.0,0.201,1.0,0,0.041,0.201,0,0
PA14_53780,0.069,1.0,-0.235,1.0,0,0.069,0.235,0,0
PA14_54130,0.079,1.0,-0.075,1.0,0,0.079,0.075,0,0
PA14_54610,0.188,1.0,-0.053,1.0,0,0.188,0.053,0,0
pigB,0.082,1.0,0.23,1.0,0,0.082,0.23,0,0
PA14_55600,-0.128,1.0,0.085,1.0,0,0.128,0.085,0,0
inaA,0.067,1.0,-0.037,1.0,0,0.067,0.037,0,0
colR,-0.057,1.0,-0.07,1.0,0,0.057,0.07,0,0
hisG,-0.059,1.0,-0.058,1.0,0,0.059,0.058,0,0
yrbH,-0.034,1.0,0.218,1.0,0,0.034,0.218,0,0
PA14_61500,-0.059,1.0,0.051,1.0,0,0.059,0.051,0,0
PA14_63300,0.163,1.0,0.027,1.0,0,0.163,0.027,0,0
PA14_64170,-0.06,1.0,-0.059,1.0,0,0.06,0.059,0,0
PA14_64420,0.16,1.0,-0.124,1.0,0,0.16,0.124,0,0
PA14_65050,-0.109,1.0,-0.054,1.0,0,0.109,0.054,0,0
PA14_67020,-0.074,1.0,0.129,1.0,0,0.074,0.129,0,0
PA14_70340,0.184,1.0,-0.131,1.0,0,0.184,0.131,0,0
pyrE,-0.042,1.0,0.0,1.0,0,0.042,0.0,0,0
PA14_71240,-0.04,1.0,-0.013,1.0,0,0.04,0.013,0,0
PA14_71670,0.08,1.0,-0.046,1.0,0,0.08,0.046,0,0
tRNA,0.624,1.0,-0.131,1.0,0,0.624,0.131,0,0
PA14_01060,-0.22,1.0,-0.056,1.0,0,0.22,0.056,0,0
PA14_02990,-0.088,1.0,-0.11,1.0,0,0.088,0.11,0,0
PA14_03080,0.116,1.0,0.234,1.0,0,0.116,0.234,0,0
PA14_03270,0.083,1.0,-0.06,1.0,0,0.083,0.06,0,0
yhiN,0.105,1.0,0.039,1.0,0,0.105,0.039,0,0
PA14_07310,-0.108,1.0,0.03,1.0,0,0.108,0.03,0,0
rplO,-0.032,1.0,0.052,1.0,0,0.032,0.052,0,0
rpmJ,-0.038,1.0,0.052,1.0,0,0.038,0.052,0,0
rplQ,0.11,1.0,-0.182,1.0,0,0.11,0.182,0,0
PA14_09930,-0.045,1.0,0.045,1.0,0,0.045,0.045,0,0
PA14_12980,-0.069,1.0,0.016,1.0,0,0.069,0.016,0,0
ybiN,-0.101,1.0,0.056,1.0,0,0.101,0.056,0,0
PA14_14560,-0.177,1.0,-0.063,1.0,0,0.177,0.063,0,0
PA14_15050,0.054,1.0,0.025,1.0,0,0.054,0.025,0,0
ffh,-0.062,1.0,0.084,1.0,0,0.062,0.084,0,0
PA14_16190,0.064,1.0,0.019,1.0,0,0.064,0.019,0,0
csdA,-0.057,1.0,0.039,1.0,0,0.057,0.039,0,0
mutS,0.067,1.0,0.034,1.0,0,0.067,0.034,0,0
PA14_18180,0.133,1.0,-0.039,1.0,0,0.133,0.039,0,0
rhlB,0.05,1.0,0.076,1.0,0,0.05,0.076,0,0
ssuE,-0.173,1.0,0.12,1.0,0,0.173,0.12,0,0
fpr,-0.077,1.0,0.021,1.0,0,0.077,0.021,0,0
PA14_20600,0.096,1.0,0.076,1.0,0,0.096,0.076,0,0
hepA,-0.043,1.0,0.573,1.0,0,0.043,0.573,0,0
PA14_25210,0.064,1.0,0.174,1.0,0,0.064,0.174,0,0
PA14_26485,-0.085,1.0,-0.059,1.0,0,0.085,0.059,0,0
cpg2,0.081,1.0,0.05,1.0,0,0.081,0.05,0,0
PA14_28370,0.074,1.0,-0.092,1.0,0,0.074,0.092,0,0
PA14_28750,-0.063,1.0,-0.015,1.0,0,0.063,0.015,0,0
PA14_28800,0.062,1.0,0.184,1.0,0,0.062,0.184,0,0
pgsA,-0.061,1.0,-0.079,1.0,0,0.061,0.079,0,0
PA14_31870,-0.085,1.0,0.066,1.0,0,0.085,0.066,0,0
PA14_32940,-0.063,1.0,-0.168,1.0,0,0.063,0.168,0,0
PA14_33550,-0.083,1.0,-0.055,1.0,0,0.083,0.055,0,0
PA14_34840,0.053,1.0,0.035,1.0,0,0.053,0.035,0,0
PA14_36250,0.109,1.0,0.079,1.0,0,0.109,0.079,0,0
PA14_37270,-0.45,1.0,-0.058,1.0,0,0.45,0.058,0,0
ugd,0.071,1.0,0.037,1.0,0,0.071,0.037,0,0
ppiC1,-0.069,1.0,-0.139,1.0,0,0.069,0.139,0,0
pqqA,-0.159,1.0,-0.029,1.0,0,0.159,0.029,0,0
PA14_40780,-0.064,1.0,-0.193,1.0,0,0.064,0.193,0,0
pscO,0.625,1.0,0.095,1.0,0,0.625,0.095,0,0
PA14_46390,-0.082,1.0,0.006,1.0,0,0.082,0.006,0,0
ggt,-0.069,1.0,-0.114,1.0,0,0.069,0.114,0,0
cobU,-0.102,1.0,0.571,1.0,0,0.102,0.571,0,0
PA14_48320,0.086,1.0,-0.044,1.0,0,0.086,0.044,0,0
PA14_49700,0.059,1.0,-0.33,1.0,0,0.059,0.33,0,0
PA14_49850,-0.115,1.0,0.032,1.0,0,0.115,0.032,0,0
PA14_51860,-0.044,1.0,0.09,1.0,0,0.044,0.09,0,0
yehS,-0.283,1.0,0.111,1.0,0,0.283,0.111,0,0
aotQ,-0.031,1.0,0.094,1.0,0,0.031,0.094,0,0
PA14_53970,0.076,1.0,-0.085,1.0,0,0.076,0.085,0,0
PA14_54760,-0.055,1.0,0.015,1.0,0,0.055,0.015,0,0
PA14_56370,-0.057,1.0,0.048,1.0,0,0.057,0.048,0,0
PA14_57050,0.065,1.0,-0.133,1.0,0,0.065,0.133,0,0
PA14_58220,0.088,1.0,-0.021,1.0,0,0.088,0.021,0,0
PA14_59050,-0.183,1.0,-0.23,1.0,0,0.183,0.23,0,0
cupD5,-0.075,1.0,0.013,1.0,0,0.075,0.013,0,0
PA14_61990,-0.066,1.0,-0.042,1.0,0,0.066,0.042,0,0
PA14_62640,-0.064,1.0,-0.034,1.0,0,0.064,0.034,0,0
PA14_62690,0.02,1.0,-0.048,1.0,0,0.02,0.048,0,0
truB,-0.057,1.0,0.031,1.0,0,0.057,0.031,0,0
prmA,0.054,1.0,-0.01,1.0,0,0.054,0.01,0,0
ntrC,-0.05,1.0,0.182,1.0,0,0.05,0.182,0,0
PA14_68000,-0.036,1.0,0.047,1.0,0,0.036,0.047,0,0
wbpZ,0.094,1.0,0.048,1.0,0,0.094,0.048,0,0
PA14_72790,0.101,1.0,0.058,1.0,0,0.101,0.058,0,0
PA14_00850,0.618,1.0,-0.013,1.0,0,0.618,0.013,0,0
spuH,0.058,1.0,-0.074,1.0,0,0.058,0.074,0,0
PA14_04140,-0.045,1.0,-0.039,1.0,0,0.045,0.039,0,0
PA14_04330,0.093,1.0,0.069,1.0,0,0.093,0.069,0,0
PA14_04430,-0.083,1.0,0.026,1.0,0,0.083,0.026,0,0
PA14_05010,-0.082,1.0,-0.046,1.0,0,0.082,0.046,0,0
PA14_07500,-0.06,1.0,-0.21,1.0,0,0.06,0.21,0,0
PA14_07870,0.058,1.0,0.053,1.0,0,0.058,0.053,0,0
PA14_08490,-0.046,1.0,-0.078,1.0,0,0.046,0.078,0,0
PA14_10110,-0.169,1.0,-0.036,1.0,0,0.169,0.036,0,0
yjgP,-0.049,1.0,-0.013,1.0,0,0.049,0.013,0,0
fdx2,0.125,1.0,0.0,1.0,0,0.125,0.0,0,0
PA14_16960,0.172,1.0,-0.333,1.0,0,0.172,0.333,0,0
dnaE,-0.038,1.0,-0.012,1.0,0,0.038,0.012,0,0
PA14_19810,0.083,1.0,-0.028,1.0,0,0.083,0.028,0,0
PA14_20840,0.045,1.0,-0.011,1.0,0,0.045,0.011,0,0
PA14_23190,-0.125,1.0,-0.169,1.0,0,0.125,0.169,0,0
pelC,0.619,1.0,-0.152,1.0,0,0.619,0.152,0,0
PA14_26340,0.525,1.0,0.489,1.0,0,0.525,0.489,0,0
PA14_28490,-0.077,1.0,-0.033,1.0,0,0.077,0.033,0,0
PA14_30430,-0.017,1.0,-0.045,1.0,0,0.017,0.045,0,0
PA14_31580,0.076,1.0,0.075,1.0,0,0.076,0.075,0,0
PA14_33170,0.071,1.0,-0.293,1.0,0,0.071,0.293,0,0
PA14_33300,0.073,1.0,0.022,1.0,0,0.073,0.022,0,0
PA14_33730,-0.043,1.0,-0.024,1.0,0,0.043,0.024,0,0
pvdP,-0.039,1.0,-0.027,1.0,0,0.039,0.027,0,0
sfnR,0.117,1.0,0.044,1.0,0,0.117,0.044,0,0
PA14_34990,0.085,1.0,0.064,1.0,0,0.085,0.064,0,0
nirD,-0.39,1.0,0.575,1.0,0,0.39,0.575,0,0
smc,-0.046,1.0,0.489,1.0,0,0.046,0.489,0,0
PA14_45920,-0.051,1.0,-0.071,1.0,0,0.051,0.071,0,0
flgE,0.073,1.0,-0.038,1.0,0,0.073,0.038,0,0
ruvA,-0.056,1.0,-0.052,1.0,0,0.056,0.052,0,0
lepB,-0.04,1.0,-0.092,1.0,0,0.04,0.092,0,0
PA14_57470,0.076,1.0,0.034,1.0,0,0.076,0.034,0,0
PA14_58710,0.533,1.0,0.005,1.0,0,0.533,0.005,0,0
PA14_60350,0.05,1.0,0.046,1.0,0,0.05,0.046,0,0
PA14_62650,-0.052,1.0,0.029,1.0,0,0.052,0.029,0,0
ftsH,0.078,1.0,0.186,1.0,0,0.078,0.186,0,0
carA,-0.034,1.0,0.091,1.0,0,0.034,0.091,0,0
alr,-0.07,1.0,0.088,1.0,0,0.07,0.088,0,0
rpsF,0.047,1.0,-0.123,1.0,0,0.047,0.123,0,0
miaA,0.069,1.0,0.17,1.0,0,0.069,0.17,0,0
PA14_65870,0.065,1.0,-0.07,1.0,0,0.065,0.07,0,0
rpmE,0.096,1.0,-0.082,1.0,0,0.096,0.082,0,0
dtd,-0.041,1.0,0.056,1.0,0,0.041,0.056,0,0
PA14_69010,0.062,1.0,0.045,1.0,0,0.062,0.045,0,0
PA14_71080,0.094,1.0,-0.015,1.0,0,0.094,0.015,0,0
PA14_71420,0.156,1.0,0.035,1.0,0,0.156,0.035,0,0
PA14_71680,0.168,1.0,-0.196,1.0,0,0.168,0.196,0,0
PA14_72400,-0.076,1.0,0.075,1.0,0,0.076,0.075,0,0
PA14_72520,0.069,1.0,0.02,1.0,0,0.069,0.02,0,0
PA14_72830,0.058,1.0,-0.105,1.0,0,0.058,0.105,0,0
PA14_73090,-0.078,1.0,-0.198,1.0,0,0.078,0.198,0,0
Pseudomon-1,-0.099,1.0,0.061,1.0,0,0.099,0.061,0,0
PtaRNA1,-0.268,1.0,0.015,1.0,0,0.268,0.015,0,0
PA14_00530,-0.027,1.0,-0.055,1.0,0,0.027,0.055,0,0
PA14_01500,0.102,1.0,-0.153,1.0,0,0.102,0.153,0,0
PA14_03100,0.084,1.0,-0.058,1.0,0,0.084,0.058,0,0
yecS,-0.041,1.0,-0.078,1.0,0,0.041,0.078,0,0
PA14_05860,-0.015,1.0,0.116,1.0,0,0.015,0.116,0,0
cspB,-0.064,1.0,0.025,1.0,0,0.064,0.025,0,0
PA14_10820,0.059,1.0,0.06,1.0,0,0.059,0.06,0,0
PA14_11580,0.082,1.0,-0.046,1.0,0,0.082,0.046,0,0
PA14_11720,-0.089,1.0,-0.049,1.0,0,0.089,0.049,0,0
PA14_13140,-0.047,1.0,-0.033,1.0,0,0.047,0.033,0,0
moaB1,0.101,1.0,-0.118,1.0,0,0.101,0.118,0,0
traK,0.076,1.0,-0.035,1.0,0,0.076,0.035,0,0
phnN,0.168,1.0,0.161,1.0,0,0.168,0.161,0,0
PA14_21930,-0.09,1.0,0.159,1.0,0,0.09,0.159,0,0
PA14_24410,0.49,1.0,-0.005,1.0,0,0.49,0.005,0,0
PA14_24630,-0.05,1.0,0.07,1.0,0,0.05,0.07,0,0
PA14_27000,-0.037,1.0,0.033,1.0,0,0.037,0.033,0,0
PA14_27590,-0.022,1.0,0.048,1.0,0,0.022,0.048,0,0
pfeS,0.079,1.0,0.051,1.0,0,0.079,0.051,0,0
ate1,0.068,1.0,-0.047,1.0,0,0.068,0.047,0,0
PA14_30460,-0.03,1.0,-0.019,1.0,0,0.03,0.019,0,0
PA14_30470,0.067,1.0,-0.025,1.0,0,0.067,0.025,0,0
PA14_30600,-0.098,1.0,0.026,1.0,0,0.098,0.026,0,0
pvdJ,-0.058,1.0,0.044,1.0,0,0.058,0.044,0,0
gltJ,0.532,1.0,-0.108,1.0,0,0.532,0.108,0,0
PA14_36300,-0.032,1.0,-0.032,1.0,0,0.032,0.032,0,0
PA14_36400,0.073,1.0,-0.021,1.0,0,0.073,0.021,0,0
PA14_37130,-0.031,1.0,-0.055,1.0,0,0.031,0.055,0,0
PA14_37290,0.534,1.0,0.14,1.0,0,0.534,0.14,0,0
PA14_37350,-0.071,1.0,-0.081,1.0,0,0.071,0.081,0,0
PA14_37690,-0.024,1.0,-0.073,1.0,0,0.024,0.073,0,0
PA14_38720,0.056,1.0,-0.047,1.0,0,0.056,0.047,0,0
yhhS,-0.065,1.0,-0.018,1.0,0,0.065,0.018,0,0
braZ,-0.082,1.0,0.038,1.0,0,0.082,0.038,0,0
PA14_40980,-0.042,1.0,-0.047,1.0,0,0.042,0.047,0,0
PA14_42840,0.068,1.0,-0.022,1.0,0,0.068,0.022,0,0
PA14_44540,0.148,1.0,-0.006,1.0,0,0.148,0.006,0,0
PA14_46890,0.08,1.0,0.427,1.0,0,0.08,0.427,0,0
PA14_47030,0.18,1.0,-0.057,1.0,0,0.18,0.057,0,0
PA14_47930,-0.29,1.0,-0.146,1.0,0,0.29,0.146,0,0
PA14_49970,-0.058,1.0,-0.072,1.0,0,0.058,0.072,0,0
PA14_51110,0.414,1.0,-0.04,1.0,0,0.414,0.04,0,0
PA14_54770,0.073,1.0,0.029,1.0,0,0.073,0.029,0,0
ddlB,0.078,1.0,-0.094,1.0,0,0.078,0.094,0,0
pilS2,-0.123,1.0,0.115,1.0,0,0.123,0.115,0,0
PA14_59390,0.124,1.0,-0.146,1.0,0,0.124,0.146,0,0
PA14_60560,0.068,1.0,0.037,1.0,0,0.068,0.037,0,0
PA14_61090,-0.064,1.0,0.02,1.0,0,0.064,0.02,0,0
PA14_61370,-0.112,1.0,-0.033,1.0,0,0.112,0.033,0,0
dnaK,-0.035,1.0,0.017,1.0,0,0.035,0.017,0,0
PA14_63430,0.058,1.0,0.427,1.0,0,0.058,0.427,0,0
PA14_64470,0.09,1.0,-0.003,1.0,0,0.09,0.003,0,0
braF,-0.032,1.0,0.158,1.0,0,0.032,0.158,0,0
waaA,-0.058,1.0,-0.185,1.0,0,0.058,0.185,0,0
PA14_67960,-0.09,1.0,-0.048,1.0,0,0.09,0.048,0,0
PA14_69330,0.116,1.0,0.078,1.0,0,0.116,0.078,0,0
lppL,-0.024,1.0,-0.141,1.0,0,0.024,0.141,0,0
ubiA,-0.054,1.0,0.267,1.0,0,0.054,0.267,0,0
pstA,-0.059,1.0,-0.054,1.0,0,0.059,0.054,0,0
betB,-0.05,1.0,-0.058,1.0,0,0.05,0.058,0,0
PA14_72060,-0.156,1.0,-0.083,1.0,0,0.156,0.083,0,0
PA14_72210,-0.068,1.0,0.041,1.0,0,0.068,0.041,0,0
P17,0.431,1.0,-0.061,1.0,0,0.431,0.061,0,0
P15,0.373,1.0,-0.037,1.0,0,0.373,0.037,0,0
tRNA,0.426,1.0,0.141,1.0,0,0.426,0.141,0,0
PA14_00060,0.065,1.0,-0.051,1.0,0,0.065,0.051,0,0
PA14_01110,0.093,1.0,-0.103,1.0,0,0.093,0.103,0,0
gabP,0.147,1.0,-0.027,1.0,0,0.147,0.027,0,0
pcaG,0.097,1.0,0.052,1.0,0,0.097,0.052,0,0
PA14_02370,-0.143,1.0,-0.11,1.0,0,0.143,0.11,0,0
PA14_05210,-0.059,1.0,0.042,1.0,0,0.059,0.042,0,0
algH,0.07,1.0,-0.011,1.0,0,0.07,0.011,0,0
rpoD,0.052,1.0,0.076,1.0,0,0.052,0.076,0,0
PA14_08250,-0.069,1.0,-0.122,1.0,0,0.069,0.122,0,0
trpD,0.043,1.0,0.028,1.0,0,0.043,0.028,0,0
PA14_09990,-0.088,1.0,0.002,1.0,0,0.088,0.002,0,0
cupB2,-0.042,1.0,0.018,1.0,0,0.042,0.018,0,0
PA14_13690,0.056,1.0,0.047,1.0,0,0.056,0.047,0,0
PA14_14230,0.08,1.0,-0.015,1.0,0,0.08,0.015,0,0
fadB,-0.355,1.0,-0.036,1.0,0,0.355,0.036,0,0
algX,-0.126,1.0,-0.11,1.0,0,0.126,0.11,0,0
PA14_20260,-0.104,1.0,-0.059,1.0,0,0.104,0.059,0,0
rfaD,0.069,1.0,-0.104,1.0,0,0.069,0.104,0,0
PA14_21040,0.071,1.0,-0.038,1.0,0,0.071,0.038,0,0
PA14_24600,-0.037,1.0,0.032,1.0,0,0.037,0.032,0,0
PA14_27870,0.057,1.0,-0.02,1.0,0,0.057,0.02,0,0
PA14_28520,0.064,1.0,0.011,1.0,0,0.064,0.011,0,0
yaiW,0.089,1.0,0.035,1.0,0,0.089,0.035,0,0
PA14_32580,-0.088,1.0,-0.046,1.0,0,0.088,0.046,0,0
PA14_32630,-0.034,1.0,0.006,1.0,0,0.034,0.006,0,0
PA14_32660,0.386,1.0,-0.265,1.0,0,0.386,0.265,0,0
gnuT,-0.096,1.0,0.062,1.0,0,0.096,0.062,0,0
PA14_34930,0.372,1.0,0.088,1.0,0,0.372,0.088,0,0
PA14_35300,0.09,1.0,0.059,1.0,0,0.09,0.059,0,0
PA14_35710,-0.023,1.0,-0.061,1.0,0,0.023,0.061,0,0
PA14_40600,-0.063,1.0,0.106,1.0,0,0.063,0.106,0,0
PA14_47260,0.119,1.0,0.037,1.0,0,0.119,0.037,0,0
PA14_50030,0.081,1.0,0.099,1.0,0,0.081,0.099,0,0
braG,0.085,1.0,-0.084,1.0,0,0.085,0.084,0,0
PA14_50830,-0.029,1.0,-0.118,1.0,0,0.029,0.118,0,0
exoU,-0.023,1.0,0.007,1.0,0,0.023,0.007,0,0
PA14_51890,-0.049,1.0,-0.045,1.0,0,0.049,0.045,0,0
purN,0.001,1.0,-0.102,1.0,0,0.001,0.102,0,0
pncB2,-0.05,1.0,-0.025,1.0,0,0.05,0.025,0,0
PA14_58950,0.127,1.0,-0.028,1.0,0,0.127,0.028,0,0
PA14_59845,-0.016,1.0,-0.024,1.0,0,0.016,0.024,0,0
PA14_60800,-0.026,1.0,-0.112,1.0,0,0.026,0.112,0,0
rimI,0.094,1.0,-0.042,1.0,0,0.094,0.042,0,0
PA14_61980,-0.218,1.0,0.041,1.0,0,0.218,0.041,0,0
secG,-0.071,1.0,0.028,1.0,0,0.071,0.028,0,0
PA14_63890,-0.051,1.0,0.02,1.0,0,0.051,0.02,0,0
PA14_64310,0.112,1.0,-0.248,1.0,0,0.112,0.248,0,0
ubiB,-0.043,1.0,-0.056,1.0,0,0.043,0.056,0,0
PA14_67850,-0.066,1.0,-0.061,1.0,0,0.066,0.061,0,0
PA14_68780,0.111,1.0,-0.057,1.0,0,0.111,0.057,0,0
PA14_69170,-0.036,1.0,0.029,1.0,0,0.036,0.029,0,0
PA14_69720,0.077,1.0,0.04,1.0,0,0.077,0.04,0,0
PA14_70330,0.141,1.0,0.086,1.0,0,0.141,0.086,0,0
tag,0.097,1.0,0.055,1.0,0,0.097,0.055,0,0
PA14_01520,0.082,1.0,-0.075,1.0,0,0.082,0.075,0,0
PA14_01690,0.094,1.0,-0.057,1.0,0,0.094,0.057,0,0
PA14_04230,0.355,1.0,-0.049,1.0,0,0.355,0.049,0,0
gph,-0.123,1.0,-0.054,1.0,0,0.123,0.054,0,0
uvrA,-0.025,1.0,0.093,1.0,0,0.025,0.093,0,0
phzD1,0.334,1.0,0.068,1.0,0,0.334,0.068,0,0
hpaG2,0.335,1.0,-0.089,1.0,0,0.335,0.089,0,0
PA14_11990,0.19,1.0,-0.176,1.0,0,0.19,0.176,0,0
rodA,-0.029,1.0,0.429,1.0,0,0.029,0.429,0,0
PA14_14010,0.145,1.0,-0.044,1.0,0,0.145,0.044,0,0
PA14_14400,0.153,1.0,0.07,1.0,0,0.153,0.07,0,0
engA,0.043,1.0,0.046,1.0,0,0.043,0.046,0,0
glpM,-0.176,1.0,-0.052,1.0,0,0.176,0.052,0,0
fruR,-0.015,1.0,0.018,1.0,0,0.015,0.018,0,0
PA14_19390,-0.108,1.0,-0.174,1.0,0,0.108,0.174,0,0
hasAp,0.072,1.0,0.018,1.0,0,0.072,0.018,0,0
amiB,-0.025,1.0,-0.1,1.0,0,0.025,0.1,0,0
hutG,-0.17,1.0,0.058,1.0,0,0.17,0.058,0,0
hisC2,0.066,1.0,-0.037,1.0,0,0.066,0.037,0,0
cvpA,0.056,1.0,-0.083,1.0,0,0.056,0.083,0,0
PA14_24710,0.052,1.0,0.135,1.0,0,0.052,0.135,0,0
PA14_24880,-0.069,1.0,-0.072,1.0,0,0.069,0.072,0,0
PA14_25410,-0.071,1.0,-0.254,1.0,0,0.071,0.254,0,0
PA14_26650,0.086,1.0,0.033,1.0,0,0.086,0.033,0,0
pyrF,0.083,1.0,0.048,1.0,0,0.083,0.048,0,0
PA14_28830,0.062,1.0,0.07,1.0,0,0.062,0.07,0,0
PA14_29390,0.103,1.0,-0.003,1.0,0,0.103,0.003,0,0
PA14_29740,-0.053,1.0,0.031,1.0,0,0.053,0.031,0,0
PA14_30030,0.123,1.0,-0.028,1.0,0,0.123,0.028,0,0
PA14_30580,0.074,1.0,-0.089,1.0,0,0.074,0.089,0,0
PA14_30700,-0.033,1.0,0.015,1.0,0,0.033,0.015,0,0
PA14_30890,0.464,1.0,-0.034,1.0,0,0.464,0.034,0,0
PA14_31250,0.306,1.0,-0.179,1.0,0,0.306,0.179,0,0
PA14_34320,-0.111,1.0,-0.056,1.0,0,0.111,0.056,0,0
PA14_34820,0.053,1.0,-0.04,1.0,0,0.053,0.04,0,0
galU,0.04,1.0,0.003,1.0,0,0.04,0.003,0,0
glpR,0.149,1.0,-0.086,1.0,0,0.149,0.086,0,0
PA14_39100,-0.091,1.0,-0.012,1.0,0,0.091,0.012,0,0
PA14_39630,0.278,1.0,-0.058,1.0,0,0.278,0.058,0,0
nrdG,0.365,1.0,0.035,1.0,0,0.365,0.035,0,0
PA14_40220,-0.042,1.0,-0.232,1.0,0,0.042,0.232,0,0
PA14_41740,0.078,1.0,0.045,1.0,0,0.078,0.045,0,0
PA14_41750,-0.054,1.0,0.054,1.0,0,0.054,0.054,0,0
speE,-0.019,1.0,0.028,1.0,0,0.019,0.028,0,0
PA14_42790,-0.026,1.0,0.181,1.0,0,0.026,0.181,0,0
PA14_43110,-0.017,1.0,0.062,1.0,0,0.017,0.062,0,0
PA14_43890,0.115,1.0,0.079,1.0,0,0.115,0.079,0,0
alkB2,0.019,1.0,-0.019,1.0,0,0.019,0.019,0,0
fliA,0.053,1.0,-0.018,1.0,0,0.053,0.018,0,0
PA14_47850,-0.321,1.0,0.04,1.0,0,0.321,0.04,0,0
rsmA,-0.076,1.0,0.031,1.0,0,0.076,0.031,0,0
PA14_55610,-0.047,1.0,0.047,1.0,0,0.047,0.047,0,0
PA14_56220,-0.031,1.0,0.078,1.0,0,0.031,0.078,0,0
PA14_56960,-0.107,1.0,0.03,1.0,0,0.107,0.03,0,0
PA14_57880,0.072,1.0,-0.058,1.0,0,0.072,0.058,0,0
PA14_58260,0.125,1.0,-0.153,1.0,0,0.125,0.153,0,0
dppC,0.08,1.0,-0.116,1.0,0,0.08,0.116,0,0
PA14_59090,0.114,1.0,-0.059,1.0,0,0.114,0.059,0,0
PA14_61380,0.056,1.0,-0.019,1.0,0,0.056,0.019,0,0
lldP,0.115,1.0,0.072,1.0,0,0.115,0.072,0,0
PA14_63770,0.313,1.0,0.031,1.0,0,0.313,0.031,0,0
rnr,-0.034,1.0,-0.062,1.0,0,0.034,0.062,0,0
PA14_66170,0.045,1.0,-0.052,1.0,0,0.045,0.052,0,0
ilvE,0.062,1.0,-0.071,1.0,0,0.062,0.071,0,0
PA14_66320,-0.032,1.0,0.045,1.0,0,0.032,0.045,0,0
PA14_66520,0.146,1.0,-0.024,1.0,0,0.146,0.024,0,0
PA14_69600,0.062,1.0,0.045,1.0,0,0.062,0.045,0,0
coaC,-0.044,1.0,-0.239,1.0,0,0.044,0.239,0,0
PA14_71030,-0.029,1.0,-0.134,1.0,0,0.029,0.134,0,0
purU2,0.144,1.0,-0.228,1.0,0,0.144,0.228,0,0
uvrD,0.056,1.0,0.063,1.0,0,0.056,0.063,0,0
polA,0.054,1.0,-0.156,1.0,0,0.054,0.156,0,0
PA14_72660,-0.332,1.0,0.195,1.0,0,0.332,0.195,0,0
P1,-0.025,1.0,0.022,1.0,0,0.025,0.022,0,0
tRNA,-0.298,1.0,0.07,1.0,0,0.298,0.07,0,0
tRNA-Sec,-0.075,1.0,-0.096,1.0,0,0.075,0.096,0,0
PA14_00890,-0.273,1.0,0.307,1.0,0,0.273,0.307,0,0
PA14_01510,0.095,1.0,0.195,1.0,0,0.095,0.195,0,0
rpiA,0.037,1.0,-0.021,1.0,0,0.037,0.021,0,0
ilvD,0.064,1.0,0.073,1.0,0,0.064,0.073,0,0
PA14_05300,-0.026,1.0,0.075,1.0,0,0.026,0.075,0,0
PA14_06030,-0.039,1.0,-0.008,1.0,0,0.039,0.008,0,0
PA14_08590,0.282,1.0,0.031,1.0,0,0.282,0.031,0,0
secY,0.081,1.0,0.064,1.0,0,0.081,0.064,0,0
PA14_09790,0.059,1.0,0.064,1.0,0,0.059,0.064,0,0
hpcG,0.24,1.0,0.08,1.0,0,0.24,0.08,0,0
ampC,0.098,1.0,0.045,1.0,0,0.098,0.045,0,0
PA14_12310,-0.05,1.0,0.058,1.0,0,0.05,0.058,0,0
PA14_12530,-0.011,1.0,-0.047,1.0,0,0.011,0.047,0,0
PA14_13860,0.163,1.0,-0.093,1.0,0,0.163,0.093,0,0
PA14_14900,-0.039,1.0,0.065,1.0,0,0.039,0.065,0,0
cumA,0.039,1.0,0.072,1.0,0,0.039,0.072,0,0
dapD,-0.021,1.0,0.062,1.0,0,0.021,0.062,0,0
mesJ,0.054,1.0,-0.022,1.0,0,0.054,0.022,0,0
ycjJ,0.059,1.0,-0.02,1.0,0,0.059,0.02,0,0
algJ,-0.312,1.0,0.054,1.0,0,0.312,0.054,0,0
pldA,0.065,1.0,0.04,1.0,0,0.065,0.04,0,0
PA14_19210,-0.025,1.0,-0.068,1.0,0,0.025,0.068,0,0
PA14_19310,0.07,1.0,0.108,1.0,0,0.07,0.108,0,0
PA14_19970,0.23,1.0,0.021,1.0,0,0.23,0.021,0,0
phnF,-0.314,1.0,-0.072,1.0,0,0.314,0.072,0,0
yciO,-0.009,1.0,0.066,1.0,0,0.009,0.066,0,0
PA14_24150,-0.009,1.0,-0.077,1.0,0,0.009,0.077,0,0
PA14_24820,0.274,1.0,0.014,1.0,0,0.274,0.014,0,0
sth,-0.036,1.0,-0.02,1.0,0,0.036,0.02,0,0
PA14_26140,0.028,1.0,0.041,1.0,0,0.028,0.041,0,0
PA14_26830,0.176,1.0,-0.084,1.0,0,0.176,0.084,0,0
PA14_27660,0.159,1.0,0.065,1.0,0,0.159,0.065,0,0
PA14_28620,-0.043,1.0,-0.042,1.0,0,0.043,0.042,0,0
PA14_31160,0.041,1.0,-0.018,1.0,0,0.041,0.018,0,0
ctpH,0.103,1.0,-0.012,1.0,0,0.103,0.012,0,0
PA14_31470,-0.029,1.0,-0.444,1.0,0,0.029,0.444,0,0
xylL,0.203,1.0,0.034,1.0,0,0.203,0.034,0,0
catB,0.081,1.0,-0.298,1.0,0,0.081,0.298,0,0
PA14_34780,0.2,1.0,-0.061,1.0,0,0.2,0.061,0,0
PA14_34940,0.239,1.0,-0.153,1.0,0,0.239,0.153,0,0
PA14_37915,0.227,1.0,-0.072,1.0,0,0.227,0.072,0,0
PA14_38580,-0.111,1.0,0.051,1.0,0,0.111,0.051,0,0
PA14_39560,-0.022,1.0,0.007,1.0,0,0.022,0.007,0,0
pcr1,0.181,1.0,-0.029,1.0,0,0.181,0.029,0,0
pscT,0.306,1.0,0.057,1.0,0,0.306,0.057,0,0
PA14_42920,-0.003,1.0,-0.015,1.0,0,0.003,0.015,0,0
PA14_44580,0.075,1.0,0.016,1.0,0,0.075,0.016,0,0
gcl,0.1,1.0,0.02,1.0,0,0.1,0.02,0,0
PA14_45260,0.096,1.0,-0.061,1.0,0,0.096,0.061,0,0
PA14_46160,-0.107,1.0,-0.107,1.0,0,0.107,0.107,0,0
ybiF,-0.166,1.0,0.033,1.0,0,0.166,0.033,0,0
PA14_47820,-0.021,1.0,0.037,1.0,0,0.021,0.037,0,0
glnQ,0.201,1.0,-0.038,1.0,0,0.201,0.038,0,0
PA14_48020,0.074,1.0,0.056,1.0,0,0.074,0.056,0,0
PA14_48160,0.02,1.0,-0.06,1.0,0,0.02,0.06,0,0
braC,-0.018,1.0,0.048,1.0,0,0.018,0.048,0,0
phaE,-0.031,1.0,0.267,1.0,0,0.031,0.267,0,0
pdxH,-0.024,1.0,-0.031,1.0,0,0.024,0.031,0,0
pqsA,-0.01,1.0,-0.055,1.0,0,0.01,0.055,0,0
PA14_51600,-0.019,1.0,-0.51,1.0,0,0.019,0.51,0,0
PA14_51850,-0.003,1.0,-0.073,1.0,0,0.003,0.073,0,0
PA14_56850,-0.05,1.0,-0.09,1.0,0,0.05,0.09,0,0
ftsW,0.071,1.0,-0.072,1.0,0,0.071,0.072,0,0
PA14_57640,-0.04,1.0,-0.002,1.0,0,0.04,0.002,0,0
PA14_57740,-0.039,1.0,-0.089,1.0,0,0.039,0.089,0,0
glyA,0.077,1.0,-0.048,1.0,0,0.077,0.048,0,0
PA14_61130,0.087,1.0,-0.046,1.0,0,0.087,0.046,0,0
PA14_62250,0.047,1.0,-0.109,1.0,0,0.047,0.109,0,0
yncA,-0.213,1.0,-0.051,1.0,0,0.213,0.051,0,0
ureB,0.16,1.0,0.26,1.0,0,0.16,0.26,0,0
bcpA,-0.033,1.0,-0.147,1.0,0,0.033,0.147,0,0
livF,0.11,1.0,-0.022,1.0,0,0.11,0.022,0,0
pilN,-0.033,1.0,0.036,1.0,0,0.033,0.036,0,0
priA,0.089,1.0,0.027,1.0,0,0.089,0.027,0,0
PA14_71330,-0.091,1.0,-0.016,1.0,0,0.091,0.016,0,0
PA14_72750,-0.042,1.0,-0.041,1.0,0,0.042,0.041,0,0
PA14_73020,-0.011,1.0,-0.015,1.0,0,0.011,0.015,0,0
P35,-0.107,1.0,0.037,1.0,0,0.107,0.037,0,0
P14,-0.09,1.0,-0.048,1.0,0,0.09,0.048,0,0
tRNA,-0.281,1.0,-0.044,1.0,0,0.281,0.044,0,0
mdcC,0.352,1.0,-0.51,1.0,0,0.352,0.51,0,0
cynX,0.187,1.0,0.03,1.0,0,0.187,0.03,0,0
mutM,-0.008,1.0,-0.035,1.0,0,0.008,0.035,0,0
mexA,0.041,1.0,-0.073,1.0,0,0.041,0.073,0,0
PA14_06040,0.029,1.0,-0.052,1.0,0,0.029,0.052,0,0
PA14_07030,0.025,1.0,0.041,1.0,0,0.025,0.041,0,0
rplV,-0.033,1.0,0.007,1.0,0,0.033,0.007,0,0
opdN,-0.132,1.0,-0.12,1.0,0,0.132,0.12,0,0
PA14_10700,-0.035,1.0,-0.062,1.0,0,0.035,0.062,0,0
PA14_13600,-0.042,1.0,-0.015,1.0,0,0.042,0.015,0,0
yhdW,0.052,1.0,-0.012,1.0,0,0.052,0.012,0,0
PA14_15750,-0.085,1.0,-0.065,1.0,0,0.085,0.065,0,0
uppS,0.047,1.0,0.059,1.0,0,0.047,0.059,0,0
PA14_18100,-0.042,1.0,-0.019,1.0,0,0.042,0.019,0,0
fimV,-0.036,1.0,0.021,1.0,0,0.036,0.021,0,0
PA14_25030,-0.043,1.0,-0.065,1.0,0,0.043,0.065,0,0
PA14_26110,-0.266,1.0,-0.012,1.0,0,0.266,0.012,0,0
ordL,0.07,1.0,0.057,1.0,0,0.07,0.057,0,0
qor,0.051,1.0,-0.052,1.0,0,0.051,0.052,0,0
PA14_29590,0.051,1.0,-0.069,1.0,0,0.051,0.069,0,0
PA14_29730,-0.035,1.0,0.05,1.0,0,0.035,0.05,0,0
PA14_31640,0.046,1.0,0.214,1.0,0,0.046,0.214,0,0
hisC,0.1,1.0,-0.134,1.0,0,0.1,0.134,0,0
dsbG,-0.062,1.0,0.035,1.0,0,0.062,0.035,0,0
glyA2,0.168,1.0,-0.2,1.0,0,0.168,0.2,0,0
PA14_35840,-0.044,1.0,-0.026,1.0,0,0.044,0.026,0,0
yedI,-0.054,1.0,0.054,1.0,0,0.054,0.054,0,0
cti,-0.02,1.0,-0.01,1.0,0,0.02,0.01,0,0
ccoN,0.048,1.0,0.046,1.0,0,0.048,0.046,0,0
fliP,-0.016,1.0,-0.058,1.0,0,0.016,0.058,0,0
phnW,-0.034,1.0,0.204,1.0,0,0.034,0.204,0,0
PA14_47530,0.085,1.0,0.05,1.0,0,0.085,0.05,0,0
cobV,-0.18,1.0,-0.089,1.0,0,0.18,0.089,0,0
PA14_48640,-0.104,1.0,0.043,1.0,0,0.104,0.043,0,0
PA14_48730,0.058,1.0,-0.013,1.0,0,0.058,0.013,0,0
phoP,0.015,1.0,-0.024,1.0,0,0.015,0.024,0,0
toxA,-0.087,1.0,-0.026,1.0,0,0.087,0.026,0,0
PA14_49690,-0.099,1.0,-0.101,1.0,0,0.099,0.101,0,0
PA14_51580,0.1,1.0,-0.13,1.0,0,0.1,0.13,0,0
pirR,-0.001,1.0,-0.024,1.0,0,0.001,0.024,0,0
PA14_53180,-0.033,1.0,-0.196,1.0,0,0.033,0.196,0,0
putP,0.056,1.0,0.221,1.0,0,0.056,0.221,0,0
PA14_54600,-0.026,1.0,-0.016,1.0,0,0.026,0.016,0,0
PA14_54710,-0.069,1.0,0.215,1.0,0,0.069,0.215,0,0
nemO,-0.054,1.0,0.054,1.0,0,0.054,0.054,0,0
chrA,-0.184,1.0,-0.076,1.0,0,0.184,0.076,0,0
ftsZ,-0.035,1.0,0.057,1.0,0,0.035,0.057,0,0
PA14_58515,0.06,1.0,0.025,1.0,0,0.06,0.025,0,0
rpsT,0.033,1.0,0.02,1.0,0,0.033,0.02,0,0
PA14_61350,0.073,1.0,0.018,1.0,0,0.073,0.018,0,0
PA14_61890,-0.044,1.0,-0.025,1.0,0,0.044,0.025,0,0
PA14_61960,-0.045,1.0,-0.01,1.0,0,0.045,0.01,0,0
PA14_62420,0.023,1.0,-0.031,1.0,0,0.023,0.031,0,0
aspC,-0.038,1.0,0.091,1.0,0,0.038,0.091,0,0
carB,0.043,1.0,0.051,1.0,0,0.043,0.051,0,0
PA14_63190,-0.067,1.0,0.219,1.0,0,0.067,0.219,0,0
PA14_64240,0.073,1.0,-0.006,1.0,0,0.073,0.006,0,0
PA14_64900,-0.016,1.0,0.192,1.0,0,0.016,0.192,0,0
PA14_65060,0.068,1.0,0.015,1.0,0,0.068,0.015,0,0
PA14_65260,-0.025,1.0,-0.037,1.0,0,0.025,0.037,0,0
PA14_66010,-0.036,1.0,0.234,1.0,0,0.036,0.234,0,0
PA14_66190,0.071,1.0,-0.027,1.0,0,0.071,0.027,0,0
PA14_68930,0.062,1.0,0.017,1.0,0,0.062,0.017,0,0
betA,0.087,1.0,0.027,1.0,0,0.087,0.027,0,0
dsbA,-0.026,1.0,-0.031,1.0,0,0.026,0.031,0,0
PA14_73030,0.073,1.0,-0.093,1.0,0,0.073,0.093,0,0
recF,0.0,1.0,-0.085,1.0,0,0.0,0.085,0,0
PA14_01940,0.041,1.0,0.001,1.0,0,0.041,0.001,0,0
PA14_02410,0.189,1.0,0.223,1.0,0,0.189,0.223,0,0
PA14_03980,-0.046,1.0,-0.087,1.0,0,0.046,0.087,0,0
PA14_06390,-0.056,1.0,-0.201,1.0,0,0.056,0.201,0,0
PA14_07300,0.081,1.0,-0.058,1.0,0,0.081,0.058,0,0
rplA,0.053,1.0,-0.019,1.0,0,0.053,0.019,0,0
rpsN,0.079,1.0,-0.428,1.0,0,0.079,0.428,0,0
cvaB,0.093,1.0,0.029,1.0,0,0.093,0.029,0,0
PA14_10680,-0.043,1.0,0.191,1.0,0,0.043,0.191,0,0
PA14_10710,-0.024,1.0,0.058,1.0,0,0.024,0.058,0,0
PA14_10940,-0.039,1.0,0.16,1.0,0,0.039,0.16,0,0
PA14_12160,0.044,1.0,0.028,1.0,0,0.044,0.028,0,0
PA14_12360,-0.004,1.0,0.086,1.0,0,0.004,0.086,0,0
PA14_13410,-0.013,1.0,-0.043,1.0,0,0.013,0.043,0,0
PA14_13510,0.065,1.0,0.045,1.0,0,0.065,0.045,0,0
PA14_13520,0.084,1.0,0.022,1.0,0,0.084,0.022,0,0
PA14_15560,0.033,1.0,-0.044,1.0,0,0.033,0.044,0,0
PA14_16890,-0.051,1.0,0.064,1.0,0,0.051,0.064,0,0
PA14_20780,0.052,1.0,-0.028,1.0,0,0.052,0.028,0,0
PA14_21830,-0.056,1.0,0.043,1.0,0,0.056,0.043,0,0
PA14_23120,0.064,1.0,-0.021,1.0,0,0.064,0.021,0,0
wbpM,0.05,1.0,0.076,1.0,0,0.05,0.076,0,0
PA14_24840,0.055,1.0,0.009,1.0,0,0.055,0.009,0,0
moaB2,-0.003,1.0,-0.016,1.0,0,0.003,0.016,0,0
PA14_26870,-0.177,1.0,0.05,1.0,0,0.177,0.05,0,0
PA14_27250,-0.069,1.0,-0.226,1.0,0,0.069,0.226,0,0
PA14_27900,-0.041,1.0,0.029,1.0,0,0.041,0.029,0,0
PA14_28030,0.049,1.0,0.023,1.0,0,0.049,0.023,0,0
hplW,-0.107,1.0,0.067,1.0,0,0.107,0.067,0,0
PA14_30370,0.076,1.0,0.076,1.0,0,0.076,0.076,0,0
PA14_31310,0.055,1.0,-0.023,1.0,0,0.055,0.023,0,0
gcd,0.04,1.0,-0.093,1.0,0,0.04,0.093,0,0
PA14_35060,-0.037,1.0,-0.009,1.0,0,0.037,0.009,0,0
PA14_36960,0.076,1.0,0.15,1.0,0,0.076,0.15,0,0
cupA3,-0.157,1.0,-0.033,1.0,0,0.157,0.033,0,0
yjiR,0.095,1.0,0.019,1.0,0,0.095,0.019,0,0
PA14_43770,0.102,1.0,0.019,1.0,0,0.102,0.019,0,0
fliL,0.079,1.0,0.084,1.0,0,0.079,0.084,0,0
lasR,-0.02,1.0,-0.069,1.0,0,0.02,0.069,0,0
PA14_46080,-0.114,1.0,0.133,1.0,0,0.114,0.133,0,0
PA14_46520,-0.024,1.0,-0.084,1.0,0,0.024,0.084,0,0
PA14_49320,0.035,1.0,-0.108,1.0,0,0.035,0.108,0,0
PA14_51590,-0.063,1.0,-0.179,1.0,0,0.063,0.179,0,0
mgtE,-0.038,1.0,-0.175,1.0,0,0.038,0.175,0,0
cpbD,0.015,1.0,0.201,1.0,0,0.015,0.201,0,0
PA14_53600,0.054,1.0,0.037,1.0,0,0.054,0.037,0,0
mucD,-0.053,1.0,-0.177,1.0,0,0.053,0.177,0,0
sbcC,0.081,1.0,0.104,1.0,0,0.081,0.104,0,0
PA14_58890,0.097,1.0,-0.098,1.0,0,0.097,0.098,0,0
PA14_58920,0.083,1.0,-0.086,1.0,0,0.083,0.086,0,0
pth,0.063,1.0,0.005,1.0,0,0.063,0.005,0,0
yhbY,-0.046,1.0,0.163,1.0,0,0.046,0.163,0,0
PA14_63220,-0.011,1.0,-0.041,1.0,0,0.011,0.041,0,0
PA14_63470,-0.038,1.0,-0.04,1.0,0,0.038,0.04,0,0
PA14_63860,0.126,1.0,-0.052,1.0,0,0.126,0.052,0,0
PA14_63960,-0.016,1.0,-0.025,1.0,0,0.016,0.025,0,0
PA14_65040,-0.002,1.0,-0.073,1.0,0,0.002,0.073,0,0
ygiR,-0.03,1.0,0.053,1.0,0,0.03,0.053,0,0
PA14_66110,-0.015,1.0,-0.011,1.0,0,0.015,0.011,0,0
PA14_69270,-0.086,1.0,0.035,1.0,0,0.086,0.035,0,0
spoT,0.051,1.0,0.026,1.0,0,0.051,0.026,0,0
PA14_71780,-0.022,1.0,0.039,1.0,0,0.022,0.039,0,0
PA14_72220,-0.06,1.0,0.054,1.0,0,0.06,0.054,0,0
mdcE,-0.152,1.0,0.033,1.0,0,0.152,0.033,0,0
PA14_06010,0.053,1.0,-0.022,1.0,0,0.053,0.022,0,0
pdxA,-0.04,1.0,-0.049,1.0,0,0.04,0.049,0,0
dxs,0.061,1.0,-0.083,1.0,0,0.061,0.083,0,0
PA14_12270,0.024,1.0,-0.009,1.0,0,0.024,0.009,0,0
PA14_12960,-0.161,1.0,0.033,1.0,0,0.161,0.033,0,0
PA14_13670,-0.135,1.0,0.045,1.0,0,0.135,0.045,0,0
narK1,-0.11,1.0,0.0,1.0,0,0.11,0.0,0,0
iscU,-0.011,1.0,0.023,1.0,0,0.011,0.023,0,0
PA14_16260,0.028,1.0,-0.011,1.0,0,0.028,0.011,0,0
ppc,0.04,1.0,0.034,1.0,0,0.04,0.034,0,0
PA14_19010,0.15,1.0,0.036,1.0,0,0.15,0.036,0,0
recQ,-0.027,1.0,0.172,1.0,0,0.027,0.172,0,0
PA14_22380,0.09,1.0,0.075,1.0,0,0.09,0.075,0,0
PA14_22740,0.06,1.0,-0.073,1.0,0,0.06,0.073,0,0
PA14_23130,-0.041,1.0,0.126,1.0,0,0.041,0.126,0,0
orfM,0.058,1.0,0.078,1.0,0,0.058,0.078,0,0
orfN,-0.036,1.0,-0.026,1.0,0,0.036,0.026,0,0
PA14_25040,-0.02,1.0,-0.024,1.0,0,0.02,0.024,0,0
PA14_25130,-0.022,1.0,-0.113,1.0,0,0.022,0.113,0,0
apbE,0.054,1.0,0.004,1.0,0,0.054,0.004,0,0
hisJ,-0.156,1.0,0.076,1.0,0,0.156,0.076,0,0
ohr,0.088,1.0,0.046,1.0,0,0.088,0.046,0,0
PA14_27570,0.065,1.0,-0.02,1.0,0,0.065,0.02,0,0
mapB,-0.025,1.0,0.092,1.0,0,0.025,0.092,0,0
PA14_29230,-0.043,1.0,0.062,1.0,0,0.043,0.062,0,0
wzm,-0.038,1.0,0.024,1.0,0,0.038,0.024,0,0
clpS,0.036,1.0,-0.005,1.0,0,0.036,0.005,0,0
PA14_32300,-0.049,1.0,0.09,1.0,0,0.049,0.09,0,0
pvdQ,0.048,1.0,0.021,1.0,0,0.048,0.021,0,0
opdG,-0.026,1.0,-0.03,1.0,0,0.026,0.03,0,0
malQ,-0.089,1.0,0.082,1.0,0,0.089,0.082,0,0
PA14_37745,0.014,1.0,-0.06,1.0,0,0.014,0.06,0,0
PA14_39390,0.043,1.0,0.113,1.0,0,0.043,0.113,0,0
PA14_42670,0.059,1.0,0.085,1.0,0,0.059,0.085,0,0
PA14_43480,0.08,1.0,-0.361,1.0,0,0.08,0.361,0,0
PA14_46750,-0.06,1.0,0.038,1.0,0,0.06,0.038,0,0
PA14_51100,-0.034,1.0,0.013,1.0,0,0.034,0.013,0,0
yliG,-0.017,1.0,0.013,1.0,0,0.017,0.013,0,0
PA14_54090,-0.053,1.0,0.074,1.0,0,0.053,0.074,0,0
PA14_55030,0.122,1.0,0.001,1.0,0,0.122,0.001,0,0
PA14_55620,-0.125,1.0,0.142,1.0,0,0.125,0.142,0,0
PA14_56250,0.061,1.0,0.054,1.0,0,0.061,0.054,0,0
PA14_61440,0.002,1.0,0.14,1.0,0,0.002,0.14,0,0
PA14_62020,0.082,1.0,0.022,1.0,0,0.082,0.022,0,0
PA14_66760,-0.051,1.0,-0.053,1.0,0,0.051,0.053,0,0
PA14_67460,0.058,1.0,0.0,1.0,0,0.058,0.0,0,0
cyaA,0.073,1.0,0.134,1.0,0,0.073,0.134,0,0
PA14_70770,0.054,1.0,-0.357,1.0,0,0.054,0.357,0,0
PA14_70780,-0.022,1.0,-0.366,1.0,0,0.022,0.366,0,0
purE,-0.012,1.0,0.058,1.0,0,0.012,0.058,0,0
PA14_01430,0.094,1.0,-0.363,1.0,0,0.094,0.363,0,0
PA14_01870,0.081,1.0,0.092,1.0,0,0.081,0.092,0,0
PA14_02650,-0.047,1.0,-0.029,1.0,0,0.047,0.029,0,0
PA14_03150,0.071,1.0,0.121,1.0,0,0.071,0.121,0,0
PA14_03320,-0.022,1.0,0.0,1.0,0,0.022,0.0,0,0
PA14_03390,-0.041,1.0,0.04,1.0,0,0.041,0.04,0,0
pyrR,0.041,1.0,0.139,1.0,0,0.041,0.139,0,0
pilJ,0.061,1.0,-0.106,1.0,0,0.061,0.106,0,0
creB,-0.036,1.0,-0.027,1.0,0,0.036,0.027,0,0
nirD,-0.475,1.0,0.084,1.0,0,0.475,0.084,0,0
hyi,-0.044,1.0,0.072,1.0,0,0.044,0.072,0,0
PA14_07370,0.017,1.0,0.079,1.0,0,0.017,0.079,0,0
PA14_11960,0.071,1.0,0.059,1.0,0,0.071,0.059,0,0
PA14_13380,0.082,1.0,0.126,1.0,0,0.082,0.126,0,0
PA14_13420,-0.045,1.0,0.032,1.0,0,0.045,0.032,0,0
PA14_13610,-0.056,1.0,0.083,1.0,0,0.056,0.083,0,0
PA14_14810,0.072,1.0,0.052,1.0,0,0.072,0.052,0,0
rimM,-0.023,1.0,0.012,1.0,0,0.023,0.012,0,0
PA14_16180,0.062,1.0,0.071,1.0,0,0.062,0.071,0,0
PA14_16590,-0.019,1.0,-0.033,1.0,0,0.019,0.033,0,0
lpxB,-0.044,1.0,-0.013,1.0,0,0.044,0.013,0,0
paaJ,0.241,1.0,0.083,1.0,0,0.241,0.083,0,0
PA14_19205,-0.047,1.0,0.099,1.0,0,0.047,0.099,0,0
PA14_19650,-0.074,1.0,0.024,1.0,0,0.074,0.024,0,0
PA14_21650,-0.033,1.0,0.027,1.0,0,0.033,0.027,0,0
PA14_23590,-0.008,1.0,0.097,1.0,0,0.008,0.097,0,0
xcpP,-0.04,1.0,0.051,1.0,0,0.04,0.051,0,0
PA14_24675,0.045,1.0,0.13,1.0,0,0.045,0.13,0,0
mobA,-0.031,1.0,-0.004,1.0,0,0.031,0.004,0,0
gapA,-0.012,1.0,-0.014,1.0,0,0.012,0.014,0,0
lolC,0.042,1.0,0.094,1.0,0,0.042,0.094,0,0
lpxK,0.0,1.0,0.028,1.0,0,0.0,0.028,0,0
maf-1,-0.014,1.0,-0.316,1.0,0,0.014,0.316,0,0
PA14_26020,-0.054,1.0,-0.084,1.0,0,0.054,0.084,0,0
PA14_27450,0.09,1.0,-0.31,1.0,0,0.09,0.31,0,0
PA14_31630,0.072,1.0,-0.017,1.0,0,0.072,0.017,0,0
xthA,-0.042,1.0,-0.045,1.0,0,0.042,0.045,0,0
srpL,0.107,1.0,-0.015,1.0,0,0.107,0.015,0,0
PA14_34610,-0.214,1.0,-0.059,1.0,0,0.214,0.059,0,0
PA14_35760,0.058,1.0,0.056,1.0,0,0.058,0.056,0,0
PA14_38040,0.008,1.0,-0.007,1.0,0,0.008,0.007,0,0
PA14_39670,0.233,1.0,-0.074,1.0,0,0.233,0.074,0,0
pscU,-0.095,1.0,0.049,1.0,0,0.095,0.049,0,0
PA14_44590,0.02,1.0,0.017,1.0,0,0.02,0.017,0,0
PA14_44780,-0.042,1.0,-0.026,1.0,0,0.042,0.026,0,0
PA14_46710,0.07,1.0,0.03,1.0,0,0.07,0.03,0,0
PA14_48310,0.083,1.0,-0.011,1.0,0,0.083,0.011,0,0
PA14_48980,0.106,1.0,-0.062,1.0,0,0.106,0.062,0,0
PA14_49040,0.044,1.0,-0.037,1.0,0,0.044,0.037,0,0
PA14_50000,0.054,1.0,-0.017,1.0,0,0.054,0.017,0,0
PA14_51320,-0.028,1.0,0.033,1.0,0,0.028,0.033,0,0
pmtA,-0.024,1.0,0.053,1.0,0,0.024,0.053,0,0
PA14_54860,-0.021,1.0,-0.09,1.0,0,0.021,0.09,0,0
hxcQ,0.105,1.0,0.054,1.0,0,0.105,0.054,0,0
PA14_57130,-0.008,1.0,0.042,1.0,0,0.008,0.042,0,0
ndh,-0.011,1.0,0.028,1.0,0,0.011,0.028,0,0
PA14_60010,-0.229,1.0,-0.024,1.0,0,0.229,0.024,0,0
PA14_60020,-0.034,1.0,-0.31,1.0,0,0.034,0.31,0,0
PA14_60660,-0.044,1.0,0.029,1.0,0,0.044,0.029,0,0
rrmJ,-0.018,1.0,-0.034,1.0,0,0.018,0.034,0,0
yhjG,0.041,1.0,0.008,1.0,0,0.041,0.008,0,0
PA14_64590,-0.064,1.0,0.039,1.0,0,0.064,0.039,0,0
pilQ,0.031,1.0,0.013,1.0,0,0.031,0.013,0,0
PA14_68800,-0.061,1.0,0.029,1.0,0,0.061,0.029,0,0
PA14_69040,0.027,1.0,-0.078,1.0,0,0.027,0.078,0,0
PA14_71160,-0.137,1.0,-0.042,1.0,0,0.137,0.042,0,0
citA,0.07,1.0,0.03,1.0,0,0.07,0.03,0,0
PA14_02530,0.095,1.0,0.025,1.0,0,0.095,0.025,0,0
cysW,-0.054,1.0,-0.029,1.0,0,0.054,0.029,0,0
lgt,0.005,1.0,-0.072,1.0,0,0.005,0.072,0,0
PA14_04560,0.024,1.0,0.004,1.0,0,0.024,0.004,0,0
PA14_04890,0.008,1.0,0.021,1.0,0,0.008,0.021,0,0
PA14_06900,0.123,1.0,0.061,1.0,0,0.123,0.061,0,0
PA14_06990,0.051,1.0,0.069,1.0,0,0.051,0.069,0,0
PA14_10210,-0.032,1.0,0.002,1.0,0,0.032,0.002,0,0
ribE,-0.036,1.0,0.026,1.0,0,0.036,0.026,0,0
gcpE,0.067,1.0,-0.062,1.0,0,0.067,0.062,0,0
trbL,0.076,1.0,0.042,1.0,0,0.076,0.042,0,0
PA14_16310,-0.011,1.0,-0.013,1.0,0,0.011,0.013,0,0
PA14_16840,-0.033,1.0,0.072,1.0,0,0.033,0.072,0,0
PA14_18985,-0.031,1.0,-0.024,1.0,0,0.031,0.024,0,0
ssuB,-0.459,1.0,0.034,1.0,0,0.459,0.034,0,0
rpsA,0.027,1.0,0.038,1.0,0,0.027,0.038,0,0
tmk,0.023,1.0,-0.018,1.0,0,0.023,0.018,0,0
PA14_27550,0.043,1.0,-0.004,1.0,0,0.043,0.004,0,0
PA14_27680,-0.141,1.0,-0.167,1.0,0,0.141,0.167,0,0
PA14_28260,0.041,1.0,0.03,1.0,0,0.041,0.03,0,0
PA14_29570,0.074,1.0,-0.032,1.0,0,0.074,0.032,0,0
PA14_30040,0.066,1.0,0.044,1.0,0,0.066,0.044,0,0
purB,0.05,1.0,-0.012,1.0,0,0.05,0.012,0,0
PA14_30130,-0.026,1.0,0.052,1.0,0,0.026,0.052,0,0
ftsK,-0.017,1.0,0.05,1.0,0,0.017,0.05,0,0
trbG,-0.123,1.0,0.045,1.0,0,0.123,0.045,0,0
trbL,-0.085,1.0,-0.063,1.0,0,0.085,0.063,0,0
trbC,-0.503,1.0,-0.082,1.0,0,0.503,0.082,0,0
PA14_31850,-0.034,1.0,0.002,1.0,0,0.034,0.002,0,0
PA14_34250,-0.097,1.0,-0.032,1.0,0,0.097,0.032,0,0
tpnC,0.029,1.0,-0.092,1.0,0,0.029,0.092,0,0
PA14_35790,-0.025,1.0,0.036,1.0,0,0.025,0.036,0,0
PA14_37400,0.061,1.0,0.044,1.0,0,0.061,0.044,0,0
PA14_37430,0.092,1.0,-0.025,1.0,0,0.092,0.025,0,0
PA14_41880,0.066,1.0,0.01,1.0,0,0.066,0.01,0,0
pscJ,0.07,1.0,-0.074,1.0,0,0.07,0.074,0,0
PA14_44110,0.08,1.0,-0.274,1.0,0,0.08,0.274,0,0
PA14_44650,0.042,1.0,-0.022,1.0,0,0.042,0.022,0,0
PA14_46000,-0.056,1.0,-0.021,1.0,0,0.056,0.021,0,0
PA14_49110,0.079,1.0,-0.059,1.0,0,0.079,0.059,0,0
flgG,0.044,1.0,0.016,1.0,0,0.044,0.016,0,0
PA14_51680,0.029,1.0,-0.137,1.0,0,0.029,0.137,0,0
aotJ,-0.008,1.0,0.016,1.0,0,0.008,0.016,0,0
sspB,0.054,1.0,-0.026,1.0,0,0.054,0.026,0,0
PA14_58060,0.061,1.0,-0.035,1.0,0,0.061,0.035,0,0
mreD,-0.057,1.0,-0.011,1.0,0,0.057,0.011,0,0
PA14_58375,0.044,1.0,-0.079,1.0,0,0.044,0.079,0,0
PA14_58600,-0.021,1.0,0.034,1.0,0,0.021,0.034,0,0
PA14_60650,-0.05,1.0,-0.047,1.0,0,0.05,0.047,0,0
radA,0.055,1.0,0.003,1.0,0,0.055,0.003,0,0
PA14_61360,-0.03,1.0,-0.013,1.0,0,0.03,0.013,0,0
PA14_64030,0.015,1.0,0.017,1.0,0,0.015,0.017,0,0
PA14_64580,0.103,1.0,-0.053,1.0,0,0.103,0.053,0,0
msbA,0.03,1.0,0.038,1.0,0,0.03,0.038,0,0
metY,-0.009,1.0,-0.01,1.0,0,0.009,0.01,0,0
ybeJ,0.035,1.0,-0.015,1.0,0,0.035,0.015,0,0
PA14_68530,0.041,1.0,-0.014,1.0,0,0.041,0.014,0,0
glpT,-0.021,1.0,-0.128,1.0,0,0.021,0.128,0,0
aldH,0.032,1.0,-0.029,1.0,0,0.032,0.029,0,0
PA14_72540,0.037,1.0,0.046,1.0,0,0.037,0.046,0,0
RsmY,-0.074,1.0,-0.004,1.0,0,0.074,0.004,0,0
trpA,0.098,1.0,0.032,1.0,0,0.098,0.032,0,0
trpI,-0.015,1.0,-0.018,1.0,0,0.015,0.018,0,0
PA14_00740,-0.075,1.0,-0.019,1.0,0,0.075,0.019,0,0
pcaH,-0.059,1.0,0.044,1.0,0,0.059,0.044,0,0
PA14_02090,-0.029,1.0,0.053,1.0,0,0.029,0.053,0,0
PA14_03490,-0.025,1.0,-0.006,1.0,0,0.025,0.006,0,0
PA14_04850,-0.063,1.0,0.028,1.0,0,0.063,0.028,0,0
catD,-0.054,1.0,0.045,1.0,0,0.054,0.045,0,0
merR,-0.037,1.0,0.035,1.0,0,0.037,0.035,0,0
trbJ,0.068,1.0,0.024,1.0,0,0.068,0.024,0,0
PA14_16620,0.068,1.0,-0.111,1.0,0,0.068,0.111,0,0
PA14_16800,0.077,1.0,0.027,1.0,0,0.077,0.027,0,0
lpxD,-0.018,1.0,-0.026,1.0,0,0.018,0.026,0,0
PA14_21020,0.021,1.0,0.053,1.0,0,0.021,0.053,0,0
PA14_22880,0.028,1.0,-0.011,1.0,0,0.028,0.011,0,0
PA14_23430,-0.025,1.0,0.03,1.0,0,0.025,0.03,0,0
PA14_25490,0.002,1.0,0.037,1.0,0,0.002,0.037,0,0
rluC,0.05,1.0,0.017,1.0,0,0.05,0.017,0,0
PA14_25820,0.001,1.0,-0.1,1.0,0,0.001,0.1,0,0
PA14_26200,-0.036,1.0,0.017,1.0,0,0.036,0.017,0,0
PA14_28140,0.052,1.0,0.011,1.0,0,0.052,0.011,0,0
PA14_28380,-0.021,1.0,-0.018,1.0,0,0.021,0.018,0,0
PA14_29130,0.047,1.0,0.027,1.0,0,0.047,0.027,0,0
PA14_29260,-0.011,1.0,0.029,1.0,0,0.011,0.029,0,0
trbI,0.04,1.0,0.18,1.0,0,0.04,0.18,0,0
PA14_31220,0.075,1.0,-0.03,1.0,0,0.075,0.03,0,0
PA14_31430,0.055,1.0,0.006,1.0,0,0.055,0.006,0,0
PA14_31440,-0.02,1.0,0.038,1.0,0,0.02,0.038,0,0
PA14_32970,0.059,1.0,-0.037,1.0,0,0.059,0.037,0,0
bkdR,-0.006,1.0,-0.069,1.0,0,0.006,0.069,0,0
PA14_38060,0.052,1.0,0.02,1.0,0,0.052,0.02,0,0
yfeH,0.053,1.0,0.041,1.0,0,0.053,0.041,0,0
scoB,-0.067,1.0,-0.113,1.0,0,0.067,0.113,0,0
fimL,-0.011,1.0,0.033,1.0,0,0.011,0.033,0,0
PA14_41280,-0.055,1.0,0.007,1.0,0,0.055,0.007,0,0
pscQ,-0.357,1.0,0.036,1.0,0,0.357,0.036,0,0
PA14_44840,-0.01,1.0,-0.024,1.0,0,0.01,0.024,0,0
PA14_45070,-0.004,1.0,-0.048,1.0,0,0.004,0.048,0,0
cobC,0.134,1.0,-0.011,1.0,0,0.134,0.011,0,0
PA14_49530,-0.039,1.0,-0.043,1.0,0,0.039,0.043,0,0
fliJ,0.026,1.0,-0.056,1.0,0,0.026,0.056,0,0
PA14_52000,-0.039,1.0,0.057,1.0,0,0.039,0.057,0,0
PA14_54940,-0.009,1.0,0.045,1.0,0,0.009,0.045,0,0
pctC,0.063,1.0,-0.032,1.0,0,0.063,0.032,0,0
rpsI,0.031,1.0,-0.088,1.0,0,0.031,0.088,0,0
hisC1,0.068,1.0,-0.017,1.0,0,0.068,0.017,0,0
PA14_60080,-0.006,1.0,0.021,1.0,0,0.006,0.021,0,0
oprJ,0.055,1.0,-0.24,1.0,0,0.055,0.24,0,0
iutA,-0.026,1.0,0.036,1.0,0,0.026,0.036,0,0
lldD,0.033,1.0,0.044,1.0,0,0.033,0.044,0,0
ybiI,0.033,1.0,0.036,1.0,0,0.033,0.036,0,0
msrA,-0.035,1.0,0.034,1.0,0,0.035,0.034,0,0
aefA,-0.018,1.0,-0.015,1.0,0,0.018,0.015,0,0
PA14_70480,0.052,1.0,-0.048,1.0,0,0.052,0.048,0,0
yaeE,-0.058,1.0,-0.011,1.0,0,0.058,0.011,0,0
dnaA,-0.015,1.0,-0.036,1.0,0,0.015,0.036,0,0
PA14_00130,-0.011,1.0,0.027,1.0,0,0.011,0.027,0,0
PA14_01960,0.047,1.0,-0.021,1.0,0,0.047,0.021,0,0
PA14_03110,-0.177,1.0,-0.074,1.0,0,0.177,0.074,0,0
PA14_05440,0.023,1.0,-0.012,1.0,0,0.023,0.012,0,0
codB,-0.077,1.0,0.003,1.0,0,0.077,0.003,0,0
dbpA,0.045,1.0,0.022,1.0,0,0.045,0.022,0,0
rpoA,-0.021,1.0,-0.05,1.0,0,0.021,0.05,0,0
PA14_10380,0.04,1.0,-0.218,1.0,0,0.04,0.218,0,0
PA14_11320,-0.023,1.0,-0.126,1.0,0,0.023,0.126,0,0
trx-1,0.009,1.0,0.018,1.0,0,0.009,0.018,0,0
PA14_11700,-0.044,1.0,0.005,1.0,0,0.044,0.005,0,0
frr,0.032,1.0,-0.021,1.0,0,0.032,0.021,0,0
ydhD,-0.008,1.0,0.083,1.0,0,0.008,0.083,0,0
PA14_19020,0.065,1.0,0.028,1.0,0,0.065,0.028,0,0
PA14_20630,-0.057,1.0,-0.012,1.0,0,0.057,0.012,0,0
PA14_20750,-0.009,1.0,-0.027,1.0,0,0.009,0.027,0,0
PA14_20860,0.036,1.0,-0.027,1.0,0,0.036,0.027,0,0
PA14_21630,-0.062,1.0,-0.052,1.0,0,0.062,0.052,0,0
PA14_23400,-0.045,1.0,-0.068,1.0,0,0.045,0.068,0,0
PA14_24120,-0.028,1.0,0.03,1.0,0,0.028,0.03,0,0
PA14_24360,0.048,1.0,0.016,1.0,0,0.048,0.016,0,0
PA14_24770,-0.041,1.0,0.018,1.0,0,0.041,0.018,0,0
mfd,0.01,1.0,0.055,1.0,0,0.01,0.055,0,0
PA14_25730,0.032,1.0,0.038,1.0,0,0.032,0.038,0,0
nuoD,-0.01,1.0,0.012,1.0,0,0.01,0.012,0,0
PA14_31000,0.059,1.0,-0.003,1.0,0,0.059,0.003,0,0
PA14_31100,0.085,1.0,0.049,1.0,0,0.085,0.049,0,0
PA14_35000,-0.014,1.0,-0.031,1.0,0,0.014,0.031,0,0
PA14_36130,0.076,1.0,-0.037,1.0,0,0.076,0.037,0,0
yejE,-0.199,1.0,0.071,1.0,0,0.199,0.071,0,0
amrR,0.011,1.0,-0.222,1.0,0,0.011,0.222,0,0
gnyH,0.061,1.0,-0.005,1.0,0,0.061,0.005,0,0
PA14_40200,0.027,1.0,0.011,1.0,0,0.027,0.011,0,0
PA14_40940,-0.107,1.0,-0.043,1.0,0,0.107,0.043,0,0
panE,0.059,1.0,-0.023,1.0,0,0.059,0.023,0,0
PA14_43430,0.067,1.0,-0.071,1.0,0,0.067,0.071,0,0
PA14_47510,0.053,1.0,-0.222,1.0,0,0.053,0.222,0,0
PA14_48300,0.093,1.0,0.015,1.0,0,0.093,0.015,0,0
PA14_49360,0.038,1.0,0.035,1.0,0,0.038,0.035,0,0
PA14_49570,-0.062,1.0,-0.078,1.0,0,0.062,0.078,0,0
PA14_51690,-0.015,1.0,0.021,1.0,0,0.015,0.021,0,0
phhR,0.024,1.0,-0.071,1.0,0,0.024,0.071,0,0
PA14_54900,0.04,1.0,-0.026,1.0,0,0.04,0.026,0,0
gloA2,0.158,1.0,0.016,1.0,0,0.158,0.016,0,0
hisD,0.051,1.0,-0.036,1.0,0,0.051,0.036,0,0
PA14_57950,0.0,1.0,-0.2,1.0,0,0.0,0.2,0,0
PA14_58250,0.034,1.0,0.029,1.0,0,0.034,0.029,0,0
dtd,-0.019,1.0,-0.048,1.0,0,0.019,0.048,0,0
ileS,0.018,1.0,-0.182,1.0,0,0.018,0.182,0,0
proB,-0.041,1.0,-0.198,1.0,0,0.041,0.198,0,0
phuU,0.035,1.0,0.025,1.0,0,0.035,0.025,0,0
parE,-0.021,1.0,0.045,1.0,0,0.021,0.045,0,0
PA14_66100,-0.017,1.0,-0.02,1.0,0,0.017,0.02,0,0
tatA,0.032,1.0,-0.028,1.0,0,0.032,0.028,0,0
typA,-0.025,1.0,0.062,1.0,0,0.025,0.062,0,0
fbpA,-0.013,1.0,-0.007,1.0,0,0.013,0.007,0,0
PA14_69550,-0.143,1.0,0.019,1.0,0,0.143,0.019,0,0
PA14_69590,0.023,1.0,0.012,1.0,0,0.023,0.012,0,0
PA14_70110,0.06,1.0,-0.036,1.0,0,0.06,0.036,0,0
PA14_70200,0.042,1.0,0.054,1.0,0,0.042,0.054,0,0
etfA-1,-0.333,1.0,-0.01,1.0,0,0.333,0.01,0,0
PA14_71430,0.054,1.0,-0.031,1.0,0,0.054,0.031,0,0
soxA,0.125,1.0,0.004,1.0,0,0.125,0.004,0,0
znuA,0.005,1.0,-0.197,1.0,0,0.005,0.197,0,0
PA14_73120,0.001,1.0,-0.043,1.0,0,0.001,0.043,0,0
def,-0.014,1.0,-0.043,1.0,0,0.014,0.043,0,0
PA14_00210,0.026,1.0,-0.028,1.0,0,0.026,0.028,0,0
betC,-0.033,1.0,0.058,1.0,0,0.033,0.058,0,0
PA14_01010,0.032,1.0,0.034,1.0,0,0.032,0.034,0,0
pobA,-0.022,1.0,0.052,1.0,0,0.022,0.052,0,0
PA14_03250,-0.004,1.0,-0.1,1.0,0,0.004,0.1,0,0
fliY,0.028,1.0,0.018,1.0,0,0.028,0.018,0,0
PA14_04220,-0.064,1.0,0.027,1.0,0,0.064,0.027,0,0
PA14_04440,-0.007,1.0,-0.014,1.0,0,0.007,0.014,0,0
PA14_04680,0.078,1.0,-0.028,1.0,0,0.078,0.028,0,0
PA14_04820,0.002,1.0,-0.04,1.0,0,0.002,0.04,0,0
PA14_06480,-0.034,1.0,0.06,1.0,0,0.034,0.06,0,0
phzM,0.017,1.0,-0.058,1.0,0,0.017,0.058,0,0
tyrS,-0.065,1.0,-0.042,1.0,0,0.065,0.042,0,0
PA14_11170,-0.028,1.0,-0.083,1.0,0,0.028,0.083,0,0
PA14_11680,0.041,1.0,0.033,1.0,0,0.041,0.033,0,0
PA14_14000,0.003,1.0,0.022,1.0,0,0.003,0.022,0,0
PA14_15280,-0.027,1.0,0.019,1.0,0,0.027,0.019,0,0
PA14_18210,0.129,1.0,0.054,1.0,0,0.129,0.054,0,0
PA14_18960,-0.035,1.0,-0.091,1.0,0,0.035,0.091,0,0
PA14_20820,0.035,1.0,0.006,1.0,0,0.035,0.006,0,0
PA14_21160,-0.297,1.0,-0.037,1.0,0,0.297,0.037,0,0
PA14_21510,0.006,1.0,0.065,1.0,0,0.006,0.065,0,0
PA14_23610,0.073,1.0,0.033,1.0,0,0.073,0.033,0,0
PA14_24810,-0.317,1.0,0.011,1.0,0,0.317,0.011,0,0
PA14_26700,0.059,1.0,0.04,1.0,0,0.059,0.04,0,0
PA14_27840,0.036,1.0,0.014,1.0,0,0.036,0.014,0,0
PA14_28960,0.059,1.0,0.02,1.0,0,0.059,0.02,0,0
PA14_29060,0.004,1.0,0.053,1.0,0,0.004,0.053,0,0
PA14_31480,0.051,1.0,-0.025,1.0,0,0.051,0.025,0,0
PA14_32905,0.039,1.0,0.05,1.0,0,0.039,0.05,0,0
PA14_33530,-0.028,1.0,-0.287,1.0,0,0.028,0.287,0,0
pvcC,0.051,1.0,-0.043,1.0,0,0.051,0.043,0,0
pslI,0.123,1.0,0.001,1.0,0,0.123,0.001,0,0
PA14_36060,0.061,1.0,-0.027,1.0,0,0.061,0.027,0,0
PA14_39830,0.035,1.0,0.001,1.0,0,0.035,0.001,0,0
PA14_40380,0.05,1.0,-0.199,1.0,0,0.05,0.199,0,0
miaE,0.022,1.0,0.005,1.0,0,0.022,0.005,0,0
ppsA,-0.018,1.0,-0.08,1.0,0,0.018,0.08,0,0
alkA,0.028,1.0,0.025,1.0,0,0.028,0.025,0,0
PA14_43170,-0.022,1.0,-0.018,1.0,0,0.022,0.018,0,0
PA14_43510,-0.04,1.0,0.02,1.0,0,0.04,0.02,0,0
PA14_44830,0.036,1.0,-0.001,1.0,0,0.036,0.001,0,0
PA14_45210,-0.093,1.0,0.004,1.0,0,0.093,0.004,0,0
PA14_45450,0.068,1.0,-0.043,1.0,0,0.068,0.043,0,0
norM,0.023,1.0,-0.064,1.0,0,0.023,0.064,0,0
PA14_48860,-0.015,1.0,0.002,1.0,0,0.015,0.002,0,0
PA14_49990,0.006,1.0,-0.039,1.0,0,0.006,0.039,0,0
PA14_50670,0.028,1.0,0.018,1.0,0,0.028,0.018,0,0
ogt,0.027,1.0,0.018,1.0,0,0.027,0.018,0,0
PA14_52300,-0.045,1.0,0.021,1.0,0,0.045,0.021,0,0
PA14_53340,0.074,1.0,-0.015,1.0,0,0.074,0.015,0,0
PA14_54510,-0.044,1.0,0.029,1.0,0,0.044,0.029,0,0
PA14_55080,-0.011,1.0,0.072,1.0,0,0.011,0.072,0,0
PA14_56730,0.044,1.0,-0.019,1.0,0,0.044,0.019,0,0
PA14_58620,0.053,1.0,-0.059,1.0,0,0.053,0.059,0,0
PA14_58840,-0.013,1.0,0.002,1.0,0,0.013,0.002,0,0
PA14_59500,-0.059,1.0,0.017,1.0,0,0.059,0.017,0,0
cupD2,0.132,1.0,0.065,1.0,0,0.132,0.065,0,0
rcsB,0.061,1.0,0.057,1.0,0,0.061,0.057,0,0
rcsC,0.024,1.0,0.023,1.0,0,0.024,0.023,0,0
PA14_60970,0.037,1.0,0.002,1.0,0,0.037,0.002,0,0
hemH,0.028,1.0,-0.025,1.0,0,0.028,0.025,0,0
PA14_63410,0.051,1.0,-0.004,1.0,0,0.051,0.004,0,0
fdnG,0.045,1.0,0.009,1.0,0,0.045,0.009,0,0
ureG,-0.108,1.0,0.013,1.0,0,0.108,0.013,0,0
phaC2,0.04,1.0,0.014,1.0,0,0.04,0.014,0,0
mdoG,0.017,1.0,-0.031,1.0,0,0.017,0.031,0,0
ltaA,-0.003,1.0,-0.015,1.0,0,0.003,0.015,0,0
PA14_00510,-0.002,1.0,0.068,1.0,0,0.002,0.068,0,0
PA14_01070,-0.112,1.0,-0.08,1.0,0,0.112,0.08,0,0
PA14_01390,-0.002,1.0,0.006,1.0,0,0.002,0.006,0,0
elaA,-0.078,1.0,0.018,1.0,0,0.078,0.018,0,0
cysA,0.039,1.0,0.021,1.0,0,0.039,0.021,0,0
ftsE,0.017,1.0,0.032,1.0,0,0.017,0.032,0,0
PA14_05790,-0.002,1.0,-0.026,1.0,0,0.002,0.026,0,0
comF,-0.042,1.0,-0.005,1.0,0,0.042,0.005,0,0
PA14_08320,-0.05,1.0,0.032,1.0,0,0.05,0.032,0,0
rpsD,-0.004,1.0,-0.055,1.0,0,0.004,0.055,0,0
PA14_10320,0.027,1.0,-0.045,1.0,0,0.027,0.045,0,0
ybaD,0.005,1.0,-0.024,1.0,0,0.005,0.024,0,0
PA14_15830,-0.026,1.0,0.022,1.0,0,0.026,0.022,0,0
PA14_18620,0.037,1.0,-0.066,1.0,0,0.037,0.066,0,0
PA14_19800,0.038,1.0,-0.014,1.0,0,0.038,0.014,0,0
PA14_20870,0.052,1.0,-0.01,1.0,0,0.052,0.01,0,0
PA14_21150,0.156,1.0,0.004,1.0,0,0.156,0.004,0,0
PA14_22075,0.036,1.0,-0.007,1.0,0,0.036,0.007,0,0
pheA,0.028,1.0,-0.157,1.0,0,0.028,0.157,0,0
orfJ,-0.024,1.0,-0.032,1.0,0,0.024,0.032,0,0
xcpS,0.046,1.0,-0.052,1.0,0,0.046,0.052,0,0
kdsB,-0.014,1.0,-0.035,1.0,0,0.014,0.035,0,0
nuoL,0.021,1.0,-0.039,1.0,0,0.021,0.039,0,0
PA14_31060,-0.024,1.0,-0.002,1.0,0,0.024,0.002,0,0
czcC,-0.052,1.0,-0.059,1.0,0,0.052,0.059,0,0
gntK,0.048,1.0,-0.007,1.0,0,0.048,0.007,0,0
pslM,0.121,1.0,0.02,1.0,0,0.121,0.02,0,0
PA14_35970,-0.04,1.0,0.047,1.0,0,0.04,0.047,0,0
PA14_37650,0.145,1.0,0.042,1.0,0,0.145,0.042,0,0
PA14_37870,0.182,1.0,-0.01,1.0,0,0.182,0.01,0,0
PA14_45880,-0.013,1.0,0.038,1.0,0,0.013,0.038,0,0
PA14_46650,-0.08,1.0,0.0,1.0,0,0.08,0.0,0,0
PA14_46720,-0.026,1.0,0.008,1.0,0,0.026,0.008,0,0
PA14_47610,0.07,1.0,-0.051,1.0,0,0.07,0.051,0,0
PA14_48590,-0.118,1.0,-0.022,1.0,0,0.118,0.022,0,0
PA14_50050,-0.032,1.0,-0.032,1.0,0,0.032,0.032,0,0
spcU,-0.005,1.0,0.032,1.0,0,0.005,0.032,0,0
PA14_54660,0.059,1.0,-0.007,1.0,0,0.059,0.007,0,0
exbB2,-0.031,1.0,-0.016,1.0,0,0.031,0.016,0,0
fumA,-0.013,1.0,-0.046,1.0,0,0.013,0.046,0,0
mraY,-0.038,1.0,0.01,1.0,0,0.038,0.01,0,0
ttg2D,-0.001,1.0,0.01,1.0,0,0.001,0.01,0,0
gatB,-0.019,1.0,-0.02,1.0,0,0.019,0.02,0,0
PA14_59010,-0.268,1.0,0.111,1.0,0,0.268,0.111,0,0
PA14_59940,0.008,1.0,-0.009,1.0,0,0.008,0.009,0,0
PA14_60690,0.186,1.0,0.016,1.0,0,0.186,0.016,0,0
katB,0.017,1.0,0.011,1.0,0,0.017,0.011,0,0
mrcB,-0.012,1.0,-0.037,1.0,0,0.012,0.037,0,0
pmrB,0.07,1.0,0.081,1.0,0,0.07,0.081,0,0
PA14_63390,0.069,1.0,0.057,1.0,0,0.069,0.057,0,0
nadE,-0.04,1.0,0.076,1.0,0,0.04,0.076,0,0
PA14_66020,0.042,1.0,-0.026,1.0,0,0.042,0.026,0,0
gmk,0.031,1.0,0.054,1.0,0,0.031,0.054,0,0
phoR,0.068,1.0,0.033,1.0,0,0.068,0.033,0,0
PA14_72500,0.002,1.0,-0.029,1.0,0,0.002,0.029,0,0
dctB,0.027,1.0,0.015,1.0,0,0.027,0.015,0,0
PhrS,0.026,1.0,0.04,1.0,0,0.026,0.04,0,0
tRNA,-0.165,1.0,-0.04,1.0,0,0.165,0.04,0,0
PA14_02520,-0.015,1.0,0.038,1.0,0,0.015,0.038,0,0
PA14_02660,-0.009,1.0,0.008,1.0,0,0.009,0.008,0,0
ftsX,0.007,1.0,0.074,1.0,0,0.007,0.074,0,0
PA14_04960,-0.005,1.0,0.027,1.0,0,0.005,0.027,0,0
bioA,-0.015,1.0,-0.004,1.0,0,0.015,0.004,0,0
PA14_07410,-0.109,1.0,-0.004,1.0,0,0.109,0.004,0,0
trpG,0.027,1.0,-0.024,1.0,0,0.027,0.024,0,0
PA14_08420,-0.032,1.0,-0.059,1.0,0,0.032,0.059,0,0
PA14_08630,0.009,1.0,0.081,1.0,0,0.009,0.081,0,0
fabG,-0.231,1.0,0.015,1.0,0,0.231,0.015,0,0
PA14_12840,-0.023,1.0,0.079,1.0,0,0.023,0.079,0,0
PA14_12990,0.079,1.0,0.033,1.0,0,0.079,0.033,0,0
narI,0.187,1.0,-0.041,1.0,0,0.187,0.041,0,0
PA14_15260,0.159,1.0,-0.016,1.0,0,0.159,0.016,0,0
PA14_16360,0.06,1.0,-0.035,1.0,0,0.06,0.035,0,0
PA14_18310,-0.021,1.0,0.069,1.0,0,0.021,0.069,0,0
ssuD,0.158,1.0,0.066,1.0,0,0.158,0.066,0,0
PA14_19600,-0.022,1.0,0.01,1.0,0,0.022,0.01,0,0
PA14_21590,0.036,1.0,0.089,1.0,0,0.036,0.089,0,0
PA14_22870,0.016,1.0,0.023,1.0,0,0.016,0.023,0,0
truA,-0.013,1.0,0.021,1.0,0,0.013,0.021,0,0
etfA,0.037,1.0,-0.016,1.0,0,0.037,0.016,0,0
PA14_26770,0.01,1.0,-0.143,1.0,0,0.01,0.143,0,0
vacJ,-0.017,1.0,0.029,1.0,0,0.017,0.029,0,0
PA14_30100,0.061,1.0,-0.013,1.0,0,0.061,0.013,0,0
PA14_30520,0.066,1.0,-0.009,1.0,0,0.066,0.009,0,0
PA14_31390,-0.036,1.0,-0.044,1.0,0,0.036,0.044,0,0
PA14_32360,0.107,1.0,0.014,1.0,0,0.107,0.014,0,0
msuD,0.214,1.0,-0.05,1.0,0,0.214,0.05,0,0
PA14_34580,0.189,1.0,-0.107,1.0,0,0.189,0.107,0,0
PA14_37150,0.086,1.0,0.059,1.0,0,0.086,0.059,0,0
gnyB,-0.005,1.0,0.025,1.0,0,0.005,0.025,0,0
sdhA,0.041,1.0,0.044,1.0,0,0.041,0.044,0,0
yjiJ,0.167,1.0,0.028,1.0,0,0.167,0.028,0,0
cyoE,0.098,1.0,-0.027,1.0,0,0.098,0.027,0,0
sseA,-0.027,1.0,0.033,1.0,0,0.027,0.033,0,0
yegE,0.059,1.0,0.011,1.0,0,0.059,0.011,0,0
phoQ,0.04,1.0,0.018,1.0,0,0.04,0.018,0,0
dapE,-0.012,1.0,-0.023,1.0,0,0.012,0.023,0,0
PA14_49480,0.032,1.0,-0.042,1.0,0,0.032,0.042,0,0
yliI,0.009,1.0,-0.028,1.0,0,0.009,0.028,0,0
braE,0.044,1.0,0.009,1.0,0,0.044,0.009,0,0
PA14_54920,-0.005,1.0,0.008,1.0,0,0.005,0.008,0,0
PA14_56520,0.029,1.0,-0.02,1.0,0,0.029,0.02,0,0
PA14_56810,0.051,1.0,-0.039,1.0,0,0.051,0.039,0,0
PA14_57650,0.047,1.0,-0.032,1.0,0,0.047,0.032,0,0
gdhA,-0.002,1.0,-0.002,1.0,0,0.002,0.002,0,0
hpt,-0.012,1.0,0.005,1.0,0,0.012,0.005,0,0
rbfA,0.007,1.0,-0.027,1.0,0,0.007,0.027,0,0
yfjG,0.011,1.0,-0.129,1.0,0,0.011,0.129,0,0
ytnM,-0.013,1.0,0.013,1.0,0,0.013,0.013,0,0
PA14_70100,0.066,1.0,-0.108,1.0,0,0.066,0.108,0,0
PA14_71070,0.034,1.0,-0.022,1.0,0,0.034,0.022,0,0
PA14_71230,-0.049,1.0,-0.006,1.0,0,0.049,0.006,0,0
rosB,0.039,1.0,0.098,1.0,0,0.039,0.098,0,0
PA14_00240,-0.036,1.0,-0.054,1.0,0,0.036,0.054,0,0
PA14_02970,0.089,1.0,0.028,1.0,0,0.089,0.028,0,0
PA14_03180,0.022,1.0,-0.116,1.0,0,0.022,0.116,0,0
ycaL,-0.001,1.0,-0.015,1.0,0,0.001,0.015,0,0
PA14_04420,-0.019,1.0,-0.105,1.0,0,0.019,0.105,0,0
bfrG,-0.005,1.0,-0.003,1.0,0,0.005,0.003,0,0
PA14_05650,0.06,1.0,-0.022,1.0,0,0.06,0.022,0,0
PA14_07440,0.05,1.0,-0.02,1.0,0,0.05,0.02,0,0
PA14_07480,-0.002,1.0,-0.012,1.0,0,0.002,0.012,0,0
prtR,-0.003,1.0,-0.062,1.0,0,0.003,0.062,0,0
PA14_11620,0.039,1.0,-0.002,1.0,0,0.039,0.002,0,0
PA14_12090,0.014,1.0,0.019,1.0,0,0.014,0.019,0,0
PA14_12890,-0.028,1.0,0.024,1.0,0,0.028,0.024,0,0
PA14_13650,0.015,1.0,0.007,1.0,0,0.015,0.007,0,0
PA14_13940,0.026,1.0,0.018,1.0,0,0.026,0.018,0,0
estB,0.047,1.0,-0.116,1.0,0,0.047,0.116,0,0
PA14_14480,0.033,1.0,0.095,1.0,0,0.033,0.095,0,0
secF,0.001,1.0,-0.019,1.0,0,0.001,0.019,0,0
rplS,0.026,1.0,0.035,1.0,0,0.026,0.035,0,0
PA14_16150,0.046,1.0,0.047,1.0,0,0.046,0.047,0,0
glnD,-0.004,1.0,-0.048,1.0,0,0.004,0.048,0,0
PA14_17820,-0.098,1.0,-0.008,1.0,0,0.098,0.008,0,0
toxR,-0.009,1.0,0.016,1.0,0,0.009,0.016,0,0
PA14_21380,0.228,1.0,0.024,1.0,0,0.228,0.024,0,0
PA14_23420,-0.002,1.0,-0.155,1.0,0,0.002,0.155,0,0
PA14_25790,-0.002,1.0,0.103,1.0,0,0.002,0.103,0,0
PA14_26590,0.015,1.0,-0.038,1.0,0,0.015,0.038,0,0
nuoN,0.033,1.0,0.018,1.0,0,0.033,0.018,0,0
trmU,0.021,1.0,0.017,1.0,0,0.021,0.017,0,0
PA14_30790,-0.01,1.0,0.013,1.0,0,0.01,0.013,0,0
alkB1,0.003,1.0,-0.124,1.0,0,0.003,0.124,0,0
PA14_31090,-0.09,1.0,0.004,1.0,0,0.09,0.004,0,0
PA14_32640,0.223,1.0,0.037,1.0,0,0.223,0.037,0,0
PA14_34230,0.056,1.0,0.022,1.0,0,0.056,0.022,0,0
soxR,0.01,1.0,0.019,1.0,0,0.01,0.019,0,0
PA14_36860,0.028,1.0,-0.02,1.0,0,0.028,0.02,0,0
PA14_37990,0.22,1.0,0.003,1.0,0,0.22,0.003,0,0
PA14_38260,0.0,1.0,-0.012,1.0,0,0.0,0.012,0,0
str,0.013,1.0,0.016,1.0,0,0.013,0.016,0,0
pcr2,0.249,1.0,0.017,1.0,0,0.249,0.017,0,0
PA14_43140,-0.018,1.0,-0.048,1.0,0,0.018,0.048,0,0
PA14_43190,0.023,1.0,-0.012,1.0,0,0.023,0.012,0,0
PA14_43200,-0.021,1.0,-0.056,1.0,0,0.021,0.056,0,0
PA14_45510,0.062,1.0,-0.017,1.0,0,0.062,0.017,0,0
PA14_46980,0.056,1.0,-0.073,1.0,0,0.056,0.073,0,0
PA14_49420,0.003,1.0,0.109,1.0,0,0.003,0.109,0,0
flgH,-0.015,1.0,0.016,1.0,0,0.015,0.016,0,0
yycJ,-0.013,1.0,0.061,1.0,0,0.013,0.061,0,0
PA14_51980,-0.017,1.0,-0.036,1.0,0,0.017,0.036,0,0
yjcS,0.053,1.0,-0.02,1.0,0,0.053,0.02,0,0
PA14_56670,0.032,1.0,0.041,1.0,0,0.032,0.041,0,0
PA14_57040,-0.015,1.0,-0.012,1.0,0,0.015,0.012,0,0
PA14_57510,0.001,1.0,0.007,1.0,0,0.001,0.007,0,0
PA14_58720,0.034,1.0,-0.023,1.0,0,0.034,0.023,0,0
pilM2,-0.032,1.0,-0.018,1.0,0,0.032,0.018,0,0
fimU,0.022,1.0,0.019,1.0,0,0.022,0.019,0,0
rtcA,0.038,1.0,0.004,1.0,0,0.038,0.004,0,0
PA14_61680,0.059,1.0,-0.004,1.0,0,0.059,0.004,0,0
fadH2,-0.038,1.0,-0.004,1.0,0,0.038,0.004,0,0
PA14_64620,0.085,1.0,0.02,1.0,0,0.085,0.02,0,0
vanK,0.069,1.0,0.035,1.0,0,0.069,0.035,0,0
PA14_66890,-0.026,1.0,0.02,1.0,0,0.026,0.02,0,0
fdhD,0.127,1.0,0.005,1.0,0,0.127,0.005,0,0
PA14_68640,0.001,1.0,0.036,1.0,0,0.001,0.036,0,0
PA14_68890,-0.009,1.0,0.012,1.0,0,0.009,0.012,0,0
PA14_69890,0.034,1.0,-0.01,1.0,0,0.034,0.01,0,0
PA14_69980,-0.008,1.0,0.007,1.0,0,0.008,0.007,0,0
PA14_70510,0.201,1.0,-0.039,1.0,0,0.201,0.039,0,0
PA14_71410,-0.032,1.0,0.033,1.0,0,0.032,0.033,0,0
soxD,0.228,1.0,0.012,1.0,0,0.228,0.012,0,0
tRNA,-0.144,1.0,-0.008,1.0,0,0.144,0.008,0,0
glyS,0.028,1.0,0.152,1.0,0,0.028,0.152,0,0
PA14_00600,-0.06,1.0,-0.019,1.0,0,0.06,0.019,0,0
PA14_02450,0.002,1.0,0.146,1.0,0,0.002,0.146,0,0
PA14_04870,0.036,1.0,0.033,1.0,0,0.036,0.033,0,0
gshB,0.001,1.0,0.095,1.0,0,0.001,0.095,0,0
trpC,-0.011,1.0,-0.054,1.0,0,0.011,0.054,0,0
rpsK,0.039,1.0,-0.02,1.0,0,0.039,0.02,0,0
hpcD,-0.053,1.0,0.004,1.0,0,0.053,0.004,0,0
hpaA,0.044,1.0,-0.019,1.0,0,0.044,0.019,0,0
thiD,0.028,1.0,-0.048,1.0,0,0.028,0.048,0,0
PA14_12750,-0.034,1.0,0.136,1.0,0,0.034,0.136,0,0
PA14_14250,-0.017,1.0,-0.024,1.0,0,0.017,0.024,0,0
suhB,0.022,1.0,0.008,1.0,0,0.022,0.008,0,0
PA14_14910,0.025,1.0,0.144,1.0,0,0.025,0.144,0,0
wspD,-0.002,1.0,0.021,1.0,0,0.002,0.021,0,0
PA14_16550,0.014,1.0,0.087,1.0,0,0.014,0.087,0,0
PA14_17600,0.008,1.0,0.166,1.0,0,0.008,0.166,0,0
metR,0.007,1.0,0.012,1.0,0,0.007,0.012,0,0
argF,-0.006,1.0,0.028,1.0,0,0.006,0.028,0,0
PA14_20620,-0.028,1.0,0.018,1.0,0,0.028,0.018,0,0
PA14_21130,0.077,1.0,-0.018,1.0,0,0.077,0.018,0,0
PA14_21710,0.011,1.0,0.017,1.0,0,0.011,0.017,0,0
PA14_25140,0.027,1.0,-0.024,1.0,0,0.027,0.024,0,0
nqrA,0.02,1.0,0.023,1.0,0,0.02,0.023,0,0
hisP,-0.066,1.0,-0.013,1.0,0,0.066,0.013,0,0
eco,-0.023,1.0,-0.003,1.0,0,0.023,0.003,0,0
rpmI,0.01,1.0,-0.017,1.0,0,0.01,0.017,0,0
PA14_29000,0.02,1.0,-0.044,1.0,0,0.02,0.044,0,0
oprD3,0.047,1.0,0.108,1.0,0,0.047,0.108,0,0
PA14_32310,0.018,1.0,0.033,1.0,0,0.018,0.033,0,0
treA,-0.013,1.0,0.011,1.0,0,0.013,0.011,0,0
PA14_34140,-0.045,1.0,0.013,1.0,0,0.045,0.013,0,0
PA14_37520,0.34,1.0,-0.005,1.0,0,0.34,0.005,0,0
PA14_37550,-0.194,1.0,0.031,1.0,0,0.194,0.031,0,0
gnyL,-0.03,1.0,-0.09,1.0,0,0.03,0.09,0,0
PA14_40100,0.024,1.0,-0.006,1.0,0,0.024,0.006,0,0
nhaB,0.008,1.0,0.022,1.0,0,0.008,0.022,0,0
PA14_44200,0.29,1.0,0.021,1.0,0,0.29,0.021,0,0
ccoP,0.048,1.0,0.002,1.0,0,0.048,0.002,0,0
anr,0.02,1.0,0.019,1.0,0,0.02,0.019,0,0
PA14_45440,-0.019,1.0,0.03,1.0,0,0.019,0.03,0,0
PA14_47550,-0.031,1.0,-0.002,1.0,0,0.031,0.002,0,0
fleS,0.032,1.0,-0.017,1.0,0,0.032,0.017,0,0
fliD,0.003,1.0,-0.018,1.0,0,0.003,0.018,0,0
PA14_50890,0.009,1.0,-0.028,1.0,0,0.009,0.028,0,0
PA14_51120,0.088,1.0,0.178,1.0,0,0.088,0.178,0,0
PA14_52940,-0.002,1.0,-0.001,1.0,0,0.002,0.001,0,0
hpd,-0.004,1.0,-0.003,1.0,0,0.004,0.003,0,0
PA14_54680,0.042,1.0,-0.065,1.0,0,0.042,0.065,0,0
PA14_57200,0.024,1.0,0.014,1.0,0,0.024,0.014,0,0
PA14_58740,-0.012,1.0,0.001,1.0,0,0.012,0.001,0,0
pilT2,0.007,1.0,0.021,1.0,0,0.007,0.021,0,0
PA14_63370,-0.009,1.0,0.018,1.0,0,0.009,0.018,0,0
PA14_64690,0.014,1.0,0.024,1.0,0,0.014,0.024,0,0
braE,-0.013,1.0,-0.014,1.0,0,0.013,0.014,0,0
pilO,0.013,1.0,-0.012,1.0,0,0.013,0.012,0,0
PA14_67550,0.072,1.0,0.179,1.0,0,0.072,0.179,0,0
PA14_67790,0.0,1.0,-0.029,1.0,0,0.0,0.029,0,0
PA14_69700,-0.005,1.0,0.278,1.0,0,0.005,0.278,0,0
sdaB,-0.013,1.0,0.163,1.0,0,0.013,0.163,0,0
PA14_71200,0.305,1.0,-0.018,1.0,0,0.305,0.018,0,0
PA14_72030,0.014,1.0,-0.03,1.0,0,0.014,0.03,0,0
PA14_72250,0.03,1.0,0.011,1.0,0,0.03,0.011,0,0
dnaN,0.007,1.0,0.033,1.0,0,0.007,0.033,0,0
pcaR,-0.008,1.0,0.07,1.0,0,0.008,0.07,0,0
PA14_03580,0.048,1.0,0.249,1.0,0,0.048,0.249,0,0
pilU,0.009,1.0,-0.084,1.0,0,0.009,0.084,0,0
glcB,0.003,1.0,-0.025,1.0,0,0.003,0.025,0,0
modR,-0.013,1.0,0.015,1.0,0,0.013,0.015,0,0
tktA,0.004,1.0,-0.051,1.0,0,0.004,0.051,0,0
rpoC,0.025,1.0,-0.02,1.0,0,0.025,0.02,0,0
rpmD,-0.001,1.0,-0.079,1.0,0,0.001,0.079,0,0
acoB,-0.035,1.0,0.004,1.0,0,0.035,0.004,0,0
pgpA,-0.014,1.0,0.018,1.0,0,0.014,0.018,0,0
leuS,0.017,1.0,0.002,1.0,0,0.017,0.002,0,0
PA14_12810,0.032,1.0,0.184,1.0,0,0.032,0.184,0,0
PA14_13000,0.02,1.0,0.003,1.0,0,0.02,0.003,0,0
PA14_13110,0.029,1.0,-0.001,1.0,0,0.029,0.001,0,0
PA14_15435,0.025,1.0,0.034,1.0,0,0.025,0.034,0,0
PA14_16610,-0.013,1.0,-0.011,1.0,0,0.013,0.011,0,0
cadR,0.037,1.0,0.01,1.0,0,0.037,0.01,0,0
adhC,0.02,1.0,-0.004,1.0,0,0.02,0.004,0,0
PA14_17650,-0.073,1.0,0.007,1.0,0,0.073,0.007,0,0
prmF,0.053,1.0,0.243,1.0,0,0.053,0.243,0,0
srmB,-0.005,1.0,0.243,1.0,0,0.005,0.243,0,0
PA14_20000,-0.034,1.0,0.017,1.0,0,0.034,0.017,0,0
phnD,0.063,1.0,0.182,1.0,0,0.063,0.182,0,0
PA14_21490,0.042,1.0,0.182,1.0,0,0.042,0.182,0,0
PA14_23310,0.026,1.0,-0.041,1.0,0,0.026,0.041,0,0
xcpQ,0.009,1.0,-0.019,1.0,0,0.009,0.019,0,0
PA14_24720,-0.017,1.0,0.195,1.0,0,0.017,0.195,0,0
PA14_24780,0.045,1.0,-0.021,1.0,0,0.045,0.021,0,0
psrA,-0.023,1.0,0.012,1.0,0,0.023,0.012,0,0
nqrB,0.007,1.0,-0.013,1.0,0,0.007,0.013,0,0
cobH,0.067,1.0,0.0,1.0,0,0.067,0.0,0,0
PA14_26540,0.005,1.0,0.023,1.0,0,0.005,0.023,0,0
PA14_30830,-0.001,1.0,0.023,1.0,0,0.001,0.023,0,0
pvdL,0.017,1.0,0.008,1.0,0,0.017,0.008,0,0
PA14_36270,0.03,1.0,0.027,1.0,0,0.03,0.027,0,0
PA14_38680,0.001,1.0,0.025,1.0,0,0.001,0.025,0,0
PA14_41930,-0.022,1.0,-0.026,1.0,0,0.022,0.026,0,0
flhA,0.01,1.0,0.244,1.0,0,0.01,0.244,0,0
PA14_49090,0.081,1.0,-0.017,1.0,0,0.081,0.017,0,0
napD,0.003,1.0,-0.033,1.0,0,0.003,0.033,0,0
PA14_51280,0.01,1.0,0.016,1.0,0,0.01,0.016,0,0
mazG,0.023,1.0,0.021,1.0,0,0.023,0.021,0,0
kup,-0.007,1.0,-0.036,1.0,0,0.007,0.036,0,0
era,0.038,1.0,-0.129,1.0,0,0.038,0.129,0,0
pykA,0.032,1.0,-0.034,1.0,0,0.032,0.034,0,0
PA14_56360,0.011,1.0,0.039,1.0,0,0.011,0.039,0,0
PA14_57500,0.014,1.0,0.002,1.0,0,0.014,0.002,0,0
PA14_59170,0.026,1.0,0.017,1.0,0,0.026,0.017,0,0
PA14_60410,0.006,1.0,0.025,1.0,0,0.006,0.025,0,0
morA,0.004,1.0,0.024,1.0,0,0.004,0.024,0,0
rpsO,0.01,1.0,0.02,1.0,0,0.01,0.02,0,0
PA14_67630,0.004,1.0,0.02,1.0,0,0.004,0.02,0,0
PA14_67640,0.01,1.0,0.02,1.0,0,0.01,0.02,0,0
hisB,-0.003,1.0,0.015,1.0,0,0.003,0.015,0,0
ygaU,-0.004,1.0,0.03,1.0,0,0.004,0.03,0,0
rph,0.011,1.0,-0.001,1.0,0,0.011,0.001,0,0
PA14_01160,0.01,1.0,-0.012,1.0,0,0.01,0.012,0,0
PA14_02435,-0.142,1.0,0.015,1.0,0,0.142,0.015,0,0
pfpI,-0.016,1.0,-0.002,1.0,0,0.016,0.002,0,0
ftsY,0.011,1.0,-0.007,1.0,0,0.011,0.007,0,0
PA14_07240,-0.024,1.0,0.027,1.0,0,0.024,0.027,0,0
PA14_08190,0.05,1.0,0.02,1.0,0,0.05,0.02,0,0
rplN,0.024,1.0,0.025,1.0,0,0.024,0.025,0,0
PA14_11900,0.016,1.0,-0.064,1.0,0,0.016,0.064,0,0
sltB1,-0.004,1.0,0.0,1.0,0,0.004,0.0,0,0
PA14_12670,-0.001,1.0,0.041,1.0,0,0.001,0.041,0,0
PA14_12690,0.015,1.0,-0.033,1.0,0,0.015,0.033,0,0
narG,0.049,1.0,0.004,1.0,0,0.049,0.004,0,0
xseA,0.037,1.0,0.016,1.0,0,0.037,0.016,0,0
purL,0.01,1.0,0.015,1.0,0,0.01,0.015,0,0
PA14_15850,0.058,1.0,0.016,1.0,0,0.058,0.016,0,0
PA14_16030,0.0,1.0,0.062,1.0,0,0.0,0.062,0,0
PA14_16730,0.035,1.0,0.031,1.0,0,0.035,0.031,0,0
PA14_17570,0.021,1.0,0.013,1.0,0,0.021,0.013,0,0
lsfA,0.026,1.0,-0.03,1.0,0,0.026,0.03,0,0
folX,0.032,1.0,-0.036,1.0,0,0.032,0.036,0,0
amiC,0.011,1.0,-0.011,1.0,0,0.011,0.011,0,0
xcpR,0.006,1.0,-0.026,1.0,0,0.006,0.026,0,0
PA14_24180,-0.002,1.0,-0.009,1.0,0,0.002,0.009,0,0
rne,0.015,1.0,-0.004,1.0,0,0.015,0.004,0,0
PA14_27230,0.033,1.0,0.011,1.0,0,0.033,0.011,0,0
PA14_28020,0.128,1.0,-0.009,1.0,0,0.128,0.009,0,0
rplT,0.006,1.0,-0.031,1.0,0,0.006,0.031,0,0
PA14_30540,-0.028,1.0,-0.055,1.0,0,0.028,0.055,0,0
PA14_33050,0.009,1.0,-0.017,1.0,0,0.009,0.017,0,0
mtlk,-0.003,1.0,0.01,1.0,0,0.003,0.01,0,0
pslN,-0.022,1.0,-0.003,1.0,0,0.022,0.003,0,0
glnP,-0.122,1.0,0.019,1.0,0,0.122,0.019,0,0
exaB,0.288,1.0,0.008,1.0,0,0.288,0.008,0,0
fabI,0.038,1.0,-0.003,1.0,0,0.038,0.003,0,0
uspA,0.013,1.0,0.019,1.0,0,0.013,0.019,0,0
cmaX,-0.005,1.0,-0.035,1.0,0,0.005,0.035,0,0
masA,0.024,1.0,0.0,1.0,0,0.024,0.0,0,0
PA14_42770,0.018,1.0,0.045,1.0,0,0.018,0.045,0,0
PA14_42910,0.033,1.0,0.012,1.0,0,0.033,0.012,0,0
ygdE,0.041,1.0,0.006,1.0,0,0.041,0.006,0,0
fixS,-0.005,1.0,0.009,1.0,0,0.005,0.009,0,0
ttuD,0.029,1.0,-0.007,1.0,0,0.029,0.007,0,0
PA14_48620,0.058,1.0,-0.014,1.0,0,0.058,0.014,0,0
pcpS,0.039,1.0,-0.001,1.0,0,0.039,0.001,0,0
flaG,0.01,1.0,0.046,1.0,0,0.01,0.046,0,0
flgC,-0.023,1.0,0.037,1.0,0,0.023,0.037,0,0
phaA,0.031,1.0,-0.082,1.0,0,0.031,0.082,0,0
ruvC,0.016,1.0,0.015,1.0,0,0.016,0.015,0,0
yebC,0.008,1.0,0.001,1.0,0,0.008,0.001,0,0
aotM,0.034,1.0,-0.171,1.0,0,0.034,0.171,0,0
phhB,-0.004,1.0,-0.004,1.0,0,0.004,0.004,0,0
slyD,-0.008,1.0,-0.008,1.0,0,0.008,0.008,0,0
PA14_53450,0.025,1.0,-0.01,1.0,0,0.025,0.01,0,0
PA14_54970,0.005,1.0,-0.017,1.0,0,0.005,0.017,0,0
PA14_55720,-0.01,1.0,-0.042,1.0,0,0.01,0.042,0,0
PA14_56140,0.018,1.0,0.011,1.0,0,0.018,0.011,0,0
mntH1,0.014,1.0,0.003,1.0,0,0.014,0.003,0,0
PA14_56840,-0.015,1.0,-0.005,1.0,0,0.015,0.005,0,0
pilR,0.016,1.0,0.0,1.0,0,0.016,0.0,0,0
pilW,0.0,1.0,0.001,1.0,0,0.0,0.001,0,0
fnr-2,0.026,1.0,0.038,1.0,0,0.026,0.038,0,0
ureD,-0.065,1.0,-0.006,1.0,0,0.065,0.006,0,0
PA14_67260,-0.028,1.0,0.041,1.0,0,0.028,0.041,0,0
argA,0.0,1.0,-0.033,1.0,0,0.0,0.033,0,0
pstC,0.002,1.0,0.001,1.0,0,0.002,0.001,0,0
PA14_70930,0.012,1.0,-0.001,1.0,0,0.012,0.001,0,0
PA14_72980,0.015,1.0,-0.02,1.0,0,0.015,0.02,0,0
glmR,-0.041,1.0,-0.032,1.0,0,0.041,0.032,0,0
PA14_00750,0.04,1.0,-0.057,1.0,0,0.04,0.057,0,0
PA14_01130,-0.015,1.0,0.024,1.0,0,0.015,0.024,0,0
PA14_01750,0.031,1.0,0.015,1.0,0,0.031,0.015,0,0
PA14_03200,0.022,1.0,0.002,1.0,0,0.022,0.002,0,0
PA14_06280,0.002,1.0,-0.019,1.0,0,0.002,0.019,0,0
PA14_06880,0.062,1.0,0.008,1.0,0,0.062,0.008,0,0
pqsL,0.02,1.0,-0.013,1.0,0,0.02,0.013,0,0
PA14_12620,0.006,1.0,-0.011,1.0,0,0.006,0.011,0,0
tauD,-0.061,1.0,0.044,1.0,0,0.061,0.044,0,0
moaC,0.017,1.0,-0.004,1.0,0,0.017,0.004,0,0
PA14_13350,0.021,1.0,-0.02,1.0,0,0.021,0.02,0,0
PA14_14490,-0.042,1.0,0.017,1.0,0,0.042,0.017,0,0
fkbP-1,0.017,1.0,-0.001,1.0,0,0.017,0.001,0,0
PA14_16510,-0.006,1.0,0.001,1.0,0,0.006,0.001,0,0
rnhB,0.05,1.0,-0.012,1.0,0,0.05,0.012,0,0
PA14_21060,-0.013,1.0,0.001,1.0,0,0.013,0.001,0,0
PA14_21720,0.013,1.0,0.013,1.0,0,0.013,0.013,0,0
tsp,0.009,1.0,-0.017,1.0,0,0.009,0.017,0,0
PA14_22080,-0.018,1.0,-0.055,1.0,0,0.018,0.055,0,0
yciB,0.02,1.0,0.02,1.0,0,0.02,0.02,0,0
gyrA,0.007,1.0,-0.024,1.0,0,0.007,0.024,0,0
PA14_24730,0.004,1.0,0.035,1.0,0,0.004,0.035,0,0
PA14_26560,0.006,1.0,-0.013,1.0,0,0.006,0.013,0,0
PA14_27890,-0.082,1.0,-0.012,1.0,0,0.082,0.012,0,0
potF4,0.035,1.0,0.018,1.0,0,0.035,0.018,0,0
nuoB,0.011,1.0,-0.037,1.0,0,0.011,0.037,0,0
PA14_30390,0.033,1.0,0.025,1.0,0,0.033,0.025,0,0
PA14_32470,0.042,1.0,0.072,1.0,0,0.042,0.072,0,0
PA14_32770,0.016,1.0,0.028,1.0,0,0.016,0.028,0,0
PA14_33540,0.017,1.0,-0.004,1.0,0,0.017,0.004,0,0
metI-1,0.051,1.0,0.017,1.0,0,0.051,0.017,0,0
pbpC,0.032,1.0,-0.017,1.0,0,0.032,0.017,0,0
PA14_38210,-0.053,1.0,0.027,1.0,0,0.053,0.027,0,0
pscG,0.102,1.0,0.007,1.0,0,0.102,0.007,0,0
panB,-0.01,1.0,-0.022,1.0,0,0.01,0.022,0,0
xdhA,0.011,1.0,-0.037,1.0,0,0.011,0.037,0,0
cheY,0.036,1.0,0.035,1.0,0,0.036,0.035,0,0
aceK,0.01,1.0,0.011,1.0,0,0.01,0.011,0,0
PA14_46460,-0.002,1.0,-0.011,1.0,0,0.002,0.011,0,0
PA14_46560,0.004,1.0,0.014,1.0,0,0.004,0.014,0,0
phnR,0.003,1.0,-0.006,1.0,0,0.003,0.006,0,0
yeaM,-0.011,1.0,0.01,1.0,0,0.011,0.01,0,0
phaF,-0.01,1.0,0.02,1.0,0,0.01,0.02,0,0
phaD,0.026,1.0,0.0,1.0,0,0.026,0.0,0,0
PA14_51910,0.052,1.0,0.039,1.0,0,0.052,0.039,0,0
mntH2,0.026,1.0,-0.012,1.0,0,0.026,0.012,0,0
PA14_56930,0.013,1.0,0.007,1.0,0,0.013,0.007,0,0
speA,0.017,1.0,0.013,1.0,0,0.017,0.013,0,0
fbp,0.012,1.0,-0.015,1.0,0,0.012,0.015,0,0
PA14_68490,0.029,1.0,-0.021,1.0,0,0.029,0.021,0,0
PA14_70120,0.003,1.0,-0.022,1.0,0,0.003,0.022,0,0
rpoZ,0.03,1.0,-0.008,1.0,0,0.03,0.008,0,0
PA14_71260,-0.005,1.0,0.011,1.0,0,0.005,0.011,0,0
PA14_00070,0.037,1.0,0.019,1.0,0,0.037,0.019,0,0
PA14_00630,-0.026,1.0,-0.02,1.0,0,0.026,0.02,0,0
aguB,0.032,1.0,0.031,1.0,0,0.032,0.031,0,0
glpQ,-0.051,1.0,0.033,1.0,0,0.051,0.033,0,0
PA14_07355,0.16,1.0,0.032,1.0,0,0.16,0.032,0,0
apaG,-0.012,1.0,0.01,1.0,0,0.012,0.01,0,0
surA,0.017,1.0,-0.024,1.0,0,0.017,0.024,0,0
phzS,0.058,1.0,-0.062,1.0,0,0.058,0.062,0,0
PA14_11480,0.028,1.0,-0.029,1.0,0,0.028,0.029,0,0
PA14_11490,0.022,1.0,0.033,1.0,0,0.022,0.033,0,0
dacC,-0.015,1.0,0.0,1.0,0,0.015,0.0,0,0
PA14_14060,-0.013,1.0,0.02,1.0,0,0.013,0.02,0,0
PA14_14330,-0.089,1.0,0.033,1.0,0,0.089,0.033,0,0
wspF,0.013,1.0,0.047,1.0,0,0.013,0.047,0,0
surE,0.03,1.0,-0.017,1.0,0,0.03,0.017,0,0
ssuA,0.077,1.0,-0.022,1.0,0,0.077,0.022,0,0
PA14_21700,0.004,1.0,-0.048,1.0,0,0.004,0.048,0,0
PA14_21900,-0.004,1.0,0.031,1.0,0,0.004,0.031,0,0
PA14_22320,0.126,1.0,-0.005,1.0,0,0.126,0.005,0,0
PA14_22520,-0.016,1.0,0.03,1.0,0,0.016,0.03,0,0
ypuG,-0.015,1.0,-0.053,1.0,0,0.015,0.053,0,0
xcpT,0.001,1.0,0.047,1.0,0,0.001,0.047,0,0
fabF1,0.02,1.0,-0.062,1.0,0,0.02,0.062,0,0
PA14_25810,0.009,1.0,0.025,1.0,0,0.009,0.025,0,0
phaA,0.06,1.0,0.008,1.0,0,0.06,0.008,0,0
tpm,0.027,1.0,0.048,1.0,0,0.027,0.048,0,0
yafH,-0.002,1.0,0.032,1.0,0,0.002,0.032,0,0
PA14_29830,-0.043,1.0,0.007,1.0,0,0.043,0.007,0,0
nuoK,0.023,1.0,-0.03,1.0,0,0.023,0.03,0,0
PA14_30990,-0.009,1.0,-0.062,1.0,0,0.009,0.062,0,0
PA14_33080,0.007,1.0,0.019,1.0,0,0.007,0.019,0,0
PA14_33190,0.019,1.0,-0.026,1.0,0,0.019,0.026,0,0
PA14_34540,0.062,1.0,0.01,1.0,0,0.062,0.01,0,0
PA14_35010,0.107,1.0,0.0,1.0,0,0.107,0.0,0,0
PA14_36020,0.029,1.0,-0.003,1.0,0,0.029,0.003,0,0
PA14_36260,0.044,1.0,0.032,1.0,0,0.044,0.032,0,0
PA14_37510,0.057,1.0,0.032,1.0,0,0.057,0.032,0,0
PA14_39000,0.088,1.0,-0.15,1.0,0,0.088,0.15,0,0
acpD,0.025,1.0,-0.149,1.0,0,0.025,0.149,0,0
nadR,-0.01,1.0,0.034,1.0,0,0.01,0.034,0,0
apaH,0.035,1.0,0.036,1.0,0,0.035,0.036,0,0
PA14_42010,0.003,1.0,0.044,1.0,0,0.003,0.044,0,0
PA14_43150,0.011,1.0,0.033,1.0,0,0.011,0.033,0,0
btuB,0.073,1.0,-0.052,1.0,0,0.073,0.052,0,0
PA14_49960,0.037,1.0,0.008,1.0,0,0.037,0.008,0,0
PA14_50740,0.019,1.0,-0.027,1.0,0,0.019,0.027,0,0
opdD,0.053,1.0,-0.001,1.0,0,0.053,0.001,0,0
PA14_51190,-0.015,1.0,0.029,1.0,0,0.015,0.029,0,0
PA14_52610,-0.025,1.0,-0.006,1.0,0,0.025,0.006,0,0
dctM,-0.018,1.0,-0.051,1.0,0,0.018,0.051,0,0
PA14_52870,0.079,1.0,-0.006,1.0,0,0.079,0.006,0,0
PA14_53670,0.02,1.0,-0.032,1.0,0,0.02,0.032,0,0
yjgR,-0.007,1.0,-0.077,1.0,0,0.007,0.077,0,0
pcnB,0.031,1.0,0.002,1.0,0,0.031,0.002,0,0
PA14_63780,-0.064,1.0,-0.042,1.0,0,0.064,0.042,0,0
PA14_65420,-0.012,1.0,-0.014,1.0,0,0.012,0.014,0,0
PA14_65720,0.02,1.0,0.039,1.0,0,0.02,0.039,0,0
PA14_65920,-0.031,1.0,-0.016,1.0,0,0.031,0.016,0,0
PA14_69540,-0.037,1.0,-0.025,1.0,0,0.037,0.025,0,0
PA14_70220,0.01,1.0,-0.013,1.0,0,0.01,0.013,0,0
PA14_70860,0.003,1.0,-0.045,1.0,0,0.003,0.045,0,0
PA14_73100,-0.014,1.0,-0.018,1.0,0,0.014,0.018,0,0
tRNA,-0.062,1.0,0.0,1.0,0,0.062,0.0,0,0
tRNA,0.106,1.0,0.004,1.0,0,0.106,0.004,0,0
LSU_rRNA_bacteria,0.081,1.0,-0.009,1.0,0,0.081,0.009,0,0
tRNA,-0.015,1.0,-0.013,1.0,0,0.015,0.013,0,0
tRNA,0.07,1.0,0.02,1.0,0,0.07,0.02,0,0
fmt,0.045,1.0,0.035,1.0,0,0.045,0.035,0,0
PA14_00620,0.038,1.0,-0.022,1.0,0,0.038,0.022,0,0
PA14_02130,-0.007,1.0,0.015,1.0,0,0.007,0.015,0,0
atsC,0.069,1.0,-0.075,1.0,0,0.069,0.075,0,0
PA14_02390,0.021,1.0,-0.011,1.0,0,0.021,0.011,0,0
PA14_02690,0.02,1.0,-0.089,1.0,0,0.02,0.089,0,0
PA14_03210,0.039,1.0,0.01,1.0,0,0.039,0.01,0,0
PA14_03855,0.016,1.0,0.011,1.0,0,0.016,0.011,0,0
PA14_04590,-0.011,1.0,0.001,1.0,0,0.011,0.001,0,0
PA14_05020,-0.045,1.0,-0.005,1.0,0,0.045,0.005,0,0
PA14_06130,0.025,1.0,-0.02,1.0,0,0.025,0.02,0,0
nirH,-0.165,1.0,-0.018,1.0,0,0.165,0.018,0,0
PA14_07340,0.049,1.0,0.007,1.0,0,0.049,0.007,0,0
argC,0.023,1.0,0.034,1.0,0,0.023,0.034,0,0
PA14_09550,-0.017,1.0,-0.027,1.0,0,0.017,0.027,0,0
lysR,0.025,1.0,-0.034,1.0,0,0.025,0.034,0,0
PA14_10120,-0.002,1.0,0.033,1.0,0,0.002,0.033,0,0
PA14_10300,0.017,1.0,0.034,1.0,0,0.017,0.034,0,0
opdL,-0.035,1.0,0.036,1.0,0,0.035,0.036,0,0
ydjL,-0.181,1.0,-0.174,1.0,0,0.181,0.174,0,0
dad,0.038,1.0,-0.015,1.0,0,0.038,0.015,0,0
cupB6,0.046,1.0,-0.006,1.0,0,0.046,0.006,0,0
PA14_11150,0.042,1.0,-0.017,1.0,0,0.042,0.017,0,0
PA14_11210,0.005,1.0,0.035,1.0,0,0.005,0.035,0,0
PA14_11600,0.031,1.0,-0.014,1.0,0,0.031,0.014,0,0
hemL,0.011,1.0,0.011,1.0,0,0.011,0.011,0,0
oprC,0.011,1.0,0.03,1.0,0,0.011,0.03,0,0
PA14_15250,0.079,1.0,0.022,1.0,0,0.079,0.022,0,0
PA14_15590,0.023,1.0,0.006,1.0,0,0.023,0.006,0,0
PA14_15630,-0.003,1.0,0.006,1.0,0,0.003,0.006,0,0
glmS,-0.029,1.0,0.039,1.0,0,0.029,0.039,0,0
PA14_17690,0.012,1.0,0.023,1.0,0,0.012,0.023,0,0
glpK,-0.005,1.0,0.004,1.0,0,0.005,0.004,0,0
PA14_18060,-0.037,1.0,-0.006,1.0,0,0.037,0.006,0,0
mexE,0.024,1.0,-0.013,1.0,0,0.024,0.013,0,0
rnfG,-0.011,1.0,-0.009,1.0,0,0.011,0.009,0,0
rnfB,0.017,1.0,0.007,1.0,0,0.017,0.007,0,0
PA14_19330,0.008,1.0,-0.018,1.0,0,0.008,0.018,0,0
PA14_19400,-0.017,1.0,0.035,1.0,0,0.017,0.035,0,0
ssuA,-0.009,1.0,0.015,1.0,0,0.009,0.015,0,0
ssuC,0.029,1.0,0.011,1.0,0,0.029,0.011,0,0
PA14_19830,0.016,1.0,0.038,1.0,0,0.016,0.038,0,0
nosY,-0.125,1.0,0.029,1.0,0,0.125,0.029,0,0
phnL,-0.078,1.0,0.032,1.0,0,0.078,0.032,0,0
PA14_20550,0.005,1.0,-0.034,1.0,0,0.005,0.034,0,0
PA14_21180,0.026,1.0,-0.012,1.0,0,0.026,0.012,0,0
phaJ1,0.024,1.0,0.031,1.0,0,0.024,0.031,0,0
grtA,0.014,1.0,0.035,1.0,0,0.014,0.035,0,0
ykgJ,0.007,1.0,0.004,1.0,0,0.007,0.004,0,0
yciL,0.012,1.0,-0.018,1.0,0,0.012,0.018,0,0
PA14_23580,0.027,1.0,-0.049,1.0,0,0.027,0.049,0,0
PA14_24400,0.02,1.0,0.018,1.0,0,0.02,0.018,0,0
cobM,-0.004,1.0,-0.028,1.0,0,0.004,0.028,0,0
PA14_25930,0.146,1.0,0.016,1.0,0,0.146,0.016,0,0
hisQ,-0.086,1.0,0.034,1.0,0,0.086,0.034,0,0
PA14_26310,0.001,1.0,-0.012,1.0,0,0.001,0.012,0,0
PA14_27700,-0.01,1.0,-0.064,1.0,0,0.01,0.064,0,0
PA14_28840,0.021,1.0,-0.027,1.0,0,0.021,0.027,0,0
PA14_29050,0.027,1.0,0.023,1.0,0,0.027,0.023,0,0
opdB,-0.005,1.0,-0.047,1.0,0,0.005,0.047,0,0
hplU,-0.041,1.0,-0.008,1.0,0,0.041,0.008,0,0
trbF,-0.104,1.0,-0.014,1.0,0,0.104,0.014,0,0
PA14_31010,0.005,1.0,0.005,1.0,0,0.005,0.005,0,0
PA14_31130,0.065,1.0,0.032,1.0,0,0.065,0.032,0,0
PA14_31460,0.015,1.0,0.034,1.0,0,0.015,0.034,0,0
cztS,0.046,1.0,-0.037,1.0,0,0.046,0.037,0,0
PA14_32420,-0.005,1.0,-0.038,1.0,0,0.005,0.038,0,0
PA14_32650,0.093,1.0,0.041,1.0,0,0.093,0.041,0,0
PA14_32890,0.038,1.0,0.034,1.0,0,0.038,0.034,0,0
opmQ,-0.007,1.0,0.032,1.0,0,0.007,0.032,0,0
PA14_33970,0.01,1.0,0.038,1.0,0,0.01,0.038,0,0
PA14_34010,0.005,1.0,0.028,1.0,0,0.005,0.028,0,0
PA14_34170,0.013,1.0,-0.013,1.0,0,0.013,0.013,0,0
mtlF,-0.01,1.0,0.029,1.0,0,0.01,0.029,0,0
PA14_34710,-0.004,1.0,-0.113,1.0,0,0.004,0.113,0,0
PA14_35930,0.15,1.0,0.007,1.0,0,0.15,0.007,0,0
PA14_35940,0.027,1.0,0.0,1.0,0,0.027,0.0,0,0
PA14_36190,0.007,1.0,-0.004,1.0,0,0.007,0.004,0,0
PA14_36890,0.065,1.0,-0.006,1.0,0,0.065,0.006,0,0
PA14_37080,-0.016,1.0,-0.013,1.0,0,0.016,0.013,0,0
PA14_37210,0.071,1.0,-0.067,1.0,0,0.071,0.067,0,0
PA14_37380,-0.002,1.0,-0.216,1.0,0,0.002,0.216,0,0
PA14_37410,-0.002,1.0,0.039,1.0,0,0.002,0.039,0,0
PA14_37460,0.03,1.0,-0.031,1.0,0,0.03,0.031,0,0
PA14_38610,0.028,1.0,0.018,1.0,0,0.028,0.018,0,0
PA14_38710,-0.01,1.0,-0.007,1.0,0,0.01,0.007,0,0
PA14_38950,0.0,1.0,-0.022,1.0,0,0.0,0.022,0,0
PA14_39220,0.029,1.0,-0.003,1.0,0,0.029,0.003,0,0
PA14_39240,0.032,1.0,0.029,1.0,0,0.032,0.029,0,0
PA14_39460,-0.006,1.0,0.001,1.0,0,0.006,0.001,0,0
PA14_39850,0.091,1.0,-0.002,1.0,0,0.091,0.002,0,0
PA14_40540,0.094,1.0,-0.215,1.0,0,0.094,0.215,0,0
PA14_40820,0.01,1.0,0.033,1.0,0,0.01,0.033,0,0
pscE,-0.162,1.0,0.055,1.0,0,0.162,0.055,0,0
kdpA,0.018,1.0,0.033,1.0,0,0.018,0.033,0,0
PA14_43660,0.059,1.0,-0.034,1.0,0,0.059,0.034,0,0
PA14_43820,0.009,1.0,-0.029,1.0,0,0.009,0.029,0,0
PA14_46530,0.033,1.0,-0.022,1.0,0,0.033,0.022,0,0
PA14_46760,0.008,1.0,-0.059,1.0,0,0.008,0.059,0,0
PA14_46800,0.089,1.0,-0.017,1.0,0,0.089,0.017,0,0
PA14_46830,0.029,1.0,0.027,1.0,0,0.029,0.027,0,0
PA14_47070,-0.07,1.0,-0.022,1.0,0,0.07,0.022,0,0
PA14_47560,-0.032,1.0,0.036,1.0,0,0.032,0.036,0,0
cobC,-0.013,1.0,0.034,1.0,0,0.013,0.034,0,0
cobP,-0.007,1.0,0.001,1.0,0,0.007,0.001,0,0
PA14_47900,-0.015,1.0,-0.013,1.0,0,0.015,0.013,0,0
PA14_47940,0.08,1.0,0.006,1.0,0,0.08,0.006,0,0
PA14_47950,-0.158,1.0,-0.021,1.0,0,0.158,0.021,0,0
aprE,0.021,1.0,-0.01,1.0,0,0.021,0.01,0,0
PA14_48240,0.075,1.0,-0.006,1.0,0,0.075,0.006,0,0
PA14_48630,0.01,1.0,0.016,1.0,0,0.01,0.016,0,0
PA14_48750,0.044,1.0,0.0,1.0,0,0.044,0.0,0,0
gsp69,-0.028,1.0,-0.019,1.0,0,0.028,0.019,0,0
PA14_50840,0.018,1.0,0.009,1.0,0,0.018,0.009,0,0
PA14_52320,-0.046,1.0,-0.129,1.0,0,0.046,0.129,0,0
fumC2,0.019,1.0,0.037,1.0,0,0.019,0.037,0,0
plcR,-0.053,1.0,0.006,1.0,0,0.053,0.006,0,0
PA14_53830,-0.011,1.0,-0.002,1.0,0,0.011,0.002,0,0
PA14_53860,0.005,1.0,-0.019,1.0,0,0.005,0.019,0,0
icp,0.04,1.0,-0.013,1.0,0,0.04,0.013,0,0
hxcZ,0.107,1.0,-0.043,1.0,0,0.107,0.043,0,0
PA14_55710,0.037,1.0,-0.024,1.0,0,0.037,0.024,0,0
PA14_56990,-0.016,1.0,0.001,1.0,0,0.016,0.001,0,0
PA14_57060,-0.011,1.0,-0.003,1.0,0,0.011,0.003,0,0
PA14_58210,0.012,1.0,-0.006,1.0,0,0.012,0.006,0,0
PA14_58930,-0.008,1.0,-0.005,1.0,0,0.008,0.005,0,0
PA14_59060,0.108,1.0,0.016,1.0,0,0.108,0.016,0,0
pilP2,0.113,1.0,0.019,1.0,0,0.113,0.019,0,0
PA14_59900,0.009,1.0,0.022,1.0,0,0.009,0.022,0,0
PA14_59950,0.099,1.0,-0.009,1.0,0,0.099,0.009,0,0
PA14_60620,0.001,1.0,0.018,1.0,0,0.001,0.018,0,0
prfA,0.031,1.0,0.012,1.0,0,0.031,0.012,0,0
PA14_61870,-0.002,1.0,0.017,1.0,0,0.002,0.017,0,0
hitB,0.03,1.0,-0.178,1.0,0,0.03,0.178,0,0
phuV,0.019,1.0,0.034,1.0,0,0.019,0.034,0,0
PA14_62430,0.011,1.0,0.036,1.0,0,0.011,0.036,0,0
pmrA,0.032,1.0,-0.002,1.0,0,0.032,0.002,0,0
PA14_63480,0.038,1.0,0.033,1.0,0,0.038,0.033,0,0
lipC,-0.056,1.0,0.003,1.0,0,0.056,0.003,0,0
PA14_64120,-0.033,1.0,0.012,1.0,0,0.033,0.012,0,0
qacH,-0.115,1.0,0.046,1.0,0,0.115,0.046,0,0
glnE,-0.004,1.0,0.007,1.0,0,0.004,0.007,0,0
PA14_66350,0.019,1.0,-0.009,1.0,0,0.019,0.009,0,0
PA14_67030,0.039,1.0,0.021,1.0,0,0.039,0.021,0,0
attL,0.034,1.0,,,0,0.034,,0,0
PA14_70790,0.027,1.0,,,0,0.027,,0,0
PA14_71150,-0.031,1.0,,,0,0.031,,0,0
PA14_71400,-0.028,1.0,,,0,0.028,,0,0
soxB,-0.008,1.0,,,0,0.008,,0,0
soxG,0.067,1.0,,,0,0.067,,0,0
PA14_71700,-0.048,1.0,,,0,0.048,,0,0
PA14_72140,0.033,1.0,,,0,0.033,,0,0
PA14_72180,-0.008,1.0,,,0,0.008,,0,0
PA14_72700,0.027,1.0,,,0,0.027,,0,0
