id	gene_symbol	log_FC	log_CPM	deseq.p-value	deseq.adj.pvalue	edger.p.value	edger.adj.p.value	X3225B2.norm	X3225B3.norm	X3225B4.norm	WTB3.norm	WTB4.norm	WTB6.norm	X3225B2.raw	X3225B3.raw	X3225B4.raw	WTB3.raw	WTB4.raw	WTB6.raw
PA14_22460	PA14_22460	4.345	7.733	2e-71	1.2e-67	4.6e-80	1.4e-76	1686	1573	1649	99	79	62	1956	1711	1200	122	60	73
PA14_22450	ppiA	4.151	7.63	1e-66	3e-63	2.4e-85	1.4e-81	1574	1537	1424	84	82	89	1826	1672	1036	104	62	103
PA14_22470	PA14_22470	3.929	9.077	8.8e-66	1.7e-62	1.8e-75	3.5e-72	4458	3785	4037	298	237	269	5171	4117	2938	369	179	313
PA14_22440	bapA	3.773	8.996	3e-62	4.4e-59	1.1e-73	1.6e-70	3877	3928	3716	305	293	245	4497	4272	2704	377	222	285
PA14_27070	PA14_27070	3.263	9.016	1.4e-49	1.6e-46	2.1e-53	2.5e-50	4260	3546	3548	339	386	458	4941	3857	2582	421	292	531
PA14_48650	yhhW	2.964	6.767	3.4e-36	3.4e-33	1.1e-46	1.1e-43	783	667	884	86	98	115	908	726	644	107	74	133
PA14_22420	PA14_22420	2.388	5.511	1.7e-21	1.4e-18	3.3e-33	2.9e-30	329	301	294	63	52	60	381	327	214	78	39	70
PA14_27390	PA14_27390	1.633	5.734	2.5e-12	1.8e-09	2.1e-14	1.4e-11	355	310	301	117	120	75	411	337	219	145	91	88
PA14_03730	PA14_03730	-1.27	9.326	3e-10	2e-07	2.8e-12	1.5e-09	1517	1558	1483	3591	3604	3795	1760	1694	1079	4448	2728	4408
PA14_05500	PA14_05500	1.283	6.483	4.6e-09	2.8e-06	2.1e-12	1.3e-09	475	537	517	199	244	187	551	584	376	247	185	217
PA14_22280	PA14_22280	1.861	6.517	1e-08	5.6e-06	3.7e-15	2.8e-12	634	664	432	149	119	207	735	722	313	185	89	240
PA14_28400	oprQ	-1.069	8.659	7.5e-08	3.7e-05	2.9e-08	1.3e-05	932	1018	1210	1966	2329	2332	1082	1107	881	2436	1763	2708
PA14_06750	nirS	-1.513	4.432	1.4e-07	6.1e-05	5.1e-10	2.5e-07	42	43	47	96	150	132	49	47	34	120	114	153
PA14_36470	PA14_36470	-1.067	9.318	1.4e-07	6.1e-05	1.2e-06	0.00036	1250	2099	1642	3429	3872	3161	1451	2283	1195	4247	2932	3672
PA14_15360	PA14_15360	-1.172	9.096	1.1e-05	0.0043	5.3e-07	0.00018	1175	1123	1775	2370	3426	3379	1363	1222	1293	2937	2594	3925
PA14_36530	PA14_36530	-0.795	9.353	7.2e-05	0.027	4.8e-05	0.012	2200	1700	1890	2991	3287	3767	2552	1849	1375	3705	2488	4375
PA14_05910	PA14_05910	0.976	5.172	7.7e-05	0.027	5.8e-07	0.00018	202	181	188	108	98	84	234	197	137	134	74	98
PA14_09240	pchD	-0.784	7.785	0.00011	0.035	4.1e-05	0.011	713	657	589	1115	977	1282	827	715	428	1381	739	1489
PA14_36820	PA14_36820	-1.359	12.34	0.00018	0.057	3.6e-08	1.4e-05	12137	9020	14086	26387	23917	40094	14079	9811	10252	32685	18105	46568
PA14_06810	norC	-1.811	3.186	0.00022	0.067	1.3e-07	5e-05	10	20	15	46	74	42	12	22	11	57	57	49
PA14_09750	PA14_09750	-0.813	7.145	0.00026	0.074	0.00013	0.022	349	368	526	607	721	851	405	400	384	753	546	988
PA14_05890	PA14_05890	1.012	6.494	0.00035	0.096	0.00061	0.074	440	503	514	263	346	114	511	547	374	325	264	133
PA14_39990	PA14_39990	-0.743	6.947	0.00038	0.1	6.2e-05	0.013	342	413	358	540	604	718	397	449	260	670	457	834
PA14_67410	PA14_67410	0.915	4.597	0.00041	0.1	6.6e-05	0.013	141	108	125	64	81	55	163	118	91	79	62	64
PA14_22490	acpD	1.04	4.145	0.00045	0.11	1.5e-05	0.0043	75	109	101	49	38	50	87	118	74	61	28	58
PA14_09280	pchF	-0.692	9.584	0.00055	0.13	2e-04	0.031	2670	2285	2150	3929	3668	3884	3097	2485	1564	4866	2777	4511
PA14_10500	ccoN	-0.731	6.119	0.00062	0.14	0.00026	0.037	240	163	225	324	320	397	278	178	164	402	242	461
PA14_40020	PA14_40020	-0.754	5.733	0.00079	0.17	6.5e-05	0.013	156	172	146	303	253	244	181	187	106	375	191	284
PA14_09320	pchI	-0.703	6.957	0.00085	0.18	8e-05	0.015	428	377	336	633	576	650	496	410	244	784	436	755
PA14_32250	PA14_32250	-0.942	4.366	0.00093	0.18	0.00028	0.039	41	60	68	111	130	82	48	65	50	138	99	96
PA14_51360	phnA	0.769	5.666	0.00096	0.18	0.00016	0.026	232	258	278	156	178	118	269	281	203	193	135	138
PA14_00480	PA14_00480	-0.636	12.915	0.001	0.19	0.0015	0.13	27763	22578	22978	36006	33580	44325	32205	24556	16722	44599	25421	51483
PA14_01620	aptA	0.745	5.494	0.0011	0.2	0.00026	0.037	242	210	227	132	165	110	281	228	165	163	126	128
PA14_58330	PA14_58330	-1.179	9.031	0.0011	0.19	2.5e-07	8.7e-05	1394	1193	1290	2669	2190	3922	1617	1298	939	3306	1657	4555
PA14_09270	pchE	-0.636	9.699	0.0013	0.22	0.00096	0.1	2895	2621	2370	4676	3855	3727	3358	2851	1724	5791	2918	4329
PA14_36520	PA14_36520	-0.794	8.828	0.0014	0.23	0.00014	0.023	1463	1187	1375	1878	2218	2882	1697	1291	1001	2327	1679	3347
PA14_36500	PA14_36500	-0.728	6.583	0.0019	0.31	0.00039	0.051	344	235	291	425	430	587	399	256	212	527	325	681
PA14_09230	pchC	-0.788	4.689	0.0023	0.37	0.00092	0.1	94	63	66	131	101	154	108	69	48	162	76	178
PA14_24790	opdQ	-0.58	7.196	0.003	0.46	0.0018	0.15	439	458	526	646	661	816	509	498	383	801	500	947
PA14_45100	muiA	-0.791	5.38	0.003	0.46	0.00035	0.046	118	125	121	216	153	260	137	136	88	267	115	301
PA14_09220	pchB	-0.879	6.111	0.0032	0.47	0.00019	0.029	237	210	136	421	267	385	274	228	98	521	201	447
PA14_32590	dipZ2	-0.653	5.757	0.0033	0.47	0.0012	0.12	158	191	154	317	249	226	183	208	112	392	188	263
PA14_09300	pchH	-0.599	7.048	0.0037	0.51	0.0022	0.17	513	377	380	641	553	729	594	410	276	794	418	846
PA14_07950	prtN	-0.636	8.206	0.0039	0.51	0.0019	0.15	812	922	1065	1329	1771	1249	942	1003	776	1646	1342	1451
PA14_40240	PA14_40240	0.675	6.194	0.0039	0.51	0.0049	0.28	390	342	355	282	263	136	452	372	258	348	200	159
PA14_01460	dctA	-0.601	6.037	0.004	0.51	0.0015	0.13	201	192	234	292	290	367	233	209	171	362	219	426
PA14_16250	lasB	-0.558	13.829	0.0043	0.54	0.0071	0.33	42072	59235	41348	69699	64774	75534	48804	64423	30091	86332	49036	87733
PA14_71100	yeiH	-0.873	3.939	0.0043	0.54	0.00058	0.073	57	39	29	76	80	75	66	42	20	94	61	87
PA14_10290	acoR	0.568	7.563	0.0045	0.55	0.0039	0.24	1041	814	877	635	702	507	1207	886	638	787	532	589
PA14_60490	PA14_60490	-0.834	6.182	0.0047	0.56	8e-05	0.015	206	203	218	320	306	491	239	221	159	397	231	569
PA14_08660	PA14_08660	-0.69	4.961	0.0051	0.59	0.0022	0.17	75	110	101	122	170	169	87	119	74	152	129	196
PA14_49860	PA14_49860	0.716	7.066	0.0051	0.59	0.0053	0.29	741	613	658	472	524	229	859	667	479	584	398	267
PA14_51380	pqsE	0.669	5.214	0.0056	0.62	0.001	0.11	181	172	195	115	137	93	210	187	142	143	104	109
PA14_51390	pqsD	0.657	5.213	0.0056	0.62	0.0011	0.11	188	168	185	101	138	106	218	183	135	126	105	123
PA14_22340	yjcH	-0.51	7.635	0.0058	0.63	0.011	0.41	575	627	783	860	862	1102	667	682	571	1065	652	1280
PA14_36480	PA14_36480	-0.634	5.379	0.0059	0.63	0.0027	0.18	136	116	140	163	196	249	158	126	102	202	148	289
PA14_36375	PA14_36375	-0.581	6.6	0.0063	0.66	0.0023	0.17	382	254	298	461	444	495	443	277	217	571	336	575
PA14_42440	popD	0.869	3.705	0.0065	0.67	0.00032	0.044	66	59	71	42	34	30	77	64	52	52	26	35
PA14_09260	pchR	-0.527	8.118	0.0069	0.7	0.0063	0.32	890	856	1007	1113	1328	1524	1033	931	733	1379	1005	1770
PA14_07850	PA14_07850	0.67	5.381	0.007	0.7	0.001	0.11	177	210	226	147	135	104	206	228	165	181	102	121
PA14_36850	PA14_36850	-0.574	7.193	0.0072	0.7	0.0057	0.3	524	367	528	588	695	829	607	400	385	729	526	962
PA14_52520	PA14_52520	-0.564	6.299	0.0073	0.7	0.0047	0.26	265	203	297	320	397	413	307	221	217	397	301	479
PA14_09210	pchA	-0.548	8.193	0.0077	0.73	0.0022	0.17	988	1005	883	1446	1437	1322	1146	1093	642	1791	1088	1536
PA14_05550	oprM	0.586	6.677	0.0078	0.73	0.0012	0.12	542	502	439	351	285	351	629	546	319	435	215	408
PA14_19960	PA14_19960	0.713	4.362	0.0081	0.74	0.0035	0.23	100	94	108	61	80	44	116	102	79	76	61	52
PA14_36630	glgX	-0.574	7.755	0.0087	0.79	0.008	0.35	871	538	689	998	909	1215	1010	585	501	1236	688	1411
PA14_62240	PA14_62240	0.507	8.706	0.0089	0.79	0.022	0.54	2038	2085	1812	1618	1594	965	2364	2268	1318	2004	1207	1122
PA14_08210	PA14_08210	-0.517	7.89	0.0095	0.82	0.0036	0.23	755	793	812	1163	1168	1047	876	862	591	1440	884	1216
PA14_36710	glgB	-0.677	6.619	0.0095	0.82	0.0022	0.17	385	222	305	415	456	588	446	242	222	515	345	682
PA14_44430	PA14_44430	0.563	6.298	0.0099	0.85	0.006	0.31	351	395	385	285	296	185	407	429	280	352	225	215
PA14_51010	PA14_51010	-0.51	8.18	0.011	0.95	0.016	0.47	783	932	1180	1133	1428	1560	909	1014	860	1404	1081	1812
PA14_07980	PA14_07980	-0.869	7.051	0.012	0.95	0.00014	0.023	406	381	347	866	752	453	471	414	252	1072	570	527
PA14_22090	PA14_22090	-0.537	6.466	0.012	0.95	0.0033	0.22	252	329	287	373	429	459	293	358	209	462	325	533
PA14_30750	PA14_30750	-0.704	6.017	0.012	0.96	0.00094	0.1	212	177	202	267	277	419	246	193	147	331	209	486
PA14_55530	hxcW	0.562	6.89	0.012	0.95	0.0025	0.18	586	509	612	441	395	320	680	554	446	546	299	372
PA14_72890	PA14_72890	0.584	5.876	0.012	0.95	0.016	0.47	285	269	291	216	235	114	331	293	212	267	179	133
PA14_09940	pfpI	-0.483	8.793	0.013	1	0.011	0.41	1579	1287	1614	1867	2138	2256	1831	1400	1175	2313	1619	2620
PA14_39800	PA14_39800	-0.49	6.451	0.013	1	0.0097	0.39	296	267	314	390	348	490	343	290	229	483	263	569
PA14_55590	PA14_55590	-1.12	4.624	0.013	1	5.2e-05	0.012	63	53	67	105	100	192	73	58	49	131	75	222
PA14_36490	PA14_36490	-0.771	5.268	0.014	1	0.0025	0.18	156	85	97	222	143	213	180	93	70	274	107	247
PA14_09290	pchG	-0.532	7.609	0.015	1	0.0072	0.33	708	692	527	1013	994	783	821	752	383	1254	753	910
PA14_40250	opmL	0.672	7.954	0.015	1	0.017	0.48	1237	1184	1264	851	1068	393	1435	1288	920	1054	810	458
PA14_51560	PA14_51560	-0.861	7.919	0.015	1	0.00057	0.073	554	634	890	896	1210	1668	643	690	649	1111	916	1936
PA14_61010	PA14_61010	-0.466	11.678	0.015	1	0.04	0.61	7648	12539	13161	15096	16716	14260	8873	13637	9579	18699	12655	16563
PA14_01350	PA14_01350	0.703	5.883	0.016	1	0.0073	0.33	347	259	273	235	202	103	402	282	198	290	153	121
PA14_08220	PA14_08220	-0.498	7.1	0.016	1	0.0054	0.29	420	479	474	673	704	563	487	521	345	833	533	654
PA14_04340	PA14_04340	0.596	5.13	0.017	1	0.0072	0.33	197	167	141	140	92	101	228	182	102	173	69	118
PA14_09690	PA14_09690	0.958	2.801	0.017	1	0.0015	0.13	37	31	34	16	12	24	43	34	25	20	9	27
PA14_20230	nosR	-2.151	4.999	0.017	1	1.6e-09	7.3e-07	55	45	38	131	135	349	64	49	27	164	101	404
PA14_09740	yaaU	-0.776	4.802	0.018	1	0.0015	0.13	85	74	85	112	117	188	98	81	62	139	88	218
PA14_28150	PA14_28150	0.635	4.777	0.018	1	0.0042	0.24	119	120	158	92	95	69	138	131	116	114	72	80
PA14_33040	gcvT2	0.611	4.935	0.018	1	0.0027	0.18	169	126	148	104	89	96	196	137	108	129	67	112
PA14_10180	fepC	-0.58	4.864	0.019	1	0.0053	0.29	98	90	88	122	128	163	114	98	64	152	97	189
PA14_19850	PA14_19850	0.728	4.339	0.019	1	0.0067	0.32	129	82	90	73	67	42	149	89	65	90	51	49
PA14_19900	PA14_19900	0.512	8.731	0.019	1	0.026	0.56	2215	1862	1972	1697	1609	936	2569	2025	1435	2101	1219	1088
PA14_43405	kdpF	-1.852	0.975	0.019	1	0.0054	0.29	3	1	4	5	8	13	3	1	3	7	6	15
PA14_61210	hprA	-0.604	4.488	0.019	1	0.012	0.43	91	58	62	111	88	123	105	63	45	137	66	142
PA14_61840	vapI	-0.431	8.599	0.019	1	0.04	0.61	991	1526	1483	1656	1762	1974	1150	1660	1080	2052	1334	2292
PA14_03166	PA14_03166	-0.478	6.687	0.02	1	0.015	0.46	267	384	387	445	534	466	310	418	282	552	405	541
PA14_09370	PA14_09370	-0.504	6	0.02	1	0.011	0.41	251	179	205	347	280	274	291	195	149	429	212	318
PA14_35270	PA14_35270	0.659	4.364	0.02	1	0.0066	0.32	96	90	112	77	67	44	112	98	82	95	51	52
PA14_54540	PA14_54540	0.76	3.421	0.02	1	0.0098	0.39	58	47	50	37	36	19	67	51	36	45	28	22
PA14_22140	PA14_22140	-0.655	4.551	0.021	1	0.009	0.37	57	82	77	92	100	146	66	89	56	115	75	169
PA14_28360	PA14_28360	-0.596	9	0.021	1	0.0046	0.26	1706	1733	1498	1987	2324	3152	1979	1885	1090	2462	1759	3660
PA14_29290	PA14_29290	-0.668	3.757	0.021	1	0.0081	0.35	46	31	46	68	58	68	53	34	34	84	44	79
PA14_36810	katE	-0.494	8.025	0.021	1	0.016	0.47	1048	759	808	1015	1263	1408	1215	826	588	1258	956	1635
PA14_36880	PA14_36880	-0.899	2.87	0.021	1	0.0032	0.21	27	14	16	33	39	34	31	15	11	41	30	40
PA14_03000	PA14_03000	0.658	4.2	0.022	1	0.0041	0.24	95	73	97	60	59	49	110	80	71	74	45	57
PA14_20460	PA14_20460	0.514	5.294	0.022	1	0.02	0.52	210	189	155	142	150	98	243	205	112	175	114	114
PA14_22400	PA14_22400	-0.744	10.592	0.022	1	0.0012	0.12	5400	4263	4322	6536	6423	10470	6264	4637	3145	8097	4862	12160
PA14_36700	PA14_36700	-0.55	4.889	0.022	1	0.013	0.44	112	76	97	131	122	164	129	83	71	162	92	190
PA14_40030	PA14_40030	-0.53	5.458	0.022	1	0.0035	0.23	149	147	135	198	202	223	173	160	98	246	153	259
PA14_22020	minD	-0.442	9.259	0.023	1	0.02	0.53	1987	2292	2012	2563	2711	3275	2305	2493	1464	3175	2052	3804
PA14_04270	PA14_04270	-0.483	5.805	0.024	1	0.02	0.52	167	187	208	216	245	323	194	203	152	268	185	375
PA14_67600	glnA	-0.458	9.117	0.024	1	0.027	0.56	1614	2137	1915	2336	2274	3171	1873	2324	1394	2894	1721	3682
PA14_52490	PA14_52490	-0.497	5.796	0.025	1	0.015	0.46	178	187	188	306	274	199	206	203	137	378	208	232
PA14_56800	PA14_56800	0.556	5.556	0.025	1	0.0079	0.35	227	195	254	183	157	118	263	212	185	226	119	138
PA14_01320	coIII	0.414	9.013	0.026	1	0.056	0.67	2334	2377	2440	1744	2299	1325	2707	2585	1776	2160	1742	1540
PA14_10360	PA14_10360	0.716	11.153	0.026	1	0.013	0.44	13656	12266	8396	8281	8773	3831	15841	13340	6109	10256	6643	4451
PA14_11810	PA14_11810	-0.552	7.176	0.026	1	0.012	0.43	397	412	608	547	808	722	461	448	444	678	612	839
PA14_18040	PA14_18040	0.442	8.258	0.028	1	0.036	0.61	1348	1357	1563	1087	1277	779	1564	1476	1138	1346	968	906
PA14_22180	PA14_22180	-1.391	1.909	0.028	1	0.0036	0.23	4	10	8	13	15	31	5	11	6	17	11	35
PA14_36840	glgP	-0.439	8.188	0.028	1	0.024	0.55	1165	843	988	1248	1305	1510	1351	917	719	1546	988	1753
PA14_38160	azlC	-1.09	2.05	0.028	1	0.013	0.44	8	10	10	19	11	27	9	11	7	24	8	31
PA14_59070	PA14_59070	-0.562	5.393	0.028	1	0.013	0.44	111	147	148	163	180	255	129	160	108	203	136	295
PA14_60530	PA14_60530	-0.565	5.401	0.028	1	0.0095	0.38	132	140	137	185	158	261	153	152	100	229	119	302
PA14_64940	PA14_64940	0.474	7.323	0.028	1	0.03	0.58	803	656	794	617	632	374	931	714	578	764	479	435
PA14_01310	coxG	0.462	6.62	0.029	1	0.019	0.51	466	427	479	348	397	253	541	465	349	431	301	295
PA14_11940	PA14_11940	0.486	6.582	0.029	1	0.021	0.54	421	423	504	365	372	226	489	460	367	452	282	263
PA14_26390	PA14_26390	0.927	2.443	0.029	1	0.01	0.39	31	31	17	14	11	17	36	34	12	17	8	20
PA14_26860	hpkR	-0.709	6.731	0.029	1	0.0017	0.14	306	301	367	457	408	725	355	327	268	566	308	841
PA14_35330	kguT	0.68	3.693	0.029	1	0.0084	0.35	69	52	63	40	44	31	80	57	46	50	34	36
PA14_38590	bdhA	0.592	4.004	0.029	1	0.037	0.61	86	69	70	51	69	31	100	75	51	63	53	37
PA14_44150	yijF	0.598	6.827	0.029	1	0.015	0.46	623	453	574	413	457	220	722	493	418	511	347	257
PA14_59210	PA14_59210	-0.51	4.898	0.029	1	0.017	0.48	82	102	109	127	128	160	95	111	80	157	97	186
PA14_01340	PA14_01340	0.582	8.448	0.03	1	0.026	0.56	1755	1531	1782	1119	1597	670	2036	1665	1297	1386	1211	779
PA14_08230	PA14_08230	-0.48	5.586	0.03	1	0.025	0.56	180	139	162	282	197	190	208	151	118	348	149	221
PA14_11270	oprG	-0.459	7.939	0.03	1	0.027	0.56	684	990	826	970	1105	1361	794	1076	601	1202	836	1580
PA14_12920	PA14_12920	-1.026	3.827	0.03	1	0.00075	0.089	42	32	33	56	56	108	49	35	24	70	42	124
PA14_18680	bfd	-0.405	11.048	0.03	1	0.038	0.61	6177	8532	7375	9631	9335	10266	7166	9279	5367	11929	7067	11924
PA14_31170	PA14_31170	0.476	6.111	0.03	1	0.023	0.54	383	270	316	264	253	180	444	294	230	327	192	210
PA14_36980	PA14_36980	-0.434	7.574	0.03	1	0.022	0.54	735	616	609	830	793	1026	852	670	443	1028	600	1191
PA14_39060	PA14_39060	1.166	2.751	0.03	1	0.0052	0.29	28	30	51	16	25	7	33	33	38	20	20	9
PA14_46170	yneJ	0.497	5.464	0.03	1	0.032	0.59	219	204	198	177	170	95	254	222	144	218	129	111
PA14_46620	PA14_46620	-0.441	6.665	0.03	1	0.015	0.46	307	351	380	409	481	519	356	382	277	507	364	602
PA14_06830	norB	-0.704	3.751	0.031	1	0.011	0.41	37	37	47	46	84	68	43	40	35	58	64	79
PA14_11530	PA14_11530	0.546	4.916	0.031	1	0.031	0.59	127	148	155	112	123	60	148	161	113	138	94	71
PA14_22890	gapA	0.668	7.8	0.031	1	0.03	0.58	1197	1105	1005	891	882	308	1388	1202	731	1103	669	359
PA14_27610	PA14_27610	-0.476	5.099	0.031	1	0.025	0.56	95	111	139	151	152	174	110	121	102	187	115	202
PA14_28410	PA14_28410	1.095	5.113	0.031	1	9.9e-05	0.018	279	151	131	106	76	80	322	164	94	131	57	93
PA14_44470	hemN	-0.444	7.113	0.031	1	0.017	0.48	483	532	399	669	562	692	560	578	290	829	425	804
PA14_45410	PA14_45410	-0.812	2.839	0.031	1	0.0077	0.35	23	13	22	36	33	32	27	14	16	45	25	37
PA14_47120	PA14_47120	-0.419	8.581	0.031	1	0.036	0.61	1384	1195	1388	1457	1709	2134	1605	1300	1010	1806	1294	2478
PA14_48870	ydaO	-0.423	6.913	0.031	1	0.032	0.59	348	417	477	456	568	641	404	454	348	565	430	744
PA14_72510	thrB	0.455	6.786	0.032	1	0.013	0.44	552	498	491	419	397	310	640	542	357	518	301	360
PA14_32840	PA14_32840	-0.568	4.389	0.033	1	0.017	0.48	67	78	54	90	85	122	78	85	39	112	64	141
PA14_43040	PA14_43040	0.6	4.26	0.033	1	0.02	0.52	94	80	99	72	69	38	109	87	72	89	53	45
PA14_54750	PA14_54750	-0.709	8.686	0.033	1	0.0022	0.17	1345	1094	1346	1709	1650	2827	1560	1190	980	2118	1248	3283
PA14_19920	PA14_19920	0.594	7.982	0.034	1	0.018	0.49	1484	1059	1135	1001	930	505	1721	1152	826	1239	705	588
PA14_55940	PA14_55940	0.857	11.07	0.034	1	0.0048	0.27	11957	14206	7406	8630	6326	3571	13870	15450	5388	10688	4789	4149
PA14_60750	pra	-0.632	8.755	0.034	1	0.0064	0.32	1218	1748	1136	1876	1772	2708	1413	1901	826	2324	1341	3144
PA14_07820	PA14_07820	0.439	7.538	0.035	1	0.02	0.52	928	792	867	695	685	528	1076	861	631	860	519	614
PA14_26165	PA14_26165	-0.444	5.635	0.035	1	0.026	0.56	158	165	181	209	200	276	184	180	132	259	151	320
PA14_33830	PA14_33830	-0.416	8.712	0.035	1	0.033	0.59	1429	1599	1318	1733	1771	2298	1658	1739	959	2147	1340	2669
PA14_52910	PA14_52910	0.746	3.244	0.035	1	0.0066	0.32	41	53	45	36	24	22	48	57	33	44	18	26
PA14_59700	PA14_59700	-0.915	2.294	0.035	1	0.023	0.54	16	7	14	26	15	27	18	8	10	32	11	31
PA14_32490	PA14_32490	-0.436	7.127	0.036	1	0.017	0.48	440	520	474	553	670	718	511	565	345	685	507	834
PA14_40230	PA14_40230	0.481	6.766	0.036	1	0.032	0.59	477	504	551	361	487	251	553	548	401	447	370	292
PA14_54180	PA14_54180	-0.563	7.054	0.036	1	0.007	0.33	457	393	444	549	525	836	530	428	323	681	397	970
PA14_61180	PA14_61180	0.943	4.696	0.036	1	6e-04	0.074	197	101	106	79	66	65	228	110	76	97	50	76
PA14_60090	PA14_60090	-0.399	7.963	0.037	1	0.038	0.61	738	920	946	1008	1154	1272	857	1001	689	1249	874	1477
PA14_10200	PA14_10200	-0.622	9.456	0.038	1	0.0061	0.31	2177	2031	2495	2838	2838	4636	2525	2209	1816	3516	2148	5384
PA14_33590	PA14_33590	-0.483	5.398	0.038	1	0.024	0.56	125	154	144	167	174	249	145	167	105	207	131	289
PA14_38500	PA14_38500	0.546	4.702	0.038	1	0.014	0.45	119	109	139	85	100	68	138	119	102	105	76	79
PA14_60480	PA14_60480	-0.557	10.155	0.038	1	0.022	0.54	3735	4992	2445	5545	4946	5950	4333	5429	1778	6868	3744	6911
PA14_61120	PA14_61120	0.433	6.397	0.039	1	0.039	0.61	428	379	362	338	324	204	496	412	263	418	246	238
PA14_00810	PA14_00810	-0.578	4.265	0.04	1	0.02	0.52	66	56	59	79	72	119	76	61	43	98	54	137
PA14_08560	tyrZ	-0.395	8.545	0.04	1	0.055	0.67	1073	1476	1357	1492	1593	2050	1245	1605	988	1848	1206	2381
PA14_23350	orfA	-0.36	9.659	0.04	1	0.065	0.69	2652	2946	2984	3602	3113	4296	3076	3204	2172	4462	2356	4989
PA14_30080	PA14_30080	0.445	6.244	0.04	1	0.027	0.56	402	313	338	292	282	201	466	341	246	361	214	234
PA14_33250	PA14_33250	-0.441	6.211	0.04	1	0.02	0.52	292	251	214	361	294	373	338	273	155	447	222	433
PA14_36360	PA14_36360	-0.538	6.203	0.04	1	0.014	0.45	302	196	226	343	277	430	350	213	164	425	209	499
PA14_36410	PA14_36410	-0.609	6.646	0.04	1	0.0066	0.32	381	271	301	476	354	624	442	295	219	590	267	724
PA14_44510	PA14_44510	-1.093	7.016	0.04	1	5.1e-05	0.012	364	280	351	496	544	1084	422	305	256	615	411	1258
PA14_71380	PA14_71380	0.726	4.514	0.04	1	0.0067	0.32	151	102	86	89	62	54	174	111	62	109	47	63
PA14_02220	PA14_02220	0.468	5.241	0.041	1	0.048	0.64	192	179	152	152	143	85	223	195	110	187	109	99
PA14_54830	PA14_54830	-0.468	5.847	0.041	1	0.016	0.47	169	231	179	237	284	282	196	251	130	294	215	327
PA14_05880	nfeD	0.555	7.976	0.042	1	0.026	0.56	1370	1060	1193	1061	904	500	1589	1153	868	1313	685	582
PA14_18630	eprS	-0.434	6.636	0.042	1	0.012	0.43	337	371	311	488	461	429	391	403	226	604	349	498
PA14_31540	acdA	0.623	5.531	0.042	1	0.0083	0.35	296	177	200	168	156	114	343	193	145	208	118	133
EBG00001225105	P33	1.132	1.723	0.043	1	0.011	0.41	16	13	19	6	10	6	18	14	14	7	8	7
PA14_46850	PA14_46850	-1.101	1.61	0.043	1	0.023	0.54	3	7	10	12	12	20	4	8	8	15	9	23
PA14_21210	PA14_21210	-0.404	6.306	0.044	1	0.032	0.59	248	299	272	349	311	422	288	325	198	432	235	490
PA14_36350	PA14_36350	-0.437	5.495	0.044	1	0.027	0.56	150	149	159	187	182	250	174	162	116	232	137	290
PA14_36780	PA14_36780	-0.407	5.892	0.044	1	0.058	0.67	241	160	211	314	219	277	279	174	154	388	165	322
PA14_39880	phzG2	0.713	3.09	0.044	1	0.031	0.59	53	28	39	26	30	18	61	31	28	32	23	21
PA14_49250	napA	0.411	8.371	0.044	1	0.029	0.58	1583	1483	1510	1265	1227	949	1836	1613	1099	1567	929	1103
PA14_52840	dctP	0.574	4.317	0.044	1	0.0076	0.35	83	97	105	63	67	61	96	106	77	78	51	71
PA14_67340	codB	0.608	3.811	0.044	1	0.0087	0.36	73	64	62	44	46	41	85	70	45	55	35	48
PA14_12470	PA14_12470	0.507	4.57	0.046	1	0.039	0.61	123	95	115	80	99	56	142	104	84	99	76	66
PA14_14550	PA14_14550	-0.417	8.688	0.046	1	0.03	0.58	1356	1518	1402	1919	2195	1597	1573	1651	1020	2377	1662	1855
PA14_33510	PA14_33510	-0.512	7.083	0.046	1	0.016	0.47	465	536	346	580	556	787	539	583	251	719	420	913
PA14_48880	intT	-0.379	7.157	0.046	1	0.062	0.69	374	527	599	604	697	647	434	573	437	748	528	752
PA14_52550	PA14_52550	-0.382	10.169	0.046	1	0.056	0.67	3328	4374	4406	4557	5742	5482	3861	4757	3207	5645	4347	6367
PA14_72360	PA14_72360	0.344	9.919	0.046	1	0.1	0.74	4581	4745	3791	3329	4247	2763	5314	5160	2758	4123	3216	3210
PA14_37580	lrp	-0.48	4.838	0.047	1	0.037	0.61	88	91	105	103	126	167	102	99	77	128	95	193
PA14_39270	PA14_39270	0.511	5.195	0.047	1	0.0081	0.35	151	177	189	130	122	111	176	193	138	161	92	129
PA14_40260	PA14_40260	0.5	10.172	0.047	1	0.049	0.65	6131	5262	4984	4649	4634	2301	7112	5723	3627	5757	3509	2674
PA14_41680	ydiA	-0.497	9.02	0.047	1	0.025	0.56	1427	1814	1972	2035	2170	3150	1656	1973	1436	2521	1642	3658
PA14_43440	PA14_43440	-0.454	5.021	0.047	1	0.048	0.64	125	89	114	151	116	181	145	97	83	187	87	210
PA14_61000	PA14_61000	-0.937	2.609	0.047	1	0.017	0.48	15	16	15	32	16	39	17	17	11	39	11	45
PA14_69140	ubiB	0.433	5.989	0.047	1	0.04	0.61	323	282	271	256	239	156	375	307	197	316	181	182
PA14_07840	uhpA	0.451	6.348	0.048	1	0.012	0.43	337	388	412	283	302	247	391	422	300	350	229	287
PA14_17960	glpK	0.425	6.356	0.048	1	0.025	0.56	391	359	381	299	323	222	453	391	277	370	245	258
PA14_23010	gltK	0.774	4.064	0.048	1	0.0046	0.26	82	57	111	46	55	45	95	62	82	57	42	52
PA14_26600	PA14_26600	-0.367	8.417	0.048	1	0.052	0.66	1185	1094	1334	1387	1518	1753	1375	1190	971	1719	1149	2036
PA14_51480	PA14_51480	-0.403	5.788	0.048	1	0.053	0.66	170	208	192	241	203	309	198	226	140	299	153	358
PA14_57720	cysD	-0.412	7.665	0.048	1	0.042	0.62	635	768	702	783	862	1156	737	835	511	971	652	1342
PA14_58040	PA14_58040	-0.411	8.434	0.048	1	0.041	0.61	1229	1413	947	1751	1505	1519	1426	1537	688	2169	1139	1764
PA14_72880	fabG	0.467	5.854	0.048	1	0.014	0.45	308	240	261	221	179	185	357	261	190	273	135	215
PA14_05320	pilG	-0.396	9.125	0.049	1	0.063	0.69	1570	2033	2235	2253	2298	3131	1822	2211	1627	2791	1739	3636
PA14_12680	PA14_12680	0.402	7.128	0.049	1	0.023	0.54	690	616	619	475	534	448	800	670	450	589	405	521
PA14_52880	PA14_52880	1.175	1.575	0.049	1	0.011	0.41	15	14	13	9	7	2	17	15	9	11	5	3
PA14_71390	PA14_71390	0.466	6.876	0.049	1	0.034	0.59	643	549	450	481	425	284	745	597	327	595	322	330
PA14_15890	purT	0.451	5.676	0.05	1	0.04	0.61	218	216	275	160	222	137	253	235	201	199	169	160
PA14_33880	PA14_33880	-0.382	7.699	0.05	1	0.047	0.64	658	760	762	805	942	1095	764	827	555	998	713	1272
PA14_43540	PA14_43540	0.518	5.673	0.05	1	0.029	0.58	294	219	206	204	183	116	341	238	149	252	139	135
PA14_40770	cysI	-0.395	6.779	0.051	1	0.039	0.61	370	415	359	444	442	617	429	451	261	551	334	716
PA14_54520	opdH	0.635	3.449	0.051	1	0.018	0.49	46	55	55	32	43	26	54	60	40	40	33	31
PA14_59820	PA14_59820	-0.753	2.666	0.051	1	0.024	0.55	16	18	19	25	26	40	19	20	14	31	19	46
PA14_60310	pilY1	-0.345	9.11	0.051	1	0.096	0.74	1594	2014	2285	2149	2423	2913	1850	2190	1664	2662	1834	3383
PA14_21000	PA14_21000	0.563	4.133	0.052	1	0.013	0.44	96	75	77	60	49	59	111	82	56	74	37	68
PA14_22500	PA14_22500	0.685	3.399	0.052	1	0.015	0.46	35	56	60	29	30	34	41	61	44	36	23	39
PA14_42470	pcrV	0.497	4.47	0.052	1	0.046	0.64	89	113	104	68	96	55	104	123	76	84	74	64
PA14_42970	PA14_42970	0.695	3.239	0.052	1	0.016	0.47	54	31	49	31	27	25	62	34	36	38	20	29
PA14_60810	nfxB	-0.905	5.043	0.052	1	0.00088	0.1	84	102	85	128	129	252	98	111	62	159	97	292
PA14_01360	ctaA	0.596	5.332	0.053	1	0.011	0.41	258	163	162	154	123	108	298	177	117	190	93	126
PA14_06580	PA14_06580	0.442	7.663	0.053	1	0.045	0.64	1130	795	898	776	790	512	1310	865	653	961	599	595
PA14_17290	pyrG	-0.435	8.95	0.053	1	0.036	0.61	1665	1697	1731	2020	1923	2940	1931	1846	1260	2503	1455	3414
PA14_40350	PA14_40350	0.419	6.835	0.053	1	0.043	0.62	529	472	577	443	455	283	614	513	420	548	345	329
PA14_58730	pilA	0.384	10.971	0.053	1	0.058	0.67	9031	10934	7575	7781	6547	6775	10476	11892	5512	9637	4956	7869
PA14_09970	fpvB	-0.419	5.181	0.054	1	0.047	0.64	117	124	132	160	136	201	136	135	96	198	102	233
PA14_12560	PA14_12560	-0.415	6.642	0.054	1	0.031	0.59	334	420	276	462	422	492	387	457	200	572	319	571
PA14_73310	atpB	-0.372	9.248	0.054	1	0.072	0.72	1840	2560	2019	2569	2455	3285	2135	2784	1469	3183	1858	3815
PA14_06920	argD	0.539	5.387	0.055	1	0.042	0.62	230	176	187	163	169	77	266	192	136	201	129	90
PA14_15910	PA14_15910	0.56	3.687	0.055	1	0.068	0.7	59	60	59	40	58	24	69	65	43	49	45	29
PA14_22240	PA14_22240	-0.823	2.487	0.055	1	0.015	0.46	12	19	13	20	29	30	14	21	9	25	22	35
PA14_51570	PA14_51570	-0.412	8.172	0.055	1	0.067	0.7	717	1041	1241	1142	1292	1553	832	1132	904	1415	978	1803
PA14_66240	waaC	0.444	6.059	0.055	1	0.022	0.54	296	297	331	254	248	178	344	323	241	314	188	207
PA14_10020	PA14_10020	0.454	6.194	0.056	1	0.053	0.66	357	349	312	306	285	153	414	379	227	378	216	179
PA14_13220	PA14_13220	-0.453	4.716	0.056	1	0.04	0.61	89	81	93	111	101	146	103	88	68	138	76	169
PA14_15790	nagF	0.487	5.094	0.056	1	0.029	0.58	186	132	161	140	110	91	215	144	117	173	83	106
PA14_16370	PA14_16370	0.516	7.4	0.056	1	0.035	0.6	939	776	685	717	609	354	1089	844	498	887	461	412
PA14_27120	PA14_27120	-0.563	6.791	0.057	1	0.0085	0.35	369	337	371	432	443	715	428	367	270	536	335	829
PA14_31240	PA14_31240	-0.384	7.742	0.057	1	0.037	0.61	666	799	782	944	1069	920	773	869	569	1169	810	1069
PA14_47130	PA14_47130	-0.361	9.29	0.057	1	0.063	0.69	2545	2017	2074	2931	2477	3116	2952	2194	1509	3630	1875	3619
PA14_56480	PA14_56480	0.465	5.2	0.057	1	0.023	0.54	207	150	154	131	114	126	240	163	112	162	86	146
PA14_04510	PA14_04510	0.456	5.504	0.058	1	0.051	0.66	222	183	228	176	184	101	257	199	166	218	140	118
PA14_29620	norR	-0.552	7.042	0.058	1	0.011	0.41	461	378	450	540	506	845	535	411	328	669	382	980
PA14_42380	exsD	0.453	5.342	0.058	1	0.02	0.52	188	186	190	146	153	113	218	202	138	181	116	132
PA14_51410	pqsC	0.515	4.576	0.058	1	0.039	0.61	89	119	128	86	94	55	104	129	94	106	72	65
PA14_51460	cupC2	-0.676	4.358	0.058	1	0.022	0.54	38	76	72	71	97	129	45	82	53	89	73	149
PA14_54430	algU	-0.359	12.899	0.058	1	0.095	0.73	21915	26890	32303	28709	35679	39615	25422	29246	23510	35561	27011	46012
PA14_56090	PA14_56090	-0.43	4.925	0.058	1	0.061	0.69	95	94	120	118	121	174	110	102	88	147	91	202
EBG00001225049	CrcZ	-1.406	8.898	0.059	1	3.8e-05	0.01	789	1054	1319	1834	1768	4777	916	1146	961	2273	1337	5546
PA14_17540	recX	-0.41	5.957	0.059	1	0.045	0.64	257	171	212	259	265	327	298	186	154	321	200	379
PA14_29820	PA14_29820	0.397	7.596	0.059	1	0.025	0.56	865	928	863	698	692	628	1004	1009	628	864	524	730
PA14_10550	cysI	-0.348	9.284	0.06	1	0.056	0.67	2129	2228	2289	2742	2666	3051	2470	2423	1666	3396	2018	3543
PA14_19910	pdhB	0.531	7.697	0.06	1	0.024	0.56	1241	826	897	844	721	487	1439	899	652	1044	546	566
PA14_40010	PA14_40010	-0.435	5.265	0.06	1	0.039	0.61	125	126	140	202	191	135	145	137	102	250	145	157
PA14_41980	PA14_41980	-0.397	6.189	0.06	1	0.056	0.67	226	321	208	363	281	351	262	349	151	449	212	408
PA14_73240	atpD	-0.355	8.206	0.06	1	0.075	0.73	935	1157	1044	1164	1218	1629	1085	1258	760	1442	922	1891
PA14_36870	PA14_36870	-0.429	5.824	0.061	1	0.03	0.58	236	157	186	250	269	261	273	171	135	310	204	303
PA14_52820	dctQ	0.485	5.254	0.061	1	0.013	0.44	159	165	209	118	132	130	185	180	153	147	100	151
PA14_60730	PA14_60730	-0.416	5.368	0.061	1	0.04	0.61	131	160	134	182	162	222	152	174	97	225	122	258
PA14_00490	PA14_00490	-0.531	3.969	0.062	1	0.034	0.59	58	44	47	61	63	92	67	48	34	76	47	106
PA14_00990	PA14_00990	-0.328	9.033	0.062	1	0.11	0.75	1615	1793	2218	2032	2237	2791	1874	1950	1615	2518	1693	3241
PA14_47320	PA14_47320	0.402	6.214	0.062	1	0.026	0.56	370	331	315	271	274	224	429	360	229	336	208	261
PA14_51080	PA14_51080	0.76	2.652	0.062	1	0.022	0.54	36	22	30	15	20	17	41	24	22	19	15	20
PA14_59130	PA14_59130	-0.633	3.45	0.062	1	0.054	0.67	29	24	48	44	44	67	34	26	36	55	33	77
PA14_69250	PA14_69250	-0.405	5.929	0.062	1	0.047	0.64	197	232	200	245	238	348	229	252	145	304	180	404
PA14_07970	PA14_07970	-0.628	5.654	0.063	1	0.0092	0.37	167	150	157	314	264	155	194	163	114	388	200	181
PA14_35650	pslH	0.772	2.452	0.063	1	0.047	0.64	30	23	21	13	22	10	35	25	15	16	17	12
PA14_61290	PA14_61290	-0.386	6.294	0.063	1	0.049	0.64	305	272	243	351	293	427	353	296	176	435	221	495
PA14_62400	yfdZ	-0.423	6.664	0.063	1	0.033	0.59	358	337	349	402	400	597	415	367	254	498	302	693
PA14_68630	hslR	0.431	5.695	0.063	1	0.048	0.64	226	219	273	184	218	130	262	238	199	228	166	152
PA14_14430	PA14_14430	0.379	6.826	0.064	1	0.062	0.69	522	494	532	419	482	290	605	537	387	519	366	337
PA14_38310	PA14_38310	-0.857	7.269	0.064	1	0.001	0.11	442	465	415	708	502	1185	513	506	302	878	379	1375
PA14_38420	PA14_38420	0.362	7.376	0.064	1	0.085	0.73	782	699	780	598	730	432	907	760	568	741	554	502
PA14_41610	crfX	-0.376	6.086	0.064	1	0.051	0.66	204	263	246	285	278	361	237	286	179	353	210	419
PA14_44440	fixI	0.433	5.289	0.065	1	0.046	0.64	165	188	184	140	162	98	192	204	134	173	123	114
PA14_02100	PA14_02100	0.56	3.821	0.066	1	0.048	0.64	80	64	54	61	44	30	92	70	39	75	33	35
PA14_12180	PA14_12180	-0.75	4.775	0.066	1	0.0072	0.33	100	90	52	127	98	183	115	98	37	158	73	212
PA14_21570	PA14_21570	0.624	5.646	0.066	1	0.061	0.69	255	260	214	194	217	62	296	283	155	239	166	73
PA14_33290	PA14_33290	-0.374	8.684	0.066	1	0.056	0.67	1288	1771	1277	1819	1865	1935	1494	1926	929	2253	1412	2248
PA14_36550	PA14_36550	-0.425	5.883	0.066	1	0.034	0.59	221	220	165	239	255	320	256	239	119	297	193	371
PA14_44160	PA14_44160	0.401	8.388	0.066	1	0.058	0.67	1832	1254	1527	1305	1261	927	2125	1364	1111	1616	955	1077
PA14_44260	PA14_44260	0.641	3.269	0.066	1	0.016	0.47	54	43	40	33	23	31	62	47	29	41	17	36
PA14_00560	exoT	0.562	5.495	0.067	1	0.014	0.45	185	184	277	131	180	126	215	200	203	163	137	147
PA14_01380	ctaB	0.424	5.605	0.067	1	0.029	0.58	230	222	216	185	179	134	267	241	157	229	136	156
PA14_22190	PA14_22190	-1.38	5.585	0.067	1	6.6e-05	0.013	111	106	99	238	127	460	129	115	72	295	94	532
PA14_36200	PA14_36200	-0.51	4.104	0.067	1	0.03	0.58	52	62	54	65	77	98	61	67	39	81	58	113
PA14_67440	PA14_67440	0.421	7.364	0.067	1	0.046	0.64	787	616	877	597	665	442	913	670	639	739	504	514
PA14_19710	PA14_19710	0.556	4.49	0.068	1	0.063	0.69	115	97	105	93	88	35	133	106	76	114	67	42
PA14_20470	PA14_20470	0.361	6.285	0.068	1	0.072	0.72	397	383	273	283	301	239	460	416	198	350	228	278
PA14_70650	glcG	0.838	2.335	0.068	1	0.015	0.46	23	19	28	13	14	12	27	21	21	16	11	14
EBG00001225052	tRNA	0.61	3.384	0.069	1	0.035	0.6	51	43	55	37	39	21	59	47	40	46	30	25
PA14_08680	tufB	-0.444	9.758	0.069	1	0.038	0.61	2995	3279	2609	3683	3278	5123	3474	3566	1898	4562	2481	5950
PA14_15380	repA	-0.358	5.964	0.069	1	0.092	0.73	173	213	272	240	285	316	201	232	199	298	216	367
PA14_21860	PA14_21860	0.501	6.244	0.069	1	0.03	0.58	444	269	359	255	311	192	514	293	261	316	236	224
PA14_37660	PA14_37660	-0.554	3.569	0.069	1	0.038	0.61	33	43	35	51	45	66	38	47	25	63	34	76
PA14_00310	PA14_00310	0.495	5.534	0.07	1	0.063	0.69	239	200	213	165	211	88	277	218	155	204	161	103
PA14_08470	PA14_08470	-0.555	5.791	0.07	1	0.014	0.45	190	173	175	219	212	357	220	188	127	272	160	414
PA14_20480	PA14_20480	0.365	8.593	0.07	1	0.094	0.73	1925	1960	1375	1463	1563	1061	2233	2132	1000	1812	1184	1233
PA14_60470	ispB	-0.604	7.804	0.07	1	0.0089	0.36	760	787	595	934	852	1471	882	856	432	1157	644	1708
PA14_03900	spuC	0.35	8.338	0.071	1	0.1	0.74	1415	1408	1566	1072	1487	885	1641	1531	1140	1328	1127	1029
PA14_20900	PA14_20900	0.609	3.562	0.071	1	0.014	0.45	52	49	67	38	37	33	60	53	49	47	28	39
PA14_21840	PA14_21840	-0.338	8.135	0.071	1	0.079	0.73	887	1058	1062	1102	1222	1475	1029	1151	773	1366	925	1713
PA14_31290	pa1L	0.692	9.476	0.071	1	0.028	0.57	3454	4641	2562	2767	2737	1093	4007	5047	1863	3426	2073	1271
PA14_36730	PA14_36730	-0.373	7.856	0.071	1	0.053	0.66	960	669	811	1007	1105	1049	1113	728	590	1247	837	1219
PA14_37820	PA14_37820	-0.567	3.482	0.071	1	0.027	0.56	35	36	32	49	43	61	41	39	23	61	32	70
PA14_44060	sdhC	-0.338	8.953	0.071	1	0.086	0.73	1631	2019	1652	2132	1958	2612	1892	2196	1202	2641	1482	3033
PA14_63340	PA14_63340	0.393	7.47	0.071	1	0.065	0.69	873	708	856	750	654	452	1012	770	623	928	495	526
PA14_64850	PA14_64850	0.753	2.613	0.071	1	0.023	0.54	34	28	23	22	12	15	39	31	16	27	9	18
EBG00001225132	P10	-0.921	2.007	0.072	1	0.027	0.56	12	7	11	12	16	29	14	8	8	16	12	33
PA14_01810	PA14_01810	0.426	5.353	0.072	1	0.037	0.61	206	170	184	154	153	112	239	185	134	190	116	130
PA14_02250	cheA	0.461	4.867	0.072	1	0.045	0.64	149	129	127	124	99	71	173	140	92	153	75	83
PA14_12440	PA14_12440	0.41	6.226	0.072	1	0.035	0.6	395	290	342	298	258	218	458	316	249	368	195	254
PA14_14660	ycfJ	-0.575	11.1	0.072	1	0.015	0.46	6802	6565	7998	8436	8736	14665	7891	7140	5821	10450	6613	17032
PA14_46480	PA14_46480	-0.663	2.905	0.072	1	0.022	0.54	22	19	23	30	33	40	26	21	17	37	25	46
PA14_48970	PA14_48970	-0.8	2.222	0.072	1	0.034	0.59	12	8	18	20	26	21	14	9	14	25	20	24
PA14_49680	PA14_49680	-0.564	3.365	0.072	1	0.042	0.62	30	34	33	44	38	61	35	37	24	55	28	70
PA14_09380	PA14_09380	-0.393	6.471	0.073	1	0.038	0.61	332	332	258	468	395	349	385	361	187	579	299	406
PA14_26610	PA14_26610	-0.359	7.405	0.073	1	0.045	0.64	574	575	648	764	834	706	666	625	472	946	632	820
PA14_32710	PA14_32710	-0.568	5.852	0.073	1	0.013	0.44	204	175	180	233	219	377	237	190	131	289	165	437
PA14_39420	PA14_39420	0.494	4.061	0.073	1	0.058	0.67	101	65	63	47	58	59	116	71	45	58	44	68
PA14_42460	pcrH	0.869	2.128	0.073	1	0.032	0.59	22	14	26	9	15	9	25	15	19	11	12	11
PA14_63940	PA14_63940	0.409	6.314	0.073	1	0.03	0.58	361	363	368	322	283	218	419	395	268	398	214	254
PA14_64930	PA14_64930	0.488	5.334	0.073	1	0.056	0.67	227	169	166	156	162	84	263	184	120	193	123	98
PA14_67540	PA14_67540	0.604	3.599	0.073	1	0.045	0.64	78	50	44	40	43	30	90	54	31	50	33	35
PA14_73250	atpG	-0.345	7.703	0.073	1	0.084	0.73	645	833	741	813	883	1121	748	906	539	1007	668	1302
EBG00001225045	tRNA	-0.748	2.786	0.074	1	0.047	0.64	15	16	25	23	27	45	18	18	19	29	20	52
PA14_15650	PA14_15650	-1.221	5.895	0.074	1	0.00013	0.023	131	134	161	234	204	557	152	146	118	291	153	645
PA14_21810	PA14_21810	-0.373	5.704	0.074	1	0.053	0.66	165	177	203	213	223	268	192	193	148	264	169	311
PA14_22940	gltR	0.569	5.749	0.074	1	0.045	0.64	287	220	264	226	206	88	333	240	192	279	157	103
PA14_71760	PA14_71760	0.502	4.255	0.074	1	0.018	0.5	94	88	80	62	60	64	109	96	58	77	45	74
PA14_02730	PA14_02730	0.565	3.95	0.075	1	0.022	0.54	55	74	91	48	51	48	64	81	67	60	39	56
PA14_18800	PA14_18800	0.387	7.591	0.075	1	0.065	0.69	1064	925	652	727	663	631	1234	1006	473	900	502	733
PA14_30090	PA14_30090	0.366	7.822	0.075	1	0.081	0.73	1001	1011	1069	901	916	574	1161	1100	778	1115	694	668
PA14_44370	ccoN	-0.337	8.239	0.075	1	0.092	0.73	971	1151	1109	1162	1247	1670	1127	1252	807	1440	944	1939
PA14_48660	PA14_48660	0.463	4.809	0.075	1	0.032	0.59	134	125	128	111	98	72	155	136	93	137	74	84
PA14_72640	PA14_72640	-0.361	5.992	0.075	1	0.064	0.69	223	237	208	310	228	319	259	258	151	384	172	370
PA14_17980	glpF	0.362	9.234	0.076	1	0.08	0.73	2852	3069	2281	2578	1929	1873	3308	3338	1659	3192	1460	2176
PA14_20300	phnC	-0.45	4.259	0.076	1	0.064	0.69	63	63	66	82	68	111	73	69	48	102	51	128
PA14_32830	PA14_32830	-0.368	6.112	0.076	1	0.071	0.71	190	251	286	266	348	324	221	273	209	330	264	376
PA14_48830	PA14_48830	-0.461	4.253	0.076	1	0.064	0.69	74	48	70	77	78	106	85	52	51	96	59	123
PA14_57690	PA14_57690	-0.551	7.535	0.076	1	0.018	0.49	559	540	719	709	739	1214	649	588	524	879	559	1409
PA14_62830	tpiA	-0.339	8.725	0.076	1	0.088	0.73	1376	1581	1565	1558	1889	2272	1596	1719	1139	1931	1430	2638
PA14_22010	minE	-0.332	8.538	0.077	1	0.1	0.74	1033	1524	1426	1496	1724	1794	1199	1657	1038	1853	1305	2083
PA14_32810	PA14_32810	-0.38	5.518	0.077	1	0.11	0.76	99	187	191	200	215	205	116	203	140	248	163	238
PA14_33270	pvdG	-0.378	6.84	0.077	1	0.052	0.66	405	424	374	464	443	656	470	461	272	575	335	761
PA14_56180	PA14_56180	-0.381	5.27	0.077	1	0.077	0.73	132	144	124	188	131	200	153	156	90	233	98	232
PA14_67780	PA14_67780	-0.869	1.991	0.077	1	0.028	0.57	9	10	11	22	16	15	10	11	8	27	12	18
PA14_20510	PA14_20510	-0.321	9.445	0.078	1	0.12	0.77	2089	2464	2956	2573	3260	3546	2424	2680	2152	3188	2468	4118
PA14_55780	PA14_55780	0.438	6.06	0.078	1	0.076	0.73	330	293	300	248	298	136	383	319	218	307	227	159
PA14_00800	PA14_00800	0.446	4.833	0.079	1	0.04	0.61	128	137	128	110	107	73	149	149	93	136	81	85
PA14_03480	PA14_03480	0.479	4.539	0.079	1	0.034	0.59	124	104	95	96	67	69	143	113	69	118	50	80
PA14_21670	PA14_21670	-0.47	7.41	0.079	1	0.032	0.59	650	568	502	797	580	1007	754	618	365	987	438	1169
PA14_36990	PA14_36990	0.913	1.949	0.079	1	0.017	0.48	21	16	15	11	9	8	24	17	11	13	7	9
PA14_43610	PA14_43610	0.38	8.202	0.079	1	0.051	0.66	1242	1399	1393	1196	1068	835	1441	1521	1014	1481	809	970
PA14_63530	selB	0.419	5.529	0.079	1	0.037	0.61	243	196	193	187	148	137	282	213	140	231	112	160
PA14_69910	rep	-0.378	5.765	0.079	1	0.082	0.73	155	201	211	212	217	306	180	219	154	263	164	355
PA14_00875	ppkA	0.815	2.286	0.08	1	0.013	0.44	19	24	28	15	12	13	22	26	21	18	9	15
PA14_19690	PA14_19690	1.252	1.21	0.08	1	0.031	0.58	10	14	5	7	3	2	12	15	3	8	2	3
PA14_23680	ibpA	-0.355	6.856	0.08	1	0.056	0.67	396	412	420	432	515	623	459	448	306	536	390	723
PA14_62840	glmM	0.357	7.352	0.08	1	0.055	0.67	704	770	742	584	661	487	817	837	540	723	501	566
PA14_72300	PA14_72300	-0.35	6.266	0.08	1	0.052	0.66	274	271	271	346	298	395	318	295	197	429	225	458
PA14_01600	mmsA	0.448	4.679	0.081	1	0.053	0.66	127	122	104	106	90	63	147	133	75	131	68	74
PA14_33350	PA14_33350	-0.46	5.684	0.081	1	0.033	0.59	178	166	174	180	226	307	206	181	127	224	171	356
PA14_20530	PA14_20530	-0.345	6.421	0.082	1	0.09	0.73	220	365	324	368	383	403	256	397	236	456	290	468
PA14_28110	PA14_28110	0.859	2.249	0.082	1	0.021	0.53	22	18	26	19	7	9	26	20	19	23	5	11
PA14_36650	PA14_36650	-1.05	9.642	0.082	1	0.0026	0.18	3206	1505	1590	4201	2346	6498	3717	1637	1156	5204	1774	7546
PA14_36660	PA14_36660	-0.376	6.193	0.082	1	0.061	0.69	320	204	241	322	307	364	371	222	175	399	232	423
PA14_55400	PA14_55400	0.326	8.068	0.082	1	0.11	0.75	1216	1158	1237	894	1205	783	1411	1259	900	1108	913	910
PA14_68370	cysQ	0.387	7.026	0.082	1	0.063	0.69	580	517	686	494	531	340	673	563	500	611	403	395
PA14_69820	PA14_69820	-0.491	4.069	0.082	1	0.027	0.56	64	50	51	72	75	85	74	54	37	90	57	98
PA14_01730	PA14_01730	0.358	7.269	0.083	1	0.046	0.64	681	712	699	549	606	478	790	774	509	680	459	556
PA14_11790	PA14_11790	-0.388	4.711	0.084	1	0.11	0.75	76	81	113	104	107	140	89	88	83	129	81	162
PA14_16680	PA14_16680	0.332	9.933	0.084	1	0.12	0.77	4097	4807	4291	3923	4045	2512	4753	5228	3123	4859	3063	2919
PA14_28740	PA14_28740	-0.37	7.974	0.084	1	0.083	0.73	747	862	1046	946	1065	1418	867	938	762	1173	806	1646
PA14_33320	PA14_33320	-0.616	3.283	0.084	1	0.057	0.67	27	26	35	38	33	62	31	28	26	48	24	71
PA14_50100	fliI	0.387	5.679	0.084	1	0.07	0.71	270	218	207	210	186	136	313	237	150	260	141	158
PA14_54240	PA14_54240	0.493	4.169	0.084	1	0.025	0.56	80	87	83	64	64	50	93	95	60	79	49	58
PA14_71650	aspA	-0.467	9.514	0.084	1	0.036	0.61	2677	2705	2048	3204	2681	4386	3105	2942	1490	3969	2029	5093
PA14_06540	bioC	0.727	2.718	0.085	1	0.041	0.61	43	26	25	25	13	18	49	28	18	31	9	21
PA14_22710	ydjA	0.64	4.664	0.085	1	0.02	0.52	153	110	102	114	57	63	177	120	74	140	42	74
PA14_25670	acpP	-0.356	12.515	0.085	1	0.1	0.74	17976	26632	17640	25856	24188	29603	20852	28964	12837	32027	18311	34384
PA14_28895	PA14_28895	0.788	3.154	0.085	1	0.03	0.58	58	34	39	40	23	13	67	37	28	48	17	16
PA14_30680	PA14_30680	-0.552	4.916	0.085	1	0.037	0.61	75	85	132	103	172	153	88	93	97	128	131	178
PA14_24210	PA14_24210	0.371	6	0.086	1	0.076	0.73	323	279	266	261	245	165	374	303	193	323	186	192
PA14_35820	tnpS	-0.326	10.111	0.086	1	0.12	0.76	3415	4196	4281	4254	4554	6094	3962	4563	3116	5270	3447	7078
PA14_44620	PA14_44620	-0.325	8.749	0.086	1	0.095	0.73	1410	1802	1414	1921	1714	2159	1636	1960	1029	2380	1297	2507
PA14_45870	PA14_45870	0.383	6.296	0.086	1	0.064	0.69	369	336	368	325	302	197	428	366	268	402	229	229
PA14_46260	PA14_46260	0.401	5.493	0.086	1	0.069	0.7	240	193	179	194	152	118	278	210	130	239	115	138
PA14_52480	PA14_52480	-0.392	6.178	0.086	1	0.034	0.59	257	257	241	345	374	273	298	279	175	427	284	317
PA14_03030	aroQ2	0.407	6.182	0.087	1	0.028	0.57	374	304	320	281	212	258	434	331	233	348	160	300
PA14_37965	cynS	1.395	0.729	0.087	1	0.03	0.58	7	9	7	2	4	3	8	10	5	3	3	3
PA14_58240	PA14_58240	0.444	4.479	0.087	1	0.042	0.62	111	106	89	78	82	66	129	115	64	97	62	77
PA14_71560	fdhA	0.389	6.041	0.087	1	0.042	0.62	263	306	332	218	269	202	305	333	242	270	204	235
PA14_01230	PA14_01230	0.675	2.64	0.088	1	0.066	0.7	36	27	21	21	21	11	41	29	15	26	16	13
PA14_08070	gpFI	-0.35	9.169	0.088	1	0.058	0.67	2070	2032	2028	2615	2879	2318	2401	2210	1476	3239	2180	2693
PA14_10800	ampR	-0.49	3.888	0.088	1	0.052	0.66	50	48	46	56	59	87	58	52	33	70	44	100
PA14_11410	ribC	0.388	6.035	0.088	1	0.028	0.57	307	283	306	235	244	206	356	308	223	291	185	240
PA14_13250	moaE	0.44	5.05	0.088	1	0.044	0.63	170	136	149	139	106	90	197	148	108	171	80	105
PA14_22540	wrbA	-0.434	4.413	0.088	1	0.068	0.7	84	58	71	91	81	115	97	63	52	113	61	133
PA14_28130	PA14_28130	-0.402	4.574	0.088	1	0.096	0.73	69	97	77	116	80	123	80	105	56	144	60	142
PA14_42850	folE2	-0.494	7.475	0.088	1	0.027	0.56	528	604	653	664	718	1131	613	657	476	823	543	1313
PA14_43870	PA14_43870	-0.493	3.909	0.088	1	0.032	0.59	45	52	48	74	71	59	52	57	35	92	54	69
PA14_33780	PA14_33780	-0.316	7.914	0.089	1	0.1	0.74	896	831	871	974	944	1316	1039	904	634	1207	714	1528
PA14_37490	PA14_37490	0.574	5.139	0.089	1	0.018	0.5	235	139	130	120	112	108	272	151	94	148	85	125
PA14_39580	rimJ	0.45	4.518	0.089	1	0.054	0.67	115	94	104	87	87	56	133	102	76	107	66	66
PA14_41563	cobA	0.447	4.64	0.089	1	0.069	0.7	114	98	130	91	103	57	132	107	95	112	79	67
PA14_49010	PA14_49010	-0.729	2.252	0.089	1	0.096	0.74	10	11	17	22	13	28	12	12	13	27	9	32
PA14_29100	PA14_29100	0.417	4.756	0.09	1	0.074	0.73	147	114	105	106	99	70	170	124	76	131	75	82
PA14_35320	kguD	0.773	2.653	0.09	1	0.057	0.67	39	32	19	23	22	8	45	35	13	28	17	10
PA14_11120	rcsB	-0.345	5.567	0.091	1	0.12	0.77	131	166	206	189	192	255	152	181	151	235	145	296
PA14_33480	sndH	-0.391	5.567	0.091	1	0.028	0.57	175	162	156	218	222	207	203	176	113	270	168	241
PA14_62120	pssA	-0.326	7.878	0.091	1	0.091	0.73	866	878	780	980	917	1266	1004	955	567	1214	694	1470
PA14_64750	benK	0.453	4.239	0.091	1	0.048	0.64	99	80	77	58	72	58	114	87	56	72	55	68
PA14_70620	rubB	0.358	6.546	0.091	1	0.04	0.61	463	429	374	346	332	312	537	467	272	428	251	363
PA14_14380	PA14_14380	-0.54	3.43	0.092	1	0.051	0.66	33	42	27	46	41	61	38	46	19	57	31	71
PA14_33260	pvdS	-0.856	7.011	0.092	1	0.0012	0.12	374	380	352	484	486	1031	434	413	256	601	367	1196
PA14_35360	kguE	1.161	2.544	0.092	1	0.01	0.39	48	22	18	17	14	7	55	24	12	21	11	9
PA14_38550	maiA	0.474	4.907	0.092	1	0.063	0.69	163	139	115	132	102	67	189	151	83	163	77	78
PA14_54870	PA14_54870	-0.327	8.875	0.092	1	0.093	0.73	1404	1797	1842	1903	2360	2064	1629	1954	1341	2357	1787	2397
PA14_63460	PA14_63460	-0.618	4.628	0.092	1	0.022	0.54	69	73	90	85	102	167	80	79	66	106	77	193
PA14_21780	PA14_21780	-0.48	4.439	0.093	1	0.057	0.67	90	59	64	91	80	125	104	64	46	113	60	145
PA14_26150	PA14_26150	-0.482	4.303	0.093	1	0.066	0.7	75	54	66	96	62	113	87	59	48	119	46	131
PA14_32410	mexT	-0.503	6.155	0.093	1	0.024	0.56	236	221	254	288	259	459	274	240	185	357	195	532
PA14_62850	folP	0.359	6.391	0.093	1	0.049	0.65	364	399	373	304	335	248	422	434	271	376	254	289
PA14_01480	PA14_01480	0.473	3.933	0.094	1	0.06	0.68	79	72	56	53	56	41	91	78	40	65	43	48
PA14_03340	PA14_03340	-0.427	4.546	0.094	1	0.1	0.74	52	87	99	88	107	125	61	95	73	109	81	145
PA14_03700	sbp	-0.415	4.439	0.094	1	0.091	0.73	51	90	78	92	91	109	60	98	57	114	69	126
PA14_33910	PA14_33910	0.442	4.836	0.094	1	0.041	0.61	118	134	143	108	107	75	137	146	104	134	81	88
PA14_36930	PA14_36930	-0.383	5.5	0.094	1	0.057	0.67	187	129	153	188	196	229	217	141	111	233	148	266
PA14_14450	PA14_14450	-0.492	4.204	0.095	1	0.033	0.59	67	65	49	69	95	93	77	71	35	86	72	108
PA14_21680	PA14_21680	-0.327	5.65	0.095	1	0.11	0.75	162	159	215	226	203	239	188	173	157	280	153	278
PA14_32520	PA14_32520	0.325	8.605	0.095	1	0.096	0.73	1785	1698	1759	1451	1615	1119	2070	1847	1280	1797	1223	1300
PA14_35830	tnpT	-0.316	7.905	0.095	1	0.12	0.76	711	848	1027	1004	1228	986	825	922	748	1244	930	1146
PA14_47060	PA14_47060	-0.706	2.463	0.095	1	0.057	0.67	17	10	19	16	28	31	20	11	14	21	21	36
PA14_55631	PA14_55631	-0.838	7.814	0.095	1	0.0037	0.23	526	824	601	993	728	1767	611	896	437	1230	550	2051
PA14_55930	PA14_55930	0.42	4.939	0.095	1	0.1	0.74	158	149	110	97	140	77	183	162	79	120	107	90
PA14_68510	PA14_68510	0.503	4.009	0.095	1	0.023	0.54	80	72	69	58	45	52	93	78	50	72	34	60
PA14_54050	PA14_54050	0.457	4.574	0.096	1	0.053	0.66	137	96	95	95	63	81	158	105	69	117	47	94
PA14_64060	ctpL	0.529	3.718	0.096	1	0.026	0.56	69	54	61	44	37	46	80	59	44	54	28	53
PA14_71830	PA14_71830	0.565	3.24	0.096	1	0.061	0.69	51	37	41	33	35	19	59	40	30	41	27	23
PA14_02230	cheW	0.549	3.436	0.097	1	0.093	0.73	44	50	56	41	44	18	51	54	41	50	34	21
PA14_08090	gpFII	-0.34	7.641	0.097	1	0.064	0.69	658	724	747	844	1007	844	764	787	544	1046	763	981
PA14_12370	PA14_12370	-0.348	6.519	0.097	1	0.086	0.73	308	299	369	357	359	523	357	325	269	443	271	607
PA14_36790	PA14_36790	-0.382	5.325	0.097	1	0.039	0.61	146	127	145	182	187	176	169	138	106	225	142	204
PA14_43460	paaH	0.521	3.806	0.097	1	0.049	0.65	68	54	70	55	49	31	79	59	51	67	37	36
PA14_72010	PA14_72010	-0.341	7.534	0.097	1	0.092	0.73	600	705	673	721	734	1050	696	767	490	893	555	1219
PA14_07620	cca	0.368	5.9	0.098	1	0.058	0.67	292	237	279	208	240	179	338	258	203	258	182	208
PA14_38395	PA14_38395	-0.86	1.825	0.098	1	0.026	0.56	10	7	10	14	20	16	12	8	7	18	15	19
PA14_60860	nfxB	-0.807	6.635	0.098	1	0.0037	0.23	251	262	357	344	397	781	292	285	261	427	300	906
PA14_64400	PA14_64400	-0.427	4.256	0.098	1	0.072	0.71	52	76	66	81	77	102	61	82	48	100	58	118
PA14_28000	PA14_28000	-0.346	6.326	0.099	1	0.091	0.73	251	259	341	283	401	398	292	282	249	351	304	462
PA14_34180	msuE	-1.505	0.65	0.099	1	0.064	0.69	0	2	5	4	7	8	0	2	4	5	5	9
PA14_41870	cysB	-0.385	9.783	0.099	1	0.077	0.73	2618	3311	3325	3437	3459	5190	3037	3601	2420	4258	2618	6027
PA14_64220	purD	0.592	3.311	0.099	1	0.022	0.54	49	39	49	36	24	30	57	43	36	44	18	35
PA14_04760	coaD	-0.375	4.834	0.1	1	0.09	0.73	93	101	103	118	106	159	108	110	75	147	80	184
PA14_06080	creD	0.404	5.537	0.1	1	0.023	0.54	209	206	220	169	157	152	242	224	160	209	119	177
PA14_17530	recA	-0.345	10.358	0.1	1	0.11	0.75	4258	4268	5486	4972	5391	7437	4939	4642	3993	6159	4081	8637
PA14_17660	PA14_17660	0.586	2.878	0.1	1	0.087	0.73	28	44	29	21	31	17	33	48	21	26	24	20
PA14_17730	PA14_17730	-0.274	7.11	0.1	1	0.16	0.81	432	465	614	611	550	662	501	506	448	757	416	769
PA14_19170	yafL	-0.335	8.068	0.1	1	0.082	0.73	977	1098	797	1212	1102	1310	1133	1194	579	1501	834	1521
PA14_24480	pelA	-0.507	3.857	0.1	1	0.085	0.73	39	38	63	49	67	82	45	42	47	61	51	95
PA14_32080	xylX	0.549	3.481	0.1	1	0.037	0.61	52	44	61	35	42	31	60	48	45	43	32	36
PA14_33030	sdaA	0.378	6.367	0.1	1	0.089	0.73	408	386	328	361	307	196	473	420	238	446	233	228
PA14_33940	PA14_33940	0.473	4.424	0.1	1	0.046	0.64	118	74	103	76	60	76	137	81	75	94	45	88
PA14_35420	pvcB	1.46	0.506	0.1	1	0.044	0.63	5	7	7	0	5	3	6	8	5	0	4	3
PA14_36900	PA14_36900	-0.48	3.989	0.1	1	0.048	0.64	67	41	48	67	74	78	77	45	35	83	56	91
PA14_41340	PA14_41340	-0.417	9.102	0.1	1	0.075	0.73	1425	1911	2365	1923	2679	3009	1654	2078	1722	2383	2028	3495
PA14_41490	nasT	0.728	2.409	0.1	1	0.025	0.56	26	24	22	14	12	17	30	26	16	17	9	20
PA14_45350	ccmC	0.36	6.025	0.1	1	0.06	0.68	284	311	285	251	253	183	330	338	207	310	192	213
PA14_54080	PA14_54080	0.333	8.225	0.1	1	0.074	0.73	1403	1439	1195	1187	1056	962	1627	1565	869	1470	799	1118
PA14_54740	PA14_54740	-0.687	5.814	0.1	1	0.0083	0.35	165	167	184	228	190	411	191	182	134	283	143	476
PA14_58050	pmbA	0.328	6.873	0.1	1	0.11	0.76	487	530	560	419	528	310	565	576	408	519	401	361
PA14_70230	radC	0.368	6.315	0.1	1	0.047	0.64	401	315	367	306	292	242	465	343	267	379	221	281
PA14_03680	cysT	-0.513	3.355	0.11	1	0.066	0.7	34	29	36	35	48	58	39	32	26	44	36	67
PA14_03880	spuB	0.321	7.899	0.11	1	0.1	0.74	978	1056	1174	821	1032	717	1135	1149	855	1017	782	833
PA14_05840	gcdH	0.399	6.807	0.11	1	0.083	0.73	597	484	454	474	438	254	692	527	330	586	332	296
PA14_06770	nirQ	0.39	6.059	0.11	1	0.077	0.73	376	266	267	274	245	174	435	289	194	339	186	203
PA14_06960	PA14_06960	0.426	4.486	0.11	1	0.091	0.73	106	83	119	73	98	58	123	90	87	91	75	68
PA14_08650	PA14_08650	-0.298	9.949	0.11	1	0.17	0.82	2708	3552	4485	3872	4384	4952	3142	3863	3265	4797	3319	5751
PA14_08740	rplJ	-0.304	8.081	0.11	1	0.14	0.79	805	1083	1044	1007	1205	1406	934	1178	760	1248	912	1633
PA14_09160	bfrA	-0.406	4.536	0.11	1	0.084	0.73	76	89	71	92	89	131	88	97	51	114	67	152
PA14_12700	PA14_12700	-0.542	3.239	0.11	1	0.063	0.69	28	32	26	34	36	56	33	35	19	43	27	65
PA14_16780	PA14_16780	0.608	2.781	0.11	1	0.075	0.73	40	26	27	21	26	14	46	28	19	26	20	17
PA14_20950	fabH2	0.448	4.243	0.11	1	0.046	0.64	99	88	72	66	58	65	114	96	52	82	44	76
PA14_21250	alkB	-0.281	7.466	0.11	1	0.15	0.8	622	586	722	706	705	932	722	637	526	875	533	1082
PA14_22250	PA14_22250	-0.457	3.715	0.11	1	0.088	0.73	34	44	53	49	58	72	40	48	39	61	44	83
PA14_31200	PA14_31200	-1.618	0.522	0.11	1	0.037	0.61	3	2	0	7	5	4	3	2	0	8	4	5
PA14_33600	PA14_33600	-0.541	9.021	0.11	1	0.026	0.56	1652	2102	1367	2310	1828	3315	1917	2286	994	2861	1383	3849
PA14_36030	PA14_36030	-0.564	4.329	0.11	1	0.047	0.64	49	70	72	71	79	132	57	76	53	89	59	152
PA14_36740	PA14_36740	-0.328	8.213	0.11	1	0.091	0.73	1207	908	1068	1153	1364	1479	1400	988	777	1429	1033	1717
PA14_38020	PA14_38020	0.521	4.367	0.11	1	0.048	0.64	120	87	78	90	52	57	139	95	56	110	39	66
PA14_38220	PA14_38220	-0.335	7.913	0.11	1	0.066	0.7	848	913	815	1126	1173	954	984	993	593	1395	888	1108
PA14_38430	gnyR	-0.53	9.687	0.11	1	0.053	0.66	1982	2361	3828	3294	3122	5383	2300	2568	2788	4081	2363	6251
PA14_40740	PA14_40740	0.326	9.71	0.11	1	0.074	0.73	3590	3995	3705	3162	3071	2772	4165	4345	2696	3917	2325	3220
PA14_41110	PA14_41110	-0.378	7.103	0.11	1	0.066	0.7	474	501	470	570	495	811	550	545	342	707	374	941
PA14_43520	PA14_43520	0.459	6.52	0.11	1	0.053	0.66	523	349	408	382	344	206	606	380	297	472	261	240
PA14_44050	sdhD	-0.602	4.989	0.11	1	0.021	0.54	94	103	103	127	108	219	109	112	75	158	81	253
PA14_45280	cycH	0.49	3.985	0.11	1	0.032	0.59	62	84	72	56	50	48	72	91	52	69	38	56
PA14_47640	PA14_47640	-0.896	3.802	0.11	1	0.012	0.44	42	31	40	64	36	109	48	34	29	80	26	125
PA14_47760	cobB	0.542	3.182	0.11	1	0.078	0.73	56	38	31	32	27	27	64	41	22	39	20	32
PA14_47920	PA14_47920	-0.965	4.498	0.11	1	0.0099	0.39	52	38	90	78	83	191	60	42	67	98	62	220
PA14_49260	napB	0.425	4.768	0.11	1	0.033	0.59	119	131	121	98	91	87	138	142	88	121	69	101
PA14_50940	PA14_50940	-0.289	7.742	0.11	1	0.12	0.77	703	782	845	881	891	1074	816	851	615	1092	674	1247
PA14_54230	PA14_54230	0.466	4.051	0.11	1	0.058	0.67	90	73	61	66	49	47	104	79	44	81	37	55
PA14_54420	mucA	-0.296	10.286	0.11	1	0.12	0.77	4057	4428	5097	5172	5962	5539	4706	4816	3710	6407	4514	6434
PA14_54910	PA14_54910	0.503	3.704	0.11	1	0.053	0.66	52	65	60	47	48	31	61	71	44	58	37	36
PA14_58010	PA14_58010	-0.34	6.355	0.11	1	0.05	0.65	272	310	287	382	383	336	316	337	209	473	290	391
PA14_59830	PA14_59830	-0.352	5.325	0.11	1	0.087	0.73	126	161	134	175	153	208	146	175	97	217	115	241
PA14_65770	aspC	0.441	4.303	0.11	1	0.084	0.73	99	74	95	78	75	45	115	81	69	96	57	53
PA14_67210	PA14_67210	-0.278	6.77	0.11	1	0.16	0.81	335	381	476	440	438	563	389	414	347	545	331	654
PA14_69050	PA14_69050	0.402	5.658	0.11	1	0.027	0.56	216	237	236	188	163	170	251	258	172	233	123	197
PA14_71970	wbpW	0.33	7.401	0.11	1	0.092	0.73	735	755	784	636	704	470	853	821	571	787	534	547
PA14_72480	engB	-0.507	7.743	0.11	1	0.03	0.58	677	698	764	888	741	1409	786	759	556	1100	560	1636
PA14_73320	atpI	-0.302	9.942	0.11	1	0.13	0.78	2900	3972	3800	3880	4581	4698	3364	4320	2766	4806	3468	5457
PA14_01100	clpB	0.377	5.295	0.12	1	0.068	0.7	194	154	181	153	146	109	225	168	132	189	111	127
PA14_01410	PA14_01410	0.349	5.616	0.12	1	0.1	0.74	228	193	239	174	213	132	264	210	174	215	162	154
PA14_01990	PA14_01990	-0.598	3.596	0.12	1	0.046	0.64	33	43	36	41	49	81	39	47	26	51	37	93
PA14_03520	PA14_03520	0.397	4.421	0.12	1	0.14	0.79	103	86	99	63	103	54	119	94	72	79	79	63
PA14_04530	PA14_04530	0.342	5.64	0.12	1	0.081	0.73	266	208	196	179	183	167	308	226	142	222	139	194
PA14_04580	folA	0.56	3.07	0.12	1	0.041	0.61	37	43	36	27	28	24	43	47	26	34	21	28
PA14_07450	PA14_07450	-0.299	6.522	0.12	1	0.13	0.78	288	325	384	343	400	481	334	353	280	425	303	558
PA14_08450	PA14_08450	-0.352	5.717	0.12	1	0.051	0.66	192	186	175	223	229	254	223	202	127	277	173	295
PA14_09980	yafB	-0.819	4.928	0.12	1	0.017	0.48	67	63	131	105	117	239	78	69	97	131	88	276
PA14_11630	PA14_11630	-0.481	3.507	0.12	1	0.076	0.73	45	30	33	48	43	61	52	33	24	60	32	70
PA14_13280	moeA1	1.237	1.273	0.12	1	0.016	0.47	18	11	6	7	0	6	20	12	4	9	0	7
PA14_14200	PA14_14200	0.35	5.729	0.12	1	0.1	0.74	232	238	243	205	222	133	269	259	177	254	169	155
PA14_14460	holC	0.483	4.062	0.12	1	0.033	0.59	64	81	83	59	53	51	75	88	61	73	40	59
PA14_14590	queA	-0.363	5.637	0.12	1	0.043	0.62	181	180	159	217	236	218	210	196	115	269	179	253
PA14_16470	wspE	0.397	5.245	0.12	1	0.067	0.7	156	188	172	161	132	98	181	204	125	199	100	114
PA14_18690	ahpC	-0.635	8.459	0.12	1	0.011	0.41	1097	1112	1127	1352	1277	2550	1273	1209	820	1676	966	2960
PA14_19990	PA14_19990	-0.403	5.626	0.12	1	0.081	0.73	158	150	202	188	188	297	184	163	148	233	142	344
PA14_20720	flgN	-0.359	7.84	0.12	1	0.093	0.73	871	763	792	1002	783	1325	1010	830	576	1241	592	1538
PA14_22960	PA14_22960	0.39	5.276	0.12	1	0.12	0.76	195	173	157	164	155	83	226	188	114	202	118	97
PA14_23500	tyrB	-0.318	7.428	0.12	1	0.12	0.77	565	672	614	696	639	973	656	731	447	863	483	1129
PA14_24570	PA14_24570	-0.412	3.909	0.12	1	0.13	0.78	44	54	52	66	47	85	51	59	38	82	35	98
PA14_26000	PA14_26000	0.417	4.661	0.12	1	0.089	0.73	131	96	115	106	91	60	152	105	84	131	69	70
PA14_26620	PA14_26620	-0.329	6.166	0.12	1	0.056	0.67	244	254	268	300	331	330	283	276	195	372	251	383
PA14_30230	clpA	0.302	11.342	0.12	1	0.16	0.81	10422	11715	12605	9681	11460	7049	12090	12741	9174	11991	8677	8188
PA14_30350	yqjG	0.366	6.878	0.12	1	0.043	0.62	442	566	596	395	420	427	513	615	434	490	318	496
PA14_31370	tam	0.382	9.505	0.12	1	0.13	0.78	3234	3422	3307	2681	3409	1557	3751	3722	2407	3320	2582	1809
PA14_35500	bkdB	-0.835	6.161	0.12	1	0.0038	0.23	223	179	216	299	222	581	259	195	157	371	167	673
PA14_38290	PA14_38290	-0.494	3.787	0.12	1	0.067	0.7	47	52	35	47	61	82	55	56	25	59	46	95
PA14_38340	PA14_38340	0.302	7.915	0.12	1	0.12	0.77	1268	1025	928	925	903	786	1470	1115	675	1146	684	913
PA14_41950	PA14_41950	-0.462	5.466	0.12	1	0.045	0.64	133	177	134	173	167	271	155	192	97	215	126	314
PA14_43370	kdpC	2.199	-0.266	0.12	1	0.046	0.64	3	5	3	1	1	0	3	5	2	1	1	0
PA14_44080	PA14_44080	-0.328	7.972	0.12	1	0.11	0.76	833	888	974	912	1044	1426	966	966	709	1130	790	1656
PA14_44800	PA14_44800	-0.406	4.559	0.12	1	0.079	0.73	90	81	68	88	97	133	104	88	49	109	73	154
PA14_45190	PA14_45190	0.43	4.049	0.12	1	0.13	0.78	86	70	69	68	67	33	100	76	50	84	51	39
PA14_45560	motC	0.378	5.34	0.12	1	0.12	0.77	184	187	179	143	191	91	214	203	130	177	146	106
PA14_45940	lasI	-0.869	7.8	0.12	1	0.0027	0.18	560	710	636	814	805	1864	650	772	463	1009	608	2163
PA14_47270	PA14_47270	0.355	5.57	0.12	1	0.08	0.73	249	190	200	185	177	138	288	207	145	229	134	161
PA14_48560	PA14_48560	-0.575	2.833	0.12	1	0.073	0.72	22	22	22	24	31	43	25	24	16	30	23	50
PA14_49030	PA14_49030	-0.403	10.692	0.12	1	0.081	0.73	4799	7425	5040	7509	6085	9226	5567	8075	3667	9301	4606	10715
PA14_49940	PA14_49940	-0.305	8.622	0.12	1	0.13	0.79	1395	1572	1302	1675	1442	2156	1618	1710	947	2075	1091	2503
PA14_50300	PA14_50300	0.354	6.237	0.12	1	0.051	0.66	335	326	360	279	294	227	389	355	262	345	223	264
PA14_53820	PA14_53820	-0.546	7.535	0.12	1	0.023	0.54	640	595	587	1036	1079	545	742	647	427	1283	818	634
PA14_55850	PA14_55850	0.853	1.896	0.12	1	0.034	0.59	11	20	19	11	8	8	13	22	14	14	6	9
PA14_56570	PA14_56570	0.912	1.658	0.12	1	0.046	0.64	14	17	10	11	4	6	16	18	7	13	3	7
PA14_59200	PA14_59200	-0.293	7.741	0.12	1	0.15	0.8	670	899	755	868	829	1149	778	977	549	1076	627	1334
PA14_59550	PA14_59550	-0.282	10.646	0.12	1	0.17	0.81	5325	7025	5177	7970	6084	7260	6177	7640	3767	9871	4605	8432
PA14_61110	PA14_61110	0.502	3.592	0.12	1	0.092	0.73	65	43	56	51	41	25	75	47	41	62	31	29
PA14_62540	cbrB	0.316	9.022	0.12	1	0.16	0.81	2331	2294	2357	2082	2264	1261	2704	2495	1715	2579	1715	1465
PA14_64430	PA14_64430	-0.71	2.224	0.12	1	0.041	0.61	16	13	9	21	18	23	18	14	6	26	13	27
PA14_64820	vanR	0.4	5.018	0.12	1	0.042	0.62	162	142	135	123	101	108	188	154	98	152	76	126
PA14_65670	PA14_65670	-0.335	6.043	0.12	1	0.063	0.69	236	248	215	282	271	330	274	270	156	349	205	383
PA14_68450	PA14_68450	-0.374	6.815	0.12	1	0.063	0.69	426	369	388	414	463	655	494	401	282	514	350	760
PA14_68680	envZ	0.351	5.617	0.12	1	0.089	0.73	239	197	224	184	200	134	277	214	163	228	152	156
PA14_71190	PA14_71190	2.873	-0.002	0.12	1	0.016	0.47	1	3	6	0	0	1	1	3	5	0	0	1
PA14_73300	atpE	-0.526	8.968	0.12	1	0.034	0.59	1501	1999	1470	2273	1624	3257	1741	2174	1069	2816	1228	3782
EBG00001225057	P6	-0.408	6.834	0.13	1	0.061	0.69	361	481	342	503	403	664	419	523	248	623	304	771
PA14_00925	PA14_00925	1.282	0.645	0.13	1	0.025	0.56	7	5	9	3	3	3	8	6	7	4	2	3
PA14_01670	PA14_01670	0.483	3.749	0.13	1	0.075	0.73	65	50	68	53	49	30	75	55	50	65	37	35
PA14_02790	pcaF	0.476	5.327	0.13	1	0.1	0.74	211	170	178	171	164	66	244	185	129	211	125	78
PA14_03310	PA14_03310	-0.369	5.328	0.13	1	0.12	0.76	107	151	161	156	154	230	125	164	118	194	116	266
PA14_03710	PA14_03710	-0.313	5.258	0.13	1	0.14	0.79	115	150	143	199	138	167	134	163	104	246	104	194
PA14_05280	yqgF	0.337	6.102	0.13	1	0.066	0.7	341	285	296	262	256	212	395	310	215	324	194	247
PA14_05540	mexB	0.314	8.748	0.13	1	0.098	0.74	1737	1936	2094	1442	1771	1428	2015	2106	1524	1786	1341	1659
PA14_09630	PA14_09630	0.315	6.453	0.13	1	0.1	0.74	428	347	394	329	361	252	496	378	287	407	274	293
PA14_09760	PA14_09760	-0.795	10.009	0.13	1	0.014	0.46	2557	2301	4268	3860	3506	8475	2966	2503	3108	4782	2653	9842
PA14_12570	PA14_12570	-0.338	5.217	0.13	1	0.13	0.79	105	160	129	147	151	200	122	174	94	182	114	232
PA14_16630	PA14_16630	-0.395	9.3	0.13	1	0.078	0.73	2731	1867	1997	2662	2392	3617	3167	2031	1453	3298	1810	4201
PA14_21920	PA14_21920	-0.618	3.001	0.13	1	0.061	0.69	29	30	13	33	30	49	33	32	9	41	22	56
PA14_22310	PA14_22310	-0.582	7.928	0.13	1	0.025	0.56	745	665	950	917	889	1725	864	723	692	1137	672	2002
PA14_22480	PA14_22480	-0.496	6.226	0.13	1	0.029	0.58	279	262	204	310	268	473	323	285	148	385	202	548
PA14_22660	PA14_22660	0.36	4.946	0.13	1	0.11	0.75	151	155	108	126	107	90	175	168	78	156	81	105
PA14_22670	yrbF	0.438	4.302	0.13	1	0.049	0.64	92	82	93	75	69	54	107	89	68	92	52	63
PA14_23320	cmk	0.414	4.33	0.13	1	0.11	0.75	88	79	105	65	90	50	102	86	77	81	69	58
PA14_23560	gltX	-0.329	5.924	0.13	1	0.087	0.73	222	222	204	239	247	328	258	241	148	296	187	380
PA14_24960	PA14_24960	0.372	4.813	0.13	1	0.09	0.73	134	124	118	102	114	76	155	135	86	126	87	89
PA14_25420	PA14_25420	-0.351	5.843	0.13	1	0.08	0.73	219	223	162	240	233	299	254	242	117	297	176	347
PA14_25640	plsX	-0.365	5.084	0.13	1	0.093	0.73	132	117	104	132	133	190	153	127	75	164	100	220
PA14_28220	PA14_28220	-0.332	6.132	0.13	1	0.052	0.66	249	246	250	304	331	304	289	268	182	377	251	353
PA14_28940	PA14_28940	-0.433	4.157	0.13	1	0.054	0.67	71	53	55	71	83	90	82	58	40	88	63	104
PA14_30490	PA14_30490	0.687	2.347	0.13	1	0.055	0.67	27	17	23	12	13	16	31	19	17	15	10	19
PA14_35630	pslJ	0.479	3.793	0.13	1	0.04	0.61	69	59	61	50	38	47	80	64	44	62	28	54
PA14_35880	PA14_35880	0.356	5.487	0.13	1	0.098	0.74	188	188	227	160	193	119	218	205	166	198	147	139
PA14_36760	PA14_36760	-0.451	6.371	0.13	1	0.051	0.66	298	220	323	292	349	510	346	240	236	362	264	591
PA14_40270	PA14_40270	-0.895	5.675	0.13	1	0.0058	0.3	118	128	181	191	166	438	137	139	133	237	124	507
PA14_41030	PA14_41030	0.318	6.636	0.13	1	0.087	0.73	531	384	417	371	364	335	616	418	303	459	276	389
PA14_41860	PA14_41860	-0.286	6.683	0.13	1	0.16	0.81	302	348	467	429	520	413	351	379	341	531	394	480
PA14_42160	PA14_42160	-0.324	8.557	0.13	1	0.12	0.77	1315	1311	1422	1422	1475	2169	1526	1426	1035	1762	1116	2519
PA14_44950	ygfU	-0.336	5.439	0.13	1	0.1	0.74	159	156	143	174	166	238	184	170	104	216	125	276
PA14_46360	PA14_46360	-0.34	5.326	0.13	1	0.1	0.74	150	143	130	159	154	222	174	155	94	197	116	257
PA14_52230	pirA	-0.314	5.73	0.13	1	0.11	0.76	168	197	203	205	222	278	195	214	148	254	168	322
PA14_52500	PA14_52500	-0.429	4.027	0.13	1	0.1	0.74	53	66	45	94	70	56	61	72	32	116	53	66
PA14_52800	acsA	-0.274	8.474	0.13	1	0.15	0.8	1259	1129	1509	1505	1671	1536	1461	1228	1099	1864	1265	1784
PA14_54000	prpD	-0.289	6.546	0.13	1	0.14	0.79	329	343	343	398	325	516	382	373	250	493	245	599
PA14_54590	ung	-0.339	5.03	0.13	1	0.1	0.74	102	120	123	135	134	166	118	130	90	167	101	192
PA14_55117	PA14_55117	-0.438	6.499	0.13	1	0.046	0.64	295	362	270	374	326	554	342	393	196	464	246	643
PA14_56700	PA14_56700	0.377	5.201	0.13	1	0.041	0.61	172	159	165	128	124	130	200	173	120	158	94	151
PA14_57570	PA14_57570	-0.327	6.79	0.13	1	0.085	0.73	341	417	427	413	572	501	396	453	311	512	434	582
PA14_58380	PA14_58380	-0.315	6.295	0.13	1	0.11	0.76	274	301	267	310	295	441	318	327	194	384	223	512
PA14_58580	piuC	-0.308	5.822	0.13	1	0.12	0.77	212	202	191	250	200	298	246	220	139	310	151	346
PA14_59400	PA14_59400	-0.311	7.631	0.13	1	0.1	0.74	738	732	670	754	871	1030	856	796	487	935	659	1196
PA14_60130	PA14_60130	-0.31	5.796	0.13	1	0.13	0.78	150	218	229	233	252	252	174	237	167	289	191	293
PA14_63210	PA14_63210	0.299	7.662	0.13	1	0.12	0.77	954	882	867	791	808	599	1106	959	631	980	612	696
PA14_66380	ycgO	-0.664	4.121	0.13	1	0.026	0.56	50	49	59	57	68	124	58	53	43	71	51	143
PA14_68480	PA14_68480	-0.348	5.269	0.13	1	0.11	0.75	155	128	121	160	141	213	179	139	88	198	106	247
PA14_70750	phoB	-0.321	5.748	0.13	1	0.078	0.73	192	184	198	232	221	262	223	200	144	288	167	304
PA14_71450	PA14_71450	-0.468	3.398	0.13	1	0.082	0.73	35	32	34	49	36	54	40	35	25	60	27	62
PA14_72930	PA14_72930	0.317	9.781	0.13	1	0.094	0.73	3454	4350	4020	3225	3367	2903	4007	4731	2926	3995	2549	3372
PA14_73000	PA14_73000	0.449	5.587	0.13	1	0.088	0.73	197	226	243	197	201	90	229	246	177	243	153	106
PA14_73150	PA14_73150	-0.304	6.752	0.13	1	0.1	0.74	358	424	381	417	452	567	416	461	277	517	342	658
EBG00001225027	PrrB_RsmZ	0.632	2.514	0.14	1	0.094	0.73	20	29	29	20	22	8	23	31	21	24	17	10
EBG00001225104	tRNA	0.476	3.782	0.14	1	0.036	0.61	63	56	68	49	40	45	73	61	50	60	30	52
PA14_00420	PA14_00420	0.764	2.043	0.14	1	0.03	0.58	17	16	22	13	8	10	20	18	16	16	6	12
PA14_05390	chpA	0.29	7.357	0.14	1	0.14	0.79	786	687	708	630	687	468	911	747	515	780	521	544
PA14_05510	yceI	0.474	7.393	0.14	1	0.05	0.66	803	910	648	479	421	798	931	989	471	594	318	926
PA14_08670	PA14_08670	-0.297	6.318	0.14	1	0.091	0.73	275	307	279	372	320	365	319	334	203	460	242	424
PA14_11080	cupB3	0.414	4.93	0.14	1	0.057	0.67	110	133	173	104	112	95	128	145	127	129	85	111
PA14_13620	nhaP	-0.43	4.03	0.14	1	0.054	0.67	64	51	47	74	73	72	74	55	34	92	55	84
PA14_13660	PA14_13660	-0.955	1.971	0.14	1	0.038	0.61	11	10	7	16	10	30	13	11	5	20	7	34
PA14_14270	PA14_14270	0.316	8.35	0.14	1	0.12	0.77	1359	1425	1599	1339	1297	885	1577	1550	1164	1658	982	1029
PA14_15150	PA14_15150	0.33	5.309	0.14	1	0.15	0.8	178	177	172	151	175	95	206	193	125	187	133	111
PA14_21370	fadD1	-0.268	8.901	0.14	1	0.16	0.8	1515	1871	1867	1965	2042	2315	1758	2035	1359	2434	1546	2689
PA14_22110	PA14_22110	-0.591	6.47	0.14	1	0.031	0.58	216	267	369	282	385	616	251	290	270	350	291	714
PA14_24080	xcpY	0.519	6.537	0.14	1	0.038	0.61	587	336	398	388	323	211	680	366	289	479	245	246
PA14_27600	PA14_27600	-0.429	4.008	0.14	1	0.06	0.68	51	61	48	60	76	80	59	66	35	75	58	93
PA14_28910	PA14_28910	0.759	2.016	0.14	1	0.053	0.66	17	18	18	10	12	10	20	20	13	12	9	12
PA14_30380	PA14_30380	-0.449	3.742	0.14	1	0.081	0.73	52	43	35	52	52	74	60	47	25	65	39	86
PA14_33580	PA14_33580	-0.642	4.177	0.14	1	0.033	0.59	53	65	46	78	54	125	62	71	33	97	40	144
PA14_35520	bkdA2	-1.065	6.363	0.14	1	0.0023	0.17	214	171	253	327	228	781	248	186	185	406	171	905
PA14_36460	PA14_36460	-0.332	6.012	0.14	1	0.08	0.73	244	206	236	237	309	319	283	224	172	294	234	370
PA14_44520	ydgF	-0.863	6.599	0.14	1	0.0032	0.21	283	290	256	368	318	821	328	315	186	457	239	952
PA14_47580	PA14_47580	0.37	4.448	0.14	1	0.15	0.8	112	98	82	92	85	50	130	107	59	113	65	59
PA14_49270	napc	0.329	5.739	0.14	1	0.1	0.74	277	246	191	206	177	186	321	268	138	255	134	216
PA14_51420	pqsB	0.412	4.772	0.14	1	0.068	0.7	115	124	132	118	91	69	134	135	96	145	69	81
PA14_55790	PA14_55790	0.311	6.444	0.14	1	0.14	0.79	345	433	383	343	369	226	400	471	279	424	280	263
PA14_57960	ptsN	-0.417	8.291	0.14	1	0.064	0.69	1169	992	1087	1291	1094	1950	1356	1079	791	1600	827	2264
PA14_58290	PA14_58290	-0.299	7.8	0.14	1	0.11	0.75	846	794	775	869	995	1108	981	864	564	1077	753	1287
PA14_59630	PA14_59630	-0.27	8.183	0.14	1	0.19	0.83	975	1283	928	1445	1047	1349	1131	1395	675	1789	792	1567
PA14_60450	rpmA	-0.277	9.163	0.14	1	0.17	0.81	1807	2424	2043	2214	2436	2953	2097	2636	1487	2743	1844	3429
PA14_62580	panB	-0.319	5.759	0.14	1	0.08	0.73	184	201	195	218	240	265	213	219	142	270	182	308
PA14_62670	PA14_62670	0.35	4.96	0.14	1	0.1	0.74	153	126	139	96	131	102	177	137	101	119	100	119
PA14_63450	PA14_63450	-0.303	6.729	0.14	1	0.083	0.73	365	364	417	426	502	486	423	396	304	528	380	564
PA14_64180	yhdG	0.295	7.917	0.14	1	0.14	0.79	1034	1040	1151	877	1066	686	1199	1131	838	1086	808	797
PA14_65750	ompH	-0.316	6.955	0.14	1	0.12	0.76	473	469	390	541	436	682	549	510	283	670	329	791
PA14_66090	PA14_66090	-0.303	6.164	0.14	1	0.081	0.73	273	242	260	306	301	347	316	263	189	379	228	403
PA14_68460	PA14_68460	-0.631	4.007	0.14	1	0.037	0.61	58	43	46	70	48	109	67	47	33	87	35	126
PA14_69350	PA14_69350	0.305	6.991	0.14	1	0.15	0.8	580	511	606	493	558	324	673	556	441	610	423	377
PA14_72130	PA14_72130	0.309	6.138	0.14	1	0.11	0.75	346	290	304	259	291	210	401	315	221	321	221	244
EBG00001225066	P10	-0.693	2.174	0.15	1	0.068	0.7	18	7	11	18	23	17	20	8	8	23	18	20
PA14_01190	PA14_01190	0.664	2.346	0.15	1	0.062	0.69	29	15	25	13	12	17	33	16	18	16	9	20
PA14_03380	PA14_03380	-0.281	7.692	0.15	1	0.17	0.82	650	769	839	724	930	1088	754	836	611	897	704	1263
PA14_03800	oprE	-0.387	7.623	0.15	1	0.089	0.73	587	723	755	758	724	1217	681	786	550	940	547	1413
PA14_09570	PA14_09570	-0.433	4.129	0.15	1	0.12	0.77	68	44	64	77	57	103	79	48	47	96	42	119
PA14_11230	PA14_11230	1.06	1.07	0.15	1	0.081	0.73	11	5	10	5	5	2	13	6	7	6	4	3
PA14_13040	cioB	0.288	7.199	0.15	1	0.12	0.77	642	649	662	509	634	458	745	706	482	631	481	532
PA14_13060	PA14_13060	-0.683	6.491	0.15	1	0.013	0.44	282	245	305	347	292	695	327	267	222	431	220	806
PA14_15090	PA14_15090	0.36	5.343	0.15	1	0.09	0.73	206	137	203	148	149	128	239	149	148	183	113	149
PA14_18260	fruK	0.732	2.229	0.15	1	0.054	0.67	16	17	31	16	12	10	19	19	23	19	9	12
PA14_23950	PA14_23950	0.34	5.208	0.15	1	0.12	0.76	172	153	172	136	158	99	199	166	125	168	120	116
PA14_24060	xcpW	0.418	4.072	0.15	1	0.071	0.71	76	75	74	46	57	67	88	82	54	57	43	77
PA14_24490	pelB	0.524	3.161	0.15	1	0.07	0.71	43	30	47	27	33	24	50	33	35	34	25	28
PA14_24550	pelF	-0.564	2.509	0.15	1	0.11	0.76	16	16	20	25	18	33	19	17	15	31	13	38
PA14_24590	PA14_24590	-0.297	5.686	0.15	1	0.13	0.79	190	159	208	210	213	259	220	173	152	261	161	300
PA14_27360	PA14_27360	-0.918	3.846	0.15	1	0.012	0.42	49	30	37	58	41	120	56	33	27	73	30	138
PA14_28050	PA14_28050	0.274	7.979	0.15	1	0.21	0.85	1267	1119	953	972	1107	685	1469	1217	693	1204	839	796
PA14_28510	PA14_28510	-0.759	3.173	0.15	1	0.04	0.61	42	18	15	32	40	56	48	20	10	40	30	65
PA14_29600	ptpS	-0.616	5.215	0.15	1	0.02	0.52	133	122	93	137	137	260	154	133	67	171	103	301
PA14_31190	PA14_31190	0.591	2.609	0.15	1	0.089	0.73	37	21	25	24	16	15	43	23	18	29	12	18
PA14_34550	PA14_34550	-1.618	0.118	0.15	1	0.062	0.69	0	2	3	4	3	6	0	2	2	5	2	7
PA14_35390	pvcD	0.804	1.766	0.15	1	0.071	0.71	15	18	15	17	6	4	17	19	11	20	4	5
PA14_37940	cynR	0.526	3.815	0.15	1	0.084	0.73	57	59	83	49	62	27	66	64	61	60	48	32
PA14_38190	PA14_38190	-0.375	4.368	0.15	1	0.081	0.73	63	77	71	87	92	95	73	84	52	108	70	110
PA14_38330	gor	0.36	9.726	0.15	1	0.15	0.8	3706	3778	4053	3337	3840	1813	4299	4109	2950	4133	2908	2107
PA14_39140	PA14_39140	0.306	7.266	0.15	1	0.087	0.73	772	657	626	576	530	557	895	715	455	713	401	647
PA14_39540	PA14_39540	0.308	7.081	0.15	1	0.092	0.73	608	571	629	510	544	407	705	621	458	632	412	473
PA14_40560	PA14_40560	-1.148	8.669	0.15	1	0.0016	0.14	1169	1192	701	1631	1183	3970	1356	1296	509	2021	894	4609
PA14_41530	nirB	-0.385	4.244	0.15	1	0.13	0.78	51	67	75	64	93	95	60	73	55	80	71	110
PA14_42450	popB	0.379	4.552	0.15	1	0.086	0.73	104	104	108	77	97	70	121	113	79	96	74	82
PA14_43840	PA14_43840	0.332	5.147	0.15	1	0.15	0.8	186	152	135	148	137	92	215	165	98	183	104	107
PA14_45950	rsaL	-0.322	10.135	0.15	1	0.14	0.79	3278	5390	3440	5015	4793	5330	3803	5862	2503	6212	3628	6191
PA14_46660	PA14_46660	-0.526	3.461	0.15	1	0.1	0.74	36	27	42	43	37	71	42	30	31	54	27	82
PA14_47350	PA14_47350	-0.298	6.813	0.15	1	0.086	0.73	403	417	397	449	489	560	468	454	289	557	370	650
PA14_50640	PA14_50640	0.479	3.523	0.15	1	0.075	0.73	58	58	41	45	28	39	67	63	29	55	21	45
PA14_52560	PA14_52560	-0.264	11.072	0.15	1	0.17	0.82	6902	8060	8744	8498	10287	9688	8007	8766	6364	10527	7788	11253
PA14_53900	PA14_53900	0.361	5.055	0.15	1	0.085	0.73	165	134	146	132	121	93	191	146	106	163	92	109
PA14_54010	PA14_54010	0.381	4.481	0.15	1	0.089	0.73	94	102	103	80	90	60	109	111	75	99	69	70
PA14_54810	PA14_54810	-0.419	6.843	0.15	1	0.062	0.69	363	413	408	465	390	726	421	449	297	577	294	842
PA14_55800	PA14_55800	-0.31	5.837	0.15	1	0.083	0.73	194	214	205	270	252	237	225	233	149	334	191	276
PA14_58090	PA14_58090	0.281	8.032	0.15	1	0.12	0.77	1135	1207	1132	922	1069	871	1317	1313	824	1142	810	1012
PA14_58170	gatC	-0.582	5.325	0.15	1	0.023	0.54	139	119	127	142	153	281	161	130	92	177	115	325
PA14_58570	piuA	-0.334	6.704	0.15	1	0.11	0.76	329	388	397	418	375	609	382	422	289	518	283	707
PA14_59470	PA14_59470	0.334	5.973	0.15	1	0.11	0.76	346	211	287	210	248	213	401	230	209	260	188	248
PA14_59690	PA14_59690	-0.379	4.211	0.15	1	0.12	0.77	58	72	59	74	68	103	67	78	43	92	51	119
PA14_61150	PA14_61150	-0.3	5.934	0.15	1	0.11	0.76	229	194	236	246	259	304	265	211	172	305	196	353
PA14_61530	csuC	0.532	3.264	0.15	1	0.044	0.63	41	43	47	39	25	25	48	47	34	48	19	29
PA14_62710	pnp	-0.274	7.779	0.15	1	0.15	0.8	730	864	811	859	935	1113	847	940	590	1065	708	1292
PA14_65810	PA14_65810	0.466	3.684	0.15	1	0.14	0.79	62	47	65	30	62	35	72	51	48	38	48	41
PA14_66690	PA14_66690	0.279	7.985	0.15	1	0.18	0.82	1081	1146	1134	992	1097	683	1254	1246	825	1228	831	794
PA14_68110	PA14_68110	-0.769	4.652	0.15	1	0.034	0.59	59	49	113	80	101	197	69	54	84	100	76	228
PA14_68210	rmlC	0.364	7.892	0.15	1	0.13	0.79	975	1249	1010	939	1046	528	1131	1358	735	1163	793	614
PA14_68330	arcA	-0.337	5.086	0.15	1	0.082	0.73	115	132	110	155	138	159	134	143	80	192	104	184
PA14_72260	PA14_72260	-0.334	6.838	0.15	1	0.088	0.73	373	456	391	508	625	408	433	496	284	629	474	474
PA14_73070	pyrQ	0.348	6.714	0.15	1	0.11	0.75	465	507	447	482	374	258	539	551	325	596	283	301
EBG00001225125	5S_rRNA	-1.894	0.48	0.16	1	0.024	0.55	2	1	1	2	3	11	2	1	1	3	2	12
EBG00001225175	P18	-1.063	1	0.16	1	0.082	0.73	3	4	4	6	6	11	4	4	3	8	4	13
PA14_00300	plcB	-0.287	6.326	0.16	1	0.094	0.73	300	274	295	347	344	369	348	298	215	430	260	429
PA14_00470	PA14_00470	-0.29	11.327	0.16	1	0.13	0.79	9664	8853	9499	9646	12738	11862	11210	9629	6913	11949	9644	13778
PA14_04250	PA14_04250	-1.015	4.13	0.16	1	0.0053	0.29	44	51	40	53	62	158	51	55	29	67	46	182
PA14_04710	PA14_04710	-0.479	4.378	0.16	1	0.075	0.73	69	60	76	75	76	134	80	65	56	93	57	155
PA14_05810	amaB	0.436	3.892	0.16	1	0.072	0.72	74	51	74	47	51	49	86	56	54	58	39	57
PA14_07140	PA14_07140	0.431	4.651	0.16	1	0.091	0.73	116	113	114	121	73	59	134	123	83	149	55	69
PA14_08260	PA14_08260	-0.29	6.836	0.16	1	0.086	0.73	429	404	410	533	520	466	497	439	298	660	394	541
PA14_10170	fepB	-0.636	7.529	0.16	1	0.036	0.61	528	431	786	730	584	1399	613	469	574	905	441	1623
PA14_11130	PA14_11130	0.312	6.933	0.16	1	0.16	0.81	625	521	486	500	522	294	725	567	353	619	396	342
PA14_12450	PA14_12450	0.3	6.421	0.16	1	0.12	0.77	437	309	394	306	347	274	506	336	287	379	263	318
PA14_12550	PA14_12550	-0.693	1.995	0.16	1	0.096	0.74	9	9	13	13	15	23	11	10	10	17	11	26
PA14_13210	PA14_13210	0.271	5.91	0.16	1	0.2	0.84	291	296	203	209	253	196	337	322	147	259	192	228
PA14_14220	PA14_14220	0.326	5.961	0.16	1	0.071	0.71	271	276	287	230	240	195	314	300	209	285	182	227
PA14_17140	yaeL	-0.251	9.379	0.16	1	0.2	0.85	2156	2809	2397	2697	2661	3403	2501	3055	1744	3341	2014	3952
PA14_17780	PA14_17780	-0.555	4.755	0.16	1	0.038	0.61	87	86	85	99	95	186	101	94	62	123	71	215
PA14_18410	algF	-1.518	1.241	0.16	1	0.015	0.46	3	5	4	5	7	23	4	5	3	7	5	26
PA14_18870	PA14_18870	-0.297	6.803	0.16	1	0.14	0.79	372	465	371	472	399	614	432	506	270	585	301	713
PA14_19480	PA14_19480	-0.275	8.684	0.16	1	0.19	0.83	1140	1767	1599	1691	2065	1697	1323	1921	1164	2095	1564	1971
PA14_20120	PA14_20120	0.312	6.315	0.16	1	0.12	0.77	432	333	296	336	257	262	500	362	215	416	194	304
PA14_20380	phnI	0.706	2.041	0.16	1	0.082	0.73	23	14	17	11	13	8	26	15	12	14	10	10
PA14_20700	PA14_20700	-0.303	6.451	0.16	1	0.14	0.79	371	283	290	381	309	475	430	308	211	472	233	551
PA14_22040	minC	-0.339	7.165	0.16	1	0.1	0.74	526	527	479	585	512	839	610	573	348	725	387	974
PA14_22230	PA14_22230	-0.386	3.987	0.16	1	0.096	0.74	48	59	54	74	61	74	56	64	39	91	46	86
PA14_24950	glpD2	0.456	3.39	0.16	1	0.14	0.79	62	39	40	44	36	24	71	43	29	54	27	28
PA14_25500	exbD	-0.334	4.946	0.16	1	0.12	0.77	85	131	109	134	142	133	99	142	79	166	108	154
PA14_25840	PA14_25840	-0.263	7.956	0.16	1	0.14	0.79	858	937	934	1050	1065	1160	996	1019	680	1301	806	1347
PA14_26220	hisM	-0.934	1.147	0.16	1	0.086	0.73	2	7	5	7	8	14	3	8	4	9	6	16
PA14_26350	PA14_26350	0.292	7.238	0.16	1	0.16	0.81	753	642	615	664	568	409	873	698	447	822	430	476
PA14_28170	yfdC	0.29	6.407	0.16	1	0.12	0.77	405	360	360	326	349	248	470	392	262	403	265	288
PA14_30270	aat	-0.533	2.854	0.16	1	0.089	0.73	28	17	21	25	31	40	32	19	15	32	23	46
PA14_30630	pqsH	-0.28	8.905	0.16	1	0.13	0.78	1627	1802	1814	1924	2299	2144	1888	1960	1320	2383	1741	2490
PA14_31070	PA14_31070	0.524	2.968	0.16	1	0.062	0.69	37	36	31	21	25	27	43	39	22	26	19	31
PA14_31180	PA14_31180	-0.396	5.778	0.16	1	0.079	0.73	225	182	160	224	199	323	260	198	116	278	150	374
PA14_31510	PA14_31510	0.497	5.147	0.16	1	0.11	0.76	197	134	168	146	153	54	228	146	122	180	117	64
PA14_32400	mexE	-0.813	5.276	0.16	1	0.015	0.46	112	82	139	149	115	323	130	90	102	185	86	373
PA14_33840	PA14_33840	-0.462	4.524	0.16	1	0.075	0.73	94	70	65	102	75	139	109	76	47	126	56	161
PA14_36450	PA14_36450	-0.39	6.016	0.16	1	0.09	0.73	272	227	172	344	213	322	315	247	124	426	160	374
PA14_36570	glgA	-0.384	8.417	0.16	1	0.089	0.73	1561	1032	995	1489	1306	1888	1810	1123	723	1845	988	2192
PA14_39090	PA14_39090	0.484	3.185	0.16	1	0.1	0.74	50	32	39	26	35	27	58	35	28	32	27	31
PA14_39650	cirA	-0.796	5.905	0.16	1	0.013	0.44	216	133	175	264	163	482	250	145	127	328	122	558
PA14_40290	lasA	-0.407	10.743	0.16	1	0.084	0.73	6402	6982	4467	7727	6042	9901	7426	7593	3250	9571	4573	11499
PA14_40470	PA14_40470	-0.302	5.878	0.16	1	0.12	0.77	223	226	183	253	221	306	259	246	133	314	167	355
PA14_41470	acnB	-0.244	8.512	0.16	1	0.19	0.83	1218	1402	1425	1554	1459	1776	1413	1525	1037	1925	1104	2063
PA14_41820	pabB	-0.67	6.72	0.16	1	0.017	0.48	317	285	380	393	349	819	368	310	277	488	263	950
PA14_43070	hcpD	-0.341	4.399	0.16	1	0.15	0.8	67	73	81	80	82	116	78	79	59	99	62	134
PA14_43250	PA14_43250	-0.297	5.633	0.16	1	0.12	0.77	177	192	164	232	184	238	205	209	119	287	139	276
PA14_46570	PA14_46570	-0.284	6.376	0.16	1	0.15	0.8	283	289	331	289	365	445	329	314	241	359	276	516
PA14_48140	aprX	-0.296	6.957	0.16	1	0.11	0.76	396	501	451	464	582	610	460	545	328	575	441	708
PA14_48540	PA14_48540	-1.164	0.664	0.16	1	0.087	0.73	4	3	2	10	4	6	5	3	1	12	3	7
PA14_50320	PA14_50320	0.446	4.074	0.16	1	0.068	0.7	56	92	81	58	48	60	65	100	59	72	36	70
PA14_51020	PA14_51020	-0.573	7.579	0.16	1	0.029	0.58	658	513	686	696	690	1376	763	558	500	863	521	1597
PA14_51730	tolA	-0.272	8.682	0.16	1	0.17	0.81	1312	1533	1659	1502	2018	1919	1522	1667	1208	1861	1528	2229
PA14_53410	PA14_53410	-0.379	3.937	0.16	1	0.14	0.79	61	40	53	71	54	76	71	44	39	88	40	88
PA14_54330	rnc	0.333	6.693	0.16	1	0.08	0.73	398	518	478	431	358	317	462	563	348	533	271	368
PA14_54790	PA14_54790	-0.426	3.65	0.16	1	0.11	0.76	47	29	49	51	62	54	54	32	36	64	47	63
PA14_55550	PA14_55550	-0.826	1.483	0.16	1	0.061	0.69	8	6	7	16	11	11	9	7	5	19	8	13
PA14_55640	sbcD	-0.764	6.129	0.16	1	0.013	0.45	167	192	264	219	268	571	194	209	193	273	202	661
PA14_55820	PA14_55820	0.334	5.725	0.16	1	0.081	0.73	219	227	262	181	213	168	254	247	191	224	162	195
PA14_56000	pctA	-0.975	7.172	0.16	1	0.0026	0.18	395	377	400	508	460	1335	458	410	291	631	347	1549
PA14_57460	PA14_57460	-0.424	8.389	0.16	1	0.08	0.73	956	1088	1423	1104	1497	2049	1110	1183	1037	1369	1133	2379
PA14_59640	PA14_59640	-0.679	2.062	0.16	1	0.094	0.73	18	8	7	19	12	22	20	9	5	24	9	25
PA14_59650	PA14_59650	-1.389	0.907	0.16	1	0.03	0.58	3	5	2	3	8	16	4	5	1	4	6	18
PA14_60850	mexC	-0.505	4.554	0.16	1	0.075	0.73	75	63	91	91	78	156	87	69	67	113	58	180
PA14_61750	ipk	-0.243	8.969	0.16	1	0.24	0.88	1463	1857	2238	1893	2336	2350	1698	2020	1630	2345	1769	2729
PA14_63550	fdhE	0.414	4.252	0.16	1	0.093	0.73	102	71	87	82	60	52	118	77	63	101	45	61
PA14_63750	PA14_63750	0.506	3.153	0.16	1	0.088	0.73	46	36	40	35	30	20	53	39	29	43	23	24
PA14_68360	PA14_68360	-0.529	8.096	0.16	1	0.039	0.61	922	742	1047	1021	985	1905	1070	807	763	1266	745	2211
PA14_69090	yhiI	-0.285	6.854	0.16	1	0.13	0.78	350	443	464	457	574	501	407	482	338	567	435	582
PA14_73290	atpF	-0.256	8.228	0.16	1	0.2	0.84	883	1228	1196	1152	1330	1466	1025	1335	871	1427	1007	1703
PA14_02460	PA14_02460	-0.44	3.524	0.17	1	0.12	0.76	50	36	26	58	42	52	57	39	18	72	31	60
PA14_04480	thyA	-0.288	6.429	0.17	1	0.098	0.74	280	345	309	361	391	389	325	375	225	447	296	452
PA14_06570	bioD	0.572	2.833	0.17	1	0.084	0.73	40	24	32	29	14	21	46	26	23	35	10	24
PA14_07990	hol	-0.304	6.163	0.17	1	0.11	0.76	249	275	246	364	338	250	289	299	179	450	256	291
PA14_10350	PA14_10350	0.389	5.633	0.17	1	0.094	0.73	294	198	181	204	173	137	340	215	131	252	131	160
PA14_18660	PA14_18660	0.38	3.973	0.17	1	0.16	0.81	80	56	75	45	73	45	92	61	55	56	56	53
PA14_19130	rhlI	-0.257	11.129	0.17	1	0.17	0.82	7976	8573	8180	8883	9541	11119	9252	9324	5953	11003	7223	12914
PA14_19450	PA14_19450	0.376	3.949	0.17	1	0.14	0.79	73	75	56	51	63	45	84	81	40	63	48	52
PA14_20940	PA14_20940	0.408	4.144	0.17	1	0.068	0.7	79	84	73	60	48	69	92	91	53	74	36	80
PA14_21260	PA14_21260	-0.54	10.881	0.17	1	0.085	0.73	3050	7770	7814	8375	11722	6996	3539	8450	5688	10374	8875	8126
PA14_22120	PA14_22120	-0.471	5.97	0.17	1	0.067	0.7	159	221	253	225	237	413	185	240	185	280	179	479
PA14_28340	PA14_28340	-0.282	5.917	0.17	1	0.16	0.8	180	255	223	236	256	306	209	277	162	293	194	355
PA14_28970	PA14_28970	-0.531	3.608	0.17	1	0.11	0.75	39	30	46	47	38	80	45	33	34	59	28	92
PA14_29550	PA14_29550	0.341	4.912	0.17	1	0.084	0.73	138	134	128	107	113	97	160	146	93	132	86	113
PA14_30340	cysG	0.287	6.331	0.17	1	0.13	0.79	423	301	341	291	321	262	490	328	248	361	243	305
PA14_33160	PA14_33160	-0.533	9.829	0.17	1	0.04	0.61	3890	2536	2575	3836	3144	6046	4511	2758	1873	4752	2379	7021
PA14_33690	pvdE	-0.37	5.526	0.17	1	0.11	0.75	134	213	136	203	170	251	156	231	98	251	128	291
PA14_34030	PA14_34030	0.757	1.72	0.17	1	0.082	0.73	13	19	13	11	9	7	15	21	9	13	7	8
PA14_34110	PA14_34110	0.566	2.78	0.17	1	0.054	0.67	29	29	34	27	17	17	34	32	25	33	13	20
PA14_38630	atoB	0.458	5.399	0.17	1	0.085	0.73	250	164	172	188	150	89	289	179	125	232	114	104
PA14_38770	PA14_38770	0.383	4.436	0.17	1	0.088	0.73	100	90	100	84	80	58	116	98	73	104	61	68
PA14_39110	PA14_39110	-0.355	4.485	0.17	1	0.1	0.74	71	83	78	84	102	110	82	90	57	105	77	128
PA14_39180	PA14_39180	0.46	3.189	0.17	1	0.13	0.79	46	39	39	34	38	19	53	42	28	42	29	22
PA14_39280	rbsK	0.328	5.516	0.17	1	0.12	0.77	229	179	202	191	173	123	265	195	147	236	131	143
PA14_39440	PA14_39440	-1.004	6.61	0.17	1	0.0037	0.23	280	202	300	333	310	928	325	220	219	414	233	1076
PA14_39720	PA14_39720	0.678	2.122	0.17	1	0.078	0.73	19	16	23	9	14	13	22	17	17	11	11	15
PA14_40120	polB	0.313	6.005	0.17	1	0.11	0.75	309	262	287	264	245	182	358	285	209	326	186	212
PA14_42860	PA14_42860	-0.289	6.435	0.17	1	0.14	0.79	249	348	344	350	443	356	289	378	251	434	336	414
PA14_43100	PA14_43100	-0.253	9.047	0.17	1	0.23	0.87	1500	2309	2038	2024	2360	2581	1741	2511	1483	2508	1787	2997
PA14_43780	PA14_43780	-0.625	3.475	0.17	1	0.067	0.7	30	32	38	38	37	79	35	35	28	48	27	91
PA14_44960	PA14_44960	0.433	4.198	0.17	1	0.055	0.67	85	70	96	64	52	67	98	76	70	79	39	78
PA14_46280	PA14_46280	-1.18	8.94	0.17	1	0.004	0.24	1825	966	848	2232	1156	4859	2115	1051	616	2765	873	5641
PA14_46900	PA14_46900	-0.44	5.104	0.17	1	0.081	0.73	137	96	114	144	112	213	158	105	83	179	84	247
PA14_47330	yafJ	0.301	6.982	0.17	1	0.13	0.78	502	534	649	456	543	369	583	581	473	565	412	429
PA14_49620	PA14_49620	1.223	0.813	0.17	1	0.055	0.67	7	6	7	6	0	2	8	7	5	7	0	2
PA14_52660	aruB	0.271	7.672	0.17	1	0.16	0.8	895	964	837	806	812	618	1038	1048	609	998	615	718
PA14_52760	aotO	0.415	3.824	0.17	1	0.092	0.73	63	74	52	54	45	42	73	80	37	67	34	49
PA14_55730	PA14_55730	-1.233	5.643	0.17	1	0.0023	0.17	135	80	141	154	157	526	156	87	103	192	117	609
PA14_55750	PA14_55750	-0.27	5.545	0.17	1	0.21	0.85	193	128	188	228	175	209	224	140	137	282	132	243
PA14_57560	PA14_57560	-0.27	7.013	0.17	1	0.14	0.79	415	545	452	589	538	577	482	593	329	729	407	670
PA14_57710	cysN	-0.247	7.564	0.17	1	0.21	0.85	560	713	822	752	875	857	650	775	599	932	663	995
PA14_59430	PA14_59430	-0.344	5.113	0.17	1	0.079	0.73	118	124	121	145	180	138	137	135	88	180	137	160
PA14_60930	PA14_60930	-0.261	6.941	0.17	1	0.15	0.8	383	483	483	503	543	570	445	525	352	623	411	662
PA14_61140	PA14_61140	0.599	2.403	0.17	1	0.083	0.73	29	21	22	19	17	12	33	23	16	23	13	14
PA14_63070	pdhR	0.282	6.606	0.17	1	0.12	0.77	437	422	431	350	413	301	507	459	314	433	313	350
PA14_71800	zwf	0.294	6.777	0.17	1	0.13	0.79	484	472	501	448	442	298	561	513	365	555	335	347
PA14_73260	atpA	-0.246	9.103	0.17	1	0.2	0.84	1746	2217	2131	2207	2345	2676	2026	2411	1551	2734	1775	3108
PA14_73280	atpH	-0.264	7.613	0.17	1	0.19	0.83	554	842	755	813	899	870	643	915	550	1007	681	1010
EBG00001225034	P26	-0.276	5.987	0.18	1	0.18	0.82	199	241	250	222	276	335	231	262	182	276	209	389
PA14_01300	coxA	0.25	9.159	0.18	1	0.21	0.85	2522	2407	2597	2038	2536	1753	2926	2618	1890	2525	1921	2037
PA14_03810	aguA	0.346	6.089	0.18	1	0.076	0.73	329	255	336	287	217	218	381	278	245	355	164	253
PA14_09770	PA14_09770	-0.442	7.032	0.18	1	0.088	0.73	427	321	593	448	549	825	496	350	433	556	415	957
PA14_14750	icsA	0.282	8.426	0.18	1	0.17	0.82	1390	1489	1688	1353	1446	957	1613	1619	1229	1676	1095	1112
PA14_17190	fabZ	-0.288	6.563	0.18	1	0.14	0.79	283	426	318	380	427	449	329	463	231	471	323	521
PA14_17440	PA14_17440	0.285	6.127	0.18	1	0.18	0.82	327	290	306	281	299	178	379	315	223	348	227	208
PA14_18160	PA14_18160	0.39	4.313	0.18	1	0.071	0.71	94	86	85	80	60	63	109	94	62	98	45	73
PA14_19720	PA14_19720	0.429	4.149	0.18	1	0.08	0.73	78	64	98	72	58	47	91	70	72	89	44	55
PA14_20040	hasE	0.505	2.752	0.18	1	0.19	0.83	28	28	33	18	33	13	33	30	24	22	26	15
PA14_21850	PA14_21850	0.277	7.279	0.18	1	0.17	0.82	662	631	763	566	692	439	768	686	556	701	525	511
PA14_22270	PA14_22270	0.32	6.022	0.18	1	0.072	0.72	284	297	289	214	217	265	330	323	210	265	164	308
PA14_26760	PA14_26760	0.306	6.079	0.18	1	0.12	0.77	289	266	348	223	290	218	335	289	254	276	220	254
PA14_27630	rebB1	0.435	3.459	0.18	1	0.14	0.79	60	54	33	42	30	37	69	59	23	52	22	43
PA14_28090	PA14_28090	-0.864	2.634	0.18	1	0.042	0.62	15	21	10	23	17	46	18	23	7	29	12	53
PA14_28290	PA14_28290	0.515	2.862	0.18	1	0.13	0.78	35	24	37	22	30	16	41	26	27	27	23	19
PA14_28570	endA	-0.388	3.84	0.18	1	0.16	0.81	50	51	43	60	45	82	58	55	31	75	33	95
PA14_34360	mtlD	0.725	1.885	0.18	1	0.064	0.69	18	15	14	11	8	9	21	16	10	13	6	11
PA14_36390	PA14_36390	-0.39	5.325	0.18	1	0.11	0.75	196	95	123	176	173	194	226	104	89	218	131	225
PA14_36690	ybhO	-0.335	6	0.18	1	0.15	0.79	279	151	252	287	324	249	323	165	184	356	246	290
PA14_37420	PA14_37420	0.662	2.138	0.18	1	0.078	0.73	23	16	19	15	13	8	26	17	14	18	10	10
PA14_37780	PA14_37780	0.311	5.552	0.18	1	0.2	0.84	230	230	163	187	201	116	267	250	118	231	153	136
PA14_38300	grp	-0.522	3.546	0.18	1	0.086	0.73	40	41	28	46	38	74	46	45	20	57	28	85
PA14_39770	PA14_39770	0.272	7.797	0.18	1	0.18	0.82	1013	974	957	926	903	610	1175	1059	696	1146	684	709
PA14_39960	phzB2	0.276	6.359	0.18	1	0.14	0.79	356	415	313	266	313	318	413	451	227	330	237	369
PA14_40730	PA14_40730	0.363	4.62	0.18	1	0.091	0.73	103	108	119	92	96	69	120	118	87	114	73	81
PA14_41500	PA14_41500	-0.272	7.328	0.18	1	0.16	0.81	540	717	500	710	646	766	627	780	363	879	489	890
PA14_43160	benE	-0.278	5.92	0.18	1	0.17	0.81	224	215	217	232	232	331	260	234	158	288	175	384
PA14_43580	PA14_43580	0.412	4.187	0.18	1	0.073	0.72	78	74	93	71	61	51	91	81	68	88	46	60
PA14_43920	braB	-0.257	7.09	0.18	1	0.14	0.79	482	494	523	562	588	641	559	537	381	696	445	744
PA14_45330	ccmE	0.34	4.998	0.18	1	0.11	0.75	120	153	153	109	130	98	139	166	112	135	99	114
PA14_45540	motD	0.314	5.79	0.18	1	0.079	0.73	252	233	250	196	205	191	292	254	182	243	155	222
PA14_46320	pyc	0.377	4.406	0.18	1	0.078	0.73	100	90	92	83	70	64	116	98	67	102	53	75
PA14_48530	PA14_48530	-0.518	3.508	0.18	1	0.097	0.74	42	30	36	41	39	74	48	33	26	51	29	85
PA14_49440	PA14_49440	-0.275	5.734	0.18	1	0.19	0.83	212	185	180	226	185	287	246	201	131	280	139	333
PA14_52010	PA14_52010	-0.277	6.271	0.18	1	0.13	0.79	251	308	280	296	333	389	292	335	204	367	252	451
PA14_58000	sodM	-0.382	9.133	0.18	1	0.092	0.73	1519	2280	2105	2347	3252	2098	1763	2479	1532	2907	2463	2437
PA14_58080	PA14_58080	0.346	6.62	0.18	1	0.099	0.74	545	397	384	434	314	296	632	432	279	537	237	344
PA14_61340	PA14_61340	0.471	4.981	0.18	1	0.086	0.73	154	109	179	119	135	65	178	119	131	147	103	76
PA14_61830	PA14_61830	-0.619	2.807	0.18	1	0.079	0.73	13	27	22	27	45	24	16	29	16	34	35	28
PA14_62040	PA14_62040	-0.271	6.73	0.18	1	0.13	0.78	352	425	383	424	461	514	408	462	279	526	349	597
PA14_62060	PA14_62060	-0.625	7.357	0.18	1	0.039	0.61	421	652	481	791	417	1189	489	709	350	980	314	1380
PA14_62090	PA14_62090	-0.782	1.468	0.18	1	0.1	0.74	6	8	7	12	8	16	7	9	5	15	6	18
PA14_63200	PA14_63200	0.305	6.289	0.18	1	0.078	0.73	351	329	361	277	302	264	407	358	263	343	229	307
PA14_66040	PA14_66040	0.384	4.478	0.18	1	0.074	0.73	97	87	115	77	82	70	113	95	84	95	62	82
PA14_66210	waaX	0.32	6.126	0.18	1	0.064	0.69	296	306	334	260	252	237	344	333	243	322	191	275
PA14_67050	PA14_67050	-0.292	6.009	0.18	1	0.13	0.79	193	253	252	244	315	295	224	275	184	303	239	343
PA14_71320	PA14_71320	-0.329	4.291	0.18	1	0.18	0.82	67	68	71	81	69	107	78	74	52	101	52	124
PA14_72150	PA14_72150	-0.502	2.865	0.18	1	0.13	0.78	30	23	15	39	24	34	35	25	10	48	18	39
PA14_00410	PA14_00410	0.292	7.716	0.19	1	0.2	0.84	905	900	997	795	976	518	1050	979	726	985	740	603
PA14_00570	PA14_00570	-0.666	2.431	0.19	1	0.1	0.74	14	14	18	20	14	37	16	15	13	25	10	42
PA14_02890	PA14_02890	-0.372	3.759	0.19	1	0.17	0.81	45	45	47	51	48	77	52	49	34	63	36	89
PA14_05820	PA14_05820	0.358	4.649	0.19	1	0.11	0.76	118	94	126	95	99	69	137	102	92	118	75	81
PA14_06875	PA14_06875	-0.243	8.197	0.19	1	0.2	0.84	1012	1176	1065	1481	1260	1109	1174	1279	775	1834	954	1289
PA14_08570	PA14_08570	-0.806	2.308	0.19	1	0.093	0.73	12	8	18	22	10	35	14	9	14	27	7	40
PA14_08620	birA	-0.354	6.257	0.19	1	0.1	0.74	259	267	281	281	284	466	301	290	205	349	214	540
PA14_10240	acoC	0.601	2.797	0.19	1	0.1	0.74	47	23	23	21	19	22	54	25	16	26	14	25
PA14_13010	PA14_13010	-0.701	4.085	0.19	1	0.035	0.6	42	59	50	56	58	131	49	64	36	70	43	151
PA14_13840	PA14_13840	1.226	0.496	0.19	1	0.059	0.68	7	5	7	4	1	2	8	5	5	5	1	2
PA14_14780	hscA	0.282	8.333	0.19	1	0.17	0.82	1348	1265	1671	1199	1389	936	1564	1376	1217	1485	1052	1088
PA14_15120	PA14_15120	0.279	6.896	0.19	1	0.2	0.84	515	578	483	508	497	295	597	628	351	628	377	343
PA14_15350	PA14_15350	-0.292	9.587	0.19	1	0.21	0.85	2062	2703	3611	2760	3532	3963	2393	2940	2629	3420	2674	4603
PA14_16280	PA14_16280	-0.255	6.789	0.19	1	0.17	0.82	440	350	426	427	457	566	510	381	310	529	346	657
PA14_16640	PA14_16640	-0.261	11.066	0.19	1	0.16	0.81	8072	7357	8213	9100	10535	8697	9363	8002	5977	11272	7976	10102
PA14_17030	dapC	0.381	4.504	0.19	1	0.07	0.71	104	95	108	91	72	72	121	103	79	112	54	84
PA14_19150	yigM	0.32	5.105	0.19	1	0.1	0.74	148	167	143	126	133	109	172	181	104	156	101	127
PA14_19660	mioC	0.319	5.454	0.19	1	0.13	0.78	228	171	183	189	147	131	264	186	133	233	111	152
PA14_21410	phoA	-0.839	1.888	0.19	1	0.082	0.73	8	13	6	13	10	25	9	14	4	16	7	29
PA14_21550	PA14_21550	0.267	6.583	0.19	1	0.15	0.8	422	414	426	341	416	292	489	450	310	423	316	340
PA14_22930	glk	0.376	7.321	0.19	1	0.16	0.81	751	690	741	666	722	293	871	751	539	824	548	342
PA14_24580	PA14_24580	-0.243	6.087	0.19	1	0.22	0.87	202	245	302	304	298	283	235	267	221	376	226	329
PA14_24700	PA14_24700	-0.343	7.761	0.19	1	0.12	0.76	754	824	733	840	787	1303	875	896	533	1041	595	1513
PA14_26260	PA14_26260	-0.948	1.085	0.19	1	0.098	0.74	5	5	3	10	7	9	6	5	2	12	5	10
PA14_27370	deaD	-0.4	3.749	0.19	1	0.11	0.76	37	53	44	50	64	64	43	58	32	62	49	74
PA14_33230	PA14_33230	-0.426	3.173	0.19	1	0.16	0.81	24	27	38	32	40	46	28	29	28	40	30	53
PA14_33520	PA14_33520	-0.279	5.953	0.19	1	0.13	0.79	246	218	208	263	241	311	285	237	151	326	182	361
PA14_34900	PA14_34900	0.322	5.003	0.19	1	0.12	0.77	138	139	148	106	135	100	160	151	108	132	103	116
PA14_35470	PA14_35470	-0.313	5.987	0.19	1	0.15	0.8	207	223	252	234	240	372	240	243	184	291	181	431
PA14_35990	PA14_35990	-0.478	2.779	0.19	1	0.16	0.81	17	20	29	23	32	37	20	22	22	29	24	43
PA14_36370	PA14_36370	-0.289	6.386	0.19	1	0.13	0.79	361	239	306	353	392	362	418	260	223	438	297	421
PA14_36770	PA14_36770	-0.437	3.607	0.19	1	0.13	0.79	48	34	40	41	49	75	55	37	29	51	37	86
PA14_36940	PA14_36940	-0.343	5.891	0.19	1	0.13	0.78	257	180	190	264	199	331	297	196	138	327	150	384
PA14_38110	ygjU	-0.294	5.789	0.19	1	0.13	0.79	213	212	168	227	220	282	247	231	122	282	166	327
PA14_38130	ycjJ	-0.32	4.94	0.19	1	0.14	0.79	106	123	97	114	126	167	123	134	70	142	95	194
PA14_39980	qscR	-0.26	7.261	0.19	1	0.18	0.82	478	661	548	735	697	589	555	719	399	910	528	684
PA14_40080	PA14_40080	0.321	5.588	0.19	1	0.087	0.73	235	202	204	195	156	161	272	220	148	241	118	187
PA14_41350	folD	-0.497	6.162	0.19	1	0.051	0.66	244	215	254	289	222	494	283	234	185	359	167	572
PA14_41400	PA14_41400	0.311	4.817	0.19	1	0.19	0.83	148	102	124	102	121	80	171	111	90	126	92	93
PA14_42400	exsB	0.388	3.84	0.19	1	0.14	0.79	58	62	70	39	65	42	68	67	51	49	50	49
PA14_44460	PA14_44460	0.543	3.117	0.19	1	0.12	0.77	57	29	34	34	30	18	65	32	24	42	23	21
PA14_46330	PA14_46330	-0.504	2.685	0.19	1	0.12	0.77	24	15	22	26	25	35	28	16	16	32	19	40
PA14_47690	cobQ	0.536	2.903	0.19	1	0.065	0.69	34	27	39	24	18	26	39	30	29	30	13	30
PA14_48190	PA14_48190	0.349	4.942	0.19	1	0.11	0.75	156	131	122	131	90	100	181	143	88	161	68	116
PA14_48230	PA14_48230	1.213	0.715	0.19	1	0.094	0.73	7	5	6	2	3	3	8	6	4	3	2	3
PA14_51200	PA14_51200	-0.402	4.027	0.19	1	0.094	0.73	63	56	43	58	76	83	73	61	31	72	58	96
PA14_51470	cupC1	-0.363	3.787	0.19	1	0.16	0.81	41	54	47	70	48	64	48	59	34	86	36	74
PA14_51930	helX	-0.261	6.556	0.19	1	0.13	0.79	314	349	368	373	419	444	365	380	268	463	317	515
PA14_52850	PA14_52850	0.771	1.692	0.19	1	0.091	0.73	10	15	16	12	8	4	12	16	12	14	6	5
PA14_52960	PA14_52960	-0.866	5.468	0.19	1	0.0083	0.35	149	104	121	146	150	386	172	113	88	182	112	446
PA14_54190	pruR	-0.259	7.541	0.19	1	0.17	0.82	735	680	633	737	747	966	852	740	460	913	565	1122
PA14_54550	PA14_54550	-1.684	-0.109	0.19	1	0.07	0.71	1	1	1	1	5	4	1	1	1	2	4	5
PA14_56830	icmP	-0.375	6.855	0.19	1	0.091	0.73	409	426	382	477	384	715	474	463	278	591	290	830
PA14_59120	PA14_59120	-0.362	4.346	0.19	1	0.13	0.79	53	89	67	80	101	89	62	96	49	99	77	103
PA14_59440	PA14_59440	-0.401	3.851	0.19	1	0.082	0.73	50	52	42	54	70	69	58	57	30	67	53	80
PA14_59600	PA14_59600	-0.282	5.568	0.19	1	0.14	0.79	158	166	189	180	218	226	183	181	138	223	165	262
PA14_59980	PA14_59980	-0.682	2.751	0.19	1	0.087	0.73	19	18	19	23	19	48	22	20	14	29	14	55
PA14_60180	PA14_60180	-0.469	3.974	0.19	1	0.11	0.75	38	58	59	45	86	82	44	63	43	57	66	95
PA14_60550	PA14_60550	0.312	8.077	0.19	1	0.14	0.79	969	1258	1392	1034	1121	761	1125	1368	1014	1280	849	884
PA14_61670	moeB	0.374	4.344	0.19	1	0.093	0.73	102	73	96	74	70	65	118	80	70	91	53	76
PA14_63800	mgtA	-0.678	4.381	0.19	1	0.035	0.6	75	49	65	70	72	159	87	53	47	88	54	183
PA14_65710	aspP	0.281	7.508	0.19	1	0.13	0.78	799	789	826	711	712	565	927	858	601	880	539	657
PA14_66910	PA14_66910	0.409	4.075	0.19	1	0.12	0.76	86	71	72	80	46	45	99	77	52	98	34	53
PA14_68190	rmlD	0.37	7.104	0.19	1	0.14	0.79	707	653	514	625	536	290	820	710	373	773	406	338
PA14_71460	glyA1	0.655	2.146	0.19	1	0.054	0.67	22	17	22	16	7	15	25	19	16	19	5	17
PA14_71630	adhA	-0.333	5.336	0.19	1	0.11	0.75	147	160	120	199	199	143	171	174	87	246	151	167
PA14_73360	gidB	-0.306	5.123	0.19	1	0.14	0.79	106	141	125	132	156	172	123	153	91	164	118	199
PA14_01240	PA14_01240	-0.24	8.759	0.2	1	0.21	0.85	1525	1781	1505	1817	1712	2150	1769	1937	1095	2251	1296	2497
PA14_05050	PA14_05050	0.429	5.284	0.2	1	0.075	0.73	233	149	152	162	99	134	269	162	110	200	74	156
PA14_05150	proC	0.335	5.082	0.2	1	0.13	0.79	162	142	146	153	113	92	188	155	106	188	85	107
PA14_06150	PA14_06150	0.3	6.001	0.2	1	0.17	0.81	336	251	262	283	234	173	389	273	190	350	177	201
PA14_07690	glpE	-0.407	5.029	0.2	1	0.11	0.76	102	118	117	137	100	207	118	128	85	170	75	239
PA14_07800	djlA	0.348	4.949	0.2	1	0.18	0.83	168	112	132	101	146	78	194	122	96	125	112	91
PA14_08060	PA14_08060	-0.267	7.118	0.2	1	0.13	0.78	474	543	507	551	659	625	550	590	369	683	499	726
PA14_11420	ribB	0.318	5.371	0.2	1	0.08	0.73	173	196	180	144	148	149	201	213	131	178	112	173
PA14_17330	PA14_17330	-0.294	7.367	0.2	1	0.16	0.81	566	575	651	603	632	959	657	625	474	748	478	1113
PA14_18580	algD	-1.529	5.102	0.2	1	9e-04	0.1	61	77	71	80	110	417	71	84	52	101	82	482
PA14_19470	mqoA	-0.257	7.115	0.2	1	0.16	0.81	431	584	510	577	636	609	500	635	371	715	482	707
PA14_19730	PA14_19730	0.355	6.817	0.2	1	0.14	0.79	545	435	548	461	493	240	632	473	399	571	374	280
PA14_25830	PA14_25830	0.47	3.348	0.2	1	0.12	0.77	59	38	40	31	23	45	68	42	29	38	17	52
PA14_26980	PA14_26980	-0.36	3.581	0.2	1	0.22	0.87	41	40	39	59	33	61	48	44	28	73	24	71
PA14_28010	PA14_28010	-0.514	2.508	0.2	1	0.23	0.87	10	21	20	25	15	32	12	23	15	31	11	37
PA14_29200	PA14_29200	-0.396	5.709	0.2	1	0.095	0.73	203	218	119	224	200	287	235	237	85	278	151	333
PA14_30660	uvrC	0.27	7.27	0.2	1	0.14	0.79	637	680	724	555	648	490	739	740	527	688	491	570
PA14_31270	PA14_31270	0.275	5.447	0.2	1	0.19	0.83	194	191	186	150	197	127	225	208	135	186	150	148
PA14_31990	czcB	0.431	3.552	0.2	1	0.087	0.73	54	42	60	34	40	42	63	46	44	42	30	49
PA14_33360	PA14_33360	-0.445	3.094	0.2	1	0.1	0.74	24	29	29	38	41	33	28	32	21	47	31	39
PA14_34450	PA14_34450	-0.282	4.989	0.2	1	0.19	0.83	123	106	111	145	109	159	143	115	81	179	82	184
PA14_36670	PA14_36670	-0.373	4.599	0.2	1	0.16	0.81	109	49	92	102	121	101	126	54	67	126	92	118
PA14_37640	PA14_37640	0.92	1.2	0.2	1	0.064	0.69	9	8	11	5	5	4	10	9	8	6	4	5
PA14_43530	PA14_43530	0.259	8.238	0.2	1	0.17	0.81	1390	1395	1197	1238	1127	963	1612	1517	871	1533	853	1119
PA14_44930	PA14_44930	0.354	4.491	0.2	1	0.11	0.75	94	96	109	62	88	85	109	104	80	77	67	98
PA14_47430	czcD	-0.418	5.266	0.2	1	0.11	0.76	117	111	168	142	138	246	136	121	123	177	104	285
PA14_48440	PA14_48440	-0.585	5.827	0.2	1	0.07	0.71	218	117	208	264	146	405	252	128	152	327	109	469
PA14_49410	PA14_49410	-0.31	11.366	0.2	1	0.16	0.8	8837	11380	8350	10153	10433	14829	10251	12377	6076	12576	7898	17223
PA14_50610	PA14_50610	0.374	4.364	0.2	1	0.085	0.73	96	85	93	83	68	61	111	93	68	102	51	71
PA14_50760	PA14_50760	0.508	3.174	0.2	1	0.099	0.74	39	36	50	42	25	19	45	39	37	51	19	23
PA14_51640	PA14_51640	-0.392	3.53	0.2	1	0.16	0.81	27	43	45	42	54	54	32	47	33	53	41	63
PA14_52240	pirS	0.267	5.961	0.2	1	0.18	0.82	319	240	257	227	258	195	370	261	187	281	196	227
PA14_53480	pta	0.28	7.068	0.2	1	0.13	0.78	621	563	592	550	510	403	720	612	431	681	386	469
PA14_53660	PA14_53660	-0.241	6.151	0.2	1	0.23	0.87	208	269	307	270	305	350	242	293	224	335	231	406
PA14_53720	PA14_53720	0.432	3.627	0.2	1	0.11	0.76	67	38	63	47	40	37	77	42	46	58	30	43
PA14_55260	PA14_55260	0.859	1.23	0.2	1	0.099	0.74	9	10	13	5	8	5	10	11	10	6	6	6
PA14_56030	PA14_56030	-0.244	9.38	0.2	1	0.18	0.82	2626	2402	2361	2839	2724	3187	3046	2612	1718	3517	2062	3702
PA14_56430	PA14_56430	0.395	3.793	0.2	1	0.1	0.74	68	53	62	46	50	44	79	58	45	57	38	51
PA14_58510	PA14_58510	-0.847	2.671	0.2	1	0.06	0.68	17	14	20	24	16	53	20	15	15	30	11	60
PA14_60230	comL	-0.242	8.14	0.2	1	0.18	0.82	934	1066	1128	1170	1292	1237	1084	1159	821	1449	978	1437
PA14_60590	PA14_60590	0.311	6.253	0.2	1	0.16	0.81	302	334	384	293	341	189	351	363	280	363	259	220
PA14_62770	nusA	-0.228	9.314	0.2	1	0.28	0.89	2015	2268	2817	2295	2742	3277	2338	2467	2051	2843	2076	3806
PA14_63280	PA14_63280	0.264	8.467	0.2	1	0.18	0.82	1606	1406	1665	1380	1452	1063	1863	1529	1212	1709	1100	1235
PA14_65970	PA14_65970	0.356	4.174	0.2	1	0.15	0.8	94	67	77	68	68	51	109	73	56	84	52	59
PA14_66875	phaF	-0.233	8.343	0.2	1	0.22	0.87	1163	1280	1168	1283	1269	1693	1349	1392	850	1589	960	1966
PA14_68860	gcvH1	-0.24	6.788	0.2	1	0.17	0.81	417	393	411	486	432	523	484	428	299	602	327	607
PA14_69420	hemY	0.254	7.701	0.2	1	0.21	0.85	1010	768	959	748	901	647	1171	836	698	927	683	752
PA14_69560	hcpB	-0.427	3.298	0.2	1	0.092	0.73	34	32	32	39	45	47	39	35	23	49	34	55
PA14_71000	PA14_71000	0.336	4.899	0.2	1	0.098	0.74	126	132	141	113	116	88	146	144	103	140	88	102
PA14_71990	gmd	0.428	8.756	0.2	1	0.12	0.77	1615	2086	2307	1486	2119	863	1874	2269	1680	1841	1606	1003
PA14_72420	PA14_72420	0.283	7.056	0.2	1	0.11	0.76	599	528	637	491	524	435	695	574	464	608	397	505
EBG00001225098	tRNA	-1.672	0.203	0.21	1	0.11	0.75	0	3	0	4	3	3	0	3	0	5	2	4
PA14_01470	PA14_01470	0.303	5.61	0.21	1	0.15	0.8	204	199	247	189	205	133	237	217	180	234	156	155
PA14_01770	PA14_01770	-0.297	4.758	0.21	1	0.19	0.83	88	105	95	101	104	149	102	114	69	125	78	172
PA14_04180	PA14_04180	-0.943	5.704	0.21	1	0.0074	0.34	160	155	111	195	143	480	185	168	80	243	107	555
PA14_05740	pydA	0.784	1.601	0.21	1	0.13	0.78	20	6	15	5	8	11	23	7	11	6	6	13
PA14_06670	nirJ	-0.724	1.681	0.21	1	0.098	0.74	10	8	6	10	13	17	11	9	4	13	10	19
PA14_06930	PA14_06930	0.405	5.042	0.21	1	0.18	0.82	153	152	143	149	138	52	178	165	104	183	105	62
PA14_07330	PA14_07330	-0.229	7.021	0.21	1	0.25	0.88	458	539	446	563	450	676	531	586	324	697	340	785
PA14_07770	ostA	-0.229	9.498	0.21	1	0.25	0.88	2419	3155	2494	2973	2848	3634	2806	3431	1815	3683	2156	4220
PA14_10730	PA14_10730	-0.218	7.589	0.21	1	0.28	0.89	645	748	758	735	730	1036	749	814	552	911	552	1203
PA14_11980	PA14_11980	-0.26	5.519	0.21	1	0.22	0.87	177	151	174	172	174	254	205	164	127	214	131	294
PA14_13170	PA14_13170	0.444	5.269	0.21	1	0.14	0.79	231	164	136	167	152	71	267	178	98	206	116	83
PA14_13370	PA14_13370	0.565	2.249	0.21	1	0.15	0.8	28	18	17	9	15	19	32	20	12	12	11	22
PA14_14770	hscB	0.253	8.649	0.21	1	0.23	0.87	1784	1584	1920	1612	1728	1098	2070	1723	1398	1996	1309	1276
PA14_15570	PA14_15570	-0.258	8.056	0.21	1	0.22	0.87	859	968	1108	968	1057	1483	997	1053	807	1200	800	1722
PA14_16500	wspR	0.32	6.28	0.21	1	0.15	0.8	297	344	399	279	355	199	345	374	291	346	270	232
PA14_16530	lysS	0.31	5.532	0.21	1	0.14	0.79	159	224	232	153	191	151	185	243	169	190	145	176
PA14_18050	PA14_18050	0.262	6.798	0.21	1	0.19	0.83	523	446	495	457	463	302	607	485	360	565	351	352
PA14_19090	dcd	-0.232	6.937	0.21	1	0.21	0.85	405	487	470	481	496	622	470	530	342	596	375	722
PA14_22100	PA14_22100	-0.318	4.692	0.21	1	0.11	0.76	86	97	92	112	123	108	100	105	67	139	93	126
PA14_23160	gltS	0.591	2.249	0.21	1	0.1	0.74	27	16	21	19	13	10	31	18	15	23	10	12
PA14_24420	PA14_24420	0.321	4.603	0.21	1	0.17	0.82	138	89	93	85	85	87	159	97	67	105	64	101
PA14_26480	cobL	-0.297	4.839	0.21	1	0.21	0.85	120	101	85	139	92	144	139	110	61	172	69	167
PA14_27770	yadG	-0.242	6.069	0.21	1	0.22	0.87	241	261	237	279	235	359	280	284	172	346	177	416
PA14_33460	PA14_33460	-0.619	4.74	0.21	1	0.036	0.61	94	92	62	100	88	193	109	100	44	124	66	223
PA14_35380	ptxR	-0.62	4.691	0.21	1	0.051	0.66	68	75	98	83	90	198	79	82	72	104	67	228
PA14_35550	pslO	-0.395	3.621	0.21	1	0.088	0.73	48	39	36	55	55	54	56	43	26	68	42	63
PA14_38480	gnyA	0.316	5.022	0.21	1	0.14	0.79	173	117	139	124	115	106	200	127	101	153	87	123
PA14_38560	pcaK	0.367	3.924	0.21	1	0.16	0.8	87	56	56	49	49	56	100	61	40	61	37	65
PA14_42230	bglX	-0.224	6.344	0.21	1	0.24	0.88	268	297	340	327	315	413	311	323	248	405	238	479
PA14_44311	PA14_44311	-0.22	7.471	0.21	1	0.25	0.88	588	689	705	699	710	898	682	749	513	866	537	1042
PA14_46030	PA14_46030	-0.326	4.015	0.21	1	0.22	0.87	64	42	64	61	61	90	74	46	47	76	46	104
PA14_48850	PA14_48850	-0.34	4.276	0.21	1	0.11	0.75	65	70	69	86	96	76	75	76	50	106	73	89
PA14_50790	yeaG	0.314	5.43	0.21	1	0.1	0.74	186	198	191	180	151	131	216	215	139	222	114	153
PA14_51050	pcd	0.334	3.943	0.21	1	0.22	0.87	73	66	60	44	71	45	85	72	43	55	55	52
PA14_52630	aruE	0.252	6.951	0.21	1	0.18	0.83	517	529	577	423	551	391	600	575	420	524	418	454
PA14_53120	PA14_53120	0.252	7.46	0.21	1	0.17	0.81	827	730	756	665	706	573	959	794	550	823	535	666
PA14_56600	PA14_56600	0.282	6.751	0.21	1	0.11	0.75	530	423	473	422	379	370	614	460	344	523	287	430
PA14_59560	PA14_59560	-0.434	3.393	0.21	1	0.13	0.79	26	42	36	39	61	39	30	45	26	49	47	46
PA14_59850	PA14_59850	-0.388	3.554	0.21	1	0.14	0.79	33	41	46	44	62	52	38	45	34	55	47	60
PA14_61260	PA14_61260	-0.747	4.961	0.21	1	0.022	0.54	87	117	71	111	101	251	101	127	51	138	75	290
PA14_66060	rfaE	0.271	6.906	0.21	1	0.17	0.81	583	516	486	532	432	349	676	561	353	658	327	406
PA14_68230	PA14_68230	0.268	6.528	0.21	1	0.17	0.81	435	441	339	398	328	284	504	479	246	492	248	330
PA14_68250	PA14_68250	0.312	5.045	0.21	1	0.12	0.77	165	137	136	128	120	106	191	149	99	158	91	123
PA14_69000	pepP	0.287	7.989	0.21	1	0.2	0.84	1104	1033	1242	992	1144	635	1281	1124	904	1228	867	738
PA14_69510	PA14_69510	-0.288	7.847	0.21	1	0.18	0.83	734	825	949	799	953	1309	852	897	691	990	721	1520
PA14_73230	atpC	-0.233	6.735	0.21	1	0.23	0.87	333	440	408	411	426	551	387	478	297	509	322	639
EBG00001225037	tRNA	-0.327	4.037	0.22	1	0.23	0.87	38	63	70	61	80	73	45	68	52	76	61	85
PA14_00960	PA14_00960	0.856	1.159	0.22	1	0.083	0.73	8	9	13	5	5	6	9	10	10	6	4	7
PA14_01490	PA14_01490	0.21	9.454	0.22	1	0.3	0.9	3116	3214	2782	2661	3106	2114	3615	3495	2024	3296	2352	2456
PA14_02770	pcaJ	0.418	4.413	0.22	1	0.2	0.84	97	97	96	96	90	32	113	106	70	118	69	38
PA14_06940	PA14_06940	-0.313	4.97	0.22	1	0.2	0.84	97	111	127	112	120	184	113	121	93	139	90	213
PA14_08110	PA14_08110	-0.317	5.261	0.22	1	0.1	0.74	148	135	125	167	197	148	172	147	91	207	150	172
PA14_08930	rpmC	-0.528	2.445	0.22	1	0.21	0.85	12	17	20	22	14	33	14	18	15	27	10	38
PA14_10540	fixG	-0.268	5.713	0.22	1	0.13	0.79	187	189	194	234	234	219	217	206	141	290	177	254
PA14_11330	PA14_11330	0.308	4.996	0.22	1	0.17	0.81	161	118	144	130	123	89	187	128	105	161	93	104
PA14_11370	PA14_11370	-0.69	2.243	0.22	1	0.1	0.74	18	11	9	17	14	31	21	12	6	21	10	36
PA14_13190	PA14_13190	0.291	5.552	0.22	1	0.1	0.74	212	201	205	166	174	165	246	219	149	206	132	192
PA14_13850	moaA1	0.686	1.82	0.22	1	0.099	0.74	15	12	19	9	10	9	17	13	14	11	8	10
PA14_16380	PA14_16380	-0.413	3.285	0.22	1	0.1	0.74	35	33	29	40	46	44	40	36	21	50	35	51
PA14_16450	wspC	0.284	5.354	0.22	1	0.16	0.8	186	183	167	161	162	118	216	199	121	199	123	138
PA14_17580	PA14_17580	0.258	8.343	0.22	1	0.2	0.85	1326	1372	1582	1283	1372	924	1538	1492	1152	1589	1039	1074
PA14_18510	algE	-0.849	1.087	0.22	1	0.13	0.78	4	7	3	8	7	12	5	8	2	10	5	14
PA14_18740	argG	-0.259	6.366	0.22	1	0.18	0.82	324	301	278	308	329	444	376	327	202	382	249	515
PA14_20010	hasR	0.315	4.708	0.22	1	0.12	0.77	123	109	110	90	98	89	143	119	80	111	74	104
PA14_20800	PA14_20800	-0.254	6.596	0.22	1	0.17	0.82	296	385	384	387	475	409	344	419	280	480	360	475
PA14_20970	cyp23	0.381	4.499	0.22	1	0.088	0.73	101	81	123	84	69	78	117	88	90	104	52	91
PA14_21120	PA14_21120	0.391	3.24	0.22	1	0.2	0.85	50	40	31	30	39	26	58	44	22	37	30	30
PA14_23250	PA14_23250	0.29	5.195	0.22	1	0.14	0.79	152	174	154	127	147	120	177	189	112	157	112	140
PA14_23810	PA14_23810	-0.359	5.508	0.22	1	0.14	0.79	134	154	190	158	174	280	156	167	139	196	131	324
PA14_26050	PA14_26050	-0.21	7.613	0.22	1	0.27	0.89	746	737	713	927	683	928	865	802	519	1148	516	1078
PA14_28210	PA14_28210	0.364	4	0.22	1	0.11	0.75	66	82	65	56	54	56	77	89	47	69	41	65
PA14_28580	PA14_28580	-0.236	5.568	0.22	1	0.24	0.87	147	168	208	204	197	212	171	183	152	253	149	246
PA14_28870	PA14_28870	0.345	4.484	0.22	1	0.11	0.76	104	100	95	72	68	95	120	109	69	89	51	110
PA14_29110	cysK	0.261	7.047	0.22	1	0.15	0.8	635	575	530	542	482	428	736	625	385	671	365	497
PA14_29350	pfeA	-0.414	4.789	0.22	1	0.11	0.76	80	98	103	90	108	176	93	107	75	112	81	204
PA14_32930	PA14_32930	0.286	6.571	0.22	1	0.2	0.84	426	443	392	434	371	231	494	482	285	536	281	269
PA14_32950	PA14_32950	0.309	4.556	0.22	1	0.18	0.83	112	108	90	95	93	63	130	117	65	117	71	74
PA14_33890	aldG	-0.302	5.795	0.22	1	0.14	0.79	177	240	181	246	290	204	206	261	131	305	220	237
PA14_35080	arsH	-0.709	1.93	0.22	1	0.19	0.83	5	9	16	15	9	24	6	10	12	19	6	27
PA14_35460	PA14_35460	-0.346	4.049	0.22	1	0.15	0.8	70	52	47	75	60	81	81	57	34	93	45	94
PA14_37710	fusA2	0.238	7.866	0.22	1	0.25	0.88	888	1106	1059	852	1053	686	1030	1203	771	1055	798	797
PA14_39350	rbsB	-0.393	7.548	0.22	1	0.1	0.74	538	691	726	618	763	1186	624	751	529	766	577	1376
PA14_41830	thrH	-0.349	5.637	0.22	1	0.14	0.79	152	167	205	156	222	290	177	182	150	194	168	336
PA14_42310	pscF	-1.35	0.403	0.22	1	0.079	0.73	2	2	1	3	6	4	2	2	1	4	5	5
PA14_43550	PA14_43550	0.272	5.747	0.22	1	0.21	0.86	261	231	215	238	208	140	303	251	156	294	158	163
PA14_43950	sucC	-0.238	8.782	0.22	1	0.21	0.85	1487	1821	1583	1706	1921	2141	1725	1980	1152	2114	1454	2487
PA14_44070	gltA	-0.533	9.175	0.22	1	0.044	0.64	2091	2007	1621	2204	1934	4137	2425	2183	1179	2731	1463	4804
PA14_44400	ccoP	-0.242	7.508	0.22	1	0.2	0.84	567	762	686	810	839	735	658	829	499	1003	635	854
PA14_45480	PA14_45480	0.373	5.249	0.22	1	0.14	0.79	200	153	158	179	131	85	232	167	115	221	99	100
PA14_46770	PA14_46770	-0.27	5.195	0.22	1	0.19	0.83	128	141	128	150	135	192	148	153	93	186	102	222
PA14_47750	PA14_47750	0.593	2.259	0.22	1	0.086	0.73	22	18	21	15	11	15	26	20	15	18	8	17
PA14_52060	PA14_52060	-0.32	6.285	0.22	1	0.13	0.79	271	317	248	296	291	456	314	345	180	367	220	529
PA14_52080	PA14_52080	0.325	5.861	0.22	1	0.14	0.79	193	329	254	213	225	181	225	357	185	264	171	211
PA14_52540	PA14_52540	-0.217	7.743	0.22	1	0.27	0.89	650	851	897	842	950	995	755	926	653	1043	719	1156
PA14_53040	PA14_53040	-0.24	8.475	0.22	1	0.22	0.87	1309	1403	1236	1342	1448	1872	1518	1526	899	1663	1096	2174
PA14_53700	PA14_53700	0.428	3.394	0.22	1	0.15	0.8	55	45	38	48	27	26	63	49	27	59	20	31
PA14_55660	recD	0.339	4.401	0.22	1	0.13	0.79	105	84	91	84	76	60	121	91	66	104	58	70
PA14_55900	PA14_55900	0.465	2.899	0.22	1	0.21	0.85	29	30	38	26	33	12	34	33	28	32	26	14
PA14_59220	PA14_59220	-0.284	7.238	0.22	1	0.18	0.82	429	672	543	703	758	543	498	731	395	870	574	631
PA14_64090	aroQ1	-0.253	7.448	0.22	1	0.16	0.8	628	687	612	698	773	826	728	747	445	865	585	959
PA14_64710	PA14_64710	-0.301	4.377	0.22	1	0.18	0.82	68	77	77	85	80	107	79	84	56	106	60	124
PA14_64950	pncA	-0.445	3.555	0.22	1	0.14	0.79	52	26	36	57	63	37	60	29	26	70	48	44
PA14_65090	PA14_65090	-0.346	5.046	0.22	1	0.16	0.81	105	111	133	125	115	202	122	121	97	155	86	234
PA14_65350	mutL	0.264	7.604	0.22	1	0.18	0.82	850	824	893	807	774	557	986	896	650	999	586	648
PA14_66340	PA14_66340	0.324	6.962	0.22	1	0.15	0.8	527	486	661	441	574	323	611	529	482	546	436	376
PA14_70490	PA14_70490	0.274	5.483	0.22	1	0.22	0.87	208	179	199	175	198	112	241	195	145	217	151	131
PA14_72350	PA14_72350	-0.333	4.083	0.22	1	0.17	0.81	44	71	60	69	75	77	52	77	44	86	57	89
PA14_72370	PA14_72370	0.285	11.391	0.22	1	0.23	0.87	13149	14062	8542	10906	11041	7392	15253	15293	6215	13508	8359	8586
EBG00001225136	t44	0.325	4.308	0.23	1	0.15	0.8	94	94	71	75	69	64	109	102	51	93	52	74
EBG00001225165	P34	-0.586	4.254	0.23	1	0.067	0.7	78	58	44	83	54	133	90	63	31	103	40	153
PA14_04410	ptsP	0.229	9.07	0.23	1	0.28	0.89	2349	2219	2458	2102	2407	1486	2725	2414	1789	2604	1823	1727
PA14_06180	fiuI	-0.238	6.623	0.23	1	0.18	0.82	386	318	386	401	421	463	448	346	281	497	319	537
PA14_10260	acoA	0.618	1.938	0.23	1	0.13	0.78	16	18	17	13	13	8	19	20	12	16	10	9
PA14_11030	PA14_11030	0.621	1.787	0.23	1	0.17	0.81	19	16	10	8	12	10	22	17	7	10	9	12
PA14_11140	PA14_11140	0.324	8.109	0.23	1	0.19	0.83	1504	1283	924	1213	1077	675	1744	1395	671	1501	816	785
PA14_11190	styD	0.371	3.688	0.23	1	0.18	0.82	59	48	63	38	57	37	68	52	46	47	44	43
PA14_16390	PA14_16390	0.257	6.887	0.23	1	0.19	0.83	502	473	581	440	514	348	582	515	423	545	390	405
PA14_17000	PA14_17000	-0.942	0.943	0.23	1	0.15	0.8	3	3	5	6	6	10	4	3	4	8	4	11
PA14_17060	rpsB	-0.218	9.878	0.23	1	0.28	0.89	2932	3829	3780	3471	4222	4566	3401	4164	2751	4300	3196	5303
PA14_20980	PA14_20980	0.356	4.277	0.23	1	0.11	0.76	97	80	80	70	52	77	112	87	58	87	39	89
PA14_21460	PA14_21460	-1.331	0.429	0.23	1	0.12	0.77	4	1	0	6	2	5	4	1	0	7	1	6
PA14_22350	yjcG	-0.236	6.905	0.23	1	0.18	0.83	476	387	466	483	515	565	552	421	339	599	390	656
PA14_26850	PA14_26850	0.371	3.99	0.23	1	0.11	0.75	80	67	62	61	43	58	93	73	45	75	32	67
PA14_27850	folE	-0.273	4.724	0.23	1	0.24	0.87	88	105	91	111	89	141	102	114	66	138	67	163
PA14_28320	PA14_28320	-0.333	4.246	0.23	1	0.21	0.85	57	66	75	66	71	112	66	72	55	82	53	129
PA14_28390	PA14_28390	0.649	1.83	0.23	1	0.14	0.79	14	18	13	5	10	13	16	20	9	7	8	15
PA14_28420	PA14_28420	0.358	4.133	0.23	1	0.092	0.73	77	83	74	65	58	59	89	90	54	80	44	69
PA14_30050	aceA	-0.237	8.15	0.23	1	0.25	0.88	1044	967	1147	1053	1088	1579	1211	1052	835	1305	823	1833
PA14_35530	bkdA1	-1.046	7.296	0.23	1	0.0085	0.35	397	357	480	533	380	1638	461	389	350	662	286	1900
PA14_37100	PA14_37100	0.361	4.155	0.23	1	0.14	0.79	90	59	87	66	66	51	104	64	64	82	50	60
PA14_38170	PA14_38170	-0.551	2.148	0.23	1	0.17	0.82	11	16	11	20	12	23	13	17	8	25	9	26
PA14_38200	ilvG	0.285	6.426	0.23	1	0.11	0.75	408	329	404	335	316	285	473	358	294	415	239	331
PA14_38780	pqqE	0.301	5.288	0.23	1	0.15	0.8	169	147	204	138	164	119	196	160	149	171	125	139
PA14_39530	PA14_39530	0.373	5.043	0.23	1	0.12	0.77	186	104	156	136	112	96	215	114	114	168	85	112
PA14_40160	nuoA	0.377	3.965	0.23	1	0.11	0.75	74	57	77	61	53	45	86	62	56	75	40	53
PA14_41450	PA14_41450	-0.271	6.256	0.23	1	0.14	0.79	290	301	244	302	329	377	336	327	177	375	249	438
PA14_42350	pscC	0.293	4.597	0.23	1	0.19	0.83	124	97	97	84	100	77	143	106	70	104	76	90
PA14_43420	PA14_43420	0.283	6.945	0.23	1	0.1	0.74	521	530	581	487	452	402	605	577	423	603	342	467
PA14_45240	PA14_45240	-0.472	3.273	0.23	1	0.13	0.79	34	36	24	28	47	56	39	39	17	35	36	65
PA14_45430	PA14_45430	0.332	4.525	0.23	1	0.11	0.76	98	108	98	91	78	72	114	117	71	112	59	84
PA14_48150	PA14_48150	-0.286	5.264	0.23	1	0.18	0.83	113	159	141	133	182	189	131	173	103	166	138	219
PA14_48950	PA14_48950	-0.835	1.126	0.23	1	0.16	0.8	3	4	8	7	9	10	4	4	6	9	7	11
PA14_49020	PA14_49020	-0.268	10.566	0.23	1	0.23	0.87	4052	6096	6522	6156	7930	5983	4701	6630	4747	7625	6004	6949
PA14_49130	dctA	-0.342	3.763	0.23	1	0.19	0.83	44	46	49	47	53	75	51	50	36	59	40	87
PA14_49870	PA14_49870	0.382	7.899	0.23	1	0.14	0.79	1078	887	1304	868	1121	520	1251	965	950	1075	850	605
PA14_50850	PA14_50850	-0.396	3.091	0.23	1	0.19	0.83	32	21	33	39	32	41	37	23	24	48	24	47
PA14_52150	lpxO2	0.287	7.715	0.23	1	0.16	0.81	826	822	1145	676	882	732	959	894	834	838	668	850
PA14_52690	aruG	0.251	6.096	0.23	1	0.21	0.85	304	323	266	284	273	195	353	351	193	351	207	227
PA14_55920	PA14_55920	0.311	4.299	0.23	1	0.21	0.85	91	80	88	65	89	57	106	87	64	81	68	66
PA14_56390	PA14_56390	-0.423	7.164	0.23	1	0.085	0.73	516	457	508	545	472	968	598	497	370	676	356	1123
PA14_56590	PA14_56590	0.289	8.171	0.23	1	0.2	0.84	1455	1172	1210	1322	1076	741	1687	1275	880	1637	815	861
PA14_58070	PA14_58070	0.222	7.689	0.23	1	0.28	0.89	850	994	843	809	900	595	986	1081	613	1002	682	692
PA14_59890	PA14_59890	-0.806	1.268	0.23	1	0.1	0.74	4	6	6	9	9	10	5	7	4	11	7	12
PA14_60460	rplU	-0.247	9.143	0.23	1	0.2	0.84	1905	2367	1989	2178	2628	2626	2210	2574	1447	2698	1990	3050
PA14_61080	dctP	-0.298	4.475	0.23	1	0.21	0.86	74	74	87	75	94	120	86	81	64	94	71	139
PA14_62330	phuS	-0.253	6.415	0.23	1	0.15	0.8	341	317	278	378	339	400	395	345	202	468	256	464
PA14_63040	yfjF	0.305	5.356	0.23	1	0.15	0.8	153	181	208	117	162	160	178	197	152	145	123	186
PA14_63270	PA14_63270	0.25	5.704	0.23	1	0.25	0.88	282	186	211	182	220	171	326	203	153	225	167	199
PA14_66250	waaF	0.26	6.205	0.23	1	0.16	0.81	325	317	324	275	311	223	377	345	236	341	236	259
PA14_69100	PA14_69100	-0.248	6.329	0.23	1	0.17	0.82	277	328	281	325	331	397	322	357	204	403	250	461
PA14_70690	glcD	0.324	5.497	0.23	1	0.11	0.75	218	196	190	180	120	180	253	213	138	223	90	209
PA14_71750	PA14_71750	-0.231	6.197	0.23	1	0.2	0.84	282	244	288	310	295	350	327	266	210	384	223	406
PA14_72070	PA14_72070	-0.614	5.849	0.23	1	0.039	0.61	228	191	127	244	172	420	264	208	91	303	129	486
EBG00001225087	tRNA	0.213	8.146	0.24	1	0.3	0.9	1427	1288	965	1174	1079	923	1655	1401	701	1454	817	1072
PA14_01840	PA14_01840	-0.336	3.591	0.24	1	0.25	0.88	50	27	45	57	43	54	58	30	33	70	32	63
PA14_02010	PA14_02010	-0.352	4.459	0.24	1	0.21	0.85	58	76	94	74	85	132	68	83	69	92	64	152
PA14_05480	PA14_05480	-0.244	6.949	0.24	1	0.15	0.8	444	472	451	540	566	512	515	513	328	669	429	595
PA14_06250	PA14_06250	0.351	5.549	0.24	1	0.18	0.82	209	181	240	179	218	97	243	197	175	222	166	114
PA14_08610	PA14_08610	1.479	0.215	0.24	1	0.07	0.71	2	5	5	2	0	2	2	5	4	2	0	2
PA14_09340	fptA	-0.494	10.982	0.24	1	0.058	0.67	6125	6648	7583	9762	13124	5774	7105	7230	5519	12091	9937	6707
PA14_09680	PA14_09680	-0.286	4.778	0.24	1	0.16	0.8	103	93	100	108	119	134	119	101	73	134	90	155
PA14_10400	PA14_10400	-0.967	0.833	0.24	1	0.15	0.8	3	3	5	6	10	4	3	3	4	8	8	5
PA14_11450	nusB	0.292	5.318	0.24	1	0.14	0.79	183	159	184	154	157	118	212	173	134	191	119	138
PA14_12280	cutE	-0.28	4.957	0.24	1	0.25	0.88	117	98	121	133	98	175	136	107	88	165	73	203
PA14_14960	yafV	0.231	8.206	0.24	1	0.27	0.89	1135	1360	1364	1117	1338	835	1317	1479	993	1383	1014	971
PA14_15490	PA14_15490	-0.279	5.659	0.24	1	0.17	0.82	149	217	181	211	254	200	173	236	132	262	193	232
PA14_18200	PA14_18200	0.267	5.157	0.24	1	0.23	0.87	194	137	134	140	138	109	224	149	97	173	105	127
PA14_20130	yeiE	-0.225	5.726	0.24	1	0.26	0.89	185	183	221	204	210	272	215	199	161	253	159	315
PA14_21010	PA14_21010	0.411	3.53	0.24	1	0.099	0.74	55	46	51	46	30	38	64	50	37	56	22	44
PA14_21890	qor	0.251	7.754	0.24	1	0.25	0.88	1027	814	996	880	932	574	1191	886	725	1089	706	667
PA14_23080	pgl	0.478	5.421	0.24	1	0.18	0.82	227	183	190	210	170	51	263	199	138	258	129	61
PA14_24640	pyrD	-0.283	5.132	0.24	1	0.16	0.8	140	122	115	139	146	175	162	133	83	172	110	203
PA14_24850	PA14_24850	-0.264	5.954	0.24	1	0.22	0.87	248	242	185	279	206	326	288	263	134	346	155	378
PA14_24910	moeA2	0.255	6.384	0.24	1	0.15	0.8	420	340	333	315	303	300	487	370	242	390	229	348
PA14_24940	PA14_24940	0.286	4.937	0.24	1	0.2	0.85	166	119	113	124	110	94	192	130	82	153	83	110
PA14_26360	btuC	0.708	1.585	0.24	1	0.14	0.79	13	10	14	5	11	6	15	11	10	7	9	7
PA14_29680	PA14_29680	-0.329	3.833	0.24	1	0.24	0.87	62	36	49	59	50	75	71	39	36	73	37	87
PA14_30140	PA14_30140	0.516	2.246	0.24	1	0.24	0.88	27	18	13	10	17	15	31	20	9	13	13	17
PA14_30800	PA14_30800	0.373	4.391	0.24	1	0.15	0.8	97	88	95	54	58	103	112	96	69	68	43	119
PA14_31920	opmB	0.479	2.979	0.24	1	0.088	0.73	34	28	43	28	23	23	39	31	32	35	17	27
PA14_32190	PA14_32190	0.29	5.617	0.24	1	0.12	0.77	224	200	222	197	176	156	260	218	162	244	133	181
PA14_32540	PA14_32540	0.279	6.811	0.24	1	0.13	0.79	473	446	567	436	443	344	549	485	413	540	336	400
PA14_34680	PA14_34680	0.355	4.023	0.24	1	0.12	0.77	79	65	69	57	51	59	92	71	50	70	38	69
PA14_34700	PA14_34700	0.516	2.469	0.24	1	0.12	0.77	25	20	30	19	22	12	29	22	22	23	17	14
PA14_38660	scoA	-0.262	5.491	0.24	1	0.2	0.85	139	169	184	200	230	160	162	184	134	248	175	186
PA14_39970	phzA2	0.383	7.919	0.24	1	0.14	0.79	791	1322	1200	673	1205	663	918	1438	874	835	914	771
PA14_40570	PA14_40570	0.26	6.505	0.24	1	0.14	0.79	414	394	385	364	345	287	480	428	280	451	261	334
PA14_46120	ilvG	-0.666	1.564	0.24	1	0.15	0.8	10	7	7	16	8	14	11	8	5	19	6	16
PA14_46810	PA14_46810	0.346	4.386	0.24	1	0.19	0.83	121	83	74	89	71	58	140	90	53	110	54	68
PA14_47540	ompP1	0.258	8.003	0.24	1	0.15	0.8	1046	1182	1151	889	941	996	1214	1285	838	1101	712	1157
PA14_48490	PA14_48490	-0.335	3.791	0.24	1	0.17	0.81	47	44	51	53	54	71	55	48	37	66	41	82
PA14_49350	PA14_49350	0.296	4.636	0.24	1	0.19	0.83	111	101	113	88	107	70	129	110	82	109	82	82
PA14_51840	PA14_51840	-0.596	4.186	0.24	1	0.064	0.69	68	67	33	71	59	124	78	73	23	89	44	143
PA14_52180	relA	0.235	9.003	0.24	1	0.25	0.88	1921	2330	2470	1828	2293	1590	2229	2534	1798	2264	1737	1847
PA14_53100	PA14_53100	-1.403	0.262	0.24	1	0.14	0.79	0	2	3	1	3	7	0	2	2	2	2	8
PA14_53650	PA14_53650	-0.452	2.739	0.24	1	0.12	0.77	22	21	21	26	28	34	26	23	15	33	21	39
PA14_55860	PA14_55860	0.622	1.906	0.24	1	0.15	0.79	14	20	13	11	12	8	16	22	9	14	9	9
PA14_59180	PA14_59180	-0.487	4.505	0.24	1	0.1	0.74	61	76	86	65	93	154	71	83	63	82	70	178
PA14_59840	PA14_59840	-0.483	11.513	0.24	1	0.11	0.75	9084	14037	6416	16806	8440	16030	10538	15266	4668	20816	6388	18618
PA14_60240	PA14_60240	-0.449	2.639	0.24	1	0.2	0.84	23	19	17	34	19	28	27	21	12	42	14	32
PA14_61650	pagL	-0.345	10.579	0.24	1	0.14	0.79	6444	4958	4918	6049	5401	9282	7474	5392	3579	7493	4088	10780
PA14_62890	PA14_62890	0.319	5.746	0.24	1	0.15	0.8	207	212	297	164	239	171	241	231	217	204	182	199
PA14_63170	cueR	-0.35	7.909	0.24	1	0.12	0.77	1000	875	680	913	929	1414	1159	952	494	1132	703	1641
PA14_63910	PA14_63910	0.353	4.157	0.24	1	0.22	0.87	69	96	73	69	81	37	80	104	53	85	62	44
PA14_64780	PA14_64780	-0.37	4.119	0.24	1	0.19	0.83	73	50	54	78	51	100	84	55	39	96	38	115
PA14_65760	PA14_65760	0.276	4.609	0.24	1	0.26	0.89	117	103	99	90	111	63	135	112	72	112	85	74
PA14_65820	PA14_65820	0.374	3.82	0.24	1	0.13	0.78	65	51	74	43	53	51	75	56	54	53	40	59
PA14_66560	gltD	0.358	7.542	0.24	1	0.16	0.81	776	784	972	763	832	381	900	853	708	944	631	443
PA14_67280	proW	0.273	5.358	0.24	1	0.17	0.82	201	185	149	159	143	142	233	201	108	197	108	165
PA14_67520	PA14_67520	0.362	5.21	0.24	1	0.1	0.74	138	144	217	119	141	127	161	157	159	148	107	148
PA14_67970	PA14_67970	0.378	3.78	0.24	1	0.14	0.79	66	64	53	62	39	39	76	70	38	76	29	46
PA14_68620	PA14_68620	-0.448	3.972	0.24	1	0.13	0.78	57	42	56	50	59	102	66	46	41	63	44	118
PA14_69950	PA14_69950	0.263	6.626	0.24	1	0.14	0.79	421	453	423	401	376	305	489	493	308	496	285	355
PA14_71720	oadA	0.238	8.896	0.24	1	0.24	0.88	1881	2033	2331	1728	2133	1432	2182	2211	1697	2141	1616	1664
PA14_71880	PA14_71880	0.415	4.955	0.24	1	0.097	0.74	182	117	123	109	74	132	210	127	89	135	55	153
PA14_72560	np20	0.248	8.898	0.24	1	0.18	0.83	2359	1873	2038	1889	1704	1685	2736	2037	1483	2339	1290	1957
PA14_01610	PA14_01610	0.388	3.807	0.25	1	0.14	0.79	56	56	73	57	50	34	65	61	54	70	38	40
PA14_02270	PA14_02270	0.255	6.223	0.25	1	0.17	0.81	303	364	312	294	294	234	352	396	227	364	223	272
PA14_03020	aroE	-0.506	2.174	0.25	1	0.26	0.88	17	5	17	17	16	23	20	6	13	21	12	27
PA14_03770	speB1	-0.5	2.492	0.25	1	0.14	0.79	15	18	19	16	32	27	18	20	14	21	25	31
PA14_06890	PA14_06890	0.235	7.248	0.25	1	0.25	0.88	639	619	730	558	695	438	741	673	532	691	527	509
PA14_07680	prkA	0.223	11.634	0.25	1	0.28	0.89	12288	15968	13216	12755	13037	9747	14254	17366	9618	15798	9870	11322
PA14_09200	ssb	-0.312	6.632	0.25	1	0.14	0.79	394	363	310	383	360	582	457	395	225	475	272	675
PA14_11290	PA14_11290	0.243	6.328	0.25	1	0.22	0.87	350	388	310	340	315	232	406	422	225	420	239	270
PA14_11590	PA14_11590	0.396	3.065	0.25	1	0.2	0.85	43	31	33	22	35	26	50	34	24	28	27	30
PA14_13460	fecI	-0.422	4.354	0.25	1	0.15	0.8	88	55	62	93	58	123	101	60	45	115	43	142
PA14_18070	PA14_18070	0.329	4.991	0.25	1	0.18	0.82	186	100	135	100	119	117	215	109	98	124	90	136
PA14_21030	PA14_21030	-0.218	11.278	0.25	1	0.26	0.89	7990	9661	10173	10056	12129	10177	9269	10507	7404	12456	9183	11821
PA14_21280	PA14_21280	-0.245	5.481	0.25	1	0.2	0.84	178	160	150	204	166	209	206	174	109	252	125	242
PA14_24350	PA14_24350	-0.459	2.58	0.25	1	0.22	0.87	19	20	15	22	18	36	22	22	11	27	13	41
PA14_25060	PA14_25060	-0.236	7.084	0.25	1	0.25	0.88	475	580	450	577	467	728	551	631	327	715	353	845
PA14_25990	PA14_25990	0.269	5.262	0.25	1	0.23	0.87	216	135	152	150	144	125	250	147	110	185	109	145
PA14_27675	PA14_27675	0.314	4.687	0.25	1	0.19	0.83	96	108	139	75	116	85	112	117	102	93	89	99
PA14_27980	yjbN	-0.31	3.744	0.25	1	0.28	0.89	46	51	44	58	41	74	53	55	32	72	30	86
PA14_30770	PA14_30770	-0.644	5.975	0.25	1	0.047	0.64	191	156	241	199	204	516	222	170	176	248	153	598
PA14_33000	gcvP2	0.354	4.014	0.25	1	0.11	0.75	77	67	69	62	48	56	89	73	50	76	36	65
PA14_33130	PA14_33130	0.255	6.563	0.25	1	0.18	0.82	466	391	382	408	344	287	540	425	278	505	260	334
PA14_34460	PA14_34460	-0.365	3.497	0.25	1	0.21	0.85	40	40	36	42	38	69	46	43	26	52	28	79
PA14_35110	arsB	0.715	1.6	0.25	1	0.12	0.77	14	8	16	6	7	10	16	9	12	8	5	11
PA14_40390	modA	-0.212	5.614	0.25	1	0.29	0.9	154	181	212	227	197	207	179	197	155	281	149	240
PA14_41650	estX	0.576	2.131	0.25	1	0.11	0.76	21	17	18	17	10	10	24	19	13	21	7	12
PA14_42410	PA14_42410	1.181	0.751	0.25	1	0.092	0.73	12	3	4	4	3	2	14	3	3	5	2	2
PA14_43940	sucD	-0.235	8.336	0.25	1	0.25	0.88	1237	1246	1109	1278	1166	1783	1435	1355	807	1583	882	2070
PA14_44300	aer	-0.212	8.145	0.25	1	0.25	0.88	911	1108	1155	1192	1310	1174	1057	1205	841	1476	992	1364
PA14_44740	xdhB	0.232	6.431	0.25	1	0.27	0.89	357	382	387	334	400	226	414	415	282	413	304	263
PA14_44850	alc	0.235	9.206	0.25	1	0.28	0.89	2471	2576	2687	2519	2510	1541	2866	2802	1956	3120	1901	1791
PA14_46510	PA14_46510	-0.228	6.93	0.25	1	0.25	0.88	412	469	475	428	494	664	478	510	346	531	374	771
PA14_48460	PA14_48460	0.363	3.931	0.25	1	0.099	0.74	62	71	69	52	49	54	72	77	50	65	37	63
PA14_48760	ycaC	-0.264	5.294	0.25	1	0.23	0.87	139	156	132	150	142	221	161	170	96	186	107	256
PA14_48810	PA14_48810	-0.297	4.177	0.25	1	0.23	0.87	69	64	57	80	59	94	80	70	41	99	44	109
PA14_49470	nrdB	-0.271	6.521	0.25	1	0.21	0.85	261	393	349	330	376	503	303	427	254	409	284	584
PA14_49820	cobB	0.32	4.853	0.25	1	0.19	0.83	167	96	117	112	108	85	193	105	85	139	82	99
PA14_51540	PA14_51540	-0.228	6.846	0.25	1	0.2	0.85	383	458	437	440	501	556	445	498	318	545	379	646
PA14_53210	PA14_53210	-0.445	5.023	0.25	1	0.11	0.75	143	89	97	136	102	209	165	97	70	169	76	242
PA14_53630	PA14_53630	-0.671	1.655	0.25	1	0.11	0.75	10	9	7	8	19	16	11	10	5	10	15	18
PA14_55410	PA14_55410	-0.43	2.832	0.25	1	0.15	0.8	19	25	25	26	32	35	22	27	18	32	24	40
PA14_55500	hxcV	-0.592	2.234	0.25	1	0.17	0.82	16	9	15	12	17	31	18	10	11	15	13	35
PA14_56910	PA14_56910	-0.207	9.967	0.25	1	0.32	0.9	3080	4412	3762	4945	4375	3669	3573	4798	2738	6125	3312	4262
PA14_57260	lpxC	-0.23	10.58	0.25	1	0.22	0.87	5837	6173	5060	6405	6398	7215	6771	6714	3682	7934	4843	8380
PA14_57390	murF	0.229	6.752	0.25	1	0.23	0.87	464	459	479	389	486	322	538	499	349	482	369	375
PA14_57830	PA14_57830	0.299	5.131	0.25	1	0.18	0.83	119	166	181	108	148	122	139	180	132	134	113	142
PA14_58610	PA14_58610	-0.511	7.05	0.25	1	0.056	0.67	484	480	353	525	413	939	561	522	256	651	311	1089
PA14_59670	PA14_59670	-0.922	0.87	0.25	1	0.12	0.77	4	3	5	2	11	10	5	3	4	3	9	12
PA14_59930	PA14_59930	-1.059	0.499	0.25	1	0.097	0.74	2	4	3	6	8	4	2	4	2	7	6	5
PA14_60190	clpB	0.246	7.595	0.25	1	0.21	0.85	752	864	923	748	816	578	873	940	672	926	618	672
PA14_63920	PA14_63920	0.275	5.804	0.25	1	0.23	0.87	240	247	247	252	223	133	278	269	180	311	169	155
PA14_63970	PA14_63970	-0.219	6.64	0.25	1	0.22	0.87	346	410	356	465	386	443	402	446	259	576	292	514
PA14_65000	azu	-0.589	9.497	0.25	1	0.042	0.62	2595	2412	1977	2638	2294	5575	3010	2623	1438	3269	1735	6474
PA14_67420	hutC	0.254	7.018	0.25	1	0.19	0.83	550	549	606	540	525	365	638	597	441	668	398	424
PA14_68280	PA14_68280	-0.322	3.521	0.25	1	0.29	0.9	31	39	51	42	45	62	36	42	38	52	34	72
PA14_68570	PA14_68570	-0.234	5.99	0.25	1	0.24	0.88	248	247	208	273	222	332	287	269	151	338	167	385
PA14_68840	PA14_68840	-0.308	8.15	0.25	1	0.18	0.83	1277	871	920	1320	917	1561	1481	948	669	1635	693	1813
PA14_68955	PA14_68955	0.315	4.963	0.25	1	0.26	0.89	141	144	130	120	152	63	163	157	94	148	116	74
PA14_69480	algZ	0.217	8.948	0.25	1	0.23	0.87	2108	2344	1979	1770	1963	1799	2445	2549	1440	2193	1486	2090
PA14_70280	argB	0.304	6.243	0.25	1	0.2	0.84	278	365	365	242	376	200	323	397	266	300	286	233
PA14_70350	PA14_70350	0.255	6.823	0.25	1	0.15	0.79	491	509	485	461	424	361	570	554	353	570	321	420
PA14_70670	glcF	0.37	3.611	0.25	1	0.15	0.8	61	48	51	49	42	32	70	52	37	60	32	38
PA14_71090	yeiE	-0.455	3.039	0.25	1	0.2	0.84	29	22	30	24	33	53	33	24	22	30	25	61
PA14_71740	accC	0.281	7.686	0.25	1	0.14	0.79	945	763	1024	769	719	759	1096	830	746	952	544	882
PA14_72080	PA14_72080	-0.232	5.825	0.25	1	0.24	0.88	174	246	206	239	226	269	202	267	150	296	171	312
PA14_72760	PA14_72760	-0.233	5.566	0.25	1	0.26	0.89	179	167	175	181	171	259	208	182	127	225	129	300
EBG00001225014	rnk_pseudo	1.113	0.528	0.26	1	0.17	0.81	8	4	3	1	4	3	9	4	2	1	3	3
PA14_04490	PA14_04490	0.283	5.104	0.26	1	0.22	0.87	192	137	121	145	118	107	222	149	87	179	89	125
PA14_05660	PA14_05660	0.203	8.719	0.26	1	0.28	0.89	2003	1816	1637	1469	1713	1561	2323	1975	1191	1820	1297	1813
PA14_07380	PA14_07380	0.321	4.237	0.26	1	0.19	0.83	81	88	80	82	70	48	94	96	58	101	53	56
PA14_08150	gpD	-0.208	7.92	0.26	1	0.25	0.88	939	836	944	1004	1005	1129	1089	909	687	1244	761	1311
PA14_09960	PA14_09960	0.295	5.559	0.26	1	0.16	0.8	204	193	226	210	168	130	237	210	165	259	127	151
PA14_12330	PA14_12330	-0.209	7.5	0.26	1	0.24	0.88	716	655	658	798	707	840	830	712	479	988	535	975
PA14_12350	orf2	-0.225	7.055	0.26	1	0.23	0.87	527	509	443	541	509	679	611	554	322	670	385	788
PA14_12490	PA14_12490	0.369	6.728	0.26	1	0.17	0.82	500	387	556	370	531	216	580	421	405	458	404	252
PA14_13340	PA14_13340	0.354	3.939	0.26	1	0.17	0.82	57	63	83	52	65	42	66	69	61	64	50	49
PA14_16350	PA14_16350	-0.618	4.562	0.26	1	0.069	0.7	66	73	81	85	64	188	77	79	59	106	47	217
PA14_16740	PA14_16740	0.322	4.146	0.26	1	0.19	0.83	91	77	61	71	56	57	105	84	44	88	42	66
PA14_18110	mmsR	-0.353	3.452	0.26	1	0.19	0.83	30	41	40	38	49	55	35	45	29	47	37	64
PA14_18500	algG	-0.775	2.478	0.26	1	0.089	0.73	13	15	16	18	13	44	15	16	12	23	9	50
PA14_18550	alg44	-0.698	1.457	0.26	1	0.19	0.83	7	8	4	12	6	14	8	9	3	15	4	16
PA14_19270	PA14_19270	-0.512	2.297	0.26	1	0.17	0.82	18	13	11	18	17	26	21	14	8	22	13	30
PA14_21940	PA14_21940	-0.297	4.181	0.26	1	0.2	0.84	74	54	63	80	70	84	85	59	46	99	53	97
PA14_29180	PA14_29180	0.334	4.546	0.26	1	0.11	0.76	108	100	100	89	65	89	125	109	73	110	49	103
PA14_29720	PA14_29720	-0.2	6.392	0.26	1	0.32	0.9	240	332	373	334	372	377	279	361	272	414	282	438
PA14_34800	PA14_34800	-0.292	6.24	0.26	1	0.17	0.82	300	259	257	283	273	443	348	282	187	351	206	514
PA14_35340	kguK	0.938	2.815	0.26	1	0.047	0.64	63	23	19	27	14	14	72	25	13	33	10	16
PA14_37610	PA14_37610	0.463	2.772	0.26	1	0.14	0.79	34	24	31	28	21	15	39	26	23	34	16	18
PA14_38570	PA14_38570	-0.233	5.898	0.26	1	0.22	0.87	250	194	216	261	232	283	290	211	157	323	175	328
PA14_38690	acsA	0.259	6.755	0.26	1	0.24	0.87	498	477	444	492	430	264	577	519	323	608	326	308
PA14_38740	PA14_38740	0.254	6.719	0.26	1	0.22	0.87	579	401	401	444	387	327	671	436	291	550	293	380
PA14_39690	nrdD	-0.565	4.567	0.26	1	0.078	0.73	82	60	83	78	77	179	95	65	61	97	57	206
PA14_41710	PA14_41710	-0.215	6.129	0.26	1	0.25	0.88	216	292	272	307	286	311	251	317	198	380	216	361
PA14_41920	aroF-1	-0.219	6.89	0.26	1	0.22	0.87	440	468	417	487	464	590	510	509	303	603	351	685
PA14_42000	PA14_42000	2.013	0.255	0.26	1	0.057	0.67	9	3	0	1	1	1	10	3	0	1	1	1
PA14_43270	ybbB	0.272	5.872	0.26	1	0.14	0.79	261	239	269	232	223	182	303	260	196	287	169	212
PA14_46010	PA14_46010	-0.298	5.126	0.26	1	0.15	0.8	120	137	118	125	184	155	139	149	86	155	140	180
PA14_48610	PA14_48610	0.882	0.852	0.26	1	0.17	0.82	11	4	8	3	5	4	12	5	6	4	4	5
PA14_51500	PA14_51500	-0.319	4.36	0.26	1	0.17	0.81	69	76	70	67	100	103	80	83	51	84	76	119
PA14_51900	proS	-0.227	7.931	0.26	1	0.27	0.89	958	995	768	1011	882	1293	1111	1082	558	1252	667	1501
PA14_55470	hxcY	0.973	0.785	0.26	1	0.19	0.83	10	4	6	6	4	0	11	4	4	7	3	0
PA14_57920	PA14_57920	-0.504	6.63	0.26	1	0.059	0.67	315	338	335	335	338	728	365	368	244	416	255	844
PA14_58420	PA14_58420	-0.234	6.511	0.26	1	0.23	0.87	339	380	292	363	342	484	393	413	212	450	258	562
PA14_58490	dppF	-0.255	4.874	0.26	1	0.23	0.87	114	93	114	122	118	141	132	101	83	151	89	164
PA14_58660	ampE	0.27	6.118	0.26	1	0.18	0.82	334	273	306	307	251	198	387	297	223	380	190	231
PA14_58800	PA14_58800	0.289	4.986	0.26	1	0.14	0.79	131	135	149	104	126	110	152	147	109	129	96	128
PA14_59160	PA14_59160	-0.381	2.939	0.26	1	0.26	0.88	18	26	32	26	31	41	21	28	24	33	23	47
PA14_60070	PA14_60070	-0.186	8.547	0.26	1	0.38	0.93	1081	1483	1671	1399	1588	1832	1255	1613	1217	1733	1202	2127
PA14_61720	PA14_61720	-0.212	7.555	0.26	1	0.24	0.88	721	708	676	789	740	908	836	770	492	978	560	1054
PA14_63700	PA14_63700	0.6	1.854	0.26	1	0.18	0.83	22	10	13	12	11	7	25	11	9	15	8	8
PA14_66700	PA14_66700	0.242	6.999	0.26	1	0.18	0.83	524	563	586	478	534	403	608	612	427	592	405	469
PA14_69640	cyaY	0.238	7.258	0.26	1	0.19	0.83	742	586	672	582	593	522	860	638	489	721	449	606
PA14_72990	PA14_72990	-0.278	4.845	0.26	1	0.2	0.84	105	115	87	117	109	148	122	125	63	145	82	171
EBG00001225051	tRNA	-0.255	5.001	0.27	1	0.29	0.9	88	121	139	107	144	165	103	132	102	133	109	191
PA14_00230	smf	0.509	2.219	0.27	1	0.16	0.81	24	17	19	15	17	12	28	19	14	18	13	14
PA14_00970	PA14_00970	0.402	3.687	0.27	1	0.12	0.76	46	61	64	54	34	40	54	66	47	66	25	47
PA14_01150	PA14_01150	-0.405	5.498	0.27	1	0.13	0.79	173	133	161	185	132	300	200	145	117	229	99	347
PA14_03240	hcpC	-0.948	0.576	0.27	1	0.23	0.87	4	0	5	7	5	5	5	0	4	9	4	6
PA14_04640	PA14_04640	0.354	3.63	0.27	1	0.14	0.79	55	50	56	38	48	40	64	54	41	47	37	47
PA14_04750	fdx1	-0.211	7.193	0.27	1	0.26	0.89	444	610	585	623	668	604	515	663	426	772	506	702
PA14_04790	PA14_04790	0.268	5.105	0.27	1	0.24	0.87	179	139	130	151	123	99	207	151	94	186	93	115
PA14_05870	PA14_05870	0.281	4.461	0.27	1	0.23	0.87	94	96	99	71	99	69	109	104	72	88	76	80
PA14_06400	PA14_06400	-0.576	4.637	0.27	1	0.069	0.7	81	73	82	78	82	192	94	79	60	98	61	221
PA14_06600	PA14_06600	0.207	8.876	0.27	1	0.3	0.9	1921	2083	2095	1732	2115	1436	2228	2265	1525	2145	1602	1669
PA14_06980	PA14_06980	0.332	4.361	0.27	1	0.16	0.81	83	79	109	79	80	56	97	86	80	97	61	66
PA14_08040	gpI	-0.223	6.853	0.27	1	0.18	0.82	430	435	423	515	505	485	499	473	308	638	382	563
PA14_09195	yajR	-0.207	7.524	0.27	1	0.26	0.89	700	599	766	821	837	725	812	652	558	1017	634	842
PA14_12730	PA14_12730	0.612	1.652	0.27	1	0.16	0.81	13	17	11	8	12	8	15	18	8	10	9	9
PA14_15080	PA14_15080	0.298	4.046	0.27	1	0.25	0.88	75	71	70	59	76	43	87	77	51	73	58	50
PA14_15840	PA14_15840	-0.199	7.175	0.27	1	0.26	0.89	521	545	559	602	571	691	604	593	407	746	432	802
PA14_16200	PA14_16200	0.371	3.688	0.27	1	0.11	0.76	53	53	63	46	45	39	62	58	46	57	34	46
PA14_16990	PA14_16990	-0.594	7.41	0.27	1	0.049	0.65	657	434	544	588	542	1339	762	472	396	730	409	1553
PA14_17890	PA14_17890	0.263	4.867	0.27	1	0.22	0.87	138	128	112	111	118	88	160	139	81	137	90	102
PA14_18380	algA	-0.911	3.737	0.27	1	0.03	0.58	33	39	34	35	40	125	38	42	25	45	29	143
PA14_18590	PA14_18590	-0.462	4.034	0.27	1	0.14	0.79	38	65	59	48	65	108	44	70	43	61	49	124
PA14_19700	PA14_19700	0.278	5.038	0.27	1	0.19	0.83	125	156	151	121	138	98	145	170	110	150	105	114
PA14_19860	PA14_19860	0.272	5.282	0.27	1	0.18	0.82	200	152	156	160	131	129	232	165	113	198	99	150
PA14_20100	PA14_20100	-0.333	3.514	0.27	1	0.22	0.87	38	43	35	62	39	45	44	47	25	76	29	52
PA14_20520	PA14_20520	-0.204	7.22	0.27	1	0.28	0.9	443	624	608	635	668	627	514	679	443	786	506	728
PA14_21770	sugE	-0.303	4.533	0.27	1	0.23	0.87	109	61	76	98	84	122	126	67	55	122	63	141
PA14_22160	PA14_22160	-0.548	2.048	0.27	1	0.14	0.79	11	12	12	15	22	15	13	13	9	19	17	18
PA14_22770	PA14_22770	0.266	5.239	0.27	1	0.21	0.85	201	154	136	149	123	137	233	168	98	184	93	159
PA14_23490	PA14_23490	-0.581	2.624	0.27	1	0.11	0.75	19	25	12	23	40	22	22	27	8	29	31	26
PA14_23700	PA14_23700	-0.194	7.69	0.27	1	0.37	0.93	711	636	985	792	826	1048	825	692	718	981	625	1217
PA14_24650	rmf	-0.3	16.2	0.27	1	0.21	0.85	275219	346966	196084	356351	264845	385916	319254	377359	142700	441391	200498	448242
PA14_24870	PA14_24870	-0.577	1.942	0.27	1	0.16	0.81	9	10	12	9	18	20	11	11	9	12	14	23
PA14_25520	PA14_25520	-0.436	3.975	0.27	1	0.15	0.8	66	38	54	54	58	102	76	42	39	67	43	118
PA14_25550	murB	0.267	5.438	0.27	1	0.18	0.83	191	166	210	132	179	161	222	181	153	164	136	187
PA14_25780	ycfH	0.277	5.079	0.27	1	0.17	0.82	149	139	154	129	134	102	173	151	112	159	102	119
PA14_25900	PA14_25900	-0.219	7.148	0.27	1	0.22	0.87	482	558	545	545	637	663	559	607	397	676	482	770
PA14_26670	PA14_26670	0.46	3.096	0.27	1	0.13	0.78	35	40	40	38	16	29	41	44	29	46	11	34
PA14_27100	lipA	-0.338	4.496	0.27	1	0.22	0.87	81	86	68	115	60	121	94	93	49	142	44	140
PA14_27350	PA14_27350	0.271	5.654	0.27	1	0.16	0.8	214	201	245	187	202	158	248	219	179	232	153	184
PA14_27640	rebB2	0.328	3.556	0.27	1	0.26	0.89	62	50	38	43	45	33	72	54	27	53	34	39
PA14_29800	PA14_29800	0.267	5.161	0.27	1	0.15	0.8	159	160	150	126	137	127	184	174	109	156	104	148
PA14_30730	PA14_30730	-0.219	6.653	0.27	1	0.27	0.89	361	371	389	348	410	546	419	404	283	432	310	634
PA14_34100	PA14_34100	0.298	4.679	0.27	1	0.15	0.8	126	104	105	101	85	86	146	113	76	125	64	100
PA14_37440	PA14_37440	0.558	2.089	0.27	1	0.14	0.79	22	16	17	17	10	9	25	17	12	21	7	11
PA14_39480	PA14_39480	-0.189	8.722	0.27	1	0.33	0.91	1384	1725	1669	1644	1694	2108	1606	1876	1215	2037	1282	2448
PA14_42340	pscD	0.49	2.401	0.27	1	0.21	0.85	17	29	22	19	21	9	20	31	16	23	16	11
PA14_44100	PA14_44100	0.273	5.195	0.27	1	0.2	0.84	198	134	146	145	124	126	229	146	106	179	94	147
PA14_44610	recR	0.285	5.393	0.27	1	0.16	0.81	171	164	219	142	172	139	198	178	160	176	131	162
PA14_49720	PA14_49720	-0.52	3.238	0.27	1	0.13	0.78	37	33	16	36	31	58	43	36	11	45	23	67
PA14_50570	PA14_50570	0.226	7.908	0.27	1	0.26	0.89	963	990	1182	848	1086	748	1117	1077	861	1050	823	869
PA14_51490	PA14_51490	-0.239	6.142	0.27	1	0.24	0.87	273	257	249	263	261	394	316	279	181	326	197	457
PA14_52510	PA14_52510	-0.264	5.195	0.27	1	0.21	0.85	122	131	144	168	186	124	142	143	105	208	141	145
PA14_53770	PA14_53770	-0.439	2.52	0.27	1	0.21	0.85	21	17	17	25	18	31	24	19	12	31	13	36
PA14_55880	PA14_55880	0.505	2.394	0.27	1	0.18	0.82	20	26	22	20	17	10	23	28	16	25	13	12
PA14_56450	PA14_56450	0.365	4.526	0.27	1	0.17	0.82	123	69	116	90	88	61	142	75	85	111	67	71
PA14_58300	PA14_58300	0.214	7.533	0.27	1	0.3	0.9	822	741	842	717	839	519	954	806	613	888	636	603
PA14_58560	piuB	-0.246	5.701	0.27	1	0.27	0.89	181	164	226	176	217	283	210	179	165	219	164	328
PA14_59860	PA14_59860	-1.238	0.396	0.27	1	0.12	0.77	1	3	1	1	4	7	1	3	1	2	3	8
PA14_61220	rsmC	0.459	2.93	0.27	1	0.16	0.81	41	21	38	30	20	21	47	23	28	37	15	25
PA14_63110	PA14_63110	-0.482	6.01	0.27	1	0.067	0.7	220	238	186	229	217	454	255	259	135	285	163	526
PA14_64280	PA14_64280	1.565	0.058	0.27	1	0.16	0.81	2	3	5	1	1	1	2	3	4	1	1	1
PA14_64480	osmE	-0.44	9.057	0.27	1	0.087	0.73	2126	1585	1762	1803	1998	3622	2466	1724	1282	2234	1512	4206
PA14_64490	PA14_64490	-0.417	7.955	0.27	1	0.13	0.78	1182	640	747	1140	764	1525	1370	696	543	1412	577	1770
PA14_65500	psd	0.299	4.727	0.27	1	0.16	0.81	131	118	100	105	79	99	152	128	72	130	59	115
PA14_67170	PA14_67170	0.332	4.314	0.27	1	0.17	0.82	109	62	91	72	61	74	126	68	66	89	46	86
PA14_67370	PA14_67370	0.273	5.712	0.27	1	0.27	0.89	257	229	201	227	224	119	298	249	146	281	170	139
PA14_68730	gshA	0.208	7.497	0.27	1	0.32	0.9	762	811	770	711	822	497	884	882	560	881	623	578
PA14_70050	PA14_70050	0.241	6.718	0.27	1	0.19	0.83	436	439	501	386	446	333	506	477	365	478	338	387
PA14_70300	PA14_70300	-0.317	4.034	0.27	1	0.22	0.86	60	58	55	53	70	93	69	63	40	66	53	107
PA14_72900	PA14_72900	-0.201	8.93	0.27	1	0.33	0.91	1477	2203	1817	1873	2037	2408	1714	2396	1322	2320	1542	2796
EBG00001225069	PrrF	-2.305	5.138	0.28	1	0.0016	0.14	34	42	62	42	53	600	40	46	46	54	38	692
EBG00001225110	tRNA	0.596	2.71	0.28	1	0.15	0.8	28	19	41	23	27	9	33	21	31	28	21	11
PA14_02630	mdcL	0.313	4.224	0.28	1	0.15	0.79	86	83	77	65	61	72	100	90	56	81	46	83
PA14_02760	catI	0.278	5.248	0.28	1	0.21	0.85	166	157	176	166	146	98	192	171	128	205	111	115
PA14_05060	PA14_05060	-0.229	7.319	0.28	1	0.26	0.89	611	586	579	595	589	897	709	637	421	737	445	1041
PA14_05400	PA14_05400	0.346	4.019	0.28	1	0.17	0.82	60	70	83	67	60	39	70	76	61	83	46	46
PA14_06640	PA14_06640	0.258	6.214	0.28	1	0.15	0.8	369	281	322	280	250	282	428	306	234	347	189	327
PA14_08130	gpU	-0.199	7.67	0.28	1	0.26	0.89	787	727	780	911	848	875	913	791	568	1128	642	1016
PA14_08720	rplK	-0.209	8.405	0.28	1	0.29	0.9	1229	1487	1091	1442	1282	1676	1426	1617	793	1786	970	1946
PA14_11730	PA14_11730	0.421	3.13	0.28	1	0.14	0.79	37	31	47	33	29	23	43	34	35	41	22	27
PA14_11760	eutC	-0.289	4.135	0.28	1	0.22	0.87	63	71	53	88	64	76	73	77	38	109	48	88
PA14_12150	PA14_12150	0.296	4.245	0.28	1	0.2	0.85	86	73	86	61	81	59	100	80	63	76	62	69
PA14_13290	PA14_13290	0.405	3.025	0.28	1	0.18	0.83	30	38	37	30	32	17	35	41	27	37	25	20
PA14_15870	PA14_15870	0.245	8.311	0.28	1	0.2	0.84	1245	1304	1620	1129	1311	1079	1445	1418	1180	1398	993	1253
PA14_17310	kdsA	-0.19	6.691	0.28	1	0.29	0.9	332	418	416	450	416	461	385	454	303	557	315	535
PA14_17480	rpoS	-0.191	13.01	0.28	1	0.31	0.9	28702	30880	33813	33019	36842	36746	33295	33585	24608	40899	27891	42680
PA14_17490	fdxA	-0.212	6.387	0.28	1	0.25	0.88	304	339	292	345	316	422	353	369	212	427	239	490
PA14_20150	nosL	0.923	0.687	0.28	1	0.12	0.77	8	6	6	4	3	3	9	7	4	5	2	4
PA14_23750	leuC	-0.179	7.754	0.28	1	0.33	0.91	763	762	924	948	897	926	885	829	673	1174	679	1075
PA14_26080	PA14_26080	-0.274	3.948	0.28	1	0.29	0.9	61	44	59	67	51	78	70	48	43	83	38	90
PA14_27160	tesA	-0.208	6.493	0.28	1	0.23	0.87	325	313	370	373	397	393	377	340	270	462	301	456
PA14_27740	PA14_27740	0.286	4.676	0.28	1	0.18	0.82	108	108	117	95	103	76	125	118	85	117	78	89
PA14_27780	yadH	-0.242	5.012	0.28	1	0.23	0.87	120	118	114	132	121	162	139	128	83	164	91	188
PA14_27950	PA14_27950	-0.241	8.245	0.28	1	0.25	0.88	1242	1224	900	1287	1085	1605	1440	1331	654	1594	821	1864
PA14_28240	PA14_28240	-0.277	4.736	0.28	1	0.16	0.81	106	89	90	113	120	114	123	97	65	140	91	132
PA14_29340	PA14_29340	-1.074	0.346	0.28	1	0.17	0.82	4	2	2	2	4	9	4	2	1	3	3	10
PA14_32150	antB	1.078	1.217	0.28	1	0.1	0.74	5	9	17	8	6	0	6	10	13	10	5	0
PA14_35490	lpdV	-0.67	6.1	0.28	1	0.058	0.67	220	167	246	249	167	592	255	182	180	310	125	686
PA14_37200	PA14_37200	-0.26	5.246	0.28	1	0.16	0.81	144	143	124	165	163	167	167	156	90	204	123	194
PA14_38270	PA14_38270	0.204	8.375	0.28	1	0.32	0.91	1630	1427	1243	1468	1282	983	1891	1552	904	1818	971	1142
PA14_38800	pqqC	0.278	5.412	0.28	1	0.19	0.83	171	162	230	148	180	136	199	176	168	183	137	158
PA14_42260	pscK	0.979	0.884	0.28	1	0.17	0.82	12	2	7	3	4	3	14	2	5	4	3	4
PA14_42990	PA14_42990	0.315	3.655	0.28	1	0.26	0.89	60	57	45	33	52	46	69	62	32	42	40	53
PA14_43030	PA14_43030	0.267	4.749	0.28	1	0.21	0.85	116	121	113	99	113	81	135	132	82	122	86	95
PA14_43340	kdpE	0.307	4.167	0.28	1	0.3	0.9	86	80	67	73	81	36	100	87	48	90	62	42
PA14_49050	yohC	0.385	9.266	0.28	1	0.21	0.85	2496	2690	3262	2038	3331	1100	2896	2926	2375	2525	2524	1279
PA14_53950	prpC	-0.214	7.206	0.28	1	0.22	0.87	565	578	508	691	612	612	655	629	369	856	463	711
PA14_55250	PA14_55250	0.367	3.219	0.28	1	0.27	0.89	52	29	39	36	37	21	60	32	28	44	28	25
PA14_55560	pigC	0.368	3.582	0.28	1	0.15	0.8	61	44	51	44	35	41	70	48	37	54	26	48
PA14_56740	iciA	0.35	3.973	0.28	1	0.12	0.77	73	59	74	63	49	48	85	64	54	78	37	56
PA14_58030	fumC1	-0.242	9.366	0.28	1	0.22	0.87	2345	2808	2173	2919	3238	2509	2720	3054	1581	3615	2452	2915
PA14_58910	PA14_58910	-0.308	5.083	0.28	1	0.2	0.85	110	131	120	120	121	205	128	142	87	149	91	237
PA14_59310	pilR2	-0.259	5.078	0.28	1	0.27	0.89	130	116	122	127	118	194	151	126	89	158	89	225
PA14_59970	PA14_59970	-0.196	7.073	0.28	1	0.3	0.9	406	548	564	546	601	591	471	596	411	677	455	686
PA14_61270	PA14_61270	-0.501	7.682	0.28	1	0.093	0.73	549	680	827	672	679	1559	637	740	603	833	513	1809
PA14_62440	yieG	-0.329	4.748	0.28	1	0.19	0.83	109	89	83	108	86	159	126	97	60	134	64	184
PA14_63030	omlA	-0.229	7.212	0.28	1	0.2	0.85	525	612	513	579	654	702	609	665	373	718	495	815
PA14_63320	PA14_63320	0.345	5.395	0.28	1	0.18	0.82	247	178	136	187	147	109	286	194	98	231	111	127
PA14_63380	PA14_63380	-0.427	2.554	0.28	1	0.23	0.87	24	10	22	28	23	23	27	11	16	34	17	27
PA14_64350	ureA	1.046	0.606	0.28	1	0.18	0.82	4	7	4	2	3	3	5	8	3	3	2	3
PA14_65190	yjfH	0.222	6.709	0.28	1	0.27	0.89	450	410	498	376	482	308	522	446	363	466	366	358
PA14_65450	motA	-0.195	6.851	0.28	1	0.28	0.9	409	455	434	472	435	578	475	495	316	585	329	671
PA14_66200	wapQ	0.303	4.848	0.28	1	0.23	0.87	101	168	109	98	125	86	118	182	79	121	95	100
PA14_67450	blc	0.252	6.31	0.28	1	0.24	0.87	289	352	398	248	374	252	336	383	290	308	284	293
PA14_67920	hisH1	0.244	5.927	0.28	1	0.21	0.85	278	265	249	254	235	180	322	288	181	314	178	210
PA14_68770	argE	0.233	7.896	0.28	1	0.21	0.86	1197	902	1013	944	863	841	1388	981	737	1169	653	977
PA14_69470	algR	0.228	9.001	0.28	1	0.21	0.85	2302	2175	2215	2019	1950	1745	2670	2366	1612	2501	1476	2027
PA14_69500	argH	-0.193	6.757	0.28	1	0.33	0.91	437	363	416	418	396	576	507	395	303	518	299	668
PA14_70640	rubA1	-0.228	5.893	0.28	1	0.24	0.88	202	252	205	230	239	303	234	274	149	285	181	351
PA14_71840	PA14_71840	0.226	6.402	0.28	1	0.21	0.85	408	365	326	330	325	286	473	397	237	409	246	333
PA14_73200	PA14_73200	0.235	5.671	0.28	1	0.26	0.89	250	181	229	157	216	189	290	197	167	195	164	220
PA14_01220	PA14_01220	0.279	4.689	0.29	1	0.21	0.85	108	107	125	88	111	81	125	116	91	109	85	94
PA14_01270	PA14_01270	0.372	3.685	0.29	1	0.28	0.9	54	56	59	35	69	27	63	61	43	44	54	32
PA14_02360	atsR	-0.467	3.819	0.29	1	0.16	0.81	49	34	57	40	57	96	57	37	42	50	43	111
PA14_03760	PA14_03760	-0.282	4.028	0.29	1	0.25	0.88	51	68	53	74	57	76	59	74	38	92	43	88
PA14_04010	PA14_04010	-0.212	6.786	0.29	1	0.27	0.89	367	498	368	447	435	545	426	541	267	554	329	633
PA14_06240	PA14_06240	-0.304	3.711	0.29	1	0.26	0.88	55	39	40	62	42	63	64	43	29	76	31	73
PA14_06320	rarD	-0.219	5.796	0.29	1	0.26	0.89	180	229	207	214	230	272	209	249	151	266	174	316
PA14_07250	PA14_07250	0.291	5.211	0.29	1	0.27	0.89	211	148	126	146	162	91	244	161	91	180	123	106
PA14_08120	PA14_08120	-0.194	9.611	0.29	1	0.29	0.9	2846	2804	3187	3334	3595	3179	3302	3050	2320	4130	2722	3693
PA14_08380	PA14_08380	-0.197	5.929	0.29	1	0.31	0.9	201	227	254	235	245	300	234	247	185	292	185	348
PA14_10570	hpcH	0.57	2.037	0.29	1	0.16	0.8	18	15	19	19	10	6	21	16	14	23	7	7
PA14_10750	sotB	-0.376	3.174	0.29	1	0.22	0.87	33	37	18	46	31	38	38	40	12	56	23	44
PA14_12200	holA	-0.32	3.795	0.29	1	0.17	0.81	45	57	40	58	59	61	52	62	29	72	45	71
PA14_12610	cepA	-0.387	3.072	0.29	1	0.16	0.81	34	29	20	39	33	38	39	32	14	48	25	44
PA14_15370	PA14_15370	-0.315	3.433	0.29	1	0.29	0.9	31	47	35	50	36	53	36	51	25	62	27	61
PA14_18370	arnB	-0.502	5.196	0.29	1	0.1	0.74	156	100	106	154	100	259	180	109	77	191	74	300
PA14_19410	PA14_19410	0.195	8.125	0.29	1	0.34	0.91	1128	1260	1217	1062	1272	816	1309	1370	886	1316	964	948
PA14_20920	PA14_20920	0.273	4.83	0.29	1	0.17	0.82	136	122	114	111	101	97	157	133	83	137	76	113
PA14_21610	oprO	-0.209	5.155	0.29	1	0.35	0.92	106	121	169	140	160	156	123	132	124	174	121	181
PA14_22720	PA14_22720	0.504	2.132	0.29	1	0.19	0.83	17	21	19	14	19	8	20	23	14	17	15	10
PA14_22910	edd	0.367	9.048	0.29	1	0.25	0.88	2526	2205	2494	2344	2450	807	2930	2398	1815	2902	1856	939
PA14_23650	ygfF	0.236	5.621	0.29	1	0.25	0.88	208	233	197	199	203	141	241	253	143	246	154	164
PA14_24240	PA14_24240	0.24	5.2	0.29	1	0.26	0.89	160	167	146	142	155	105	186	182	106	176	118	123
PA14_25440	lolD	0.285	4.753	0.29	1	0.19	0.83	140	107	105	108	81	99	162	116	76	133	61	115
PA14_25450	lolE	0.251	5.885	0.29	1	0.24	0.88	209	265	301	175	259	217	243	288	220	218	197	252
PA14_25710	pabC	0.334	5.781	0.29	1	0.16	0.81	308	208	219	258	176	149	357	226	159	318	133	174
PA14_26420	PA14_26420	-0.272	5.36	0.29	1	0.25	0.88	136	151	158	153	140	243	158	164	115	190	105	281
PA14_26580	PA14_26580	-0.614	3.289	0.29	1	0.15	0.8	37	16	34	36	25	73	43	18	25	45	18	84
PA14_27200	PA14_27200	0.243	5.962	0.29	1	0.2	0.84	289	258	264	257	239	190	335	281	192	318	181	221
PA14_27880	PA14_27880	0.385	3.044	0.29	1	0.24	0.87	33	37	37	29	36	17	38	40	27	36	28	20
PA14_30440	PA14_30440	-0.282	6.466	0.29	1	0.22	0.86	365	274	322	368	280	518	423	298	234	456	211	601
PA14_30590	PA14_30590	0.242	7.055	0.29	1	0.16	0.81	600	534	606	503	502	467	696	581	441	623	380	542
PA14_32985	gcvH2	0.372	3.383	0.29	1	0.15	0.8	48	40	47	30	33	41	56	44	34	38	25	47
PA14_37760	PA14_37760	0.201	6.593	0.29	1	0.31	0.9	460	417	366	397	408	279	533	454	266	491	309	325
PA14_40130	PA14_40130	0.258	4.22	0.29	1	0.35	0.92	96	80	61	73	79	49	111	87	44	90	60	57
PA14_42290	pscH	0.885	0.952	0.29	1	0.11	0.75	7	5	11	3	4	4	8	5	8	4	3	5
PA14_42680	PA14_42680	-0.243	5.142	0.29	1	0.29	0.9	119	126	144	118	143	198	138	137	105	147	108	229
PA14_43000	PA14_43000	0.314	3.902	0.29	1	0.19	0.83	64	65	67	47	62	50	74	71	49	59	47	58
PA14_46140	PA14_46140	0.637	1.615	0.29	1	0.17	0.82	11	15	11	9	9	6	13	16	8	11	7	7
PA14_48210	PA14_48210	0.396	3.152	0.29	1	0.13	0.78	39	35	45	29	30	30	45	38	33	36	23	35
PA14_48280	PA14_48280	0.732	2.557	0.29	1	0.11	0.75	38	14	29	28	10	10	43	16	21	34	7	12
PA14_48910	PA14_48910	-0.393	2.794	0.29	1	0.27	0.89	23	23	20	25	21	41	27	25	14	31	15	47
PA14_50310	PA14_50310	0.353	3.687	0.29	1	0.16	0.81	46	62	60	36	42	53	54	67	44	45	32	61
PA14_50550	braF	0.322	3.754	0.29	1	0.22	0.87	51	64	60	45	59	37	59	69	44	56	45	43
PA14_52670	aruD	0.246	5.455	0.29	1	0.29	0.9	191	198	180	198	178	105	222	215	131	244	135	123
PA14_53580	PA14_53580	-0.208	6.134	0.29	1	0.33	0.91	183	312	289	278	325	302	213	339	211	345	246	351
PA14_58100	cafA	0.232	7.912	0.29	1	0.23	0.87	928	1093	1126	943	991	745	1077	1189	820	1168	751	866
PA14_60270	PA14_60270	0.237	6.791	0.29	1	0.18	0.82	461	464	520	402	455	370	535	505	379	498	345	430
PA14_67880	hisF1	0.219	6.006	0.29	1	0.27	0.89	283	259	288	219	292	205	328	282	210	271	222	238
PA14_69940	xpt	-0.271	4.772	0.29	1	0.26	0.88	106	95	92	102	95	156	123	103	67	127	71	181
PA14_70920	PA14_70920	-0.355	6.341	0.29	1	0.14	0.79	280	300	278	292	277	527	325	326	202	362	209	611
PA14_70970	betI	-0.273	4.244	0.29	1	0.23	0.87	63	64	75	67	83	93	73	70	55	84	63	108
PA14_71900	PA14_71900	-0.754	9.656	0.29	1	0.033	0.59	2946	2071	2251	2710	2239	7313	3417	2253	1638	3358	1693	8492
PA14_71960	wzm	0.312	5.415	0.29	1	0.15	0.8	139	192	236	148	169	139	162	209	173	184	128	162
PA14_00170	trkA	0.228	7.163	0.3	1	0.22	0.86	591	622	654	570	585	440	686	676	476	706	443	511
PA14_00280	hemF	-0.25	4.742	0.3	1	0.24	0.88	103	83	105	102	116	127	119	90	77	127	88	147
PA14_01760	nuh	-0.244	5.318	0.3	1	0.22	0.87	163	150	124	161	159	199	189	163	90	200	120	231
PA14_02140	PA14_02140	0.817	0.949	0.3	1	0.15	0.8	9	7	6	2	4	6	10	8	4	3	3	7
PA14_02830	pcaB	0.401	4.422	0.3	1	0.18	0.83	137	69	82	87	83	49	158	75	59	107	63	57
PA14_03530	PA14_03530	-0.357	3.413	0.3	1	0.14	0.79	40	36	31	40	52	46	46	39	22	50	40	53
PA14_05560	rhlE	0.225	6.948	0.3	1	0.28	0.9	510	492	605	423	592	362	592	535	441	524	449	421
PA14_06620	PA14_06620	0.304	4.499	0.3	1	0.14	0.79	100	87	112	84	82	76	116	95	82	104	62	88
PA14_07780	PA14_07780	-0.173	7.001	0.3	1	0.35	0.92	484	427	542	512	504	621	562	465	395	635	381	721
PA14_08280	PA14_08280	-0.188	7.5	0.3	1	0.3	0.9	619	694	732	719	770	840	718	755	533	891	583	975
PA14_08940	rpsQ	-0.259	4.438	0.3	1	0.27	0.89	73	87	72	84	81	113	85	95	52	104	61	131
PA14_09600	ddlA	0.255	6.367	0.3	1	0.25	0.88	382	322	380	365	341	202	443	350	277	451	259	236
PA14_10050	PA14_10050	-0.962	0.444	0.3	1	0.27	0.89	3	1	5	6	6	4	3	1	4	7	5	5
PA14_10230	adh	0.356	3.413	0.3	1	0.18	0.83	46	53	38	35	31	42	53	58	27	43	23	48
PA14_10630	hpcC	0.365	3.412	0.3	1	0.14	0.79	50	42	45	37	33	36	58	46	33	46	25	42
PA14_12020	nadD	0.268	4.842	0.3	1	0.21	0.85	136	109	128	110	113	87	157	119	93	136	86	101
PA14_14040	rhl	-0.204	7.854	0.3	1	0.27	0.89	868	878	853	858	996	1142	1007	955	621	1063	754	1326
PA14_14210	PA14_14210	0.332	4.015	0.3	1	0.14	0.79	74	63	74	55	48	64	86	69	54	68	36	74
PA14_14280	PA14_14280	-0.306	3.888	0.3	1	0.29	0.9	59	44	51	63	42	84	68	48	37	78	31	97
PA14_16300	PA14_16300	0.263	5.778	0.3	1	0.16	0.81	217	261	243	223	197	181	252	284	177	276	149	210
PA14_18790	opmE	0.932	1.394	0.3	1	0.12	0.77	15	3	16	8	7	2	17	3	12	10	5	3
PA14_18830	PA14_18830	0.284	3.939	0.3	1	0.29	0.9	76	63	57	57	65	41	88	69	41	70	50	48
PA14_18950	rnfA	-0.237	5.245	0.3	1	0.3	0.9	123	154	139	148	128	212	143	167	101	184	96	246
PA14_19520	ssuB	0.839	0.983	0.3	1	0.12	0.77	8	5	11	3	4	5	9	5	8	4	3	6
PA14_20690	PA14_20690	0.268	5.676	0.3	1	0.19	0.83	238	187	245	215	188	154	276	204	179	266	142	179
PA14_22220	PA14_22220	-0.374	2.899	0.3	1	0.24	0.87	20	30	23	38	28	27	23	32	17	47	21	32
PA14_22650	PA14_22650	0.254	4.877	0.3	1	0.27	0.89	150	111	119	121	116	83	174	121	86	149	88	97
PA14_23540	act	0.232	6.009	0.3	1	0.23	0.87	283	259	294	250	271	191	328	282	214	310	206	222
PA14_23860	accD	0.207	7.115	0.3	1	0.28	0.89	539	642	615	504	617	435	625	698	448	625	468	506
PA14_27210	efp	-0.323	8.472	0.3	1	0.16	0.81	1319	1445	1052	1275	1359	2139	1530	1571	765	1580	1028	2484
PA14_27800	PA14_27800	0.274	4.527	0.3	1	0.2	0.84	117	88	94	79	83	85	135	96	68	98	63	99
PA14_30560	PA14_30560	0.269	5.221	0.3	1	0.15	0.8	163	152	176	122	137	147	189	165	128	152	104	170
PA14_30970	bphR	-0.322	7.18	0.3	1	0.16	0.81	523	559	472	527	511	905	607	608	343	654	386	1050
PA14_32480	PA14_32480	-0.828	5.463	0.3	1	0.03	0.58	162	127	91	157	109	407	187	138	65	196	81	471
PA14_32740	optS	-0.292	4.049	0.3	1	0.18	0.82	57	57	60	66	75	72	66	62	44	82	57	84
PA14_34290	PA14_34290	-0.598	1.642	0.3	1	0.17	0.81	8	8	8	13	10	14	9	9	6	16	7	16
PA14_35370	ptxS	0.371	5.509	0.3	1	0.25	0.88	220	174	224	157	246	75	255	189	163	194	188	88
PA14_35860	PA14_35860	-0.18	6.415	0.3	1	0.39	0.93	255	348	362	324	323	443	296	378	264	402	244	514
PA14_36910	PA14_36910	0.185	7.409	0.3	1	0.38	0.93	839	685	659	694	745	482	973	745	479	859	565	561
PA14_37770	PA14_37770	0.327	5.452	0.3	1	0.21	0.86	244	209	128	194	158	112	283	227	92	239	120	131
PA14_39020	PA14_39020	-0.334	3.635	0.3	1	0.28	0.9	43	39	48	43	42	77	50	42	35	54	31	89
PA14_39300	rbsR	0.259	5.68	0.3	1	0.28	0.9	231	203	236	200	242	119	268	221	172	248	184	139
PA14_40440	PA14_40440	-0.235	4.551	0.3	1	0.3	0.9	86	86	85	104	80	117	100	93	62	129	60	135
PA14_41260	PA14_41260	-0.341	5.546	0.3	1	0.18	0.82	179	153	160	194	135	294	208	167	116	241	101	340
PA14_42140	PA14_42140	-0.198	6.135	0.3	1	0.33	0.91	319	212	257	339	257	307	370	231	187	420	194	357
PA14_42430	exsC	0.244	5.396	0.3	1	0.23	0.87	198	154	197	133	178	154	229	168	144	165	135	179
PA14_44350	ccoO	-0.32	3.288	0.3	1	0.3	0.9	25	38	39	50	44	32	29	41	29	62	33	38
PA14_44760	PA14_44760	0.254	6.173	0.3	1	0.27	0.89	299	296	350	258	352	183	347	322	255	320	268	213
PA14_47110	yybH	-0.241	5.866	0.3	1	0.23	0.87	229	248	163	261	225	271	265	269	118	323	170	315
PA14_47140	pfuA	0.267	4.751	0.3	1	0.23	0.87	119	104	126	87	115	89	138	113	92	108	88	103
PA14_50330	PA14_50330	0.269	5.569	0.3	1	0.17	0.81	173	210	241	162	186	169	201	228	176	201	141	196
PA14_52340	PA14_52340	-0.393	6.195	0.3	1	0.12	0.77	260	248	256	252	251	499	301	270	186	313	189	578
PA14_55040	PA14_55040	-0.404	3.053	0.3	1	0.15	0.8	29	30	20	35	43	30	34	33	14	43	33	35
PA14_58110	maf	0.235	5.56	0.3	1	0.24	0.88	201	211	202	186	200	136	233	229	147	230	152	159
PA14_59570	PA14_59570	-0.894	0.811	0.3	1	0.18	0.82	4	4	2	4	4	11	5	4	1	5	3	12
PA14_59710	cupD1	-0.292	3.822	0.3	1	0.26	0.89	44	58	48	54	53	76	51	63	35	67	40	88
PA14_63520	PA14_63520	-0.512	3.987	0.3	1	0.12	0.77	71	47	33	65	47	103	82	51	23	81	35	119
PA14_63820	PA14_63820	-0.559	6.305	0.3	1	0.055	0.67	297	260	213	273	253	608	344	283	154	339	190	705
PA14_65250	hisX	0.221	7.531	0.3	1	0.26	0.89	775	737	898	702	801	565	899	802	654	869	607	657
PA14_67400	PA14_67400	0.225	6.228	0.3	1	0.23	0.87	292	373	309	285	307	243	339	405	225	353	233	282
PA14_72020	PA14_72020	0.3	4.346	0.3	1	0.18	0.83	91	91	83	63	63	89	105	99	60	78	47	103
PA14_01550	PA14_01550	0.283	5.032	0.31	1	0.19	0.84	157	123	148	147	107	97	182	134	108	181	81	113
PA14_03720	PA14_03720	-0.284	5.132	0.31	1	0.22	0.87	140	119	118	125	128	206	162	129	86	155	96	239
PA14_04840	PA14_04840	0.258	5.677	0.31	1	0.19	0.83	259	186	225	210	171	179	300	203	164	260	129	208
PA14_05030	PA14_05030	-0.318	3.509	0.31	1	0.26	0.89	41	40	35	41	40	63	47	44	25	51	30	73
PA14_05040	PA14_05040	0.364	3.266	0.31	1	0.15	0.8	45	37	45	31	34	34	52	40	33	38	26	39
PA14_05330	pilH	-0.208	6.41	0.31	1	0.26	0.89	289	338	324	310	372	418	336	368	236	384	282	485
PA14_05750	gltX	0.617	1.717	0.31	1	0.15	0.8	15	12	14	15	6	5	17	13	10	18	4	6
PA14_07910	rpe	-0.255	4.523	0.31	1	0.24	0.88	79	97	73	100	89	109	92	105	53	124	67	126
PA14_08140	XR2	-0.201	5.576	0.31	1	0.29	0.9	184	164	184	209	176	224	213	179	134	259	133	260
PA14_08200	PA14_08200	-0.191	5.488	0.31	1	0.34	0.91	165	165	174	218	157	198	192	179	127	270	118	230
PA14_09660	PA14_09660	-0.199	6	0.31	1	0.33	0.91	227	220	270	221	272	329	264	239	197	274	206	382
PA14_10840	PA14_10840	0.283	4.439	0.31	1	0.2	0.84	104	100	79	86	67	80	120	109	57	106	50	93
PA14_18520	algK	-1.137	0.938	0.31	1	0.11	0.75	4	3	3	3	4	15	5	3	2	4	3	17
PA14_18810	PA14_18810	-0.224	6.335	0.31	1	0.23	0.87	303	270	322	292	394	362	352	294	235	362	299	420
PA14_19380	PA14_19380	-0.498	5.916	0.31	1	0.1	0.74	234	174	191	241	157	448	271	189	139	299	117	519
PA14_19870	ldh	0.206	10.22	0.31	1	0.28	0.9	5508	5373	4601	5045	4250	4131	6389	5844	3348	6248	3217	4798
PA14_22000	rluA	-0.45	2.501	0.31	1	0.17	0.82	16	21	14	18	30	24	19	23	10	23	23	28
PA14_23200	yciK	0.229	6.248	0.31	1	0.29	0.9	295	330	364	293	350	201	342	359	265	363	266	234
PA14_24070	xcpX	0.213	5.673	0.31	1	0.3	0.9	216	223	217	183	233	153	251	243	158	227	177	178
PA14_24190	PA14_24190	0.288	4.223	0.31	1	0.22	0.87	74	90	77	74	72	52	86	98	56	91	55	61
PA14_24300	PA14_24300	0.308	4.418	0.31	1	0.17	0.82	78	98	107	65	73	90	91	107	78	81	55	104
PA14_27560	PA14_27560	-0.218	5.822	0.31	1	0.26	0.89	182	227	218	209	255	265	211	247	159	260	193	308
PA14_28070	PA14_28070	-0.347	3.424	0.31	1	0.18	0.82	34	46	28	43	49	47	39	50	20	53	37	55
PA14_29470	PA14_29470	0.245	6.036	0.31	1	0.18	0.82	294	261	301	262	246	214	341	284	219	324	186	249
PA14_29650	PA14_29650	0.576	1.776	0.31	1	0.21	0.85	15	13	14	12	10	5	17	14	10	15	8	6
PA14_29710	PA14_29710	-0.525	6.439	0.31	1	0.079	0.73	317	281	256	336	231	664	368	306	186	417	173	769
PA14_32280	PA14_32280	0.23	7.174	0.31	1	0.31	0.9	662	628	594	646	616	345	768	683	432	799	467	402
PA14_36540	PA14_36540	-0.299	3.697	0.31	1	0.24	0.88	54	39	42	57	47	62	62	43	30	70	35	72
PA14_36620	PA14_36620	-0.596	2.367	0.31	1	0.19	0.83	29	6	10	26	20	23	33	7	7	32	15	27
PA14_38510	hmgA	-0.203	5.665	0.31	1	0.33	0.91	216	170	179	257	179	213	250	185	130	318	135	247
PA14_40370	PA14_40370	-0.316	7.461	0.31	1	0.22	0.87	607	518	774	677	552	1133	704	564	564	839	417	1315
PA14_41220	lon	0.192	11.663	0.31	1	0.33	0.91	12559	15322	14034	12145	14119	10424	14569	16664	10213	15043	10689	12108
PA14_41690	PA14_41690	-0.308	6.518	0.31	1	0.17	0.82	356	325	307	333	322	567	413	353	223	413	243	658
PA14_46020	PA14_46020	-0.285	4.229	0.31	1	0.22	0.87	56	73	70	72	94	76	65	79	51	90	72	88
PA14_46860	PA14_46860	0.588	1.73	0.31	1	0.23	0.87	18	11	10	6	6	14	21	12	7	8	4	16
PA14_48060	aprA	-0.228	6.168	0.31	1	0.21	0.85	257	262	280	306	360	271	298	285	204	379	273	315
PA14_48420	PA14_48420	-0.144	7.235	0.31	1	0.48	0.94	583	466	683	654	548	710	676	507	498	810	414	824
PA14_50750	PA14_50750	-0.282	3.767	0.31	1	0.3	0.9	48	52	42	61	42	69	56	57	30	76	31	80
PA14_51000	yigN	-0.218	7.306	0.31	1	0.25	0.88	564	565	638	635	818	603	654	615	465	787	620	701
PA14_51830	PA14_51830	-0.505	8.681	0.31	1	0.077	0.73	1609	1372	1125	1501	1283	3044	1866	1492	818	1860	970	3534
PA14_52190	ygcA	0.202	7.744	0.31	1	0.27	0.89	914	996	862	845	858	707	1060	1083	627	1046	650	822
PA14_53290	trxB2	0.349	9.334	0.31	1	0.17	0.82	2367	2793	3600	2609	2818	1453	2746	3038	2621	3231	2134	1689
PA14_53530	PA14_53530	0.305	4.644	0.31	1	0.18	0.82	97	123	110	113	77	76	113	134	80	139	58	89
PA14_53870	PA14_53870	0.768	1.035	0.31	1	0.23	0.87	10	7	6	5	6	2	11	8	4	6	5	3
PA14_54850	PA14_54850	-0.298	5.982	0.31	1	0.2	0.85	174	289	219	210	287	341	202	314	159	261	217	396
PA14_56560	PA14_56560	0.239	5.863	0.31	1	0.21	0.85	240	257	264	228	236	180	278	279	192	282	179	210
PA14_57170	PA14_57170	-0.206	5.797	0.31	1	0.34	0.92	210	224	183	254	173	285	244	244	133	314	130	331
PA14_59100	PA14_59100	-0.293	5.606	0.31	1	0.26	0.89	137	160	229	160	195	288	159	174	168	199	147	334
PA14_62100	PA14_62100	-0.211	5.768	0.31	1	0.25	0.88	183	213	210	227	234	240	212	232	153	281	177	279
PA14_63350	PA14_63350	0.288	4.531	0.31	1	0.18	0.83	97	93	111	67	86	93	113	101	81	84	65	108
PA14_63570	fdnI	0.366	6.574	0.31	1	0.18	0.82	347	417	530	316	485	203	403	454	387	392	369	237
PA14_69300	PA14_69300	-0.197	5.988	0.31	1	0.33	0.91	225	230	257	223	254	337	261	250	187	277	192	391
PA14_72710	PA14_72710	0.417	3.017	0.31	1	0.14	0.79	34	37	34	34	18	26	39	40	25	41	13	30
PA14_00700	PA14_00700	0.653	2.128	0.32	1	0.17	0.81	30	16	9	10	8	17	34	18	6	13	6	19
PA14_01290	coxB	0.216	11.289	0.32	1	0.34	0.91	9220	11713	11644	8646	12142	7269	10696	12739	8474	10710	9193	8443
PA14_02110	PA14_02110	0.418	2.73	0.32	1	0.15	0.8	29	28	28	25	18	20	34	30	20	31	13	23
PA14_04700	PA14_04700	0.193	7.775	0.32	1	0.3	0.9	921	982	922	827	938	707	1068	1068	671	1024	711	822
PA14_05430	chpE	0.558	1.784	0.32	1	0.22	0.87	20	10	11	11	8	9	23	11	8	14	6	10
PA14_05450	PA14_05450	-0.42	2.706	0.32	1	0.18	0.82	30	15	18	27	34	26	34	17	13	33	26	30
PA14_07000	dsbB	-0.223	4.96	0.32	1	0.33	0.91	130	117	96	143	101	155	151	127	69	177	76	180
PA14_08970	rplE	-0.242	7.697	0.32	1	0.27	0.89	742	799	756	761	739	1216	861	869	550	943	559	1411
PA14_13770	narK2	0.613	1.604	0.32	1	0.18	0.82	8	15	15	8	9	7	9	16	11	10	7	8
PA14_19740	PA14_19740	0.271	5.875	0.32	1	0.24	0.88	285	237	252	284	209	148	330	258	183	350	158	173
PA14_20240	PA14_20240	-0.323	4.977	0.32	1	0.22	0.87	134	89	111	123	102	193	155	97	81	153	76	223
PA14_20610	lecB	0.245	8.184	0.32	1	0.28	0.89	1669	1250	895	1140	1013	1064	1935	1359	650	1412	767	1236
PA14_22530	PA14_22530	-0.464	2.057	0.32	1	0.23	0.87	11	12	16	13	18	23	13	13	12	16	14	26
PA14_22860	PA14_22860	0.275	5.467	0.32	1	0.14	0.79	192	180	208	180	144	153	223	196	152	223	109	178
PA14_23340	himD	-0.148	11.588	0.32	1	0.46	0.94	11851	10480	13079	11955	11761	15512	13747	11398	9519	14808	8903	18017
PA14_25195	nagZ	-0.17	6.713	0.32	1	0.37	0.93	414	387	389	472	352	513	480	421	283	584	266	595
PA14_26280	PA14_26280	0.215	8.236	0.32	1	0.32	0.9	1190	1395	1333	1312	1266	797	1381	1517	970	1625	959	926
PA14_31230	PA14_31230	0.494	2.2	0.32	1	0.17	0.82	17	18	23	15	16	10	20	20	17	19	12	12
PA14_33120	PA14_33120	0.233	5.836	0.32	1	0.19	0.83	251	253	239	208	217	208	291	275	174	258	164	242
PA14_34340	mtlZ	-0.743	1.069	0.32	1	0.18	0.83	5	4	5	9	10	5	6	4	4	11	8	6
PA14_34600	gapB	0.264	4.637	0.32	1	0.27	0.89	112	97	112	103	102	63	130	106	82	127	78	74
PA14_42890	stp1	0.586	1.608	0.32	1	0.25	0.88	15	7	15	6	13	6	17	8	11	8	10	7
PA14_44170	PA14_44170	-0.181	10.831	0.32	1	0.34	0.92	5868	7914	6898	7634	7962	7854	6807	8607	5020	9456	6028	9123
PA14_45050	pykF	0.33	3.77	0.32	1	0.14	0.79	62	54	60	50	40	49	72	59	44	62	30	57
PA14_45290	ccmH	0.31	3.532	0.32	1	0.25	0.88	46	58	46	37	50	36	54	63	33	46	38	42
PA14_45460	PA14_45460	-0.212	5.093	0.32	1	0.33	0.91	122	114	141	119	139	178	142	124	103	148	105	206
PA14_45780	fliO	0.489	2.934	0.32	1	0.2	0.85	35	26	41	36	26	10	41	28	30	44	20	12
PA14_46060	gbuR	-0.225	4.239	0.32	1	0.39	0.93	69	68	67	87	54	97	80	74	49	107	40	112
PA14_46640	PA14_46640	-0.273	3.979	0.32	1	0.23	0.87	52	64	54	67	64	73	60	69	39	83	48	85
PA14_49640	PA14_49640	0.263	4.409	0.32	1	0.24	0.87	98	91	84	77	84	68	113	99	61	95	64	79
PA14_49810	PA14_49810	-0.248	5.073	0.32	1	0.21	0.85	115	130	124	126	162	152	134	141	90	156	123	176
PA14_51170	pauA	0.25	5.055	0.32	1	0.23	0.87	142	128	162	112	143	108	165	139	118	139	109	126
PA14_52890	PA14_52890	0.692	1.33	0.32	1	0.16	0.81	7	10	13	5	8	6	8	11	10	6	6	7
PA14_52930	PA14_52930	-0.472	6.458	0.32	1	0.1	0.74	317	243	329	265	309	657	367	264	240	330	233	762
PA14_55760	PA14_55760	-0.317	6.535	0.32	1	0.17	0.81	322	396	274	351	325	561	374	430	199	435	245	651
PA14_56690	feoA	-0.634	5.28	0.32	1	0.074	0.73	135	150	76	159	95	307	156	163	54	197	70	355
PA14_56970	PA14_56970	0.29	4.508	0.32	1	0.23	0.87	93	84	120	61	91	91	108	92	88	76	69	106
PA14_57030	PA14_57030	0.263	4.731	0.32	1	0.2	0.84	124	117	105	108	91	89	144	127	76	133	69	104
PA14_57220	secA	-0.159	10.083	0.32	1	0.41	0.93	3750	4079	4593	4064	4477	5331	4350	4436	3343	5034	3389	6192
PA14_57410	murE	0.211	6.51	0.32	1	0.23	0.87	407	379	394	350	377	294	472	412	287	433	286	342
PA14_57990	PA14_57990	1.531	8.447	0.32	1	0.0083	0.35	687	4971	615	749	846	574	798	5404	445	928	641	667
PA14_63880	PA14_63880	0.342	4.188	0.32	1	0.19	0.83	102	53	85	67	53	68	118	58	62	83	40	79
PA14_64840	PA14_64840	-0.296	4.118	0.32	1	0.3	0.9	72	49	62	77	49	97	83	53	45	95	36	112
PA14_65560	serB	0.209	6.537	0.32	1	0.26	0.89	402	361	438	319	412	308	466	393	319	396	313	358
PA14_67300	proX	0.255	5.087	0.32	1	0.2	0.84	132	160	150	128	132	110	153	174	109	159	100	128
PA14_67720	secB	-0.533	5.755	0.32	1	0.079	0.73	197	203	126	194	167	402	228	221	91	241	125	465
PA14_67750	yigN	-0.27	4.966	0.32	1	0.23	0.87	103	140	93	107	142	158	120	152	67	133	108	183
PA14_72850	PA14_72850	0.285	7.163	0.32	1	0.26	0.89	564	631	708	475	750	337	654	686	516	589	570	392
PA14_00360	PA14_00360	0.35	3.202	0.33	1	0.2	0.84	41	38	40	33	34	26	47	41	29	41	26	30
PA14_00670	PA14_00670	-0.24	5.519	0.33	1	0.29	0.9	188	184	129	209	149	234	218	200	93	259	112	271
PA14_07200	PA14_07200	-0.179	7.461	0.33	1	0.37	0.93	737	633	627	707	632	920	855	688	456	876	478	1068
PA14_08300	JF1	-0.188	9.828	0.33	1	0.3	0.9	3328	3401	3570	3880	4215	3635	3861	3699	2598	4806	3191	4222
PA14_08990	rpsH	-0.183	9.819	0.33	1	0.36	0.92	3010	4026	3212	3519	3745	4367	3492	4378	2337	4359	2835	5072
PA14_11650	PA14_11650	-0.258	3.934	0.33	1	0.29	0.9	54	58	50	70	51	72	63	63	36	87	38	83
PA14_12030	PA14_12030	0.204	6.717	0.33	1	0.29	0.9	375	514	470	361	458	361	435	559	342	448	347	420
PA14_16430	wspA	-0.155	8.625	0.33	1	0.42	0.93	1283	1542	1698	1538	1638	1859	1489	1677	1236	1906	1240	2159
PA14_17370	yedE	-0.217	4.761	0.33	1	0.34	0.91	102	88	108	103	102	140	118	96	79	128	77	162
PA14_18090	PA14_18090	-0.294	3.827	0.33	1	0.24	0.87	38	63	47	58	66	58	45	68	34	72	50	68
PA14_18565	alg8	-0.346	3.005	0.33	1	0.36	0.92	25	23	32	29	23	49	29	25	24	36	17	56
PA14_18720	motY	0.246	5.447	0.33	1	0.18	0.82	181	205	183	160	153	166	210	223	133	198	116	193
PA14_20960	PA14_20960	0.366	3.198	0.33	1	0.16	0.81	39	35	45	29	30	32	45	38	33	36	23	37
PA14_23930	metZ	0.275	7.51	0.33	1	0.27	0.89	712	829	872	746	854	393	826	902	635	924	648	458
PA14_24170	fadH1	0.249	4.233	0.33	1	0.31	0.9	93	74	72	64	80	59	107	81	52	79	61	69
PA14_25000	slt	-0.2	7.177	0.33	1	0.29	0.9	577	591	456	609	545	712	669	643	331	754	412	827
PA14_26920	PA14_26920	0.34	3.023	0.33	1	0.33	0.91	39	38	26	33	31	18	45	41	18	40	24	21
PA14_28350	PA14_28350	-0.203	6.38	0.33	1	0.25	0.88	284	325	323	323	376	373	330	353	235	401	285	433
PA14_28760	PA14_28760	-0.2	5.438	0.33	1	0.36	0.92	128	176	182	150	188	220	149	191	133	186	142	255
PA14_28850	PA14_28850	0.21	7.381	0.33	1	0.29	0.9	591	799	772	626	713	530	686	869	562	776	540	616
PA14_29020	cpo	-0.211	6.232	0.33	1	0.22	0.87	266	293	280	330	348	294	309	319	204	409	264	342
PA14_29510	hplT	0.299	3.65	0.33	1	0.31	0.9	45	55	60	39	60	33	53	60	44	48	46	39
PA14_30020	nuoA	-0.169	9.332	0.33	1	0.37	0.93	2136	2645	2565	2629	2708	2922	2478	2877	1867	3257	2050	3394
PA14_30240	infA	-0.217	8.301	0.33	1	0.31	0.9	1013	1529	985	1330	1253	1518	1175	1663	716	1648	948	1763
PA14_30400	dsrE	-0.504	6.009	0.33	1	0.13	0.78	268	182	188	293	140	471	310	198	136	363	104	546
PA14_31050	PA14_31050	0.22	10.201	0.33	1	0.32	0.9	4313	5543	5489	4864	5072	3240	5003	6028	3995	6024	3840	3764
PA14_36070	PA14_36070	0.277	4.299	0.33	1	0.2	0.84	79	93	81	69	71	69	92	101	59	86	54	80
PA14_36330	hcnA	-0.293	5.9	0.33	1	0.25	0.88	230	226	186	284	159	343	267	246	135	352	119	398
PA14_38140	PA14_38140	-0.199	8.199	0.33	1	0.3	0.9	1047	1310	952	1222	1197	1380	1215	1424	692	1514	906	1603
PA14_40040	PA14_40040	-0.246	5.367	0.33	1	0.22	0.87	140	180	130	187	195	154	163	195	94	231	148	179
PA14_41250	tig	-0.186	9.106	0.33	1	0.36	0.92	2075	2337	1830	2201	2007	2895	2407	2542	1331	2726	1519	3362
PA14_43220	PA14_43220	0.237	5.68	0.33	1	0.21	0.85	199	237	232	191	206	171	231	258	169	236	156	199
PA14_44670	zipA	0.2	9.319	0.33	1	0.36	0.92	2569	2680	3018	2508	2939	1752	2980	2915	2197	3106	2226	2036
PA14_45180	PA14_45180	0.455	2.198	0.33	1	0.28	0.9	25	20	11	18	12	11	29	22	7	22	9	13
PA14_45610	cheZ	0.201	7.757	0.33	1	0.28	0.9	913	965	919	858	886	691	1059	1050	669	1063	671	803
PA14_45720	flhB	0.199	5.493	0.33	1	0.39	0.93	202	187	187	174	213	117	234	203	136	215	162	136
PA14_46820	PA14_46820	0.214	6.668	0.33	1	0.23	0.87	447	417	452	400	410	326	519	454	329	495	311	379
PA14_47390	PA14_47390	-0.221	6.377	0.33	1	0.25	0.88	343	318	261	419	361	298	398	346	189	518	273	346
PA14_48340	PA14_48340	0.394	2.717	0.33	1	0.22	0.87	28	29	28	20	26	20	33	32	20	25	20	23
PA14_52465	PA14_52465	-0.325	3.197	0.33	1	0.27	0.89	31	30	32	31	35	50	36	33	23	39	26	58
PA14_53150	PA14_53150	0.203	6.35	0.33	1	0.28	0.9	348	372	330	324	342	248	404	404	240	401	259	289
PA14_53160	PA14_53160	0.283	4.908	0.33	1	0.16	0.8	137	125	133	121	88	115	159	136	97	149	66	133
PA14_54820	PA14_54820	-0.21	6.297	0.33	1	0.32	0.9	323	303	252	359	248	409	375	329	183	444	187	474
PA14_55140	PA14_55140	-0.575	1.517	0.33	1	0.22	0.87	6	11	7	9	12	16	7	12	5	11	9	18
PA14_55430	hxcS	0.588	1.532	0.33	1	0.21	0.86	15	10	12	10	8	7	17	11	9	12	6	8
PA14_57290	ftsA	0.2	7.521	0.33	1	0.33	0.91	658	863	853	673	823	571	764	938	621	834	624	664
PA14_57980	PA14_57980	-0.211	7.204	0.33	1	0.29	0.9	506	700	445	653	603	656	587	761	323	809	456	762
PA14_59350	pilV2	0.225	6.12	0.33	1	0.23	0.87	270	320	312	268	286	217	313	348	227	332	217	253
PA14_59960	PA14_59960	-0.234	5.059	0.33	1	0.3	0.9	109	132	124	106	149	175	127	144	90	132	113	203
PA14_60390	mviN	-0.199	5.769	0.33	1	0.28	0.89	199	212	199	230	216	255	231	231	145	285	163	296
PA14_62520	PA14_62520	-0.43	3.926	0.33	1	0.17	0.82	58	46	46	58	41	102	67	50	33	72	30	118
PA14_62990	grpE	0.244	5.617	0.33	1	0.23	0.87	228	178	233	147	184	209	264	194	170	183	139	242
PA14_63330	PA14_63330	0.25	4.368	0.33	1	0.34	0.92	93	83	89	83	93	49	108	90	65	102	71	57
PA14_64740	pchA	0.221	6.693	0.33	1	0.25	0.88	442	410	494	420	433	303	513	446	360	520	328	352
PA14_65860	PA14_65860	0.211	6.295	0.33	1	0.24	0.88	364	317	333	309	315	253	422	345	242	382	239	294
PA14_68940	PA14_68940	0.2	8.437	0.33	1	0.37	0.93	1676	1572	1234	1520	1458	927	1944	1710	897	1882	1104	1077
PA14_69070	yhiH	-0.192	6.895	0.33	1	0.3	0.9	411	529	402	526	465	541	477	575	292	652	352	628
PA14_69230	ppk	0.251	9.489	0.33	1	0.31	0.9	2750	3404	3306	2803	3467	1681	3190	3702	2406	3472	2626	1954
PA14_70360	PA14_70360	0.215	8.146	0.33	1	0.35	0.92	1204	1202	1278	1166	1309	699	1397	1307	930	1444	992	813
PA14_71280	PA14_71280	0.469	2.279	0.33	1	0.17	0.82	19	20	22	15	15	15	22	22	16	18	11	17
EBG00001225036	tRNA	1.101	0.52	0.34	1	0.24	0.88	8	6	0	3	3	1	9	6	0	4	2	1
EBG00001225071	tRNA	-1.116	0.321	0.34	1	0.28	0.89	1	0	5	2	6	3	1	0	4	3	5	4
EBG00001225146	6S	1.695	1.921	0.34	1	0.029	0.58	3	14	47	6	11	2	4	15	37	8	9	3
EBG00001225159	P8	-0.976	0.317	0.34	1	0.23	0.87	0	6	2	4	4	6	0	6	1	5	3	7
PA14_05250	pyrC	0.256	4.298	0.34	1	0.28	0.9	101	78	75	76	75	63	117	85	54	94	57	73
PA14_07090	metK	-0.182	6.74	0.34	1	0.31	0.9	381	446	382	446	413	513	442	485	278	552	312	596
PA14_07600	folK	0.243	4.463	0.34	1	0.32	0.9	86	122	76	84	83	74	100	132	55	104	63	86
PA14_08580	PA14_08580	-0.968	0.297	0.34	1	0.22	0.87	1	5	2	6	3	5	1	5	1	7	2	6
PA14_15460	merA	0.207	6.726	0.34	1	0.25	0.88	428	466	472	401	446	338	497	507	344	497	338	393
PA14_15710	PA14_15710	0.353	4.927	0.34	1	0.19	0.83	177	95	136	139	103	78	205	104	99	171	78	91
PA14_15860	PA14_15860	-0.161	8.595	0.34	1	0.38	0.93	1348	1446	1628	1602	1647	1692	1564	1573	1185	1985	1247	1965
PA14_15880	PA14_15880	0.266	3.833	0.34	1	0.37	0.93	74	56	53	61	60	32	86	61	38	75	46	38
PA14_19940	PA14_19940	-0.529	2.123	0.34	1	0.25	0.88	18	9	10	27	10	15	20	10	7	33	7	18
PA14_23380	orfH	-0.171	10.46	0.34	1	0.4	0.93	4254	6390	5408	5648	6085	6343	4935	6949	3936	6996	4607	7367
PA14_23570	PA14_23570	-0.258	8.281	0.34	1	0.29	0.9	854	1113	1463	974	1533	1593	991	1211	1066	1208	1161	1850
PA14_24100	xcpZ	0.285	4.024	0.34	1	0.26	0.88	87	65	56	69	48	53	100	71	40	85	36	62
PA14_28770	PA14_28770	-0.183	8.388	0.34	1	0.33	0.91	1139	1443	1214	1543	1460	1307	1322	1569	883	1911	1105	1518
PA14_29690	PA14_29690	0.334	3.649	0.34	1	0.21	0.85	66	40	56	48	36	44	76	44	41	59	27	51
PA14_32110	xylZ	0.817	0.731	0.34	1	0.14	0.79	6	5	9	6	4	2	7	6	7	7	3	2
PA14_32670	PA14_32670	0.416	2.795	0.34	1	0.21	0.86	33	24	33	32	20	14	38	26	24	39	15	17
PA14_32820	PA14_32820	-0.229	8.517	0.34	1	0.32	0.91	949	1476	1660	1484	1918	1385	1102	1605	1209	1838	1453	1609
PA14_38440	gnyD	-0.122	9.593	0.34	1	0.55	0.96	2470	2715	3771	3157	3181	3409	2866	2953	2746	3911	2408	3959
PA14_38530	fahA	0.227	4.601	0.34	1	0.37	0.93	130	90	90	99	101	66	150	98	65	122	77	77
PA14_40910	PA14_40910	0.249	5.422	0.34	1	0.21	0.86	218	161	179	160	134	174	252	175	130	198	101	202
PA14_41140	PA14_41140	-0.29	3.699	0.34	1	0.23	0.87	44	46	45	44	58	64	51	50	33	55	44	74
PA14_41960	PA14_41960	-0.329	5.312	0.34	1	0.2	0.84	137	161	122	152	124	251	159	175	88	189	93	290
PA14_42200	PA14_42200	0.202	11.682	0.34	1	0.35	0.92	13019	16578	13002	14680	12848	9499	15102	18030	9462	18182	9727	11034
PA14_45790	fliN	0.241	4.873	0.34	1	0.24	0.87	126	128	126	111	121	91	146	139	92	137	92	106
PA14_46370	PA14_46370	-0.171	7.091	0.34	1	0.35	0.92	483	568	498	567	512	664	560	618	362	702	387	771
PA14_46550	PA14_46550	-0.164	7.155	0.34	1	0.44	0.93	387	618	619	552	585	681	450	672	451	684	443	791
PA14_47860	PA14_47860	0.736	2.571	0.34	1	0.13	0.79	47	18	15	25	12	11	54	20	10	30	9	13
PA14_47890	PA14_47890	0.275	5.024	0.34	1	0.17	0.82	156	116	156	125	107	120	181	126	114	155	81	139
PA14_49100	yfcG	-0.32	2.889	0.34	1	0.38	0.93	22	24	27	27	21	43	26	26	20	34	15	49
PA14_50410	flgI	0.278	4.39	0.34	1	0.31	0.9	76	93	104	60	105	60	88	101	76	75	81	70
PA14_52130	PA14_52130	0.181	8.485	0.34	1	0.39	0.93	1337	1844	1430	1419	1557	1094	1551	2005	1040	1757	1179	1271
PA14_53140	PA14_53140	-0.163	10.873	0.34	1	0.46	0.94	5593	7095	8756	6787	7717	9503	6489	7716	6373	8407	5842	11037
PA14_56050	PA14_56050	-0.193	7.009	0.34	1	0.33	0.91	562	462	425	513	478	666	651	503	309	636	361	773
PA14_56720	PA14_56720	0.287	5.988	0.34	1	0.23	0.87	309	223	307	286	251	152	358	243	224	353	190	177
PA14_58350	PA14_58350	-0.196	7.505	0.34	1	0.3	0.9	646	792	611	733	745	868	749	861	444	908	564	1008
PA14_60060	PA14_60060	-0.164	5.869	0.34	1	0.44	0.93	170	243	249	234	226	280	198	264	182	290	171	325
PA14_61760	PA14_61760	-0.182	7.199	0.34	1	0.35	0.92	447	653	565	562	637	690	519	710	411	697	482	801
PA14_63020	fur	-0.191	11.185	0.34	1	0.31	0.9	7925	9804	8629	9746	10757	9578	9193	10663	6280	12072	8144	11125
PA14_64560	PA14_64560	0.493	3.544	0.34	1	0.22	0.87	47	61	52	64	36	14	55	66	38	78	27	17
PA14_65700	PA14_65700	0.215	6.16	0.34	1	0.3	0.9	324	282	317	308	295	193	376	307	231	381	224	225
PA14_66140	PA14_66140	0.238	5.533	0.34	1	0.19	0.84	213	187	203	184	173	154	247	203	148	228	131	179
PA14_66790	hslU	0.281	3.933	0.34	1	0.25	0.88	73	60	62	50	60	52	85	65	45	62	46	60
PA14_67380	PA14_67380	0.373	2.803	0.34	1	0.24	0.88	36	28	23	27	23	19	42	31	16	33	17	22
PA14_68060	PA14_68060	-0.194	7.295	0.34	1	0.3	0.9	531	710	527	680	650	693	616	772	383	842	492	805
PA14_69280	PA14_69280	0.198	6.131	0.34	1	0.31	0.9	326	272	302	261	308	217	378	296	220	323	234	253
PA14_69760	PA14_69760	-0.391	2.499	0.34	1	0.26	0.89	17	15	22	26	24	20	20	16	16	32	18	23
PA14_70590	PA14_70590	-0.167	7.716	0.34	1	0.39	0.93	733	863	798	807	802	1078	851	939	581	1000	607	1252
PA14_73060	cynT	0.216	6.061	0.34	1	0.32	0.9	284	299	279	301	270	172	330	325	203	372	205	200
PA14_73160	PA14_73160	-0.343	3.497	0.34	1	0.29	0.9	51	26	39	46	35	66	59	29	28	57	26	76
PA14_02620	mdcH	0.416	2.351	0.35	1	0.34	0.92	24	23	16	23	17	7	28	25	11	28	13	9
PA14_04520	PA14_04520	0.207	6.063	0.35	1	0.3	0.9	321	248	291	272	278	197	372	270	212	336	211	229
PA14_06070	creC	0.229	4.966	0.35	1	0.28	0.9	132	129	144	110	138	98	153	140	105	137	105	114
PA14_08050	PA14_08050	-0.182	9.748	0.35	1	0.32	0.9	3093	3342	3328	3471	3974	3627	3588	3635	2422	4300	3009	4213
PA14_08500	PA14_08500	0.256	5.938	0.35	1	0.24	0.88	216	266	324	222	276	177	251	289	237	275	210	206
PA14_09000	rplF	-0.164	6.958	0.35	1	0.38	0.93	446	478	492	471	476	637	517	520	358	584	360	739
PA14_09150	katA	0.227	8.478	0.35	1	0.26	0.89	1198	1831	1624	1287	1254	1435	1390	1991	1182	1594	949	1666
PA14_09710	aldH	0.559	1.741	0.35	1	0.16	0.81	11	15	15	11	7	9	13	16	11	14	5	10
PA14_10220	ygiM	-0.38	2.736	0.35	1	0.21	0.85	19	29	18	25	33	29	22	31	13	31	25	34
PA14_10950	PA14_10950	0.551	2.26	0.35	1	0.25	0.88	29	12	21	22	14	6	33	13	15	26	11	7
PA14_13150	PA14_13150	0.202	7.432	0.35	1	0.28	0.89	803	761	670	741	613	588	931	828	487	917	464	683
PA14_18860	PA14_18860	0.219	6.75	0.35	1	0.19	0.83	458	456	482	404	408	386	531	496	351	501	309	449
PA14_21175	PA14_21175	-0.262	3.756	0.35	1	0.31	0.9	42	52	48	50	51	70	49	57	35	62	38	81
PA14_23730	PA14_23730	-0.26	3.795	0.35	1	0.28	0.89	47	48	52	67	56	52	55	52	38	83	42	61
PA14_24440	PA14_24440	0.274	3.958	0.35	1	0.25	0.88	60	79	58	55	58	52	70	86	42	68	44	60
PA14_25590	PA14_25590	0.21	8.069	0.35	1	0.33	0.91	1066	1093	1329	1010	1257	748	1237	1189	968	1251	953	870
PA14_26470	cbiD	0.337	4.475	0.35	1	0.24	0.87	138	76	78	95	79	57	159	83	56	117	60	67
PA14_27170	PA14_27170	0.394	2.504	0.35	1	0.26	0.89	30	26	17	20	17	18	34	28	12	25	13	21
PA14_27960	tal	-0.18	8.679	0.35	1	0.33	0.91	1636	1622	1391	1793	1613	1862	1898	1764	1012	2221	1221	2163
PA14_30900	trbJ	0.949	0.598	0.35	1	0.17	0.81	8	4	3	2	1	4	9	4	2	2	1	5
PA14_31150	PA14_31150	-0.186	6.257	0.35	1	0.33	0.91	232	311	318	295	358	327	270	338	232	366	271	380
PA14_33920	PA14_33920	-0.326	4.97	0.35	1	0.15	0.8	118	121	90	119	181	117	137	132	65	148	138	136
PA14_34270	metN-1	0.681	1.172	0.35	1	0.2	0.85	9	10	7	6	5	5	10	11	5	7	4	6
PA14_34720	PA14_34720	0.251	4.569	0.35	1	0.29	0.9	97	119	91	104	87	68	113	129	66	128	66	79
PA14_36180	PA14_36180	-0.221	4.818	0.35	1	0.27	0.89	103	105	102	134	118	108	119	114	74	166	89	126
PA14_36830	PA14_36830	-0.195	6.469	0.35	1	0.27	0.89	362	318	314	351	362	426	420	346	228	435	274	494
PA14_37090	gbsA	0.29	3.643	0.35	1	0.33	0.91	65	43	51	52	50	29	75	47	37	64	38	34
PA14_37120	PA14_37120	0.203	6.967	0.35	1	0.35	0.92	500	578	537	542	542	320	580	629	391	671	411	373
PA14_39610	PA14_39610	0.216	6.175	0.35	1	0.26	0.88	283	323	332	288	301	218	328	351	242	357	228	254
PA14_39945	phzC2	0.309	4.059	0.35	1	0.29	0.9	94	61	60	75	61	39	109	67	43	92	46	46
PA14_42980	PA14_42980	0.231	5.586	0.35	1	0.27	0.89	189	199	234	191	207	133	219	217	171	236	157	155
PA14_47410	ycgN	-0.312	3.237	0.35	1	0.36	0.92	34	21	44	30	40	52	39	23	33	38	30	60
PA14_49070	PA14_49070	0.217	6.143	0.35	1	0.34	0.91	347	265	302	289	321	177	402	288	220	358	244	206
PA14_52920	PA14_52920	0.26	4.673	0.35	1	0.31	0.9	107	108	115	117	101	57	124	117	84	144	77	67
PA14_53810	PA14_53810	-0.27	4.322	0.35	1	0.21	0.85	78	74	61	78	92	88	90	80	44	97	70	102
PA14_54960	PA14_54960	-0.296	3.424	0.35	1	0.27	0.89	36	40	35	40	39	56	42	43	25	50	29	65
PA14_55330	PA14_55330	1.3	0.109	0.35	1	0.3	0.9	6	3	0	2	1	1	7	3	0	2	1	1
PA14_56040	PA14_56040	-0.179	7.185	0.35	1	0.33	0.91	605	503	540	579	575	711	701	547	393	718	435	825
PA14_56190	PA14_56190	-0.181	7.394	0.35	1	0.32	0.9	654	563	688	660	759	740	759	613	501	818	575	860
PA14_57370	murD	0.192	6.755	0.35	1	0.27	0.89	498	469	421	388	413	415	578	510	306	481	313	482
PA14_58390	PA14_58390	-0.19	11.862	0.35	1	0.3	0.9	14135	14784	13216	15279	16692	16098	16397	16079	9618	18926	12637	18698
PA14_58440	PA14_58440	-0.177	5.013	0.35	1	0.44	0.93	101	130	130	132	109	165	118	141	95	164	82	191
PA14_58750	pilB	-0.154	8.997	0.35	1	0.42	0.93	1701	2065	2092	1995	2112	2410	1973	2246	1523	2471	1599	2799
PA14_60000	PA14_60000	-0.291	6.314	0.35	1	0.22	0.87	282	272	307	249	308	495	327	296	224	310	233	574
PA14_60570	PA14_60570	-0.198	6.261	0.35	1	0.35	0.92	308	285	268	316	250	421	357	310	195	392	188	488
PA14_60780	PA14_60780	-0.33	2.979	0.35	1	0.29	0.9	24	29	25	34	27	37	28	32	18	42	20	43
PA14_62470	sfsA	0.285	3.909	0.35	1	0.24	0.87	79	59	54	57	47	53	91	64	39	71	35	62
PA14_62600	panD	-0.274	3.647	0.35	1	0.29	0.9	39	51	44	45	50	66	45	55	32	56	38	76
PA14_64540	PA14_64540	0.242	5.189	0.35	1	0.28	0.9	135	157	181	142	160	98	157	171	132	176	122	114
PA14_65130	dnaB	-0.164	7.138	0.35	1	0.35	0.92	498	529	578	558	584	655	578	575	421	692	442	760
PA14_68670	PA14_68670	0.22	4.895	0.35	1	0.31	0.9	155	113	112	107	116	104	179	123	81	133	88	121
PA14_70180	rpmG	-0.184	6.565	0.35	1	0.34	0.92	291	444	334	407	382	426	338	483	243	504	289	495
PA14_00940	PA14_00940	0.514	1.829	0.36	1	0.27	0.89	16	11	15	12	12	6	19	12	11	15	9	7
PA14_02720	PA14_02720	0.439	2.308	0.36	1	0.22	0.87	21	16	24	15	17	13	24	18	18	19	13	15
PA14_03870	spuA	0.193	7.129	0.36	1	0.31	0.9	563	571	670	469	628	482	653	621	488	581	476	560
PA14_04830	PA14_04830	0.266	4.698	0.36	1	0.19	0.83	121	104	111	103	80	96	140	113	81	127	60	111
PA14_05520	mexR	-0.261	7.267	0.36	1	0.28	0.89	476	615	600	568	503	955	553	669	437	704	380	1108
PA14_05850	PA14_05850	-0.19	5.977	0.36	1	0.29	0.9	245	241	220	297	253	256	284	262	160	367	191	298
PA14_06330	PA14_06330	0.185	7.362	0.36	1	0.29	0.9	753	693	670	614	656	592	873	754	487	761	497	688
PA14_07050	PA14_07050	0.196	6.398	0.36	1	0.33	0.91	365	353	367	353	361	234	423	384	267	437	274	272
PA14_08520	PA14_08520	0.172	7.53	0.36	1	0.36	0.92	823	812	733	736	780	588	955	883	533	912	591	683
PA14_08810	rpsG	-0.17	8.415	0.36	1	0.37	0.93	1208	1441	1238	1325	1370	1678	1401	1567	901	1642	1037	1949
PA14_08920	rplP	-0.187	6.538	0.36	1	0.32	0.9	297	399	353	339	415	441	345	434	257	421	314	512
PA14_11090	cupB4	-0.804	0.746	0.36	1	0.29	0.9	5	2	3	8	3	6	6	2	2	10	2	7
PA14_12050	PA14_12050	0.314	3.929	0.36	1	0.24	0.87	68	46	85	52	59	48	79	50	63	65	45	56
PA14_13960	PA14_13960	-0.358	2.709	0.36	1	0.25	0.88	17	25	22	29	28	25	20	27	16	36	21	29
PA14_14520	PA14_14520	-0.277	3.613	0.36	1	0.36	0.92	48	34	45	38	47	69	56	37	33	48	35	80
PA14_17340	ispD	-0.186	5.137	0.36	1	0.38	0.93	138	108	149	142	139	167	160	118	109	176	105	194
PA14_19430	PA14_19430	0.245	4.986	0.36	1	0.2	0.85	131	136	145	112	121	114	152	148	106	139	92	133
PA14_21520	PA14_21520	0.233	4.987	0.36	1	0.31	0.9	168	136	106	140	101	107	194	148	76	173	76	125
PA14_22780	yciI	0.278	4.575	0.36	1	0.28	0.9	132	105	71	104	73	77	152	114	51	128	55	90
PA14_26130	morB	0.351	3.19	0.36	1	0.24	0.87	46	35	39	43	26	25	53	38	28	52	19	29
PA14_28790	PA14_28790	-0.166	7.087	0.36	1	0.37	0.93	422	578	548	592	592	552	490	628	399	733	448	641
PA14_29250	PA14_29250	0.389	2.607	0.36	1	0.23	0.87	31	21	24	18	21	19	36	23	17	23	16	22
PA14_29330	PA14_29330	0.229	6.061	0.36	1	0.28	0.89	234	289	345	232	300	209	272	314	252	287	228	243
PA14_30160	mutT	-0.323	2.902	0.36	1	0.39	0.93	13	35	26	36	32	26	16	38	19	44	24	30
PA14_33330	PA14_33330	-0.177	5.178	0.36	1	0.47	0.94	122	131	155	163	106	190	142	143	113	202	79	220
PA14_33430	PA14_33430	-0.347	2.818	0.36	1	0.27	0.89	19	25	26	26	32	31	22	27	19	32	24	36
PA14_34880	PA14_34880	0.246	3.963	0.36	1	0.39	0.93	87	52	58	53	65	49	100	57	42	66	50	57
PA14_37470	PA14_37470	0.888	0.678	0.36	1	0.18	0.82	7	4	6	3	3	3	8	4	4	4	2	3
PA14_41010	PA14_41010	0.193	6.855	0.36	1	0.26	0.89	524	462	506	421	472	412	608	503	368	522	358	479
PA14_41090	mltD	-0.258	5.621	0.36	1	0.28	0.9	182	177	177	189	153	298	211	192	129	234	115	345
PA14_43080	PA14_43080	-0.866	0.931	0.36	1	0.17	0.82	5	4	4	5	3	15	6	4	3	7	2	17
PA14_44320	PA14_44320	0.234	4.517	0.36	1	0.31	0.9	97	101	98	86	101	66	112	110	71	106	77	77
PA14_44980	PA14_44980	-0.277	4.257	0.36	1	0.3	0.9	66	77	58	73	60	111	77	84	42	91	45	128
PA14_45400	PA14_45400	-0.188	6.817	0.36	1	0.38	0.93	435	374	464	432	383	634	505	407	338	535	289	736
PA14_46740	PA14_46740	0.238	4.357	0.36	1	0.32	0.9	95	85	84	73	89	63	110	92	61	91	68	73
PA14_46840	PA14_46840	0.209	6.206	0.36	1	0.29	0.9	367	324	261	322	240	262	425	352	189	398	181	304
PA14_48200	PA14_48200	0.256	4.538	0.36	1	0.22	0.87	108	85	107	81	87	83	125	93	78	101	66	96
PA14_55180	migA	-0.173	7.469	0.36	1	0.39	0.93	514	763	739	676	829	767	597	830	538	838	628	891
PA14_56100	PA14_56100	-0.342	2.946	0.36	1	0.28	0.89	29	23	24	24	29	43	34	25	17	30	22	50
PA14_57020	groES	0.185	7.097	0.36	1	0.33	0.91	533	663	562	535	578	435	618	721	409	662	438	506
PA14_57940	rpoN	0.226	10.199	0.36	1	0.28	0.9	3993	5280	6086	4297	4961	3875	4633	5743	4430	5323	3756	4501
PA14_59660	PA14_59660	-0.66	1.213	0.36	1	0.27	0.89	7	5	4	5	7	13	8	5	3	7	5	15
PA14_59800	PA14_59800	-0.156	7.076	0.36	1	0.46	0.94	391	563	587	498	543	675	454	612	428	617	411	783
PA14_61170	PA14_61170	-0.64	2.268	0.36	1	0.15	0.8	14	16	10	13	13	36	16	17	7	17	9	41
PA14_61910	PA14_61910	-0.244	4.472	0.36	1	0.33	0.91	73	81	89	108	115	65	85	88	65	133	88	76
PA14_63660	PA14_63660	-0.27	5.536	0.36	1	0.26	0.88	202	143	157	176	157	272	234	156	114	219	118	315
PA14_64720	opdK	-0.238	5.246	0.36	1	0.31	0.9	121	143	152	116	161	212	141	155	111	145	122	246
PA14_67320	hutH	0.28	3.631	0.36	1	0.34	0.91	67	37	54	41	51	38	77	40	39	51	39	44
PA14_67500	gloA3	-0.201	6.766	0.36	1	0.34	0.92	460	345	419	407	393	604	533	375	305	505	297	701
PA14_68100	PA14_68100	-0.431	2.112	0.36	1	0.29	0.9	17	8	14	20	14	18	19	9	10	24	10	21
PA14_68140	emrB	-0.287	4.314	0.36	1	0.26	0.89	79	71	61	70	69	118	91	77	44	87	52	136
PA14_69710	sss	0.275	4.27	0.36	1	0.27	0.89	93	79	76	90	62	52	108	86	55	111	47	61
PA14_70580	PA14_70580	-0.211	8.808	0.36	1	0.36	0.92	1748	1408	1871	1707	1500	2612	2028	1532	1362	2115	1135	3033
PA14_72720	dctD	0.208	5.834	0.36	1	0.35	0.92	251	249	234	262	227	147	291	271	170	324	172	171
PA14_01200	PA14_01200	0.267	4.413	0.37	1	0.28	0.89	76	87	113	78	90	62	89	95	83	96	69	72
PA14_01780	PA14_01780	-0.299	5.77	0.37	1	0.27	0.89	253	162	172	254	151	317	293	176	125	315	113	367
PA14_02500	exbB1	0.252	4.929	0.37	1	0.21	0.86	143	121	129	128	96	106	166	132	94	158	72	123
PA14_02980	PA14_02980	0.267	3.567	0.37	1	0.37	0.93	51	58	39	46	48	30	59	63	28	57	37	35
PA14_05230	PA14_05230	-0.207	4.898	0.37	1	0.3	0.9	111	102	117	134	128	118	129	111	85	166	97	137
PA14_06870	dnr	-0.382	3.882	0.37	1	0.23	0.87	39	59	51	45	50	99	46	64	37	57	37	114
PA14_11050	moaF	-0.317	2.837	0.37	1	0.38	0.93	20	29	22	38	23	26	23	31	16	47	17	30
PA14_11240	PA14_11240	0.232	4.971	0.37	1	0.27	0.89	145	128	133	97	111	137	168	139	97	121	84	159
PA14_12900	PA14_12900	-0.254	7.072	0.37	1	0.24	0.88	514	590	375	507	521	737	596	641	272	628	394	855
PA14_13050	PA14_13050	0.314	7.41	0.37	1	0.26	0.89	808	714	756	852	667	313	937	777	550	1054	505	365
PA14_13810	narJ	1.394	-0.341	0.37	1	0.24	0.88	3	2	3	1	0	2	4	2	2	1	0	2
PA14_17070	tsf	-0.185	8.367	0.37	1	0.33	0.91	1139	1427	1171	1240	1452	1559	1322	1552	852	1537	1099	1810
PA14_19160	rarD	0.221	5.845	0.37	1	0.24	0.88	253	238	251	240	218	179	293	259	183	297	165	208
PA14_19640	ydgB	-0.19	5.672	0.37	1	0.35	0.92	211	201	159	229	177	247	245	219	115	284	133	286
PA14_22550	PA14_22550	-0.133	6.479	0.37	1	0.52	0.95	288	323	418	342	333	450	335	351	305	424	252	522
PA14_22560	PA14_22560	0.309	5.043	0.37	1	0.23	0.87	196	130	107	150	101	99	226	142	77	185	76	115
PA14_22820	yciV	-0.177	6.681	0.37	1	0.37	0.93	324	391	447	366	503	444	376	425	326	454	381	516
PA14_24390	PA14_24390	0.353	2.948	0.37	1	0.28	0.9	36	39	24	36	19	22	42	42	17	44	14	26
PA14_25600	sppA	0.18	8.178	0.37	1	0.39	0.93	1106	1225	1393	1037	1368	881	1283	1332	1014	1285	1037	1024
PA14_27190	PA14_27190	-0.414	3.627	0.37	1	0.21	0.85	26	52	48	37	78	52	31	56	35	47	60	61
PA14_28250	PA14_28250	-0.183	6.757	0.37	1	0.29	0.9	364	447	411	429	486	472	422	486	299	532	368	548
PA14_28820	PA14_28820	-0.149	8.257	0.37	1	0.44	0.93	1059	1244	1209	1165	1206	1522	1229	1353	880	1444	913	1767
PA14_29760	PA14_29760	-0.187	5.634	0.37	1	0.39	0.93	198	164	195	173	191	269	230	178	142	215	144	312
PA14_29970	nuoF	0.206	6.94	0.37	1	0.25	0.88	534	479	575	485	494	398	620	521	419	601	374	463
PA14_31960	czrR	-0.163	5.469	0.37	1	0.45	0.94	175	151	177	183	149	229	203	164	129	227	112	265
PA14_33770	PA14_33770	-0.204	4.989	0.37	1	0.3	0.9	115	115	123	127	135	146	134	125	90	157	102	169
PA14_35680	pslF	0.505	2.369	0.37	1	0.31	0.9	35	20	9	14	21	11	40	22	6	18	16	13
PA14_36120	PA14_36120	-0.313	4.777	0.37	1	0.28	0.89	108	87	96	114	73	175	125	95	70	141	54	202
PA14_37260	opdO	0.876	0.635	0.37	1	0.25	0.88	8	6	2	5	2	2	9	6	1	6	1	2
PA14_39780	hvn	0.303	3.849	0.37	1	0.23	0.87	56	75	54	53	37	59	65	81	39	66	27	68
PA14_40150	PA14_40150	0.428	2.324	0.37	1	0.19	0.83	22	21	18	17	11	17	26	23	13	21	8	20
PA14_41520	ppkB	-0.402	2.279	0.37	1	0.3	0.9	19	16	11	18	15	29	22	17	8	22	11	33
PA14_41800	PA14_41800	0.195	7.798	0.37	1	0.3	0.9	922	911	1040	845	936	730	1070	991	757	1047	709	848
PA14_42940	PA14_42940	0.44	2.109	0.37	1	0.28	0.9	21	17	14	10	16	13	24	18	10	13	12	15
PA14_43790	PA14_43790	-0.309	2.828	0.37	1	0.37	0.93	26	20	25	32	19	36	30	22	18	39	14	41
PA14_44000	sucB	-0.165	7.013	0.37	1	0.38	0.93	477	508	485	486	501	659	553	552	353	603	379	765
PA14_44920	PA14_44920	-0.156	7.711	0.37	1	0.41	0.93	715	819	864	792	884	995	830	891	629	982	669	1155
PA14_48000	PA14_48000	-0.373	2.38	0.37	1	0.35	0.92	15	13	21	21	19	23	18	14	16	26	14	27
PA14_48930	PA14_48930	-0.281	3.543	0.37	1	0.29	0.9	45	39	37	43	44	61	52	42	27	53	33	70
PA14_50680	phaG	0.222	5.354	0.37	1	0.27	0.89	176	201	149	172	136	142	204	218	108	213	103	165
PA14_51710	oprL	-0.146	8.087	0.37	1	0.44	0.93	977	1044	1102	1034	1066	1353	1133	1135	802	1281	807	1571
PA14_51950	PA14_51950	-0.219	4.63	0.37	1	0.37	0.93	66	116	89	94	104	117	77	126	65	117	79	136
PA14_53730	PA14_53730	0.197	6.537	0.37	1	0.27	0.89	397	368	431	339	396	309	460	400	314	420	300	359
PA14_55100	PA14_55100	-0.452	4.279	0.37	1	0.19	0.84	60	52	80	52	67	145	70	57	59	65	50	167
PA14_55510	hxcP	0.439	3.341	0.37	1	0.24	0.88	57	56	21	43	27	29	66	61	14	53	20	34
PA14_56510	PA14_56510	0.196	7.338	0.37	1	0.27	0.89	775	643	668	649	592	579	899	699	486	804	448	673
PA14_56750	PA14_56750	-0.889	0.406	0.37	1	0.24	0.88	3	3	2	3	4	8	4	3	1	4	3	9
PA14_57425	ftsI	0.178	7.928	0.37	1	0.36	0.92	954	1060	1113	868	1094	804	1107	1153	810	1075	829	934
PA14_57540	PA14_57540	-0.186	7.729	0.37	1	0.38	0.93	707	1032	662	984	809	938	820	1122	481	1219	612	1089
PA14_63100	PA14_63100	0.246	4.783	0.37	1	0.29	0.9	142	94	120	120	100	79	164	102	87	148	76	92
PA14_66290	aceA	-0.156	8.896	0.37	1	0.39	0.93	1623	1979	1851	2006	2000	2071	1883	2152	1347	2485	1514	2405
PA14_66820	phaC1	-0.186	8.484	0.37	1	0.32	0.9	1478	1387	1191	1491	1463	1661	1714	1509	866	1847	1107	1929
PA14_67350	hutU	0.238	6.581	0.37	1	0.34	0.91	421	375	454	322	506	233	488	408	331	399	385	271
PA14_67940	PA14_67940	-0.582	3.53	0.37	1	0.13	0.79	45	34	28	36	33	92	52	37	20	46	24	105
PA14_69450	hemC	0.181	8.065	0.37	1	0.33	0.91	1198	1170	1076	1131	1047	861	1390	1272	783	1400	793	1000
PA14_70870	PA14_70870	0.704	1.283	0.37	1	0.25	0.88	3	15	11	7	9	2	4	16	8	8	7	3
PA14_71120	PA14_71120	0.735	0.862	0.37	1	0.22	0.87	4	10	8	7	4	2	5	11	6	8	3	3
PA14_72390	kinB	0.169	7.068	0.37	1	0.43	0.93	577	557	580	503	654	370	669	606	422	623	496	430
PA14_72870	PA14_72870	0.184	7.347	0.37	1	0.33	0.91	707	653	732	622	710	510	820	710	533	771	538	593
PA14_04030	PA14_04030	0.285	4.536	0.38	1	0.19	0.84	95	97	111	104	72	71	110	106	81	128	54	83
PA14_04040	PA14_04040	0.215	5.342	0.38	1	0.27	0.89	195	178	149	155	131	164	226	194	108	192	99	190
PA14_04930	rpoH	-0.17	10.906	0.38	1	0.36	0.92	6745	7526	7608	7746	8957	7913	7824	8185	5537	9595	6781	9191
PA14_05580	PA14_05580	-0.229	8.467	0.38	1	0.3	0.9	1470	1453	1020	1461	1232	1927	1705	1580	741	1810	932	2237
PA14_05620	sahH	-0.169	7.898	0.38	1	0.34	0.92	871	884	960	978	1087	987	1011	961	699	1212	823	1146
PA14_06790	nirO	0.43	2.13	0.38	1	0.29	0.9	22	18	13	15	13	12	25	20	9	18	10	14
PA14_06970	PA14_06970	0.236	4.231	0.38	1	0.34	0.92	78	83	78	72	82	50	90	90	57	89	63	58
PA14_07660	PA14_07660	0.172	9.168	0.38	1	0.38	0.93	2453	2721	2206	2468	2236	1848	2846	2959	1605	3057	1693	2147
PA14_08830	tufA	-0.168	8.693	0.38	1	0.37	0.93	1496	1776	1445	1700	1679	1921	1736	1931	1051	2106	1271	2231
PA14_10970	PA14_10970	-0.369	3.765	0.38	1	0.27	0.89	49	42	48	47	39	93	57	46	35	59	29	107
PA14_12910	PA14_12910	-0.393	3.711	0.38	1	0.26	0.89	51	48	33	66	28	79	59	52	23	81	20	91
PA14_13630	PA14_13630	0.17	5.98	0.38	1	0.44	0.93	297	241	265	241	297	177	344	262	193	299	226	206
PA14_14570	PA14_14570	0.455	2.588	0.38	1	0.24	0.87	21	21	39	12	26	22	25	23	29	15	20	25
PA14_16220	recJ	0.214	5.542	0.38	1	0.23	0.87	192	207	203	168	180	172	223	225	148	208	136	200
PA14_16870	PA14_16870	-0.274	3.621	0.38	1	0.29	0.9	46	35	49	48	62	47	53	38	36	60	47	55
PA14_17380	PA14_17380	-0.173	5.743	0.38	1	0.35	0.92	198	182	225	221	230	230	230	198	164	274	174	267
PA14_17520	cinA	0.187	5.615	0.38	1	0.41	0.93	200	230	195	208	216	127	232	250	142	257	164	148
PA14_18450	algI	-0.261	4.31	0.38	1	0.34	0.91	69	72	71	71	63	120	80	78	52	88	47	138
PA14_23090	edaA	0.397	6.774	0.38	1	0.28	0.9	532	482	487	577	439	124	617	524	354	712	333	145
PA14_25080	foaA	-0.148	8.595	0.38	1	0.44	0.93	1326	1677	1435	1595	1460	1863	1539	1824	1044	1976	1105	2164
PA14_28880	PA14_28880	0.897	1.018	0.38	1	0.15	0.8	13	4	5	7	0	4	15	5	3	8	0	5
PA14_30950	PA14_30950	-0.987	0.358	0.38	1	0.27	0.89	3	2	1	7	4	2	3	2	1	8	3	2
PA14_31030	PA14_31030	0.223	5.865	0.38	1	0.35	0.92	236	245	276	236	275	139	274	267	201	292	209	162
PA14_31280	PA14_31280	0.188	5.569	0.38	1	0.36	0.92	214	196	195	185	208	140	248	213	142	229	158	163
PA14_31360	PA14_31360	0.26	7.821	0.38	1	0.39	0.93	1025	1005	951	878	1213	399	1189	1093	692	1087	920	465
PA14_33410	opdJ	-0.269	3.379	0.38	1	0.33	0.91	38	39	33	51	35	46	44	42	24	63	26	53
PA14_33420	PA14_33420	-0.385	2.425	0.38	1	0.23	0.87	17	17	17	19	25	22	20	18	12	24	19	26
PA14_33990	PA14_33990	0.289	3.76	0.38	1	0.22	0.87	65	50	59	51	44	46	75	54	43	63	33	54
PA14_34830	PA14_34830	-0.222	4.597	0.38	1	0.27	0.89	91	92	83	108	103	100	106	100	60	134	78	116
PA14_35020	PA14_35020	-0.704	0.763	0.38	1	0.25	0.88	3	4	5	6	8	6	4	4	4	8	6	7
PA14_35770	PA14_35770	0.256	7.629	0.38	1	0.29	0.9	637	1048	922	741	913	531	740	1140	671	918	692	617
PA14_37570	PA14_37570	-0.18	4.883	0.38	1	0.46	0.94	102	106	124	104	109	162	118	115	91	129	82	187
PA14_38370	PA14_38370	-0.192	6.776	0.38	1	0.3	0.9	485	409	338	493	428	487	562	445	245	611	324	565
PA14_39070	PA14_39070	0.277	4.243	0.38	1	0.31	0.9	113	62	68	59	65	77	130	68	49	74	49	89
PA14_39360	PA14_39360	0.21	5.584	0.38	1	0.3	0.9	182	224	214	187	203	146	211	243	156	232	154	170
PA14_39410	PA14_39410	-0.188	5.663	0.38	1	0.31	0.9	207	188	172	230	197	219	240	204	125	285	149	254
PA14_40320	xqhA	0.31	3.458	0.38	1	0.24	0.88	58	37	48	42	35	38	67	40	35	52	26	44
PA14_40860	PA14_40860	-0.181	9.86	0.38	1	0.39	0.93	2915	4562	3076	4252	3933	3781	3382	4961	2238	5266	2977	4392
PA14_41790	PA14_41790	0.207	6.738	0.38	1	0.25	0.88	445	427	509	416	435	344	516	464	371	515	330	400
PA14_42150	PA14_42150	-0.186	6.393	0.38	1	0.28	0.89	335	293	319	345	371	362	388	319	232	427	281	420
PA14_42950	PA14_42950	0.611	1.274	0.38	1	0.18	0.82	13	5	12	7	4	8	15	6	9	9	3	9
PA14_43730	PA14_43730	0.281	3.606	0.38	1	0.28	0.89	57	51	46	39	44	46	66	56	33	48	33	53
PA14_45380	ccmA	-0.189	6.095	0.38	1	0.32	0.9	259	291	217	283	261	330	300	316	157	351	197	383
PA14_47010	PA14_47010	-0.217	4.277	0.38	1	0.44	0.93	79	58	77	87	54	105	91	63	56	108	40	121
PA14_49740	PA14_49740	-0.194	4.679	0.38	1	0.44	0.93	74	110	103	95	92	139	86	119	75	118	69	161
PA14_52140	yaiL	-0.171	7.399	0.38	1	0.38	0.93	514	743	661	678	782	701	597	808	481	840	592	814
PA14_53300	PA14_53300	-0.19	4.777	0.38	1	0.39	0.93	96	108	100	118	96	131	111	117	73	146	72	152
PA14_58530	PA14_58530	0.28	4.034	0.38	1	0.26	0.89	65	61	86	60	68	46	76	66	63	74	52	54
PA14_58700	nadC	-0.178	5.992	0.38	1	0.31	0.9	236	242	242	277	266	271	274	263	176	343	201	315
PA14_58790	PA14_58790	0.473	1.938	0.38	1	0.25	0.88	16	16	15	7	11	16	18	17	11	9	8	18
PA14_58850	PA14_58850	0.205	5.945	0.38	1	0.26	0.89	258	281	253	246	238	205	299	306	184	304	180	238
PA14_60630	PA14_60630	-0.369	6.7	0.38	1	0.15	0.8	290	347	459	380	675	360	337	378	335	472	513	419
PA14_61550	PA14_61550	-0.267	4.148	0.38	1	0.32	0.9	73	61	54	70	54	101	84	66	39	87	40	117
PA14_65160	PA14_65160	0.226	6.578	0.38	1	0.3	0.9	370	388	487	338	462	265	430	422	355	419	351	309
PA14_65380	PA14_65380	0.31	4.953	0.38	1	0.24	0.88	112	126	173	106	149	76	130	137	127	132	114	89
PA14_67310	hutT	0.313	3.464	0.38	1	0.29	0.9	54	38	52	50	40	26	63	41	38	61	30	31
PA14_68290	PA14_68290	-0.183	5.225	0.38	1	0.42	0.93	149	132	136	150	120	203	173	144	99	186	90	235
PA14_69190	rho	-0.156	8.575	0.38	1	0.44	0.93	1150	1706	1514	1478	1670	1720	1334	1855	1102	1831	1264	1998
PA14_70010	PA14_70010	0.274	4.129	0.38	1	0.22	0.87	68	87	73	68	55	65	79	94	53	84	41	75
PA14_70270	algC	0.226	6.801	0.38	1	0.19	0.83	491	448	512	445	372	422	570	487	373	551	281	490
PA14_71170	PA14_71170	0.273	3.899	0.38	1	0.26	0.89	72	64	54	56	47	55	83	70	39	69	35	64
EBG00001225032	P13	0.297	3.53	0.39	1	0.24	0.88	49	48	53	46	43	32	57	52	39	57	33	38
PA14_00340	PA14_00340	0.35	2.658	0.39	1	0.33	0.91	34	25	19	21	17	22	39	27	13	26	13	26
PA14_00590	PA14_00590	0.741	0.61	0.39	1	0.32	0.9	8	5	6	1	7	3	9	5	4	2	6	3
PA14_00790	prlC	0.186	7.832	0.39	1	0.41	0.93	954	951	1029	929	1067	583	1107	1034	749	1150	809	678
PA14_03070	pobR	0.236	5.373	0.39	1	0.26	0.89	205	143	188	144	131	179	238	156	137	179	99	207
PA14_07360	PA14_07360	0.175	5.003	0.39	1	0.47	0.94	162	131	111	122	142	96	188	142	80	151	108	112
PA14_07470	PA14_07470	-0.242	5.407	0.39	1	0.32	0.9	134	195	137	172	137	242	156	212	99	213	103	280
PA14_09820	PA14_09820	0.19	6.453	0.39	1	0.33	0.91	405	373	348	393	337	259	470	406	253	486	255	301
PA14_13360	PA14_13360	0.331	4.012	0.39	1	0.24	0.88	55	91	64	76	51	40	64	99	46	93	38	47
PA14_14710	PA14_14710	-0.149	10.231	0.39	1	0.41	0.93	4677	4650	4480	5122	4761	5426	5425	5057	3260	6344	3604	6302
PA14_15680	cumB	0.193	6.629	0.39	1	0.27	0.89	422	427	425	402	393	318	489	464	309	498	298	370
PA14_16880	PA14_16880	-0.328	2.67	0.39	1	0.31	0.9	23	19	22	31	23	27	27	21	16	38	17	31
PA14_19680	PA14_19680	0.439	1.913	0.39	1	0.3	0.9	20	16	12	10	12	14	23	17	8	12	9	16
PA14_19750	PA14_19750	0.575	1.443	0.39	1	0.21	0.85	12	10	9	7	4	9	14	11	6	9	3	10
PA14_20500	PA14_20500	-0.289	5.616	0.39	1	0.24	0.88	174	165	192	132	242	275	202	180	140	165	184	319
PA14_21820	PA14_21820	-0.166	8.592	0.39	1	0.4	0.93	1399	1572	1429	1359	1622	1957	1623	1710	1040	1684	1228	2273
PA14_21910	PA14_21910	-0.25	4.716	0.39	1	0.32	0.9	94	115	74	109	84	143	109	125	53	135	63	166
PA14_24380	PA14_24380	0.313	3.135	0.39	1	0.32	0.9	44	37	28	26	24	38	51	40	20	32	18	44
PA14_25370	PA14_25370	-0.179	6.081	0.39	1	0.31	0.9	241	282	239	286	272	306	280	307	174	354	206	355
PA14_26510	cobI	0.331	2.997	0.39	1	0.28	0.9	39	27	36	32	30	19	45	29	26	39	23	22
PA14_26880	PA14_26880	0.181	6.475	0.39	1	0.41	0.93	379	377	385	380	402	226	440	410	280	470	305	263
PA14_26970	PA14_26970	0.215	5.845	0.39	1	0.23	0.87	265	237	239	222	197	219	307	258	174	275	149	254
PA14_31720	PA14_31720	0.235	4.268	0.39	1	0.33	0.91	102	68	77	69	73	69	118	74	56	86	55	80
PA14_32140	antC	-0.372	2.34	0.39	1	0.35	0.92	16	15	16	27	20	14	19	16	12	33	15	17
PA14_32240	catA	0.294	3.902	0.39	1	0.39	0.93	66	69	58	69	64	24	76	75	42	85	49	29
PA14_32700	PA14_32700	-0.167	4.97	0.39	1	0.45	0.94	124	101	126	143	105	144	144	110	92	177	79	167
PA14_37070	PA14_37070	0.247	4.651	0.39	1	0.24	0.88	110	93	120	94	95	83	128	101	88	116	72	97
PA14_39500	PA14_39500	0.284	4.146	0.39	1	0.37	0.93	65	86	78	50	97	43	76	93	57	62	75	50
PA14_40070	PA14_40070	0.184	6.387	0.39	1	0.35	0.92	399	348	325	369	322	252	462	378	236	457	244	293
PA14_41070	PA14_41070	0.174	7.527	0.39	1	0.35	0.92	795	777	791	736	781	578	922	845	576	911	592	672
PA14_41760	PA14_41760	0.246	4.904	0.39	1	0.24	0.87	104	148	134	116	105	105	121	161	98	143	79	122
PA14_42030	PA14_42030	0.368	2.563	0.39	1	0.25	0.88	30	23	22	19	20	20	35	25	16	24	15	23
PA14_42060	PA14_42060	-0.2	4.832	0.39	1	0.38	0.93	120	80	118	130	127	107	139	87	86	161	96	125
PA14_43710	PA14_43710	-0.199	4.561	0.39	1	0.43	0.93	78	86	96	75	94	129	91	94	70	94	71	149
PA14_43760	PA14_43760	-0.172	5.122	0.39	1	0.42	0.93	129	110	152	135	142	162	150	120	111	168	107	188
PA14_44190	PA14_44190	-0.569	3.409	0.39	1	0.18	0.82	42	21	34	29	30	85	48	23	25	37	22	97
PA14_45310	ccmF	0.208	4.888	0.39	1	0.32	0.9	139	127	113	118	116	95	161	138	82	146	88	111
PA14_46310	PA14_46310	0.234	5.448	0.39	1	0.25	0.88	201	178	188	201	146	135	233	194	137	248	110	157
PA14_54370	lepA	-0.165	8.146	0.39	1	0.38	0.93	942	1202	1088	1110	1248	1265	1093	1307	792	1375	945	1469
PA14_54950	PA14_54950	-0.168	5.535	0.39	1	0.47	0.94	122	203	199	171	199	217	142	221	145	212	151	252
PA14_58550	lpxO1	-0.192	5.278	0.39	1	0.33	0.91	150	155	130	167	147	182	174	168	94	207	111	211
PA14_58880	PA14_58880	-0.199	5.656	0.39	1	0.31	0.9	179	222	163	202	209	238	208	241	118	250	158	276
PA14_59290	pilQ2	-0.225	4.069	0.39	1	0.37	0.93	63	53	66	58	65	89	73	58	48	72	49	103
PA14_62350	phuR	-0.156	7.301	0.39	1	0.42	0.93	591	633	577	603	586	818	686	688	420	747	443	949
PA14_64810	vanB	0.256	3.904	0.39	1	0.31	0.9	73	58	62	60	59	43	84	63	45	74	45	50
PA14_65900	PA14_65900	0.192	6.601	0.39	1	0.34	0.92	426	375	450	407	419	269	494	408	328	504	318	313
PA14_67010	PA14_67010	0.335	3.117	0.39	1	0.26	0.89	46	30	33	31	22	34	53	33	24	38	16	39
PA14_68440	PA14_68440	-0.245	3.95	0.39	1	0.27	0.89	52	61	52	65	65	66	60	66	38	80	49	77
PA14_69840	PA14_69840	0.255	4.707	0.39	1	0.24	0.87	119	104	114	87	77	117	138	113	83	108	58	135
PA14_71020	PA14_71020	0.224	5.131	0.39	1	0.29	0.9	126	171	152	142	138	106	147	186	111	175	105	123
PA14_01330	PA14_01330	-0.163	8.114	0.4	1	0.4	0.93	960	1242	958	1311	1163	1066	1114	1351	697	1623	880	1239
PA14_01660	guaD	-0.195	6.705	0.4	1	0.37	0.93	438	356	378	413	339	588	508	387	275	512	256	682
PA14_01720	ahpF	0.189	5.768	0.4	1	0.34	0.92	201	273	222	186	222	204	234	297	161	231	168	237
PA14_07020	PA14_07020	0.248	4.592	0.4	1	0.29	0.9	97	105	111	110	92	61	113	114	81	135	70	72
PA14_08600	PA14_08600	-0.607	4.291	0.4	1	0.15	0.8	58	73	51	74	34	170	67	79	37	92	24	196
PA14_08860	rplD	-0.137	6.62	0.4	1	0.49	0.94	306	396	431	369	397	477	355	431	314	458	300	554
PA14_10740	PA14_10740	-0.233	6.156	0.4	1	0.3	0.9	317	271	201	302	240	385	367	295	145	374	181	447
PA14_11400	ribD	0.189	6.114	0.4	1	0.38	0.93	337	260	290	310	280	189	390	283	211	383	212	220
PA14_11670	PA14_11670	-0.434	1.719	0.4	1	0.39	0.93	12	9	8	15	6	18	14	10	6	19	4	21
PA14_12130	lis	0.177	7.848	0.4	1	0.38	0.93	849	1033	1075	886	1032	697	985	1123	783	1098	782	810
PA14_13560	PA14_13560	0.317	3.401	0.4	1	0.25	0.88	36	48	52	30	33	44	42	52	38	38	25	51
PA14_13920	PA14_13920	-0.255	3.786	0.4	1	0.34	0.91	38	53	57	50	74	54	45	58	42	62	57	63
PA14_14300	PA14_14300	0.344	2.872	0.4	1	0.25	0.88	34	29	29	31	23	19	39	32	21	38	17	22
PA14_15240	PA14_15240	0.608	1.045	0.4	1	0.33	0.91	10	7	7	2	8	7	12	8	5	3	6	8
PA14_17470	nlpD	-0.27	11.763	0.4	1	0.27	0.89	15128	11458	11613	12536	12193	21325	17548	12462	8451	15528	9230	24768
PA14_18850	PA14_18850	0.37	2.478	0.4	1	0.28	0.89	30	17	25	19	20	17	34	19	18	23	15	20
PA14_20450	phnP	-0.321	2.868	0.4	1	0.28	0.9	23	29	20	28	29	33	27	31	14	35	22	38
PA14_21050	PA14_21050	0.208	4.744	0.4	1	0.38	0.93	131	101	109	111	112	74	152	110	79	137	85	86
PA14_21070	PA14_21070	-0.181	5.489	0.4	1	0.32	0.9	167	155	181	186	202	182	194	169	132	231	153	212
PA14_23850	trpF	0.219	8.216	0.4	1	0.37	0.93	1244	1192	1434	1130	1485	710	1443	1297	1044	1400	1126	826
PA14_24760	yqjE	0.197	5.962	0.4	1	0.29	0.9	306	240	253	230	221	246	355	261	184	285	167	286
PA14_28650	thrS	-0.174	10.206	0.4	1	0.41	0.93	3656	4736	5054	4715	6103	4354	4241	5151	3679	5841	4621	5058
PA14_35950	PA14_35950	0.519	1.516	0.4	1	0.3	0.9	14	9	10	10	10	3	16	10	7	12	8	4
PA14_38090	PA14_38090	0.212	4.272	0.4	1	0.45	0.94	84	81	82	65	100	49	97	88	60	81	77	58
PA14_38180	PA14_38180	-0.143	8.892	0.4	1	0.48	0.94	1401	2040	2027	2014	2199	1827	1626	2219	1476	2495	1665	2122
PA14_39330	rbsA	0.24	4.026	0.4	1	0.32	0.9	81	62	65	58	66	54	94	68	47	72	50	63
PA14_40280	PA14_40280	0.165	6.933	0.4	1	0.39	0.93	577	491	490	503	517	371	669	534	356	623	392	431
PA14_40650	PA14_40650	-0.356	2.624	0.4	1	0.31	0.9	22	26	13	23	19	36	25	28	9	29	14	41
PA14_42250	pscL	0.317	3.107	0.4	1	0.31	0.9	32	33	45	21	36	30	37	36	33	27	28	35
PA14_43570	PA14_43570	0.725	0.851	0.4	1	0.24	0.87	9	5	6	5	4	2	10	5	4	6	3	3
PA14_44530	ygdE	-0.288	4.907	0.4	1	0.29	0.9	106	109	105	112	86	192	123	119	76	139	64	222
PA14_44990	PA14_44990	-0.234	3.556	0.4	1	0.41	0.93	44	41	41	60	38	50	51	45	30	74	28	58
PA14_46290	PA14_46290	0.269	3.529	0.4	1	0.3	0.9	54	46	46	37	46	39	62	50	33	46	35	45
PA14_46340	PA14_46340	-0.23	4.887	0.4	1	0.25	0.88	125	109	87	121	128	131	145	119	63	150	97	152
PA14_46490	fabF2	-0.225	7.073	0.4	1	0.41	0.93	491	327	681	509	450	792	570	356	497	631	340	919
PA14_47880	PA14_47880	-0.332	4.611	0.4	1	0.31	0.9	103	74	77	121	51	148	119	81	56	150	37	171
PA14_50530	braD	-0.261	4.966	0.4	1	0.31	0.9	112	135	92	127	96	182	130	147	66	158	72	211
PA14_51205	PA14_51205	-0.207	4.405	0.4	1	0.33	0.91	79	75	80	88	84	98	92	82	58	109	63	114
PA14_52020	PA14_52020	-0.147	6.948	0.4	1	0.47	0.94	556	414	444	541	415	608	644	450	323	670	313	706
PA14_52310	dinP	-0.179	6.015	0.4	1	0.32	0.9	257	222	250	252	279	295	298	242	182	313	211	342
PA14_53790	PA14_53790	0.184	6.562	0.4	1	0.35	0.92	436	393	384	420	375	274	505	428	279	519	284	319
PA14_54670	PA14_54670	0.183	6.399	0.4	1	0.32	0.91	387	394	301	342	295	317	449	428	218	423	223	368
PA14_58410	PA14_58410	-0.158	7.303	0.4	1	0.4	0.93	570	576	658	569	699	743	661	626	479	705	529	863
PA14_58540	PA14_58540	0.184	7.178	0.4	1	0.36	0.92	756	478	627	498	552	587	876	520	456	617	418	682
PA14_63010	recN	-0.167	7.623	0.4	1	0.36	0.92	794	708	745	923	868	732	921	770	542	1143	657	851
PA14_63720	PA14_63720	1.204	0.067	0.4	1	0.21	0.85	3	1	6	2	1	1	3	1	5	2	1	1
PA14_64700	PA14_64700	-0.17	5.729	0.4	1	0.36	0.92	202	187	211	218	217	239	234	203	154	270	164	277
PA14_66150	PA14_66150	0.197	5.822	0.4	1	0.34	0.92	227	228	270	218	251	164	264	248	197	270	191	191
PA14_66580	PA14_66580	-0.166	8.347	0.4	1	0.36	0.92	1141	1375	1198	1317	1429	1421	1324	1495	872	1632	1082	1651
PA14_68420	PA14_68420	0.232	5.415	0.4	1	0.29	0.9	233	152	165	175	128	165	270	165	120	216	96	192
PA14_71820	yegQ	0.271	4.469	0.4	1	0.22	0.86	94	85	108	94	73	70	109	93	79	116	55	81
PA14_72050	PA14_72050	0.321	3.308	0.4	1	0.2	0.85	41	45	43	41	27	34	48	49	31	50	20	40
PA14_72580	znuC	0.31	8.371	0.4	1	0.33	0.91	1305	1451	1681	1337	1715	527	1514	1578	1224	1655	1300	613
PA14_01140	PA14_01140	0.274	3.819	0.41	1	0.24	0.87	59	53	69	45	53	52	68	58	51	56	40	60
PA14_03330	PA14_03330	-0.288	2.717	0.41	1	0.46	0.94	12	27	28	23	25	32	14	29	21	29	19	37
PA14_04240	PA14_04240	0.471	1.868	0.41	1	0.27	0.89	14	12	19	10	12	9	16	13	14	13	9	11
PA14_04300	PA14_04300	-0.255	8.525	0.41	1	0.3	0.9	1361	1598	1105	1539	1115	2195	1579	1738	803	1906	843	2549
PA14_04780	PA14_04780	0.193	5.378	0.41	1	0.32	0.9	179	184	167	162	167	136	208	200	121	200	127	158
PA14_07790	PA14_07790	0.192	5.077	0.41	1	0.36	0.92	153	141	138	128	146	105	177	153	100	159	111	122
PA14_08010	gpV	-0.19	7.451	0.41	1	0.32	0.9	657	662	655	748	892	615	762	720	477	926	676	715
PA14_08270	PA14_08270	-0.169	6.937	0.41	1	0.33	0.91	497	446	448	550	532	482	576	485	326	681	403	560
PA14_09810	PA14_09810	1.178	0.055	0.41	1	0.16	0.81	4	3	2	2	0	2	5	3	1	2	0	2
PA14_10670	aph	0.234	4.443	0.41	1	0.33	0.91	117	78	82	87	69	78	135	85	59	108	52	91
PA14_13240	moaD	0.271	3.923	0.41	1	0.23	0.87	72	59	63	60	45	54	83	64	46	74	34	63
PA14_16160	PA14_16160	-0.189	5.895	0.41	1	0.35	0.92	215	205	248	244	309	209	249	223	181	302	235	243
PA14_16770	PA14_16770	0.322	2.979	0.41	1	0.25	0.88	35	31	33	29	28	22	40	34	24	36	21	26
PA14_16790	PA14_16790	-0.163	6.871	0.41	1	0.42	0.93	453	433	447	426	420	645	525	471	325	528	317	748
PA14_17420	ispF	0.218	6.463	0.41	1	0.33	0.91	472	356	316	414	322	247	547	387	229	512	244	288
PA14_17675	dgkA	-0.415	4.083	0.41	1	0.24	0.88	67	51	53	68	37	122	77	56	38	84	27	141
PA14_17940	glpR	0.245	4.294	0.41	1	0.25	0.88	81	88	81	70	69	72	94	96	59	87	52	84
PA14_19120	rhlR	-0.169	10.969	0.41	1	0.38	0.93	6789	9079	6995	8336	8942	8435	7876	9874	5090	10326	6770	9797
PA14_20060	PA14_20060	-0.163	6.639	0.41	1	0.39	0.93	419	383	333	404	364	503	486	416	242	500	275	584
PA14_23050	PA14_23050	0.159	8.166	0.41	1	0.4	0.93	1196	1259	1212	1131	1229	925	1388	1369	882	1401	931	1075
PA14_23920	purF	0.173	7.89	0.41	1	0.35	0.92	979	1058	1005	973	960	766	1136	1151	731	1205	727	890
PA14_24270	pepN	0.173	8.262	0.41	1	0.36	0.92	1322	1314	1300	1290	1241	960	1534	1429	946	1597	940	1116
PA14_24370	PA14_24370	0.193	6.218	0.41	1	0.3	0.9	284	337	338	296	309	234	330	366	246	367	234	272
PA14_26060	PA14_26060	0.178	8.155	0.41	1	0.35	0.92	1419	1134	1107	1148	974	1112	1646	1233	805	1422	737	1292
PA14_27440	trpR	-0.186	4.898	0.41	1	0.4	0.93	134	98	101	151	108	120	155	107	73	187	81	139
PA14_27940	PA14_27940	-0.167	10.343	0.41	1	0.42	0.93	3967	5859	4997	5277	6263	5104	4602	6372	3637	6537	4742	5928
PA14_28500	PA14_28500	-0.181	5.239	0.41	1	0.34	0.91	135	141	147	169	164	146	157	153	107	209	124	170
PA14_28560	PA14_28560	-0.33	2.743	0.41	1	0.42	0.93	28	16	23	27	17	40	32	18	17	34	12	46
PA14_29070	PA14_29070	-0.256	3.269	0.41	1	0.37	0.93	33	34	33	50	33	35	38	37	24	61	25	41
PA14_30330	serS	0.195	6.525	0.41	1	0.27	0.89	412	359	413	373	358	304	478	391	301	462	271	353
PA14_30980	PA14_30980	-0.524	4.716	0.41	1	0.16	0.81	107	94	54	106	59	202	124	102	38	132	43	233
PA14_31750	PA14_31750	-0.366	2.503	0.41	1	0.28	0.89	20	17	18	14	26	30	23	18	13	18	20	35
PA14_31800	PA14_31800	0.162	6.498	0.41	1	0.43	0.93	358	401	390	359	418	252	416	436	284	445	317	293
PA14_31930	PA14_31930	-0.494	1.598	0.41	1	0.25	0.88	13	8	5	10	11	17	15	9	3	13	8	19
PA14_32330	PA14_32330	0.328	4.459	0.41	1	0.27	0.89	143	83	65	97	72	63	165	90	46	119	54	74
PA14_32460	PA14_32460	-0.565	3.026	0.41	1	0.19	0.83	35	20	20	29	18	64	40	22	14	36	13	73
PA14_35850	PA14_35850	-0.108	10.891	0.41	1	0.6	0.98	5892	7995	8266	7529	7285	9052	6835	8695	6016	9326	5515	10513
PA14_40180	PA14_40180	-0.205	4.642	0.41	1	0.4	0.93	98	107	68	128	85	102	113	116	49	158	64	118
PA14_40700	PA14_40700	-0.168	5.402	0.41	1	0.41	0.93	146	144	190	162	195	181	169	157	139	201	148	210
PA14_42630	pscS	-0.971	1.551	0.41	1	0.15	0.8	12	3	4	9	3	25	13	3	3	11	2	28
PA14_42900	PA14_42900	0.208	5.727	0.41	1	0.25	0.88	246	206	229	198	189	202	285	224	167	245	143	235
PA14_44380	ccoO	-0.146	7.124	0.41	1	0.45	0.94	422	640	537	610	571	588	490	696	391	756	432	683
PA14_47190	cyoB	-0.293	3.281	0.41	1	0.4	0.93	35	31	33	36	26	59	41	34	24	45	19	68
PA14_48040	aprI	-0.147	6.861	0.41	1	0.42	0.93	431	483	415	497	421	553	500	525	302	616	318	642
PA14_49200	oprH	-0.395	12.325	0.41	1	0.23	0.87	17952	17346	18433	19593	11617	39438	20824	18865	13415	24270	8793	45805
PA14_50220	fleQ	-0.134	9.296	0.41	1	0.47	0.94	2176	2410	2676	2621	2734	2615	2525	2621	1948	3246	2070	3037
PA14_50870	PA14_50870	-0.28	3.391	0.41	1	0.31	0.9	40	39	29	34	41	56	46	42	21	43	31	65
PA14_50970	yfcG	-0.194	4.753	0.41	1	0.39	0.93	115	97	85	119	89	131	133	106	61	147	67	152
PA14_52700	aruF	0.154	7.105	0.41	1	0.46	0.94	522	669	562	533	645	400	606	727	409	660	489	465
PA14_54500	PA14_54500	0.227	4.559	0.41	1	0.31	0.9	104	86	111	77	97	83	121	94	81	96	74	97
PA14_55670	recB	0.187	6.661	0.41	1	0.3	0.9	482	397	422	427	377	340	559	432	307	528	285	395
PA14_57850	PA14_57850	-0.166	6.956	0.41	1	0.46	0.94	313	578	524	522	564	501	364	628	382	647	427	582
PA14_58860	PA14_58860	-0.355	4.515	0.41	1	0.23	0.87	103	66	67	84	70	148	119	72	48	104	52	171
PA14_60300	pilX	-0.204	4.861	0.41	1	0.31	0.9	102	121	101	112	125	135	118	131	73	139	95	157
PA14_60830	mexD	0.222	5.087	0.41	1	0.25	0.88	153	127	158	117	125	132	177	138	115	145	95	153
PA14_61770	prs	-0.163	7.936	0.41	1	0.4	0.93	811	1093	889	931	1053	1145	941	1189	647	1154	797	1330
PA14_62180	PA14_62180	0.198	5.993	0.41	1	0.32	0.9	245	258	315	232	278	204	285	281	230	288	211	237
PA14_64010	PA14_64010	0.202	5.532	0.41	1	0.3	0.9	231	171	191	165	163	188	267	186	139	204	123	218
PA14_66530	PA14_66530	0.329	2.759	0.41	1	0.3	0.9	34	28	24	24	21	23	39	31	17	30	16	27
PA14_66630	pilP	0.18	6.687	0.41	1	0.38	0.93	363	477	479	390	467	309	422	519	349	483	354	360
PA14_69110	PA14_69110	-0.14	6.085	0.41	1	0.46	0.94	268	237	272	292	241	321	311	258	198	362	182	372
PA14_69810	glnK	0.192	10.97	0.41	1	0.38	0.93	7250	8489	10190	6919	9406	6377	8410	9233	7417	8570	7122	7407
PA14_70170	PA14_70170	0.18	6.952	0.41	1	0.35	0.92	454	566	567	468	543	391	527	616	413	580	412	454
EBG00001225024	P33	0.234	4.457	0.42	1	0.4	0.93	90	87	104	84	107	48	104	95	76	104	82	57
PA14_00160	PA14_00160	0.183	6.498	0.42	1	0.31	0.9	450	359	350	371	315	336	522	391	254	459	238	390
PA14_00180	sun	0.35	3.668	0.42	1	0.23	0.87	64	41	60	58	27	43	74	45	44	71	20	50
PA14_01800	PA14_01800	-0.32	2.867	0.42	1	0.34	0.91	29	19	25	20	35	35	33	21	18	26	27	41
PA14_03840	aguR	-0.274	3.382	0.42	1	0.29	0.9	39	43	27	43	41	49	45	47	19	53	31	57
PA14_06460	PA14_06460	0.26	4.643	0.42	1	0.36	0.92	99	103	122	108	113	50	115	112	89	133	86	59
PA14_07190	pgk	0.183	6.059	0.42	1	0.35	0.92	263	279	313	245	299	210	305	304	228	304	227	244
PA14_07860	PA14_07860	-0.19	5.143	0.42	1	0.35	0.92	147	130	119	137	139	175	170	141	86	170	105	203
PA14_08160	lys	-0.137	6.725	0.42	1	0.45	0.94	402	393	420	517	416	401	466	428	306	640	315	466
PA14_08180	PA14_08180	-0.298	3.686	0.42	1	0.33	0.91	50	51	34	79	39	47	58	55	24	97	29	55
PA14_08240	PA14_08240	-0.161	8.734	0.42	1	0.38	0.93	1541	1642	1686	1767	2016	1661	1788	1786	1227	2189	1527	1929
PA14_09010	rplR	-0.157	5.897	0.42	1	0.4	0.93	202	249	225	248	235	270	235	271	164	307	178	314
PA14_12120	lipB	0.176	6.479	0.42	1	0.31	0.9	371	411	360	342	349	321	430	447	262	424	264	373
PA14_12760	PA14_12760	0.221	4.707	0.42	1	0.27	0.89	118	107	109	95	93	98	137	116	79	118	70	114
PA14_13130	PA14_13130	-0.136	10.483	0.42	1	0.48	0.94	4667	6192	5672	6120	6100	5945	5414	6734	4128	7580	4618	6905
PA14_13740	narX	0.176	6.343	0.42	1	0.4	0.93	288	362	387	277	384	257	334	394	282	344	292	299
PA14_14170	PA14_14170	0.18	6.148	0.42	1	0.35	0.92	349	266	293	300	276	226	404	290	213	371	209	263
PA14_15130	PA14_15130	0.168	7.273	0.42	1	0.45	0.94	637	706	634	654	715	392	739	768	461	810	542	456
PA14_15400	repC	-0.122	7.122	0.42	1	0.54	0.96	405	578	631	559	593	603	471	628	460	693	449	700
PA14_15430	tnpR	-0.154	5.84	0.42	1	0.43	0.93	215	218	217	226	213	284	250	237	158	280	161	329
PA14_15770	PA14_15770	0.15	7.216	0.42	1	0.43	0.93	611	646	631	512	678	515	709	703	459	634	514	598
PA14_15940	PA14_15940	-0.179	4.516	0.42	1	0.47	0.94	77	94	83	86	75	125	89	102	60	107	56	144
PA14_17150	PA14_17150	-0.155	9.556	0.42	1	0.4	0.93	2601	3249	2775	3043	3244	3317	3017	3533	2019	3769	2456	3853
PA14_18920	rnfC	0.302	3.615	0.42	1	0.24	0.87	59	44	54	52	31	42	68	48	39	64	23	49
PA14_21110	plcN	-0.217	4.24	0.42	1	0.35	0.92	80	69	56	85	67	86	92	75	40	105	50	100
PA14_21690	lhr1	0.195	6.649	0.42	1	0.33	0.91	501	375	415	464	347	317	581	408	302	574	262	369
PA14_22580	PA14_22580	0.293	5.019	0.42	1	0.25	0.88	164	148	112	163	86	98	190	161	81	200	64	114
PA14_25320	nqrC	0.24	5.678	0.42	1	0.31	0.9	176	223	270	188	239	140	205	243	197	233	182	163
PA14_26810	PA14_26810	0.392	2.208	0.42	1	0.34	0.92	15	18	23	9	20	14	18	20	17	12	16	16
PA14_26960	PA14_26960	0.193	5.56	0.42	1	0.31	0.9	223	175	207	182	189	160	258	191	151	225	143	186
PA14_27470	PA14_27470	-0.204	5.177	0.42	1	0.29	0.9	148	131	121	141	157	165	172	142	88	175	119	191
PA14_29640	fhp	0.205	5.579	0.42	1	0.24	0.88	205	209	202	182	174	178	238	227	147	225	132	207
PA14_30360	PA14_30360	-0.168	6.176	0.42	1	0.32	0.9	271	274	273	295	312	313	314	298	199	366	236	363
PA14_31040	PA14_31040	0.186	6.242	0.42	1	0.35	0.92	270	359	340	299	324	229	314	390	248	370	246	267
PA14_31660	PA14_31660	-0.166	8.363	0.42	1	0.38	0.93	1437	1255	1062	1465	1287	1460	1667	1365	772	1815	974	1696
PA14_32600	PA14_32600	-0.298	3.647	0.42	1	0.27	0.89	48	50	31	57	65	38	56	54	22	71	50	45
PA14_32690	gtdA	-0.291	2.671	0.42	1	0.46	0.94	31	13	22	33	19	28	35	14	16	40	14	32
PA14_35100	arsC	0.851	0.313	0.42	1	0.3	0.9	7	5	2	3	1	3	8	5	1	4	1	3
PA14_35720	PA14_35720	-0.247	8.494	0.42	1	0.35	0.92	1081	1255	1656	1149	1281	2306	1255	1365	1206	1424	969	2677
PA14_35890	PA14_35890	0.237	4.088	0.42	1	0.37	0.93	68	67	82	64	78	43	79	73	60	79	60	50
PA14_36280	PA14_36280	0.658	0.821	0.42	1	0.27	0.89	5	8	8	4	5	4	6	9	6	5	4	5
PA14_39010	pqqF	0.354	3.241	0.42	1	0.33	0.91	63	29	28	33	30	31	72	32	20	41	23	36
PA14_40690	PA14_40690	0.21	5.156	0.42	1	0.35	0.92	146	136	176	98	146	152	169	148	129	122	111	176
PA14_40900	PA14_40900	-0.221	3.748	0.42	1	0.42	0.93	48	44	52	46	48	73	56	48	38	58	36	84
PA14_40930	PA14_40930	0.175	5.562	0.42	1	0.45	0.94	214	199	190	210	205	119	248	216	138	260	156	139
PA14_41990	PA14_41990	0.368	2.037	0.42	1	0.48	0.94	20	21	9	8	16	17	23	23	6	10	12	19
PA14_43740	PA14_43740	0.191	6.133	0.42	1	0.3	0.9	286	282	335	250	298	243	332	307	244	310	226	283
PA14_44010	sucA	-0.134	9.802	0.42	1	0.49	0.94	3104	3653	3559	3400	3587	4329	3601	3973	2590	4212	2715	5028
PA14_45710	PA14_45710	0.23	4.89	0.42	1	0.28	0.9	131	136	116	110	85	130	152	148	84	136	64	151
PA14_46880	PA14_46880	0.193	5.325	0.42	1	0.31	0.9	175	173	165	138	157	155	203	188	120	171	119	180
PA14_46950	gltL	-0.193	4.804	0.42	1	0.35	0.92	103	115	93	119	106	130	120	125	67	148	80	151
PA14_46990	PA14_46990	0.23	3.944	0.42	1	0.39	0.93	58	86	52	58	59	51	68	93	37	72	45	59
PA14_49310	PA14_49310	-0.49	7.975	0.42	1	0.17	0.81	600	1136	799	1494	1583	482	697	1235	581	1850	1200	561
PA14_49400	PA14_49400	0.196	5.92	0.42	1	0.32	0.9	281	263	234	274	209	196	326	286	170	339	158	228
PA14_52110	PA14_52110	-0.319	3.704	0.42	1	0.31	0.9	31	52	56	53	78	41	36	56	41	66	60	48
PA14_52210	cysM	0.156	8.263	0.42	1	0.42	0.93	1188	1364	1370	1134	1381	1005	1378	1483	997	1405	1046	1168
PA14_52900	PA14_52900	0.223	3.769	0.42	1	0.44	0.93	52	64	55	40	66	42	61	69	40	50	51	49
PA14_56070	mvaT	-0.131	11.11	0.42	1	0.51	0.95	8422	9317	7836	11241	8209	8553	9770	10133	5702	13923	6214	9935
PA14_59510	PA14_59510	0.438	1.932	0.42	1	0.29	0.9	16	13	18	8	14	12	18	14	13	10	11	14
PA14_59590	PA14_59590	-0.221	8.069	0.42	1	0.34	0.91	705	1249	1050	1121	1393	987	818	1358	764	1389	1055	1147
PA14_59750	cupD4	-0.24	3.847	0.42	1	0.36	0.92	43	66	47	51	62	71	50	71	34	64	47	82
PA14_64050	PA14_64050	0.177	5.979	0.42	1	0.37	0.93	252	266	287	237	284	192	293	289	209	294	216	223
PA14_66230	waaG	0.209	5.164	0.42	1	0.33	0.91	123	176	163	138	150	112	143	191	119	171	114	130
PA14_66490	ynfL	-0.188	4.338	0.42	1	0.41	0.93	79	65	79	89	73	91	91	71	58	110	55	105
PA14_67150	PA14_67150	0.246	3.756	0.42	1	0.35	0.92	69	50	50	52	50	42	80	55	36	64	38	49
PA14_70190	rpmB	-0.222	8.65	0.42	1	0.33	0.91	1464	1729	1294	1479	1413	2342	1698	1880	941	1833	1069	2719
PA14_70290	PA14_70290	0.181	6.03	0.42	1	0.34	0.91	303	236	296	234	275	228	351	257	216	290	209	265
PA14_71690	PA14_71690	0.267	3.614	0.42	1	0.27	0.89	55	51	47	46	44	39	64	56	34	57	33	45
EBG00001225124	P2	-0.427	1.807	0.43	1	0.34	0.92	13	6	11	9	12	20	15	7	8	11	9	23
PA14_04810	PA14_04810	0.177	6.842	0.43	1	0.3	0.9	542	456	472	459	424	417	628	496	343	568	321	484
PA14_06300	PA14_06300	-0.162	5.573	0.43	1	0.38	0.93	170	186	183	221	200	181	197	202	133	273	151	211
PA14_08750	rplL	-0.162	8.359	0.43	1	0.45	0.93	1188	1256	1306	1118	1254	1823	1378	1366	951	1385	949	2116
PA14_12010	proA	0.175	5.994	0.43	1	0.33	0.91	283	268	263	244	257	221	328	292	191	302	195	257
PA14_13730	narL	-0.164	4.486	0.43	1	0.53	0.95	83	78	92	86	75	120	96	85	67	107	56	139
PA14_14540	PA14_14540	-0.166	5.541	0.43	1	0.4	0.93	158	187	181	216	206	168	183	203	132	267	156	195
PA14_15190	PA14_15190	-1.007	0.256	0.43	1	0.33	0.91	3	2	0	2	3	5	3	2	0	3	2	6
PA14_15700	PA14_15700	0.241	4.562	0.43	1	0.23	0.87	98	96	110	90	78	88	114	105	80	111	59	102
PA14_17550	PA14_17550	0.169	7.729	0.43	1	0.35	0.92	884	883	951	772	877	769	1025	960	692	956	664	893
PA14_17640	potA	-0.615	1.025	0.43	1	0.35	0.92	4	6	3	9	6	7	5	7	2	11	4	8
PA14_18020	PA14_18020	0.174	6.259	0.43	1	0.33	0.91	315	327	335	284	323	260	365	356	244	352	245	302
PA14_19100	rhlA	-0.14	10.087	0.43	1	0.45	0.93	4018	4034	4487	4187	4783	4847	4661	4387	3266	5187	3621	5630
PA14_19140	pheC	0.145	7.802	0.43	1	0.46	0.94	900	1017	918	876	998	691	1044	1106	668	1085	756	803
PA14_20560	amiE	-0.138	9.179	0.43	1	0.45	0.94	2058	2357	2270	2354	2432	2568	2387	2563	1652	2916	1841	2983
PA14_21560	PA14_21560	0.327	4.424	0.43	1	0.29	0.9	144	71	66	66	69	89	166	77	47	82	52	103
PA14_23240	PA14_23240	0.198	6.368	0.43	1	0.3	0.9	394	336	334	379	277	273	457	366	243	468	209	317
PA14_23790	leuB	-0.159	6.915	0.43	1	0.36	0.92	504	442	432	563	502	473	584	481	314	697	380	550
PA14_24310	PA14_24310	-0.159	6.055	0.43	1	0.37	0.93	246	267	242	278	264	299	285	290	176	345	200	347
PA14_33680	fpvA	-0.147	7.506	0.43	1	0.47	0.94	571	816	698	662	758	888	663	887	508	820	574	1031
PA14_36100	PA14_36100	0.271	3.291	0.43	1	0.38	0.93	50	37	35	44	34	23	58	40	25	54	26	27
PA14_36345	exoY	-0.17	6.458	0.43	1	0.42	0.93	250	349	401	338	447	340	291	379	293	419	339	395
PA14_37830	iscS	-0.204	4.581	0.43	1	0.37	0.93	87	93	83	119	108	76	101	101	60	147	82	89
PA14_38050	PA14_38050	0.269	3.344	0.43	1	0.44	0.93	61	33	32	37	39	29	70	36	23	46	30	34
PA14_39130	ybiT	-0.145	7.126	0.43	1	0.44	0.93	444	570	590	524	630	619	515	620	430	650	477	719
PA14_40310	PA14_40310	-0.176	9.984	0.43	1	0.37	0.93	3422	4399	3703	3816	4958	4244	3970	4784	2695	4727	3754	4930
PA14_40750	PA14_40750	-0.195	9.992	0.43	1	0.38	0.93	3112	4902	3488	4753	4796	3620	3611	5331	2538	5887	3631	4205
PA14_41060	rnhA	0.179	5.96	0.43	1	0.35	0.92	275	251	268	253	258	191	319	273	195	313	196	222
PA14_43490	PA14_43490	0.295	3.135	0.43	1	0.28	0.89	43	33	33	32	27	30	50	36	24	40	20	35
PA14_43910	PA14_43910	-0.317	2.627	0.43	1	0.34	0.91	18	24	21	29	28	21	21	26	15	36	21	25
PA14_44880	PA14_44880	0.166	6.622	0.43	1	0.34	0.92	467	399	388	388	379	353	542	434	282	480	287	410
PA14_44890	hcpA	0.786	0.579	0.43	1	0.34	0.91	5	5	5	2	5	2	6	5	4	3	4	2
PA14_48090	aprF	-0.171	5.804	0.43	1	0.37	0.93	185	226	220	211	252	247	215	246	160	262	191	287
PA14_49510	pyoS3I	-0.178	9.388	0.43	1	0.44	0.93	1728	2942	2949	2763	3323	2530	2005	3199	2147	3423	2516	2939
PA14_50160	fliE	-0.226	5.282	0.43	1	0.42	0.93	114	122	193	125	145	232	133	133	142	156	109	268
PA14_51750	tolQ	-0.152	6.837	0.43	1	0.41	0.93	421	453	432	415	459	577	489	493	314	515	347	670
PA14_53010	phhC	0.22	7.015	0.43	1	0.3	0.9	708	430	544	568	442	434	820	468	396	703	334	504
PA14_54930	PA14_54930	-0.154	5.882	0.43	1	0.44	0.93	198	237	235	208	243	294	230	258	171	258	184	341
PA14_55160	toxR	-0.342	2.939	0.43	1	0.31	0.9	32	27	16	23	31	43	37	29	11	29	23	49
PA14_57140	PA14_57140	-0.215	4.381	0.43	1	0.29	0.9	84	72	72	83	92	90	97	78	52	103	70	104
PA14_58150	mreB	-0.176	6.554	0.43	1	0.42	0.93	333	355	376	330	330	540	386	386	274	410	249	626
PA14_58830	PA14_58830	-0.155	5.525	0.43	1	0.42	0.93	172	159	191	177	185	217	200	173	139	220	140	252
PA14_61320	PA14_61320	-0.166	5.123	0.43	1	0.44	0.93	143	124	124	142	121	175	166	135	90	176	91	203
PA14_61620	PA14_61620	-0.298	5.798	0.43	1	0.29	0.9	171	237	189	374	199	161	199	258	137	461	150	188
PA14_62370	PA14_62370	-0.19	5.041	0.43	1	0.42	0.93	130	140	97	150	103	167	151	152	70	185	77	193
PA14_62630	acsB	0.159	8.831	0.43	1	0.38	0.93	1896	1946	1976	1703	1895	1612	2199	2116	1438	2109	1435	1873
PA14_63360	PA14_63360	0.771	0.404	0.43	1	0.33	0.91	9	4	2	2	3	3	10	4	1	3	2	4
PA14_67700	PA14_67700	0.174	5.183	0.43	1	0.46	0.94	165	153	142	154	159	96	191	166	103	190	121	112
PA14_68970	PA14_68970	0.184	5.091	0.43	1	0.39	0.93	138	150	144	124	151	106	160	163	105	154	115	124
PA14_69060	yhhJ	-0.176	6.361	0.43	1	0.38	0.93	262	399	267	350	350	350	304	434	194	434	265	406
PA14_69440	hemD	0.231	7.791	0.43	1	0.33	0.91	883	848	1163	850	1051	564	1024	923	847	1053	797	656
PA14_72110	PA14_72110	0.258	4.473	0.43	1	0.24	0.87	93	97	96	90	59	89	108	106	70	111	44	103
PA14_72170	citM	-0.332	2.56	0.43	1	0.3	0.9	22	18	17	22	23	28	25	20	12	27	17	32
PA14_72590	znuB	0.165	5.871	0.43	1	0.41	0.93	257	267	221	241	240	185	298	290	160	298	182	215
EBG00001225101	tRNA	-0.534	1.095	0.44	1	0.48	0.94	2	4	10	7	6	10	3	4	8	9	4	11
PA14_00250	qor	0.174	6.437	0.44	1	0.34	0.92	393	362	351	377	329	275	456	394	255	466	249	320
PA14_03300	PA14_03300	-0.168	4.659	0.44	1	0.45	0.94	90	89	105	95	99	124	105	97	77	118	75	144
PA14_03510	PA14_03510	-0.173	4.62	0.44	1	0.46	0.94	94	91	91	97	85	128	109	99	66	120	64	148
PA14_03590	PA14_03590	0.369	2.478	0.44	1	0.26	0.89	29	19	23	23	12	19	33	21	17	28	9	22
PA14_05340	pilI	-0.21	4.236	0.44	1	0.36	0.92	61	71	74	67	88	84	71	77	54	83	67	97
PA14_06120	PA14_06120	-0.398	2.205	0.44	1	0.37	0.93	22	11	9	19	12	24	25	12	6	23	9	28
PA14_06170	fiuR	0.17	6.577	0.44	1	0.36	0.92	472	370	376	403	352	328	547	402	273	499	266	381
PA14_09020	rpsE	-0.145	7.66	0.44	1	0.43	0.93	692	877	755	861	855	854	803	954	549	1067	647	992
PA14_12870	tesB	-0.166	6.232	0.44	1	0.34	0.91	295	270	287	292	331	333	342	294	209	362	251	387
PA14_16100	PA14_16100	-0.171	7.32	0.44	1	0.34	0.91	614	651	552	713	717	616	712	708	401	883	543	716
PA14_16600	PA14_16600	0.228	4.324	0.44	1	0.3	0.9	83	96	79	84	69	66	96	104	57	104	52	77
PA14_18600	PA14_18600	-0.113	6.122	0.44	1	0.58	0.97	272	230	307	289	245	337	315	250	224	358	185	391
PA14_20050	hasF	0.396	2.016	0.44	1	0.38	0.93	24	13	12	13	11	13	27	14	8	16	8	15
PA14_20270	rhlG	0.284	3.652	0.44	1	0.23	0.87	49	52	60	48	37	46	57	57	44	59	28	53
PA14_21240	PA14_21240	-0.107	8.529	0.44	1	0.63	0.98	1517	1159	1627	1701	1133	1801	1760	1261	1185	2106	857	2091
PA14_24110	PA14_24110	0.471	1.65	0.44	1	0.29	0.9	16	10	14	12	7	9	18	11	10	15	5	10
PA14_26570	PA14_26570	-0.173	7.661	0.44	1	0.46	0.94	758	674	868	735	667	1189	879	733	632	911	504	1380
PA14_27130	greB	0.23	4.755	0.44	1	0.25	0.88	115	114	121	113	90	94	133	124	88	139	68	109
PA14_27270	PA14_27270	-0.246	3.462	0.44	1	0.34	0.91	45	38	35	52	45	43	52	41	25	64	34	50
PA14_27280	PA14_27280	-0.156	5.307	0.44	1	0.45	0.94	147	142	159	145	154	199	170	155	116	180	116	231
PA14_28190	PA14_28190	0.517	3.052	0.44	1	0.17	0.82	21	33	58	20	30	29	25	36	44	25	23	33
PA14_30200	cspD	-0.149	10.101	0.44	1	0.44	0.93	3613	4630	4373	4287	5185	4523	4192	5035	3183	5310	3926	5253
PA14_32570	PA14_32570	0.228	4.618	0.44	1	0.34	0.92	124	72	120	97	92	81	144	79	88	120	70	94
PA14_34770	PA14_34770	-0.425	1.754	0.44	1	0.32	0.9	8	15	9	15	16	11	9	16	6	19	12	13
PA14_35150	PA14_35150	0.38	2.483	0.44	1	0.29	0.9	35	14	22	22	14	19	40	16	16	27	10	22
PA14_35780	PA14_35780	0.367	8.167	0.44	1	0.3	0.9	762	1585	1575	897	1619	523	885	1724	1147	1112	1228	609
PA14_36170	PA14_36170	0.442	1.779	0.44	1	0.34	0.92	16	11	14	11	12	8	18	12	10	13	9	9
PA14_36680	PA14_36680	-0.217	4.085	0.44	1	0.46	0.94	82	39	63	75	55	83	94	43	46	93	41	96
PA14_37060	cupA1	-0.191	4.548	0.44	1	0.48	0.94	77	79	106	76	89	132	89	86	78	95	67	153
PA14_39160	PA14_39160	0.194	5.026	0.44	1	0.38	0.93	162	115	137	135	129	99	188	125	100	167	98	115
PA14_40300	PA14_40300	-0.2	7.79	0.44	1	0.36	0.92	940	689	864	1043	1123	698	1090	750	629	1292	851	811
PA14_41200	PA14_41200	0.24	5.446	0.44	1	0.31	0.9	230	193	140	153	121	202	266	210	101	190	91	234
PA14_41910	PA14_41910	-0.154	5.96	0.44	1	0.41	0.93	261	219	227	266	234	285	303	238	165	330	177	331
PA14_43680	fabA	-0.139	7.458	0.44	1	0.48	0.94	634	630	758	605	776	844	736	685	552	750	588	980
PA14_45370	ccmB	0.171	5.484	0.44	1	0.44	0.93	209	205	155	206	170	130	242	223	112	254	129	152
PA14_45930	PA14_45930	-0.17	4.797	0.44	1	0.41	0.93	105	96	110	124	111	114	122	105	80	154	84	132
PA14_47840	PA14_47840	-0.523	1.284	0.44	1	0.35	0.92	7	5	7	12	6	8	8	5	5	15	4	9
PA14_48170	PA14_48170	0.146	6.613	0.44	1	0.49	0.94	496	340	403	364	453	304	575	370	293	451	344	354
PA14_48380	PA14_48380	-0.686	0.81	0.44	1	0.3	0.9	4	5	2	6	4	7	5	5	1	8	3	8
PA14_49460	nrdA	-0.123	7.286	0.44	1	0.53	0.95	530	656	621	580	586	800	615	713	452	719	443	929
PA14_49660	PA14_49660	0.194	4.55	0.44	1	0.46	0.94	120	92	83	105	95	60	139	100	60	129	72	70
PA14_50480	flgB	-0.192	4.714	0.44	1	0.45	0.93	76	107	108	83	106	143	89	116	79	104	80	165
PA14_54400	mucC	-0.137	7.107	0.44	1	0.43	0.93	472	555	558	568	577	596	548	604	406	704	437	692
PA14_55000	PA14_55000	0.214	4.726	0.44	1	0.28	0.89	106	120	111	91	98	102	123	130	81	113	74	118
PA14_56530	PA14_56530	0.174	5.451	0.44	1	0.43	0.93	218	173	163	194	169	129	253	188	118	240	128	150
PA14_56540	PA14_56540	-0.148	5.948	0.44	1	0.42	0.93	216	251	236	263	242	273	251	273	172	326	183	317
PA14_57820	PA14_57820	-0.156	6.974	0.44	1	0.42	0.93	405	485	546	453	625	523	470	528	398	562	474	607
PA14_60200	PA14_60200	0.21	5.42	0.44	1	0.27	0.89	164	190	196	172	164	139	190	207	143	213	124	162
PA14_61520	PA14_61520	0.289	2.974	0.44	1	0.35	0.92	37	29	30	22	31	28	43	32	22	27	24	32
PA14_63310	smtA	0.3	3.196	0.44	1	0.26	0.89	33	43	40	32	28	33	38	47	29	40	21	38
PA14_63500	PA14_63500	0.227	4.738	0.44	1	0.3	0.9	132	107	105	105	76	111	153	116	76	130	57	129
PA14_64570	irlR	-0.199	3.895	0.44	1	0.47	0.94	43	55	64	49	61	75	50	60	47	61	46	87
PA14_67230	PA14_67230	-0.161	4.864	0.44	1	0.44	0.93	103	114	110	129	105	130	120	124	80	160	79	151
PA14_68170	rmlB	0.132	9.551	0.44	1	0.55	0.96	3234	3695	2571	3117	3361	2190	3751	4018	1870	3861	2545	2544
PA14_68350	arcC	0.187	5.478	0.44	1	0.32	0.9	179	209	179	179	170	149	208	227	130	222	129	173
PA14_69220	ppx	-0.127	7.443	0.44	1	0.5	0.94	579	685	747	659	740	796	672	745	544	817	560	924
PA14_70160	bioA	0.162	7.103	0.44	1	0.39	0.93	636	593	524	611	523	434	738	645	381	756	396	505
PA14_71340	PA14_71340	-0.891	0.126	0.44	1	0.27	0.89	3	1	3	1	6	4	3	1	2	2	5	5
PA14_72430	PA14_72430	0.187	7.786	0.44	1	0.3	0.9	888	918	1035	870	858	768	1030	999	754	1077	650	892
PA14_72920	PA14_72920	0.165	7.773	0.44	1	0.38	0.93	826	1041	928	846	895	753	959	1132	675	1048	678	875
PA14_00450	trpB	-0.215	6.56	0.45	1	0.34	0.91	309	355	391	447	505	274	359	386	285	553	383	319
PA14_01030	PA14_01030	0.22	4.433	0.45	1	0.34	0.92	88	80	110	69	93	77	102	87	81	86	71	89
PA14_02200	cheR	0.27	3.073	0.45	1	0.37	0.93	38	35	31	24	34	29	44	38	22	30	26	34
PA14_04970	thiS	-0.366	3.199	0.45	1	0.31	0.9	50	22	20	47	29	43	57	24	14	58	21	50
PA14_06310	PA14_06310	-0.118	8.17	0.45	1	0.52	0.95	1024	1105	1214	1196	1174	1255	1188	1202	884	1481	889	1458
PA14_07420	PA14_07420	0.197	4.335	0.45	1	0.41	0.93	89	85	80	64	85	73	103	92	58	80	65	85
PA14_08020	gpW	-0.183	6.524	0.45	1	0.3	0.9	402	339	295	383	404	393	466	369	214	474	306	456
PA14_08310	PA14_08310	-0.167	8.681	0.45	1	0.38	0.93	1446	1691	1546	1673	2032	1555	1677	1839	1125	2073	1539	1806
PA14_08840	rpsJ	-0.221	9.665	0.45	1	0.35	0.92	3135	3314	2635	3025	2679	4881	3637	3604	1917	3747	2027	5668
PA14_09520	mexI	-0.149	8.016	0.45	1	0.48	0.94	1054	879	1040	912	964	1419	1222	956	757	1130	729	1647
PA14_10770	PA14_10770	0.163	7.486	0.45	1	0.35	0.92	777	776	738	718	687	641	901	844	537	889	520	745
PA14_11510	ribA	0.17	6.23	0.45	1	0.36	0.92	368	271	317	257	288	305	426	295	231	319	218	354
PA14_12780	PA14_12780	-0.146	6.48	0.45	1	0.43	0.93	315	357	349	322	367	439	366	388	254	400	278	510
PA14_13470	PA14_13470	0.202	4.489	0.45	1	0.39	0.93	112	91	80	94	81	72	129	99	58	116	61	84
PA14_15920	yhjE	0.241	3.728	0.45	1	0.31	0.9	62	53	51	44	46	51	72	58	37	55	35	59
PA14_18470	algL	-0.532	1.577	0.45	1	0.32	0.9	7	9	8	4	11	20	8	10	6	6	8	23
PA14_19340	PA14_19340	-0.147	5.899	0.45	1	0.49	0.94	244	240	197	258	190	305	283	261	143	320	143	354
PA14_19350	PA14_19350	-0.139	7.769	0.45	1	0.46	0.94	934	765	810	881	846	1035	1083	832	589	1091	640	1202
PA14_20590	amiR	-0.192	4.856	0.45	1	0.37	0.93	113	95	115	100	138	132	131	104	84	125	105	153
PA14_22510	PA14_22510	0.392	2.145	0.45	1	0.27	0.89	17	18	18	15	11	14	20	20	13	19	8	16
PA14_25480	PA14_25480	0.171	5.675	0.45	1	0.41	0.93	269	181	201	208	193	178	311	197	146	257	146	207
PA14_26450	yebN	-0.149	5.26	0.45	1	0.5	0.94	138	154	143	142	134	205	160	167	104	176	101	237
PA14_27150	PA14_27150	-0.179	4.771	0.45	1	0.41	0.93	109	109	85	126	97	120	126	119	61	156	73	139
PA14_27500	yfbQ	-0.157	5.638	0.45	1	0.4	0.93	183	193	191	198	204	229	212	210	139	246	154	266
PA14_27510	msrB	0.168	8.754	0.45	1	0.45	0.93	1634	1846	2051	1664	2063	1198	1896	2008	1493	2061	1563	1392
PA14_28330	PA14_28330	0.582	1.127	0.45	1	0.25	0.88	8	6	11	5	5	6	9	7	8	6	4	7
PA14_28630	PA14_28630	0.205	4.616	0.45	1	0.35	0.92	100	99	112	85	104	82	116	108	82	106	79	95
PA14_29190	PA14_29190	-0.651	0.884	0.45	1	0.32	0.9	5	4	3	4	8	8	6	4	2	5	6	9
PA14_30180	idh	-0.112	7.742	0.45	1	0.57	0.97	805	763	920	812	817	1058	934	830	670	1006	618	1228
PA14_33980	PA14_33980	0.504	1.338	0.45	1	0.32	0.9	13	10	7	8	6	8	15	11	5	10	4	9
PA14_34520	srpM	0.284	3.258	0.45	1	0.33	0.91	45	32	46	40	36	26	52	35	34	49	27	30
PA14_34850	PA14_34850	0.23	5.447	0.45	1	0.33	0.91	213	180	172	220	139	123	247	196	125	271	105	143
PA14_37010	cupA4	-0.499	1.374	0.45	1	0.39	0.93	7	5	9	6	13	10	8	5	7	8	10	12
PA14_37670	PA14_37670	-0.191	6.086	0.45	1	0.39	0.93	226	338	196	306	245	318	263	367	142	379	185	369
PA14_40790	PA14_40790	-0.178	4.914	0.45	1	0.38	0.93	103	111	122	128	140	113	120	121	89	158	106	132
PA14_43240	PA14_43240	-0.222	3.945	0.45	1	0.34	0.91	68	51	47	68	60	68	79	56	34	84	45	79
PA14_47400	PA14_47400	-0.16	6.836	0.45	1	0.35	0.92	426	440	436	497	524	435	494	479	317	615	397	505
PA14_47870	PA14_47870	0.511	1.49	0.45	1	0.29	0.9	10	11	11	13	6	4	12	12	8	15	4	5
PA14_47970	PA14_47970	0.504	1.889	0.45	1	0.35	0.92	25	16	5	10	9	13	29	17	3	13	7	15
PA14_49500	PA14_49500	-0.499	1.508	0.45	1	0.29	0.9	14	3	6	13	12	8	16	3	4	16	9	9
PA14_51060	PA14_51060	-0.357	3.308	0.45	1	0.33	0.91	38	39	23	44	22	61	44	42	16	55	16	70
PA14_51220	PA14_51220	-0.138	7.676	0.45	1	0.46	0.94	714	810	830	756	885	949	828	881	604	937	670	1102
PA14_51290	bcp	-0.142	6.632	0.45	1	0.44	0.93	378	394	364	378	374	502	438	429	265	468	283	582
PA14_55390	PA14_55390	-0.319	2.592	0.45	1	0.49	0.94	7	21	32	22	29	24	9	23	24	27	22	28
PA14_56550	PA14_56550	-0.142	5.95	0.45	1	0.5	0.94	240	235	231	226	219	333	278	256	168	281	165	386
PA14_56680	PA14_56680	-0.147	7.269	0.45	1	0.4	0.93	538	640	592	621	668	672	624	696	431	769	506	780
PA14_59150	PA14_59150	-0.258	4.449	0.45	1	0.42	0.93	61	85	89	82	57	140	71	92	65	102	42	162
PA14_60960	PA14_60960	-0.134	10.234	0.45	1	0.5	0.94	4956	4860	4100	4946	4295	6032	5749	5286	2983	6126	3251	7006
PA14_62130	ilvC	0.171	7.273	0.45	1	0.33	0.91	625	719	636	612	581	566	725	782	463	758	440	658
PA14_62270	phuW	0.245	4.316	0.45	1	0.26	0.89	85	72	98	77	70	68	99	79	72	95	53	79
PA14_62390	PA14_62390	0.146	10.608	0.45	1	0.44	0.93	7487	6492	5885	6220	5791	5939	8685	7061	4282	7704	4384	6898
PA14_62530	cbrA	-0.123	7.109	0.45	1	0.52	0.95	519	575	503	592	475	671	602	625	366	733	359	779
PA14_64080	dipZ	-0.234	4.298	0.45	1	0.27	0.89	75	76	60	72	96	84	87	83	43	89	73	97
PA14_64520	PA14_64520	-0.176	8.524	0.45	1	0.35	0.92	1424	1461	1299	1540	1798	1391	1652	1589	945	1908	1362	1616
PA14_66310	aceF	-0.142	7.52	0.45	1	0.43	0.93	645	745	721	709	787	834	748	810	525	878	596	968
PA14_66550	hemE	-0.167	4.89	0.45	1	0.42	0.93	98	115	122	129	132	114	114	125	89	160	100	133
PA14_67190	PA14_67190	-0.211	4.422	0.45	1	0.37	0.93	60	92	82	78	109	85	70	100	60	97	83	99
PA14_69430	hemX	0.162	7.274	0.45	1	0.37	0.93	734	578	662	580	606	579	851	629	482	718	459	673
PA14_69990	dadX	-0.2	3.98	0.45	1	0.4	0.93	53	63	55	75	59	62	62	68	40	93	44	72
PA14_70680	glcE	0.338	2.34	0.45	1	0.41	0.93	25	21	14	20	18	11	29	23	10	24	14	13
PA14_70710	glcC	-0.183	5.341	0.45	1	0.47	0.94	161	142	150	165	116	231	187	154	109	204	87	268
PA14_02340	atsB	-0.422	1.877	0.46	1	0.37	0.93	18	6	7	11	12	19	20	7	5	14	9	22
PA14_02900	pcaK	0.273	3.329	0.46	1	0.27	0.89	41	41	46	33	34	39	48	45	34	41	26	45
PA14_06500	bioB	-0.133	8.49	0.46	1	0.46	0.94	1435	1322	1393	1485	1472	1594	1665	1438	1014	1839	1114	1851
PA14_07400	PA14_07400	-0.499	1.388	0.46	1	0.34	0.91	4	9	7	4	10	14	5	10	5	6	8	16
PA14_09870	PA14_09870	-0.221	3.152	0.46	1	0.52	0.95	35	27	34	33	26	51	40	29	25	41	19	59
PA14_12140	PA14_12140	-0.215	6.818	0.46	1	0.36	0.92	482	425	353	464	338	659	559	462	256	575	255	765
PA14_12770	PA14_12770	0.197	4.761	0.46	1	0.36	0.92	134	92	118	99	105	95	155	100	86	123	80	111
PA14_12860	PA14_12860	0.179	5.578	0.46	1	0.36	0.92	226	182	199	201	184	153	262	198	145	248	139	178
PA14_16700	adk	-0.145	7.168	0.46	1	0.44	0.93	460	603	586	558	669	597	534	656	427	692	507	693
PA14_18080	PA14_18080	-0.141	5.305	0.46	1	0.49	0.94	133	155	164	154	156	187	154	169	120	191	118	217
PA14_20070	PA14_20070	-0.289	2.586	0.46	1	0.39	0.93	19	17	23	22	21	29	22	19	17	27	16	33
PA14_21440	PA14_21440	-0.151	7.813	0.46	1	0.42	0.93	825	1004	747	932	913	1016	957	1092	543	1155	691	1180
PA14_21470	PA14_21470	-0.238	3.288	0.46	1	0.41	0.93	31	31	43	32	47	45	36	34	32	40	36	52
PA14_22330	PA14_22330	-0.138	5.329	0.46	1	0.51	0.95	136	157	165	156	152	194	158	171	120	193	115	225
PA14_27690	fecI	-0.882	0.113	0.46	1	0.24	0.87	4	2	0	3	3	5	4	2	0	4	2	6
PA14_28730	PA14_28730	-0.154	9.997	0.46	1	0.5	0.94	3821	3585	4317	3573	3595	5870	4432	3899	3142	4427	2721	6817
PA14_29400	rhs	0.172	5.468	0.46	1	0.36	0.92	199	177	184	153	178	168	231	193	134	190	135	195
PA14_30190	icd	-0.116	10.97	0.46	1	0.55	0.96	6553	8242	8539	7942	8674	8672	7602	8964	6215	9837	6567	10073
PA14_33240	PA14_33240	0.303	3.312	0.46	1	0.23	0.87	40	38	49	41	27	34	47	41	36	50	20	39
PA14_36010	PA14_36010	0.316	2.697	0.46	1	0.3	0.9	27	29	26	24	20	21	31	32	19	30	15	25
PA14_40950	nudC	0.163	6.258	0.46	1	0.36	0.92	327	314	334	282	322	268	379	342	243	349	244	312
PA14_42120	PA14_42120	-0.2	3.821	0.46	1	0.42	0.93	57	50	48	71	48	59	66	54	35	87	36	68
PA14_44020	sdhB	-0.13	8.794	0.46	1	0.52	0.95	1348	1926	1859	1692	2014	1909	1564	2094	1353	2096	1525	2217
PA14_44660	lig	0.14	7.384	0.46	1	0.48	0.94	680	816	622	710	693	520	789	887	452	879	525	605
PA14_45110	cysP	-0.146	7.527	0.46	1	0.41	0.93	676	775	667	801	785	758	784	843	485	992	594	881
PA14_45130	PA14_45130	-0.219	4.07	0.46	1	0.37	0.93	66	67	50	58	66	90	76	73	36	72	50	104
PA14_45250	PA14_45250	0.175	5.813	0.46	1	0.47	0.94	214	246	257	189	291	156	249	267	187	234	222	182
PA14_45580	cheB	0.18	6.389	0.46	1	0.29	0.9	344	348	380	312	331	303	399	379	277	387	251	352
PA14_46590	PA14_46590	-0.257	5.513	0.46	1	0.38	0.93	151	138	209	149	140	304	175	150	153	186	105	352
PA14_47160	cyoD	0.68	0.745	0.46	1	0.37	0.93	10	4	3	4	3	3	11	4	2	5	2	4
PA14_47600	PA14_47600	0.184	5.244	0.46	1	0.33	0.91	160	159	162	142	152	131	186	173	118	176	115	152
PA14_47810	PA14_47810	-0.374	2.534	0.46	1	0.37	0.93	18	20	17	17	15	39	21	22	12	22	11	44
PA14_48600	PA14_48600	0.56	1.123	0.46	1	0.31	0.9	10	7	7	3	6	7	11	8	5	4	5	8
PA14_49220	napF	0.468	4.146	0.46	1	0.19	0.84	128	53	59	87	39	47	147	58	42	106	29	55
PA14_50110	fliH	0.157	7.802	0.46	1	0.44	0.93	797	1077	974	916	950	688	925	1171	709	1134	720	800
PA14_50860	PA14_50860	0.19	5.034	0.46	1	0.35	0.92	153	120	143	114	129	121	177	131	104	142	98	141
PA14_51230	PA14_51230	-0.147	8.328	0.46	1	0.47	0.94	1095	1186	1409	1078	1600	1409	1271	1290	1026	1336	1212	1636
PA14_52280	PA14_52280	-0.184	4.013	0.46	1	0.48	0.94	59	53	67	59	61	83	69	58	49	73	46	96
PA14_53750	PA14_53750	0.29	2.96	0.46	1	0.39	0.93	42	26	29	33	24	21	48	28	21	41	18	25
PA14_54410	mucB	-0.125	8.503	0.46	1	0.49	0.94	1414	1402	1385	1464	1411	1707	1640	1525	1008	1814	1068	1982
PA14_54490	PA14_54490	-0.191	5.501	0.46	1	0.33	0.91	182	164	160	198	225	156	211	178	116	245	171	182
PA14_56260	PA14_56260	0.209	3.912	0.46	1	0.46	0.94	69	63	57	64	64	36	80	68	41	79	49	42
PA14_57300	ftsQ	0.16	6.423	0.46	1	0.38	0.93	338	387	368	334	367	279	392	421	268	414	278	324
PA14_59190	PA14_59190	-0.21	10.064	0.46	1	0.38	0.93	2742	5237	4051	4736	5333	3844	3181	5695	2948	5866	4038	4465
PA14_60500	fklB	0.16	7.287	0.46	1	0.41	0.93	588	672	735	582	700	503	682	731	535	721	531	585
PA14_62160	ilvI	-0.13	8.177	0.46	1	0.5	0.94	971	1205	1170	1057	1240	1364	1127	1310	852	1310	939	1584
PA14_63230	yedA	0.17	4.908	0.46	1	0.45	0.94	142	119	120	120	131	88	164	129	87	148	100	103
PA14_64610	PA14_64610	0.262	3.79	0.46	1	0.3	0.9	50	55	72	46	53	48	58	60	53	57	40	56
PA14_65390	yjeF	0.179	5.59	0.46	1	0.42	0.93	256	185	174	219	171	154	296	201	126	270	129	179
PA14_65640	PA14_65640	-0.225	3.845	0.46	1	0.36	0.92	62	51	41	71	56	53	72	55	29	88	42	62
PA14_67670	ntrB	-0.165	5.282	0.46	1	0.42	0.93	133	170	134	149	151	191	155	185	97	185	114	221
PA14_68750	marC	0.261	3.638	0.46	1	0.3	0.9	53	48	57	50	45	36	61	52	42	62	34	42
PA14_70980	betT1	-0.171	3.792	0.46	1	0.59	0.97	48	51	52	63	37	69	56	56	38	78	27	80
PA14_71180	PA14_71180	0.255	4.072	0.46	1	0.28	0.89	68	59	92	55	62	66	79	64	68	68	47	76
PA14_73110	PA14_73110	0.159	6.923	0.46	1	0.44	0.93	434	541	574	451	569	367	504	588	418	559	432	427
PA14_00980	PA14_00980	-0.13	10.279	0.47	1	0.55	0.96	3647	5041	5694	4808	6062	4865	4231	5482	4145	5956	4590	5651
PA14_01790	PA14_01790	0.206	4.626	0.47	1	0.41	0.93	138	91	83	105	78	88	159	99	60	129	59	102
PA14_02850	pcaC	0.206	4.141	0.47	1	0.42	0.93	83	61	78	64	76	54	96	67	57	79	58	63
PA14_04290	PA14_04290	0.206	4.589	0.47	1	0.33	0.91	109	96	100	100	87	76	126	104	73	124	66	89
PA14_06950	PA14_06950	0.207	4.836	0.47	1	0.3	0.9	111	118	135	107	112	96	129	128	99	132	85	112
PA14_07040	yqjC	-0.215	4.433	0.47	1	0.35	0.92	76	99	60	93	96	85	88	107	43	115	73	99
PA14_10140	fepG	-0.412	1.763	0.47	1	0.33	0.91	12	9	7	14	11	14	14	10	5	17	8	16
PA14_10480	PA14_10480	-0.278	2.804	0.47	1	0.38	0.93	30	18	22	33	28	24	34	20	16	41	21	28
PA14_13720	PA14_13720	-0.425	1.572	0.47	1	0.36	0.92	11	4	9	13	9	11	13	5	7	16	7	13
PA14_14420	PA14_14420	-0.22	3.092	0.47	1	0.53	0.95	26	27	38	32	29	42	30	29	28	40	22	48
PA14_14975	PA14_14975	0.169	5.684	0.47	1	0.39	0.93	195	225	233	179	228	175	226	245	170	222	173	204
PA14_15030	leuA	0.16	9.485	0.47	1	0.49	0.94	3028	2836	3296	2827	3516	1854	3513	3085	2399	3502	2663	2154
PA14_15445	merE	0.537	1.167	0.47	1	0.42	0.93	7	13	5	8	5	3	8	14	3	10	4	4
PA14_16710	yeaZ	0.209	4.291	0.47	1	0.35	0.92	89	86	72	83	66	64	103	93	52	102	50	75
PA14_18120	mmsA	-0.131	5.531	0.47	1	0.62	0.98	133	164	235	188	149	243	155	179	172	233	112	282
PA14_18640	PA14_18640	0.213	5.493	0.47	1	0.28	0.89	204	174	204	200	146	155	237	189	149	247	110	180
PA14_18820	PA14_18820	-0.419	1.593	0.47	1	0.42	0.93	6	9	11	11	9	13	7	10	8	14	7	15
PA14_20730	flgM	-0.132	8.695	0.47	1	0.53	0.95	1908	1382	1497	1695	1464	2087	2213	1503	1089	2100	1108	2423
PA14_23000	gltG	-0.389	1.857	0.47	1	0.37	0.93	8	18	9	11	15	19	9	19	6	14	11	22
PA14_25620	PA14_25620	-0.134	8.705	0.47	1	0.48	0.94	1461	1693	1664	1508	1816	1963	1695	1841	1211	1869	1375	2280
PA14_27530	PA14_27530	0.215	4.577	0.47	1	0.37	0.93	130	72	102	81	81	99	150	79	74	101	61	115
PA14_27755	yliJ	-0.146	7.222	0.47	1	0.41	0.93	596	534	584	579	662	655	691	581	425	718	501	761
PA14_29160	PA14_29160	0.172	7.177	0.47	1	0.35	0.92	528	633	695	509	606	531	613	688	506	631	459	617
PA14_31420	PA14_31420	-0.269	8.344	0.47	1	0.31	0.9	1387	1207	970	1229	970	2096	1608	1313	705	1523	733	2433
PA14_31810	tpx	-0.154	7.888	0.47	1	0.44	0.93	1054	947	708	1080	894	1043	1222	1030	514	1337	676	1211
PA14_32230	catC	0.276	3.705	0.47	1	0.27	0.89	56	51	59	59	35	42	65	56	43	72	26	49
PA14_33930	PA14_33930	-0.182	5.861	0.47	1	0.4	0.93	238	257	157	288	221	231	276	279	113	356	167	269
PA14_37560	asnB	0.374	2.297	0.47	1	0.32	0.91	18	16	25	20	17	9	21	18	19	24	13	11
PA14_39080	PA14_39080	0.251	2.837	0.47	1	0.53	0.95	36	26	25	19	33	21	41	28	18	24	26	25
PA14_45470	PA14_45470	-0.279	2.803	0.47	1	0.4	0.93	20	25	28	32	38	19	23	27	21	39	29	23
PA14_45500	cheW	0.158	8.002	0.47	1	0.43	0.93	1005	1058	1209	1018	1134	780	1166	1151	880	1261	859	907
PA14_45740	fliR	0.264	3	0.47	1	0.42	0.93	43	31	25	27	25	32	50	34	18	33	19	37
PA14_46300	PA14_46300	0.195	4.48	0.47	1	0.4	0.93	112	92	76	88	73	84	130	100	55	109	55	98
PA14_47440	PA14_47440	0.171	7.222	0.47	1	0.32	0.91	644	613	653	587	565	544	747	667	475	727	428	632
PA14_47460	rnd	-0.134	5.65	0.47	1	0.51	0.95	206	165	203	197	188	244	239	180	148	244	142	283
PA14_48030	PA14_48030	-0.528	1.057	0.47	1	0.32	0.9	7	6	4	7	9	9	8	6	3	9	7	10
PA14_49840	dgt	0.146	8.255	0.47	1	0.44	0.93	1222	1354	1308	1220	1302	991	1418	1473	952	1511	986	1151
PA14_50930	PA14_50930	0.16	6.661	0.47	1	0.43	0.93	471	398	418	461	403	289	546	433	304	570	305	336
PA14_51670	PA14_51670	0.208	5.385	0.47	1	0.29	0.9	162	167	208	140	157	166	188	182	152	174	119	193
PA14_51770	ybgC	-0.18	6.851	0.47	1	0.44	0.93	360	481	467	397	401	682	418	523	340	493	303	791
PA14_52070	PA14_52070	-0.185	9.749	0.47	1	0.47	0.94	2757	2901	4100	2749	3188	5155	3199	3155	2985	3406	2413	5986
PA14_54260	yecO	0.263	3.026	0.47	1	0.43	0.93	39	35	25	26	28	30	45	38	18	32	21	35
PA14_56130	PA14_56130	0.222	4.314	0.47	1	0.3	0.9	90	86	79	78	63	77	104	94	57	97	47	89
PA14_56890	PA14_56890	0.179	6.128	0.47	1	0.33	0.91	277	343	271	287	237	263	322	373	197	355	179	306
PA14_57680	PA14_57680	0.189	6.197	0.47	1	0.28	0.9	342	286	316	290	245	291	396	311	230	359	185	338
PA14_61410	PA14_61410	0.209	6.112	0.47	1	0.41	0.93	245	316	331	234	365	174	285	344	241	290	278	203
PA14_62940	dapB	0.209	5.688	0.47	1	0.3	0.9	202	198	268	164	195	216	234	215	196	204	148	251
PA14_63420	PA14_63420	-0.449	1.431	0.47	1	0.46	0.94	5	6	11	12	9	8	6	7	8	15	7	9
PA14_67250	hutI	0.315	4.265	0.47	1	0.28	0.89	93	55	103	87	69	46	108	60	76	107	52	54
PA14_67580	thiI	0.171	5.202	0.47	1	0.41	0.93	137	166	163	124	164	126	159	180	119	154	125	147
PA14_67650	PA14_67650	0.297	2.976	0.47	1	0.33	0.91	41	32	27	33	17	31	47	35	19	40	12	36
PA14_68090	PA14_68090	-0.19	4.34	0.47	1	0.39	0.93	85	74	65	83	76	98	98	81	47	103	57	113
PA14_68300	arcD	-0.164	7.257	0.47	1	0.51	0.95	344	769	630	685	615	653	400	836	459	848	465	758
PA14_69020	PA14_69020	-0.135	7.263	0.47	1	0.48	0.94	477	646	645	630	719	592	554	702	470	781	545	688
PA14_69390	algQ	0.151	8.724	0.47	1	0.48	0.94	1551	1875	1960	1648	1972	1231	1799	2039	1427	2041	1494	1431
PA14_69740	PA14_69740	0.318	2.55	0.47	1	0.35	0.92	28	24	20	23	17	17	32	26	14	28	13	20
PA14_69900	PA14_69900	-0.127	8.361	0.47	1	0.5	0.94	1171	1434	1201	1331	1284	1541	1359	1559	874	1649	972	1789
PA14_72840	PA14_72840	0.15	8.095	0.47	1	0.4	0.93	1187	1109	1183	1023	1120	994	1377	1206	861	1267	848	1155
PA14_73010	PA14_73010	0.201	7.826	0.47	1	0.39	0.93	821	1025	1090	984	1000	571	953	1115	794	1218	758	664
EBG00001225035	tRNA	0.45	1.186	0.48	1	0.55	0.96	11	8	7	3	12	5	13	9	5	4	10	6
EBG00001225094	P11	0.439	1.674	0.48	1	0.27	0.89	11	13	14	8	8	11	13	14	10	10	6	13
EBG00001225128	P24	0.379	2.022	0.48	1	0.37	0.93	12	19	18	13	16	9	14	21	13	16	12	11
EBG00001225160	tRNA	-0.774	0.45	0.48	1	0.42	0.93	1	3	4	2	5	5	1	3	3	3	4	6
PA14_01020	PA14_01020	0.231	5.226	0.48	1	0.3	0.9	113	177	194	119	141	151	132	192	142	148	107	175
PA14_01640	PA14_01640	-0.196	3.976	0.48	1	0.38	0.93	61	52	58	67	64	65	71	57	42	83	48	76
PA14_02490	tonB2	1.205	-0.419	0.48	1	0.36	0.92	4	2	2	1	0	2	4	2	1	1	0	2
PA14_02960	PA14_02960	0.329	2.568	0.48	1	0.29	0.9	27	24	22	25	15	17	31	26	16	31	11	20
PA14_03163	PA14_03163	-0.116	10.975	0.48	1	0.55	0.96	6452	8505	8451	7647	8868	8856	7485	9250	6151	9472	6714	10286
PA14_03220	PA14_03220	-0.162	6.284	0.48	1	0.39	0.93	312	307	264	274	324	392	362	334	192	340	245	455
PA14_04380	PA14_04380	0.196	4.32	0.48	1	0.41	0.93	99	72	80	77	78	65	115	78	58	95	59	76
PA14_08390	speD	-0.156	7.122	0.48	1	0.43	0.93	432	625	536	545	681	550	502	679	390	675	516	639
PA14_09440	phzE1	0.201	5.022	0.48	1	0.34	0.92	124	133	157	133	130	97	144	145	115	164	99	113
PA14_09540	mexG	-0.261	6.959	0.48	1	0.31	0.9	570	389	406	446	402	787	660	423	295	553	303	913
PA14_10010	PA14_10010	0.202	3.793	0.48	1	0.48	0.94	72	61	38	48	44	58	83	66	27	59	33	67
PA14_10190	PA14_10190	-0.167	4.887	0.48	1	0.44	0.93	129	114	88	139	101	131	149	124	63	172	76	152
PA14_10490	PA14_10490	-0.205	3.979	0.48	1	0.37	0.93	60	64	46	72	62	63	70	69	33	89	47	73
PA14_12300	PA14_12300	-0.146	6.554	0.48	1	0.39	0.93	387	335	352	374	399	415	449	364	256	464	302	482
PA14_12630	PA14_12630	0.161	5.931	0.48	1	0.4	0.93	290	241	242	255	236	200	336	262	176	316	179	233
PA14_14700	cysE	0.144	7.353	0.48	1	0.41	0.93	726	696	650	605	646	627	842	757	473	749	489	728
PA14_17700	rpmE	0.151	12.118	0.48	1	0.44	0.93	18773	20968	16960	19723	16005	15331	21777	22805	12342	24429	12116	17807
PA14_17790	PA14_17790	-0.151	5.506	0.48	1	0.41	0.93	158	188	170	179	190	203	183	204	124	222	144	236
PA14_17860	paaH	0.259	3.284	0.48	1	0.38	0.93	46	32	44	36	38	28	53	35	32	44	29	33
PA14_18700	rnt	-0.141	6.8	0.48	1	0.41	0.93	400	459	422	477	481	454	464	499	307	591	364	528
PA14_18710	pyrC	-0.147	5.176	0.48	1	0.43	0.93	128	137	144	148	148	156	149	149	105	184	112	181
PA14_19360	PA14_19360	-0.141	8.363	0.48	1	0.47	0.94	1549	1056	1185	1450	1344	1385	1796	1149	862	1796	1017	1609
PA14_19950	PA14_19950	-0.145	7.095	0.48	1	0.42	0.93	457	576	537	561	644	531	530	626	391	695	488	617
PA14_20491	PA14_20491	0.237	3.99	0.48	1	0.27	0.89	65	65	73	63	53	54	75	71	53	78	40	63
PA14_21090	PA14_21090	0.353	2.05	0.48	1	0.42	0.93	23	13	13	14	14	10	26	14	9	17	11	12
PA14_21400	hrpA	0.149	7.002	0.48	1	0.45	0.93	511	545	571	525	566	377	593	593	416	650	429	439
PA14_22980	gltB	-0.189	5.608	0.48	1	0.42	0.93	195	189	164	181	158	284	226	205	119	225	119	329
PA14_23270	serC	0.156	7.735	0.48	1	0.42	0.93	820	1039	855	909	824	704	951	1130	622	1125	624	818
PA14_23620	kdgA	0.268	5.792	0.48	1	0.29	0.9	341	193	191	236	156	209	394	210	138	292	117	243
PA14_24690	dacB	-0.24	6.492	0.48	1	0.41	0.93	252	361	380	316	249	608	293	393	277	392	187	705
PA14_25980	aroF	0.188	3.79	0.48	1	0.56	0.96	75	50	45	52	61	38	86	55	32	64	47	44
PA14_26070	PA14_26070	-0.247	3.185	0.48	1	0.37	0.93	36	28	32	35	42	39	42	31	23	43	32	45
PA14_26160	PA14_26160	-0.248	3.163	0.48	1	0.48	0.94	32	24	38	45	44	22	37	26	28	55	34	26
PA14_26190	PA14_26190	0.186	5.195	0.48	1	0.38	0.93	175	148	142	165	126	118	203	161	103	204	95	137
PA14_26720	mccB	0.207	3.996	0.48	1	0.41	0.93	62	67	71	56	72	46	72	73	52	70	55	54
PA14_28600	PA14_28600	0.105	11.056	0.48	1	0.63	0.99	8978	10001	7769	8144	10442	6278	10414	10877	5653	10087	7906	7293
PA14_31110	PA14_31110	-0.353	1.94	0.48	1	0.44	0.93	9	11	17	9	19	19	11	12	13	12	15	22
PA14_31700	pgsA	-0.137	6.293	0.48	1	0.43	0.93	284	315	298	329	324	335	330	343	217	407	245	389
PA14_31740	PA14_31740	1.192	-0.068	0.48	1	0.36	0.92	3	4	0	2	1	0	3	4	0	2	1	0
PA14_33110	PA14_33110	-0.221	4.334	0.48	1	0.38	0.93	93	73	52	105	80	70	107	79	37	129	60	82
PA14_33570	PA14_33570	-0.185	3.999	0.48	1	0.48	0.94	71	50	54	78	54	66	82	54	39	96	40	77
PA14_33700	pvdF	-0.132	7.593	0.48	1	0.48	0.94	663	785	779	708	841	890	769	854	567	878	637	1034
PA14_34790	PA14_34790	-0.254	2.682	0.48	1	0.47	0.94	23	19	25	33	20	26	27	21	18	40	15	30
PA14_35430	pvcA	0.333	2.614	0.48	1	0.26	0.89	25	20	31	21	19	20	29	22	23	26	14	23
PA14_37190	ada	0.252	3.496	0.48	1	0.33	0.91	56	39	46	43	35	40	65	43	33	53	26	47
PA14_39620	PA14_39620	0.374	2.073	0.48	1	0.32	0.91	20	11	19	12	14	12	23	12	14	15	11	14
PA14_40110	PA14_40110	-0.287	2.512	0.48	1	0.41	0.93	17	18	20	23	19	25	20	20	15	29	14	29
PA14_40330	PA14_40330	-1.034	0.108	0.48	1	0.29	0.9	1	3	0	1	4	3	1	3	0	2	3	4
PA14_40880	PA14_40880	-0.15	4.543	0.48	1	0.53	0.95	89	93	81	116	75	100	103	101	59	143	56	116
PA14_40890	PA14_40890	-0.168	4.825	0.48	1	0.44	0.93	106	115	95	108	106	142	123	125	69	134	80	164
PA14_41320	PA14_41320	-0.164	5.73	0.48	1	0.4	0.93	176	219	205	186	247	240	205	238	149	231	187	279
PA14_41360	cysS	0.174	9.22	0.48	1	0.41	0.93	2118	2458	3081	2143	2654	1989	2457	2673	2243	2655	2010	2311
PA14_43020	PA14_43020	0.289	2.812	0.48	1	0.45	0.93	30	20	36	19	33	19	35	22	27	24	26	22
PA14_43350	kdpD	0.188	5.134	0.48	1	0.34	0.92	141	165	140	145	126	121	164	179	102	179	95	141
PA14_43690	fabB	-0.117	7.521	0.48	1	0.51	0.95	718	701	713	773	698	840	833	762	519	957	528	976
PA14_45830	PA14_45830	0.2	5.458	0.48	1	0.3	0.9	184	192	187	202	146	141	213	209	136	249	110	164
PA14_45910	PA14_45910	0.272	3.824	0.48	1	0.29	0.9	50	60	72	64	45	40	58	65	53	78	34	47
PA14_46200	PA14_46200	0.211	4.453	0.48	1	0.31	0.9	97	88	95	87	77	78	113	96	69	107	58	91
PA14_46580	PA14_46580	-0.165	3.717	0.48	1	0.61	0.98	42	49	56	51	39	73	49	53	41	63	29	84
PA14_46930	gltK	-0.165	4.503	0.48	1	0.48	0.94	84	79	89	85	86	111	98	86	65	105	65	129
PA14_48470	PA14_48470	-0.341	2.036	0.48	1	0.46	0.94	20	8	11	17	12	21	23	9	8	21	9	24
PA14_49080	lcaD	0.192	4.362	0.48	1	0.45	0.94	78	104	76	88	80	58	91	113	55	109	61	68
PA14_49300	PA14_49300	0.176	5.855	0.48	1	0.39	0.93	251	251	235	272	213	167	291	273	171	336	161	195
PA14_49780	PA14_49780	0.298	2.865	0.48	1	0.32	0.9	32	26	33	28	25	20	37	28	24	34	19	24
PA14_49930	PA14_49930	-0.131	4.822	0.48	1	0.59	0.97	110	83	128	110	105	135	128	91	94	137	79	157
PA14_51450	cupC3	-0.119	7.749	0.48	1	0.54	0.96	768	896	833	800	825	1084	891	974	606	992	624	1259
PA14_51620	PA14_51620	-0.231	3.994	0.48	1	0.41	0.93	42	62	69	50	87	65	49	67	51	63	67	76
PA14_53520	oruR	0.199	4.333	0.48	1	0.36	0.92	85	90	77	71	75	75	99	98	56	88	57	87
PA14_53940	prpB	0.141	7.201	0.48	1	0.5	0.94	685	532	647	614	653	425	794	579	471	760	495	494
PA14_55020	PA14_55020	-0.208	3.789	0.48	1	0.41	0.93	58	51	42	61	51	62	67	55	30	76	38	72
PA14_55440	hxcR	0.19	4.822	0.48	1	0.38	0.93	136	95	126	95	109	109	158	104	92	118	83	127
PA14_56010	pctB	-0.129	6.606	0.48	1	0.53	0.95	329	446	348	393	334	501	382	485	253	487	252	581
PA14_56410	PA14_56410	0.233	4.485	0.48	1	0.27	0.89	92	85	109	82	72	89	107	93	80	101	54	103
PA14_56470	PA14_56470	0.309	3.201	0.48	1	0.34	0.91	43	41	31	44	18	30	50	45	22	54	13	35
PA14_57110	PA14_57110	0.155	7.195	0.48	1	0.48	0.94	628	535	701	476	737	464	729	582	511	590	559	539
PA14_57190	mutT	0.199	5.025	0.48	1	0.3	0.9	139	133	143	132	119	110	161	145	104	163	90	128
PA14_57480	PA14_57480	-0.136	7.115	0.48	1	0.43	0.93	577	514	505	628	562	564	669	559	367	778	425	655
PA14_59530	PA14_59530	0.271	3.475	0.48	1	0.27	0.89	39	49	56	42	37	39	46	53	41	52	28	45
PA14_61510	PA14_61510	0.243	3.469	0.48	1	0.37	0.93	48	53	36	45	35	37	56	57	26	55	26	43
PA14_63850	lpd3	0.188	6.121	0.48	1	0.36	0.92	304	227	361	252	289	243	353	247	264	312	219	282
PA14_65630	PA14_65630	0.212	4.234	0.48	1	0.33	0.91	85	78	74	74	65	66	98	85	54	91	49	77
PA14_66660	pilM	-0.124	9.837	0.48	1	0.58	0.97	2778	3482	4343	3101	3818	4638	3223	3787	3162	3842	2890	5386
PA14_67990	mutY	0.164	5.709	0.48	1	0.45	0.94	218	223	223	233	221	138	253	242	162	288	168	161
PA14_68130	emrA	-0.212	3.691	0.48	1	0.4	0.93	49	50	39	54	45	60	57	54	28	67	34	70
PA14_70720	ubiC	-0.451	3.888	0.48	1	0.35	0.92	67	25	53	59	23	118	77	28	39	74	16	135
PA14_71940	wzt	0.162	5.751	0.48	1	0.44	0.93	184	268	231	194	231	186	214	291	168	241	175	216
EBG00001225129	tRNA	0.567	0.789	0.49	1	0.44	0.93	9	5	7	3	8	3	10	5	5	4	6	4
PA14_01540	PA14_01540	-0.33	2.257	0.49	1	0.33	0.91	14	19	14	18	25	18	16	21	10	22	19	21
PA14_01860	PA14_01860	-0.253	2.413	0.49	1	0.58	0.97	16	12	28	24	21	20	19	13	21	30	16	23
PA14_02300	PA14_02300	0.341	2.399	0.49	1	0.3	0.9	20	19	26	16	17	17	23	21	19	20	13	20
PA14_02510	exbD1	-0.359	2.007	0.49	1	0.48	0.94	13	11	15	11	11	27	15	12	11	14	8	31
PA14_04350	PA14_04350	0.246	3.606	0.49	1	0.39	0.93	60	35	59	48	45	36	69	38	43	59	34	42
PA14_06860	PA14_06860	-0.281	2.854	0.49	1	0.32	0.9	24	30	18	28	32	29	28	32	13	35	24	34
PA14_08400	PA14_08400	0.165	6.114	0.49	1	0.35	0.92	298	269	313	238	277	270	346	293	228	295	210	314
PA14_08695	secE	-0.125	10.342	0.49	1	0.54	0.95	3956	5789	5309	5168	6010	5234	4589	6296	3864	6402	4550	6079
PA14_08790	rpsL	-0.126	10.056	0.49	1	0.52	0.95	3607	4967	3764	4453	4299	4710	4185	5402	2739	5516	3254	5471
PA14_08820	fusA1	-0.123	9.383	0.49	1	0.52	0.95	2307	2904	2528	2579	2749	3101	2677	3158	1840	3195	2081	3601
PA14_08850	rplC	-0.105	8.375	0.49	1	0.6	0.98	1202	1382	1285	1236	1207	1718	1395	1503	935	1531	913	1995
PA14_10990	hpaC	0.578	0.793	0.49	1	0.33	0.91	9	5	6	5	5	3	10	6	4	6	4	4
PA14_11000	hpaA	-0.282	3.577	0.49	1	0.38	0.93	50	34	40	31	50	70	58	37	29	39	38	81
PA14_11830	PA14_11830	0.136	7.879	0.49	1	0.48	0.94	1185	897	899	980	904	831	1374	976	654	1214	684	965
PA14_12590	PA14_12590	0.256	3.377	0.49	1	0.35	0.92	50	38	41	43	32	33	58	41	30	53	24	38
PA14_13800	narH	0.311	3.672	0.49	1	0.27	0.89	52	42	72	38	36	58	60	46	53	47	27	67
PA14_14530	PA14_14530	0.158	6.187	0.49	1	0.37	0.93	283	330	313	258	297	276	329	359	228	320	225	321
PA14_15530	trbK	-0.352	2.066	0.49	1	0.39	0.93	11	13	15	17	23	10	13	14	11	21	18	12
PA14_16110	PA14_16110	-0.136	7.757	0.49	1	0.5	0.94	831	900	760	775	841	1122	964	979	553	960	636	1303
PA14_18150	acsL	-0.125	5.91	0.49	1	0.53	0.95	210	208	276	231	269	256	244	226	202	286	204	297
PA14_24140	PA14_24140	-0.123	5.161	0.49	1	0.58	0.97	137	126	147	146	124	174	159	137	107	181	93	202
PA14_24430	moxR	-0.11	6.456	0.49	1	0.59	0.97	379	312	329	362	288	449	439	339	239	448	217	521
PA14_27480	htpX	-0.13	8.151	0.49	1	0.56	0.96	998	1023	1266	968	1057	1569	1158	1113	922	1200	800	1822
PA14_27650	PA14_27650	0.755	0.486	0.49	1	0.41	0.93	5	4	4	2	3	3	6	4	3	3	2	3
PA14_28230	PA14_28230	-0.513	2.523	0.49	1	0.36	0.92	17	17	18	19	8	48	20	19	13	24	5	55
PA14_28310	PA14_28310	-0.177	3.309	0.49	1	0.62	0.98	29	31	47	39	32	48	34	34	35	48	24	56
PA14_29500	hplS	0.258	3.636	0.49	1	0.41	0.93	60	35	66	38	58	38	69	38	49	48	45	44
PA14_30070	PA14_30070	0.182	6.621	0.49	1	0.3	0.9	399	381	481	354	380	376	463	415	351	439	288	437
PA14_35130	arsR	0.432	2.036	0.49	1	0.24	0.88	15	11	25	11	10	16	17	12	19	14	7	18
PA14_35160	PA14_35160	-0.355	6.565	0.49	1	0.25	0.88	463	254	281	343	265	670	536	277	204	425	199	777
PA14_35810	PA14_35810	-0.123	9.901	0.49	1	0.52	0.95	3119	4186	3779	4164	4227	3682	3618	4553	2750	5157	3200	4277
PA14_35920	PA14_35920	0.118	6.76	0.49	1	0.55	0.96	475	474	410	437	487	331	551	515	298	541	369	385
PA14_38750	PA14_38750	-0.125	7.575	0.49	1	0.5	0.94	778	762	664	858	705	841	902	829	483	1062	533	977
PA14_39700	PA14_39700	0.596	1.279	0.49	1	0.36	0.92	4	17	10	11	8	1	5	18	7	13	6	2
PA14_40510	ccoN-2	-0.165	4.423	0.49	1	0.51	0.95	76	82	81	71	80	116	88	89	59	89	60	134
PA14_40630	yhgI	0.136	10.53	0.49	1	0.53	0.95	5783	6490	6485	6208	6785	4080	6708	7059	4720	7689	5137	4740
PA14_41020	adi	0.143	7.588	0.49	1	0.44	0.93	783	802	856	708	838	664	908	872	623	877	635	772
PA14_43050	PA14_43050	0.171	9.256	0.49	1	0.48	0.94	2177	2853	2815	2328	3057	1583	2526	3103	2049	2883	2316	1840
PA14_43810	PA14_43810	0.31	3.116	0.49	1	0.34	0.92	44	25	41	24	23	41	51	27	30	30	17	47
PA14_43970	lpdG	-0.122	8.611	0.49	1	0.52	0.95	1351	1569	1617	1453	1706	1775	1567	1706	1177	1800	1292	2062
PA14_45340	PA14_45340	0.745	0.487	0.49	1	0.41	0.93	4	6	3	2	4	2	5	6	2	3	3	2
PA14_47450	ycgL	-0.161	4.251	0.49	1	0.5	0.94	69	65	78	72	72	92	80	71	57	90	54	106
PA14_47490	PA14_47490	-0.111	6.126	0.49	1	0.56	0.96	246	281	283	294	254	325	286	306	206	364	192	377
PA14_48920	PA14_48920	-1.017	-0.183	0.49	1	0.41	0.93	1	3	0	3	2	3	1	3	0	4	1	4
PA14_49760	rhlC	0.262	5.881	0.49	1	0.31	0.9	337	242	194	296	169	180	390	263	140	365	127	209
PA14_51340	mvfR	-0.121	7.189	0.49	1	0.51	0.95	591	541	555	571	553	711	686	588	404	708	418	825
PA14_51990	wrbA	-0.15	5.283	0.49	1	0.46	0.94	174	136	132	171	138	181	201	148	96	212	104	210
PA14_54640	PA14_54640	0.19	5.091	0.49	1	0.4	0.93	179	135	118	148	100	130	207	147	85	183	75	151
PA14_55320	PA14_55320	0.415	1.724	0.49	1	0.38	0.93	12	15	11	9	10	9	14	16	8	11	8	11
PA14_58360	PA14_58360	-0.135	6.172	0.49	1	0.44	0.93	263	302	261	309	284	313	305	328	190	383	215	364
PA14_60950	cstA	-0.112	8.789	0.49	1	0.54	0.95	1600	1743	1804	1796	1822	1942	1856	1896	1313	2225	1379	2256
PA14_62620	pgi	0.152	7.928	0.49	1	0.42	0.93	993	1040	1066	1016	1007	767	1152	1131	776	1258	763	891
PA14_63740	PA14_63740	-0.588	1.031	0.49	1	0.22	0.87	6	6	2	7	10	4	7	6	1	9	8	5
PA14_65030	PA14_65030	-0.115	5.86	0.49	1	0.58	0.97	228	211	231	228	200	295	264	230	168	283	151	342
PA14_66000	PA14_66000	0.225	3.796	0.49	1	0.36	0.92	67	53	53	56	44	48	78	58	38	69	33	56
PA14_66800	PA14_66800	0.183	5.543	0.49	1	0.42	0.93	257	182	154	182	147	193	297	198	111	225	111	224
PA14_68550	PA14_68550	0.188	5.081	0.49	1	0.35	0.92	141	141	151	108	124	148	164	153	110	134	94	171
PA14_68710	tex	-0.168	4.772	0.49	1	0.44	0.93	113	96	98	100	109	137	131	105	71	124	82	159
PA14_69670	lysA	0.155	7.589	0.49	1	0.41	0.93	850	798	805	837	749	619	986	868	586	1036	567	719
PA14_71920	wbpY	0.166	5.056	0.49	1	0.45	0.93	141	147	130	139	137	98	164	160	94	172	104	114
PA14_72960	kgtP	-0.258	2.861	0.49	1	0.46	0.94	22	26	29	18	33	41	26	28	21	23	25	47
PA14_73140	PA14_73140	-0.13	8.946	0.49	1	0.48	0.94	1729	2096	1877	2083	2171	1988	2006	2280	1366	2580	1644	2309
EBG00001225064	rpsL_psuedo	-0.155	6.006	0.5	1	0.48	0.94	177	300	257	244	312	261	206	326	187	303	237	303
PA14_00140	PA14_00140	-0.178	4.032	0.5	1	0.51	0.95	42	77	63	57	69	80	49	84	46	71	52	93
PA14_00680	PA14_00680	-0.379	1.615	0.5	1	0.44	0.93	9	9	11	12	11	14	10	10	8	15	8	16
PA14_03370	PA14_03370	-0.168	3.998	0.5	1	0.56	0.96	59	49	69	51	62	84	68	53	51	64	47	97
PA14_03940	spuF	0.168	5.773	0.5	1	0.4	0.93	203	242	250	213	232	174	236	263	182	264	176	202
PA14_04020	PA14_04020	-0.251	3.411	0.5	1	0.32	0.91	44	37	30	43	52	39	51	40	21	53	40	45
PA14_04610	yicE	0.178	3.786	0.5	1	0.55	0.96	60	62	50	40	65	49	70	67	36	50	50	57
PA14_05600	PA14_05600	-0.171	4.241	0.5	1	0.48	0.94	87	56	69	92	73	73	100	61	50	113	55	85
PA14_06090	PA14_06090	0.577	1.011	0.5	1	0.29	0.9	7	5	11	5	4	5	8	5	8	6	3	6
PA14_06210	PA14_06210	-0.223	3.075	0.5	1	0.5	0.94	36	22	29	43	28	30	42	24	21	53	21	35
PA14_06420	PA14_06420	-0.222	3.044	0.5	1	0.5	0.94	36	24	28	42	27	34	42	26	20	51	20	39
PA14_09880	PA14_09880	-0.394	1.899	0.5	1	0.31	0.9	9	14	10	8	20	16	11	15	7	11	16	18
PA14_10650	hpaG1	-0.599	0.754	0.5	1	0.38	0.93	3	5	4	5	4	8	3	5	3	6	3	9
PA14_10980	PA14_10980	-0.214	4.089	0.5	1	0.5	0.94	68	44	72	58	54	101	79	48	53	72	40	117
PA14_11520	PA14_11520	0.185	4.523	0.5	1	0.46	0.94	111	92	86	108	83	63	129	100	62	133	63	74
PA14_11660	aqpZ	-0.314	2.896	0.5	1	0.4	0.93	32	23	19	29	18	44	37	25	13	36	13	51
PA14_11750	PA14_11750	0.156	7.346	0.5	1	0.42	0.93	611	680	780	631	715	513	709	740	568	782	542	596
PA14_13090	PA14_13090	0.2	4.272	0.5	1	0.38	0.93	97	73	73	72	63	77	112	79	53	89	47	89
PA14_13500	PA14_13500	0.225	4.61	0.5	1	0.31	0.9	105	100	110	114	73	81	122	109	80	140	55	94
PA14_18780	mexF	0.228	3.99	0.5	1	0.31	0.9	54	77	73	57	56	60	63	84	53	71	42	70
PA14_20880	PA14_20880	0.251	5.314	0.5	1	0.32	0.91	212	173	130	168	94	170	245	188	94	208	70	197
PA14_23100	mutT	0.186	6.211	0.5	1	0.3	0.9	320	314	315	278	232	322	371	342	229	344	175	374
PA14_23510	uvrB	0.137	7.639	0.5	1	0.52	0.95	792	806	926	792	937	568	919	877	674	981	710	660
PA14_24740	PA14_24740	0.156	5.505	0.5	1	0.47	0.94	231	171	172	204	174	138	268	186	125	252	132	161
PA14_25110	topA	-0.115	8.92	0.5	1	0.54	0.96	1618	1971	2040	1823	2133	2141	1877	2144	1485	2258	1615	2487
PA14_29280	trxA	-0.176	5.549	0.5	1	0.37	0.93	199	163	164	211	225	159	230	177	119	261	171	185
PA14_29560	PA14_29560	0.209	4.387	0.5	1	0.34	0.92	76	93	100	73	82	77	88	101	73	91	62	89
PA14_30960	traG	-0.208	3.392	0.5	1	0.4	0.93	36	40	38	47	42	42	42	43	28	58	32	49
PA14_33150	PA14_33150	0.168	5.342	0.5	1	0.44	0.93	162	169	182	167	176	115	188	184	133	206	134	134
PA14_33870	PA14_33870	-0.421	6.75	0.5	1	0.24	0.87	512	384	210	429	261	791	593	418	151	532	196	917
PA14_40170	sugE	-0.128	5.985	0.5	1	0.52	0.95	233	277	219	264	221	310	270	301	159	327	167	360
PA14_42360	pscB	0.407	1.88	0.5	1	0.33	0.91	11	14	19	14	11	8	13	15	14	17	8	9
PA14_44210	PA14_44210	0.187	5.215	0.5	1	0.37	0.93	177	156	138	166	113	134	205	170	100	205	85	156
PA14_45980	yjaB	-0.232	3.1	0.5	1	0.52	0.95	35	22	33	29	26	50	40	24	24	36	19	57
PA14_48500	PA14_48500	-0.257	4.477	0.5	1	0.4	0.93	88	67	86	71	68	148	102	73	63	89	51	171
PA14_48700	kefB	0.186	5.207	0.5	1	0.35	0.92	153	146	170	152	145	115	178	159	124	188	110	134
PA14_48800	PA14_48800	0.122	9.633	0.5	1	0.55	0.96	2834	3747	3445	2918	3680	2618	3288	4075	2507	3614	2787	3041
PA14_49730	PA14_49730	0.208	4.583	0.5	1	0.32	0.91	110	83	112	90	86	88	127	91	82	111	65	102
PA14_49880	PA14_49880	-0.127	5.617	0.5	1	0.5	0.94	171	199	195	211	196	209	199	216	142	261	148	243
PA14_50980	pac	0.187	8.417	0.5	1	0.4	0.93	1052	1787	1567	1299	1477	1094	1221	1943	1141	1609	1119	1271
PA14_53200	PA14_53200	-0.127	7.361	0.5	1	0.48	0.94	578	716	604	693	679	702	671	779	439	858	514	815
PA14_55170	cat	-0.14	6.406	0.5	1	0.49	0.94	341	325	305	301	310	460	395	354	222	373	234	533
PA14_55890	cpaF2	0.28	2.487	0.5	1	0.52	0.95	23	20	27	16	29	14	27	22	20	20	23	16
PA14_56110	PA14_56110	-0.247	2.99	0.5	1	0.4	0.93	29	29	24	31	31	35	34	31	17	39	23	41
PA14_57160	apbA	-0.221	3.65	0.5	1	0.36	0.92	49	50	36	57	57	45	57	54	26	71	43	53
PA14_60770	PA14_60770	0.203	4.414	0.5	1	0.34	0.91	83	85	101	77	86	72	97	93	74	95	65	84
PA14_61300	PA14_61300	-0.121	7.034	0.5	1	0.5	0.94	510	517	488	532	495	620	592	562	355	659	374	720
PA14_61600	PA14_61600	-0.088	9.109	0.5	1	0.65	0.99	1822	2262	2398	2474	2214	2201	2114	2460	1746	3064	1676	2557
PA14_61860	yadF	-0.143	5.609	0.5	1	0.46	0.94	193	200	164	231	184	200	224	217	119	286	139	232
PA14_62110	PA14_62110	0.151	6.193	0.5	1	0.44	0.93	317	278	331	292	320	223	368	303	241	362	243	259
PA14_62230	PA14_62230	-0.147	6.491	0.5	1	0.43	0.93	378	364	284	367	337	433	438	396	206	455	255	502
PA14_62380	PA14_62380	0.139	7.014	0.5	1	0.43	0.93	554	595	484	489	486	509	643	647	352	606	368	591
PA14_66450	PA14_66450	0.167	4.75	0.5	1	0.46	0.94	103	134	102	108	111	85	120	146	74	134	84	99
PA14_67860	PA14_67860	0.207	3.487	0.5	1	0.49	0.94	45	55	40	36	48	39	52	60	29	45	37	45
PA14_68030	PA14_68030	0.386	2.078	0.5	1	0.43	0.93	9	21	24	10	20	11	11	23	18	13	16	13
PA14_71570	PA14_71570	0.173	5.739	0.5	1	0.37	0.93	256	186	237	215	200	188	297	202	173	266	151	218
PA14_72000	rmd	0.21	9.134	0.5	1	0.41	0.93	1909	2502	2887	1986	2903	1422	2215	2721	2102	2460	2199	1652
PA14_72090	PA14_72090	-0.373	3.072	0.5	1	0.33	0.91	43	20	19	32	23	50	49	22	13	40	17	58
PA14_73410	yidC	-0.122	7.141	0.5	1	0.5	0.94	489	595	551	543	585	650	567	647	401	673	443	755
EBG00001225141	P31	-1.007	-0.187	0.51	1	0.41	0.93	3	1	0	5	0	3	3	1	0	6	0	3
PA14_01830	add	0.157	6.177	0.51	1	0.4	0.93	316	285	320	296	298	232	366	310	233	366	226	270
PA14_02930	PA14_02930	0.554	1.067	0.51	1	0.33	0.91	9	4	11	2	4	9	10	4	8	3	3	10
PA14_04980	thiG	-0.132	4.953	0.51	1	0.54	0.95	107	112	134	123	124	137	124	122	98	153	94	159
PA14_05110	PA14_05110	0.157	5.143	0.51	1	0.51	0.95	191	129	122	152	136	110	221	141	88	188	103	128
PA14_05590	metF	-0.158	4.922	0.51	1	0.44	0.93	117	112	111	144	132	105	136	122	81	178	100	122
PA14_05775	PA14_05775	0.803	0.456	0.51	1	0.24	0.87	1	6	8	4	1	2	1	6	6	5	1	2
PA14_05920	PA14_05920	-0.122	5.475	0.51	1	0.54	0.95	178	152	181	177	166	210	206	165	132	220	125	244
PA14_06190	psfA	0.159	5.214	0.51	1	0.46	0.94	192	142	133	150	130	139	222	155	96	186	98	161
PA14_07460	PA14_07460	-0.154	6.966	0.51	1	0.46	0.94	491	581	353	545	456	586	569	632	256	675	345	680
PA14_10070	PA14_10070	0.443	1.817	0.51	1	0.38	0.93	12	9	21	6	16	9	14	10	16	8	13	10
PA14_13430	fecA	-0.222	3.11	0.51	1	0.47	0.94	36	28	25	34	26	44	41	31	18	42	19	51
PA14_13490	PA14_13490	0.221	3.541	0.51	1	0.42	0.93	60	44	40	43	37	44	69	48	29	53	28	51
PA14_14130	PA14_14130	0.193	4.396	0.51	1	0.39	0.93	99	75	91	86	79	67	115	82	66	106	60	78
PA14_14990	mocA	0.121	7.41	0.51	1	0.5	0.94	723	727	691	615	738	619	839	791	503	762	559	719
PA14_15600	PA14_15600	0.144	6.718	0.51	1	0.46	0.94	385	447	502	348	485	374	447	486	366	432	368	435
PA14_20390	phnJ	0.711	0.367	0.51	1	0.32	0.9	3	6	5	1	2	5	4	6	4	2	1	6
PA14_20680	PA14_20680	0.149	6.854	0.51	1	0.42	0.93	560	466	440	498	409	417	649	507	320	616	309	484
PA14_21480	PA14_21480	-0.121	5.854	0.51	1	0.55	0.96	182	230	255	254	264	205	211	250	186	315	200	239
PA14_21730	fecA	-0.14	5.468	0.51	1	0.44	0.93	158	172	174	187	191	176	183	187	127	232	145	205
PA14_22640	PA14_22640	0.208	7.82	0.51	1	0.38	0.93	1304	881	742	913	656	965	1512	958	539	1130	496	1120
PA14_23360	wzz	-0.121	11.487	0.51	1	0.54	0.96	9269	13384	10666	12034	12380	11829	10752	14556	7762	14906	9372	13739
PA14_24130	PA14_24130	-0.209	5.506	0.51	1	0.42	0.93	193	139	173	156	145	281	223	151	126	194	109	325
PA14_25770	pilZ	-0.134	7.668	0.51	1	0.51	0.95	658	817	872	709	1016	851	764	888	635	879	770	988
PA14_25970	cobN	0.153	6.092	0.51	1	0.44	0.93	351	260	254	291	236	251	407	283	184	360	178	292
PA14_26090	PA14_26090	-0.231	4.133	0.51	1	0.36	0.92	64	59	67	65	102	57	74	64	49	81	78	67
PA14_28460	PA14_28460	-0.178	7.084	0.51	1	0.46	0.94	605	511	422	613	381	745	701	556	306	759	287	864
PA14_28720	himA	-0.077	11.594	0.51	1	0.72	0.99	9900	11668	14891	11402	12020	15032	11485	12690	10838	14123	9099	17459
PA14_30450	PA14_30450	0.168	7.601	0.51	1	0.38	0.93	786	713	985	727	804	679	912	776	718	901	609	789
PA14_37880	PA14_37880	0.266	2.827	0.51	1	0.4	0.93	36	25	28	20	24	30	42	27	20	25	18	35
PA14_38790	pqqD	0.24	3.753	0.51	1	0.34	0.91	45	65	59	43	41	58	53	71	43	54	31	67
PA14_40340	PA14_40340	-0.301	3.565	0.51	1	0.36	0.92	50	47	23	48	34	67	58	51	16	60	25	77
PA14_41590	cmpX	-0.083	7.742	0.51	1	0.68	0.99	705	922	886	899	764	996	818	1003	645	1114	578	1156
PA14_44140	yaiE	-0.401	6.631	0.51	1	0.24	0.87	416	362	250	337	245	776	482	394	181	419	184	899
PA14_45890	PA14_45890	-0.142	4.408	0.51	1	0.59	0.97	94	54	93	97	83	84	109	59	68	120	63	98
PA14_46150	PA14_46150	0.165	5.396	0.51	1	0.37	0.93	183	175	175	164	165	146	212	190	127	203	125	170
PA14_47080	PA14_47080	-0.155	5.004	0.51	1	0.53	0.95	150	103	108	143	98	160	173	112	78	177	73	185
PA14_50060	PA14_50060	-0.116	5.536	0.51	1	0.57	0.97	171	189	173	204	158	215	198	206	126	252	119	249
PA14_50360	flgK	0.16	5.497	0.51	1	0.46	0.94	173	203	194	193	192	126	201	221	141	238	146	147
PA14_50660	PA14_50660	0.181	4.696	0.51	1	0.38	0.93	113	108	109	101	100	89	131	117	79	125	76	104
PA14_51630	PA14_51630	-0.218	3.317	0.51	1	0.43	0.93	37	36	35	37	40	48	43	39	25	46	30	56
PA14_53050	aroP2	-0.204	6.899	0.51	1	0.36	0.92	412	396	533	375	665	505	478	431	389	466	505	587
PA14_53500	PA14_53500	-0.125	6.763	0.51	1	0.52	0.95	396	461	396	389	418	559	459	501	288	482	316	649
PA14_53540	PA14_53540	0.207	3.951	0.51	1	0.36	0.92	58	73	63	54	58	56	67	79	46	67	44	65
PA14_55300	PA14_55300	0.722	0.563	0.51	1	0.32	0.91	5	4	5	5	0	3	6	4	4	6	0	3
PA14_56980	crcB	-0.098	7.491	0.51	1	0.62	0.98	694	673	733	651	661	934	805	732	534	807	500	1084
PA14_57210	argJ	0.16	6.234	0.51	1	0.38	0.93	279	347	331	297	306	253	324	377	241	368	232	294
PA14_57870	PA14_57870	0.183	6.119	0.51	1	0.3	0.9	251	314	325	259	256	267	292	341	237	321	194	310
PA14_57910	PA14_57910	-0.125	5.556	0.51	1	0.54	0.95	165	206	167	206	165	215	192	224	121	255	124	250
PA14_59920	PA14_59920	-0.208	3.638	0.51	1	0.47	0.94	42	47	44	34	52	69	49	51	32	43	39	79
PA14_60050	PA14_60050	-0.129	7.858	0.51	1	0.5	0.94	740	1022	920	927	1072	934	859	1111	670	1149	812	1085
PA14_60140	PA14_60140	-0.216	3.611	0.51	1	0.41	0.93	35	50	47	40	63	51	41	54	34	50	48	59
PA14_60520	PA14_60520	0.195	8.925	0.51	1	0.46	0.94	1706	2253	2323	1883	2500	1105	1979	2450	1691	2332	1894	1285
PA14_62900	greA	0.228	7	0.51	1	0.4	0.93	427	569	673	428	692	305	496	619	491	531	526	355
PA14_63240	PA14_63240	-0.241	3.035	0.51	1	0.4	0.93	28	29	28	31	36	34	32	32	20	38	27	40
PA14_63840	PA14_63840	0.227	3.71	0.51	1	0.34	0.91	57	53	56	48	45	49	66	58	41	59	34	57
PA14_65520	PA14_65520	0.16	6.557	0.51	1	0.35	0.92	421	368	409	381	359	331	488	400	298	472	272	385
PA14_66990	PA14_66990	0.293	2.843	0.51	1	0.34	0.91	27	34	28	32	19	21	31	37	20	39	14	24
PA14_68390	PA14_68390	0.19	5.801	0.51	1	0.31	0.9	252	218	244	212	176	236	292	237	178	262	133	274
PA14_72820	PA14_72820	-0.136	5.015	0.51	1	0.58	0.97	122	93	153	110	148	146	142	101	112	137	112	169
PA14_01180	PA14_01180	0.37	2.406	0.52	1	0.32	0.91	17	18	31	10	16	24	20	20	23	13	12	28
PA14_01440	PA14_01440	0.254	2.606	0.52	1	0.58	0.97	33	19	24	22	31	12	38	21	17	27	24	14
PA14_02640	mcdM	0.223	3.88	0.52	1	0.31	0.9	64	58	63	57	45	55	74	63	46	70	34	64
PA14_03170	PA14_03170	-0.127	5.75	0.52	1	0.5	0.94	192	197	232	203	238	236	223	214	169	252	180	274
PA14_03450	gabT	-0.138	7.4	0.52	1	0.44	0.93	693	628	621	750	759	629	804	683	452	929	575	731
PA14_04660	PA14_04660	-0.124	5.073	0.52	1	0.57	0.97	115	127	145	119	132	169	134	138	106	148	100	196
PA14_08000	PA14_08000	-0.135	8.086	0.52	1	0.49	0.94	945	1084	1107	1147	1354	943	1096	1179	806	1421	1026	1096
PA14_11260	PA14_11260	-0.135	5.008	0.52	1	0.5	0.94	122	121	125	136	123	144	141	132	91	168	93	167
PA14_11910	PA14_11910	-0.136	5.846	0.52	1	0.49	0.94	235	242	182	248	207	270	272	263	132	307	156	313
PA14_12650	PA14_12650	-0.275	2.772	0.52	1	0.45	0.93	27	24	20	20	23	43	31	26	14	25	17	49
PA14_12850	PA14_12850	0.178	5.305	0.52	1	0.42	0.93	203	119	180	153	144	145	235	130	131	190	109	169
PA14_13300	PA14_13300	0.383	1.498	0.52	1	0.5	0.94	14	12	7	7	12	8	16	13	5	9	9	9
PA14_14310	PA14_14310	-0.11	6.158	0.52	1	0.55	0.96	238	290	302	300	299	294	276	315	220	372	226	342
PA14_14850	pilF	-0.125	6.492	0.52	1	0.52	0.95	321	417	300	366	331	435	373	453	218	454	250	505
PA14_15990	trmD	0.155	7.041	0.52	1	0.41	0.93	463	595	619	448	545	512	537	647	451	555	413	595
PA14_16040	xerD	-0.184	4.799	0.52	1	0.41	0.93	106	126	75	112	112	127	123	137	54	139	85	147
PA14_16720	PA14_16720	-0.155	3.765	0.52	1	0.63	0.99	61	39	50	66	39	60	70	43	36	81	29	70
PA14_17710	PA14_17710	0.15	10.693	0.52	1	0.48	0.94	6494	7238	7370	7573	6686	4753	7533	7872	5364	9379	5062	5521
PA14_18670	bfrB	-0.104	8.681	0.52	1	0.59	0.98	1382	1841	1564	1932	1638	1574	1604	2002	1138	2392	1240	1829
PA14_18750	gloA1	0.136	7.563	0.52	1	0.44	0.93	834	814	745	764	728	686	967	885	542	946	551	797
PA14_19510	ssuC	0.281	2.606	0.52	1	0.41	0.93	25	29	22	17	20	26	29	31	16	21	15	30
PA14_20640	PA14_20640	0.398	1.613	0.52	1	0.45	0.94	17	6	11	10	10	6	19	7	8	12	8	7
PA14_21190	PA14_21190	0.142	5.664	0.52	1	0.46	0.94	237	217	185	199	192	190	275	236	134	246	145	221
PA14_21300	PA14_21300	-0.411	5.229	0.52	1	0.3	0.9	164	142	75	161	68	277	190	154	53	200	50	320
PA14_21600	PA14_21600	-0.2	3.428	0.52	1	0.5	0.94	28	41	49	34	55	47	33	45	36	43	42	54
PA14_26300	PA14_26300	-0.876	-0.055	0.52	1	0.45	0.93	3	2	0	2	3	4	3	2	0	3	2	5
PA14_26690	PA14_26690	0.521	1.134	0.52	1	0.33	0.91	12	4	7	7	3	5	14	4	5	9	2	6
PA14_27020	mttC	0.161	5.32	0.52	1	0.43	0.93	197	158	148	167	138	145	228	172	107	207	104	168
PA14_27910	PA14_27910	-0.162	4.796	0.52	1	0.43	0.93	107	95	112	101	132	119	124	103	82	126	100	138
PA14_28120	PA14_28120	0.169	4.906	0.52	1	0.41	0.93	139	123	115	108	106	122	161	134	83	134	80	141
PA14_28920	PA14_28920	-0.377	5.223	0.52	1	0.28	0.89	156	148	81	138	90	273	180	161	58	171	67	315
PA14_31450	PA14_31450	0.137	5.864	0.52	1	0.52	0.95	275	235	220	261	236	168	319	256	160	323	179	196
PA14_32790	PA14_32790	-0.103	9.748	0.52	1	0.6	0.98	2970	3334	3742	3088	3729	3968	3445	3626	2724	3826	2823	4609
PA14_33060	PA14_33060	-0.447	3.825	0.52	1	0.32	0.9	49	36	53	38	28	123	57	39	39	48	20	141
PA14_36580	glgB	-0.198	7.275	0.52	1	0.37	0.93	797	455	490	692	693	614	923	495	356	857	525	713
PA14_38000	PA14_38000	0.438	1.528	0.52	1	0.37	0.93	8	16	9	11	4	9	10	17	6	13	3	10
PA14_39200	PA14_39200	0.17	4.864	0.52	1	0.41	0.93	123	137	108	108	103	116	143	149	78	134	78	135
PA14_40800	PA14_40800	-0.267	3.666	0.52	1	0.42	0.93	50	43	42	41	38	83	58	47	30	51	28	96
PA14_42390	exsA	-0.101	7.315	0.52	1	0.63	0.98	480	621	757	570	727	694	557	675	552	706	551	806
PA14_42880	stk1	-0.265	3.697	0.52	1	0.47	0.94	47	34	58	41	37	89	54	37	43	51	27	102
PA14_43280	selD	0.152	6.057	0.52	1	0.52	0.95	288	273	282	292	308	159	334	297	205	361	234	186
PA14_43320	glsA	-0.162	4.506	0.52	1	0.47	0.94	70	93	90	84	104	96	82	101	66	104	79	112
PA14_43850	htpG	0.138	7.395	0.52	1	0.48	0.94	622	726	783	606	759	573	722	790	570	751	575	666
PA14_45640	fleN	0.139	7.472	0.52	1	0.44	0.93	734	760	757	724	729	592	851	827	551	896	552	688
PA14_46470	pdxB	-0.153	4.706	0.52	1	0.48	0.94	116	97	82	122	91	115	134	105	59	151	68	133
PA14_47730	cobD	0.302	2.288	0.52	1	0.47	0.94	28	16	17	22	16	11	32	17	12	27	12	13
PA14_48550	PA14_48550	-0.701	0.555	0.52	1	0.3	0.9	3	4	0	5	3	5	4	4	0	6	2	6
PA14_50880	PA14_50880	0.227	8.527	0.52	1	0.44	0.93	1190	1835	1794	1378	1987	752	1381	1995	1306	1707	1506	875
PA14_53640	PA14_53640	-0.387	1.588	0.52	1	0.43	0.93	12	4	9	11	9	12	14	4	7	14	7	14
PA14_54040	PA14_54040	0.189	4.171	0.52	1	0.4	0.93	73	78	74	63	72	64	85	85	54	78	55	74
PA14_54210	PA14_54210	0.149	6.694	0.52	1	0.38	0.93	424	476	413	409	382	393	492	518	300	507	289	456
PA14_54980	PA14_54980	0.142	6.278	0.52	1	0.45	0.93	302	329	351	276	348	268	351	358	256	342	264	312
PA14_56160	moxR	0.288	2.343	0.52	1	0.48	0.94	23	23	16	15	18	18	27	25	11	19	14	21
PA14_57100	ampG	-0.144	6.049	0.52	1	0.44	0.93	238	306	214	290	270	278	276	332	155	359	204	323
PA14_57240	PA14_57240	-0.142	4.971	0.52	1	0.49	0.94	124	106	125	144	131	116	144	115	91	178	99	135
PA14_57490	PA14_57490	-0.143	6.658	0.52	1	0.41	0.93	381	380	396	401	480	397	442	413	288	497	364	461
PA14_59270	pilO2	-0.153	4.183	0.52	1	0.54	0.95	74	62	66	73	60	90	86	67	48	91	45	104
PA14_59580	PA14_59580	-0.124	7.514	0.52	1	0.49	0.94	640	778	695	753	787	763	743	846	506	933	596	886
PA14_59910	PA14_59910	-0.204	4.34	0.52	1	0.45	0.93	49	105	70	76	93	89	57	114	51	95	71	103
PA14_62360	PA14_62360	-0.27	5.105	0.52	1	0.36	0.92	158	105	108	123	99	225	183	114	78	153	74	260
PA14_62660	PA14_62660	0.144	5.554	0.52	1	0.48	0.94	227	199	163	169	168	197	263	216	118	209	127	229
PA14_64270	PA14_64270	-0.308	2.147	0.52	1	0.5	0.94	14	10	19	14	21	17	16	11	14	18	16	20
PA14_64530	PA14_64530	0.485	6.413	0.52	1	0.22	0.87	480	323	392	161	137	557	556	352	285	201	102	644
PA14_66510	ynfM	0.289	2.678	0.52	1	0.37	0.93	25	25	29	17	21	26	29	27	21	21	16	30
PA14_67065	mdoH	0.118	7.926	0.52	1	0.51	0.95	1074	1055	931	894	985	942	1246	1147	677	1107	746	1094
PA14_67770	pgm	-0.128	7.121	0.52	1	0.52	0.95	610	519	476	539	488	726	707	564	346	668	369	843
PA14_69150	ubiD	0.148	7.819	0.52	1	0.43	0.93	916	895	1063	857	958	779	1063	974	774	1061	726	905
PA14_69520	PA14_69520	-0.115	8.236	0.52	1	0.59	0.98	1078	1162	1261	1067	1055	1669	1251	1264	918	1322	798	1938
PA14_70390	crc	-0.114	8.972	0.52	1	0.54	0.95	1969	1749	2124	1960	2254	2106	2284	1902	1546	2428	1707	2446
PA14_00430	bvga	-0.163	3.803	0.53	1	0.63	0.99	40	54	59	61	33	76	47	59	43	75	24	88
PA14_00640	phzH	0.129	5.926	0.53	1	0.5	0.94	275	251	235	241	258	199	319	273	171	298	196	232
PA14_00780	PA14_00780	-0.139	4.639	0.53	1	0.57	0.97	111	79	94	131	93	87	128	86	68	162	70	101
PA14_04100	PA14_04100	0.123	9.653	0.53	1	0.5	0.94	3283	3660	3224	2851	3202	3286	3808	3981	2346	3532	2424	3816
PA14_04690	PA14_04690	0.145	6.474	0.53	1	0.5	0.94	456	369	298	413	323	280	528	401	216	511	244	326
PA14_06230	PA14_06230	-0.13	6.373	0.53	1	0.45	0.93	323	312	320	353	366	327	375	339	233	437	277	380
PA14_07260	PA14_07260	0.168	5.898	0.53	1	0.43	0.93	222	244	296	247	257	173	258	265	216	306	195	202
PA14_07700	apaH	0.15	7.028	0.53	1	0.38	0.93	585	539	532	509	467	517	678	586	387	630	353	600
PA14_16340	PA14_16340	0.195	4.577	0.53	1	0.36	0.92	87	116	99	97	80	86	101	126	72	120	60	100
PA14_16970	PA14_16970	-0.13	6.345	0.53	1	0.45	0.94	322	302	309	311	347	364	373	329	225	385	263	423
PA14_17270	accA	-0.114	8.587	0.53	1	0.57	0.97	1276	1482	1715	1535	1902	1404	1481	1612	1249	1902	1441	1631
PA14_18340	PA14_18340	-0.391	3.882	0.53	1	0.34	0.92	73	36	38	57	29	106	84	39	27	71	21	122
PA14_20770	PA14_20770	-0.11	9.363	0.53	1	0.59	0.97	2544	2989	2140	2927	2320	3033	2951	3251	1557	3625	1756	3523
PA14_21760	capB	-0.148	12.894	0.53	1	0.49	0.94	27395	37210	22896	34284	31833	30862	31778	40469	16662	42466	24099	35846
PA14_22410	PA14_22410	-0.139	6.205	0.53	1	0.41	0.93	306	278	259	310	308	312	355	302	188	384	233	362
PA14_25330	nqrD	-0.161	4.93	0.53	1	0.46	0.94	120	125	96	108	118	156	139	136	69	134	89	181
PA14_25860	etfB	-0.098	7.96	0.53	1	0.59	0.98	945	900	1064	960	1023	1130	1096	979	775	1190	774	1312
PA14_31690	PA14_31690	-0.132	7.186	0.53	1	0.46	0.94	531	619	529	651	652	539	616	673	385	806	494	626
PA14_32200	catR	0.184	4.743	0.53	1	0.41	0.93	132	106	102	121	85	93	153	115	74	149	64	108
PA14_32530	PA14_32530	-0.114	7.352	0.53	1	0.6	0.98	740	516	642	664	539	849	858	562	467	823	407	986
PA14_33380	PA14_33380	-0.409	1.399	0.53	1	0.47	0.94	9	5	7	7	6	15	10	6	5	9	4	17
PA14_33610	PA14_33610	-0.115	10.104	0.53	1	0.53	0.95	4082	4523	4203	4396	4622	4850	4735	4919	3059	5445	3499	5633
PA14_33710	pvdO	-0.234	2.738	0.53	1	0.49	0.94	26	23	21	27	20	34	30	25	15	34	15	39
PA14_34330	PA14_34330	0.136	4.972	0.53	1	0.56	0.96	167	115	108	126	125	105	193	125	78	156	95	122
PA14_34390	mtlG	-0.311	3.421	0.53	1	0.39	0.93	45	33	31	30	34	71	52	36	22	38	25	82
PA14_34440	mtlR	-0.133	5.516	0.53	1	0.47	0.94	185	174	165	200	177	197	215	189	120	248	134	229
PA14_35740	tpnA	-0.123	7.469	0.53	1	0.53	0.95	561	813	676	667	773	792	651	884	492	827	585	920
PA14_37320	PA14_37320	0.352	1.982	0.53	1	0.44	0.93	23	11	11	17	10	8	26	12	8	21	7	10
PA14_38900	exaE	0.653	2.59	0.53	1	0.16	0.81	19	14	51	13	20	20	22	15	39	17	15	23
PA14_40210	PA14_40210	-0.324	1.967	0.53	1	0.45	0.93	13	14	9	15	11	18	15	15	6	19	8	21
PA14_40830	yhfP	0.143	8.909	0.53	1	0.52	0.95	1922	1871	2314	1758	2401	1372	2230	2035	1685	2178	1819	1594
PA14_42870	PA14_42870	-0.145	5.812	0.53	1	0.51	0.95	196	198	246	175	279	254	228	215	180	218	212	295
PA14_44120	PA14_44120	0.146	7.171	0.53	1	0.52	0.95	721	559	550	670	608	376	836	608	400	829	461	438
PA14_45020	glxR	0.228	7.819	0.53	1	0.37	0.93	744	1003	1201	950	1025	542	864	1091	875	1176	777	630
PA14_45300	ccmG	0.215	3.568	0.53	1	0.42	0.93	41	56	49	43	47	37	48	61	36	53	36	43
PA14_47090	PA14_47090	0.133	8.066	0.53	1	0.48	0.94	1093	1174	1125	1138	1112	844	1268	1277	819	1409	842	981
PA14_47210	cyoA	-0.221	2.638	0.53	1	0.59	0.97	22	21	22	22	17	37	26	23	16	28	12	42
PA14_47240	PA14_47240	-0.128	5.656	0.53	1	0.51	0.95	216	179	184	211	189	233	250	195	134	261	143	270
PA14_48115	aprD	0.216	3.735	0.53	1	0.39	0.93	63	53	50	54	40	48	73	58	36	67	30	56
PA14_49150	PA14_49150	-0.18	4.424	0.53	1	0.54	0.96	92	75	69	99	53	115	106	82	50	122	39	133
PA14_49650	ylbA	-0.161	5.028	0.53	1	0.43	0.93	112	136	118	143	153	115	130	148	86	177	116	134
PA14_50040	PA14_50040	0.162	5.535	0.53	1	0.4	0.93	207	187	195	204	177	145	240	203	142	252	134	169
PA14_50240	PA14_50240	-0.126	6.679	0.53	1	0.46	0.94	397	398	386	446	433	410	460	433	281	552	328	476
PA14_50600	PA14_50600	0.2	3.927	0.53	1	0.42	0.93	74	52	66	55	57	56	86	57	48	68	43	65
PA14_51260	PA14_51260	-0.124	6.394	0.53	1	0.48	0.94	330	322	316	328	337	390	383	350	230	406	255	453
PA14_51350	phnB	0.171	4.416	0.53	1	0.47	0.94	99	78	89	83	89	65	115	85	65	103	68	76
PA14_53310	PA14_53310	-0.099	6.173	0.53	1	0.63	0.98	247	316	278	276	250	372	287	343	202	342	189	432
PA14_53380	PA14_53380	-0.454	1.187	0.53	1	0.49	0.94	8	4	6	12	7	4	9	4	4	15	5	5
PA14_58320	PA14_58320	0.132	6.361	0.53	1	0.52	0.95	285	392	361	308	377	264	331	426	263	381	286	307
PA14_59380	PA14_59380	-0.131	9.123	0.53	1	0.49	0.94	2241	2325	1881	2215	2277	2567	2599	2529	1368	2744	1724	2981
PA14_60540	PA14_60540	0.137	8.285	0.53	1	0.44	0.93	1358	1277	1318	1110	1210	1276	1575	1389	959	1375	916	1482
PA14_61560	PA14_61560	0.197	4.317	0.53	1	0.42	0.93	84	99	70	88	56	75	97	108	50	109	42	87
PA14_63540	selA	0.226	5.404	0.53	1	0.36	0.92	224	155	167	214	133	119	259	169	121	264	100	139
PA14_68870	gcvT1	-0.126	7.931	0.53	1	0.48	0.94	985	894	945	1037	1088	956	1143	972	688	1285	824	1111
PA14_70550	PA14_70550	0.125	5.575	0.53	1	0.6	0.98	216	198	185	205	221	123	250	215	134	254	168	144
PA14_72970	tonB	-0.152	11.129	0.53	1	0.54	0.96	8659	7694	9362	8062	6815	13691	10045	8368	6814	9986	5158	15901
EBG00001225046	tRNA	0.893	-0.116	0.54	1	0.29	0.9	3	3	3	3	0	1	4	3	2	4	0	1
PA14_01080	PA14_01080	0.412	1.522	0.54	1	0.43	0.93	15	10	10	16	7	3	17	11	7	19	5	4
PA14_02580	mdcD	0.296	2.181	0.54	1	0.5	0.94	15	19	22	17	22	7	18	21	16	21	17	9
PA14_02740	PA14_02740	-0.158	4.855	0.54	1	0.53	0.95	105	90	131	85	132	147	122	98	96	106	100	170
PA14_03160	PA14_03160	-0.109	9.349	0.54	1	0.58	0.97	2054	2849	2697	2468	2958	2769	2383	3098	1963	3058	2240	3216
PA14_04940	PA14_04940	0.16	4.901	0.54	1	0.48	0.94	157	109	108	134	102	100	182	119	78	165	77	116
PA14_05080	metX	0.301	3.091	0.54	1	0.29	0.9	35	30	45	34	18	36	41	33	33	42	13	41
PA14_07530	dnaG	-0.109	7.202	0.54	1	0.59	0.97	536	634	543	531	544	773	622	689	395	658	411	897
PA14_08100	PA14_08100	-0.114	6.632	0.54	1	0.52	0.95	424	336	389	449	406	388	491	366	283	556	307	451
PA14_08460	PA14_08460	0.149	6.102	0.54	1	0.4	0.93	298	275	298	271	275	241	346	299	217	335	208	280
PA14_10560	PA14_10560	0.16	6.18	0.54	1	0.48	0.94	347	266	308	337	303	184	402	289	224	416	230	215
PA14_11860	PA14_11860	0.162	6.655	0.54	1	0.39	0.93	363	443	480	411	410	328	422	482	350	509	311	381
PA14_12110	PA14_12110	-0.103	5.574	0.54	1	0.61	0.98	159	186	207	187	189	215	185	202	151	232	143	249
PA14_13330	PA14_13330	0.182	4.412	0.54	1	0.46	0.94	104	90	72	77	59	98	120	98	52	96	44	113
PA14_14320	PA14_14320	-0.284	2.174	0.54	1	0.54	0.95	12	15	16	10	15	27	14	16	12	13	11	31
PA14_14940	ybdL	-0.109	5.61	0.54	1	0.57	0.97	188	182	194	212	181	213	218	198	141	262	137	247
PA14_15140	PA14_15140	-0.396	1.311	0.54	1	0.45	0.94	9	5	8	10	8	11	10	6	6	12	6	13
PA14_15510	traJ	0.162	6.193	0.54	1	0.46	0.94	233	346	351	256	345	231	271	376	256	317	262	269
PA14_15620	PA14_15620	-0.267	2.333	0.54	1	0.47	0.94	19	12	19	21	19	20	22	13	14	26	14	23
PA14_18350	fmt	-0.263	6.781	0.54	1	0.4	0.93	414	394	394	383	255	807	480	429	287	475	191	935
PA14_18890	rnfE	-0.233	3.534	0.54	1	0.39	0.93	42	45	35	51	61	33	49	49	25	63	47	39
PA14_20430	phnM	0.27	2.486	0.54	1	0.52	0.95	31	20	16	20	17	18	35	22	11	25	13	21
PA14_21870	PA14_21870	0.166	5.134	0.54	1	0.38	0.93	151	153	139	127	119	147	175	166	101	158	90	171
PA14_23060	hexR	0.144	6.128	0.54	1	0.43	0.93	330	274	282	295	263	243	382	298	205	365	199	283
PA14_27310	PA14_27310	0.152	5.17	0.54	1	0.5	0.94	185	130	137	164	134	110	214	142	99	202	101	128
PA14_28930	PA14_28930	0.63	0.783	0.54	1	0.41	0.93	12	3	3	3	3	5	13	3	2	4	2	6
PA14_29660	PA14_29660	0.189	3.07	0.54	1	0.64	0.99	42	36	26	34	39	19	48	39	18	42	30	22
PA14_29900	nuoJ	0.305	6.838	0.54	1	0.42	0.93	343	521	665	334	722	180	399	567	485	415	550	210
PA14_29920	nuoI	0.397	8.292	0.54	1	0.4	0.93	714	1571	2035	963	1979	336	829	1708	1483	1193	1502	392
PA14_30720	PA14_30720	-0.143	7.113	0.54	1	0.55	0.96	379	521	692	447	674	636	440	567	505	554	511	739
PA14_32350	PA14_32350	-0.389	1.374	0.54	1	0.49	0.94	9	5	9	12	13	6	10	6	7	15	10	7
PA14_33500	pvdH	-0.166	4.409	0.54	1	0.45	0.94	79	82	74	74	89	103	92	89	54	92	67	119
PA14_33960	PA14_33960	-0.17	4.512	0.54	1	0.42	0.93	78	95	83	89	110	90	91	103	60	110	84	105
PA14_35800	PA14_35800	-0.115	8.578	0.54	1	0.55	0.96	1214	1729	1498	1560	1716	1534	1409	1880	1090	1933	1299	1782
PA14_38080	PA14_38080	-0.105	5.994	0.54	1	0.56	0.96	240	233	266	279	254	261	279	253	194	345	192	303
PA14_38910	exaD	0.896	2.286	0.54	1	0.14	0.79	8	15	48	5	13	20	10	16	37	7	10	23
PA14_41210	hupB	0.166	11.104	0.54	1	0.49	0.94	10973	10973	6254	9170	6746	9223	12728	11934	4550	11358	5106	10712
PA14_42280	pscI	0.273	2.459	0.54	1	0.48	0.94	25	21	22	22	23	12	29	23	16	27	18	14
PA14_44690	PA14_44690	-0.134	7.717	0.54	1	0.53	0.95	983	782	658	922	712	1027	1140	851	478	1142	538	1192
PA14_46610	PA14_46610	-0.17	3.846	0.54	1	0.49	0.94	51	53	54	66	58	52	59	58	39	82	44	61
PA14_47180	cyoC	-0.501	0.91	0.54	1	0.51	0.95	3	5	5	6	3	10	4	5	4	7	2	11
PA14_48330	PA14_48330	-0.739	0.353	0.54	1	0.65	0.99	1	2	4	3	3	4	1	2	3	4	2	5
PA14_48510	PA14_48510	0.876	0.158	0.54	1	0.44	0.93	4	3	2	2	1	2	5	3	1	2	1	2
PA14_48710	PA14_48710	0.194	4.175	0.54	1	0.38	0.93	72	76	81	59	67	74	84	83	59	73	51	86
PA14_49580	PA14_49580	-0.253	2.515	0.54	1	0.59	0.97	25	10	22	32	16	19	29	11	16	39	12	22
PA14_49710	yedU	-0.146	5.602	0.54	1	0.42	0.93	188	201	163	212	205	194	218	218	118	263	155	226
PA14_51720	tolB	-0.108	8.068	0.54	1	0.58	0.97	993	1139	994	991	1026	1351	1152	1239	723	1228	776	1569
PA14_55150	PA14_55150	-0.2	3.131	0.54	1	0.51	0.95	26	33	34	36	33	36	30	36	25	45	25	42
PA14_58990	PA14_58990	-0.165	3.788	0.54	1	0.53	0.95	47	53	51	54	49	66	55	58	37	67	37	76
PA14_59110	PA14_59110	0.191	4.078	0.54	1	0.47	0.94	52	78	84	49	76	64	61	85	62	61	58	74
PA14_63650	PA14_63650	-0.355	2.353	0.54	1	0.43	0.93	29	9	12	25	15	23	33	10	8	31	11	27
PA14_64190	fis	0.199	3.842	0.54	1	0.4	0.93	56	68	54	56	52	48	65	74	39	69	39	56
PA14_64640	PA14_64640	-0.159	4.338	0.54	1	0.53	0.95	98	67	61	101	67	85	113	73	44	124	50	99
PA14_64650	ureE	-0.516	0.934	0.54	1	0.52	0.95	5	5	3	6	3	10	6	5	2	7	2	11
PA14_65150	rplI	0.153	5.826	0.54	1	0.41	0.93	236	222	259	196	231	219	274	242	189	243	175	254
PA14_65210	PA14_65210	-0.14	9.728	0.54	1	0.54	0.95	2623	3282	3874	2640	4107	4024	3043	3569	2820	3271	3110	4673
PA14_65230	purA	0.214	9.398	0.54	1	0.43	0.93	2237	2958	3582	2411	3577	1577	2595	3217	2608	2986	2710	1833
PA14_65270	hflC	0.131	9.299	0.54	1	0.55	0.96	2150	3021	2806	2439	2931	1915	2494	3285	2042	3021	2220	2225
PA14_65280	hflK	0.115	8.552	0.54	1	0.55	0.96	1522	1549	1653	1397	1712	1254	1766	1685	1203	1730	1297	1457
PA14_65690	icc	0.185	4.226	0.54	1	0.4	0.93	73	83	81	74	75	59	85	90	59	92	57	69
PA14_65940	PA14_65940	-0.189	3.115	0.54	1	0.58	0.97	30	27	38	44	36	27	35	29	28	54	27	32
PA14_66570	gltB	0.173	9.446	0.54	1	0.47	0.94	2652	2833	3466	2843	3340	1758	3077	3081	2523	3521	2530	2043
PA14_68470	PA14_68470	-0.199	9.301	0.54	1	0.4	0.93	1828	2658	2628	2500	3566	2104	2121	2891	1913	3097	2701	2444
PA14_68700	ompR	0.132	6.641	0.54	1	0.45	0.94	454	390	414	375	404	370	527	424	301	465	306	430
PA14_68720	PA14_68720	-0.291	2.234	0.54	1	0.47	0.94	14	14	18	20	23	12	16	15	13	25	18	14
PA14_69310	PA14_69310	0.131	6.001	0.54	1	0.51	0.95	281	281	244	272	263	203	326	306	177	337	199	236
PA14_69340	PA14_69340	0.145	6.753	0.54	1	0.4	0.93	438	460	468	431	428	376	508	500	341	534	324	437
PA14_70400	PA14_70400	-0.14	6.598	0.54	1	0.49	0.94	418	312	383	313	433	482	484	340	279	388	328	559
PA14_71210	PA14_71210	-0.156	4.018	0.54	1	0.51	0.95	54	59	67	72	67	60	63	64	49	89	51	70
PA14_72200	prfH	-0.444	1.211	0.54	1	0.45	0.94	6	4	9	9	13	4	7	4	7	11	10	5
EBG00001225133	tmRNA	0.212	7.767	0.55	1	0.36	0.92	766	1058	1003	1069	778	593	889	1150	730	1323	589	689
EBG00001225168	tRNA	0.632	1.387	0.55	1	0.24	0.88	10	4	16	6	2	12	12	5	12	7	1	13
PA14_02150	PA14_02150	-0.21	2.805	0.55	1	0.57	0.97	26	24	25	34	22	29	30	26	18	42	16	34
PA14_02470	pntB	0.15	5.968	0.55	1	0.4	0.93	249	288	254	238	227	247	289	313	185	295	172	287
PA14_03930	spuE	0.131	6.884	0.55	1	0.5	0.94	436	492	563	410	542	410	506	535	410	508	411	477
PA14_04150	ycgM	0.14	7.596	0.55	1	0.44	0.93	822	820	809	828	736	661	954	892	589	1025	557	768
PA14_05220	PA14_05220	-0.113	5.678	0.55	1	0.56	0.96	191	217	180	233	183	220	222	236	131	288	138	256
PA14_05630	PA14_05630	-0.154	4.659	0.55	1	0.46	0.94	98	91	96	110	116	93	114	99	70	136	88	108
PA14_09470	phzB1	-0.113	7.109	0.55	1	0.59	0.97	521	624	454	599	441	689	605	678	330	742	333	800
PA14_09580	PA14_09580	0.211	4.566	0.55	1	0.42	0.93	139	72	89	98	75	86	160	79	64	121	56	100
PA14_10370	choS	-0.227	2.891	0.55	1	0.41	0.93	25	28	24	28	32	30	29	30	17	35	24	35
PA14_10910	phlE	0.354	5.291	0.55	1	0.3	0.9	278	142	101	176	81	151	321	155	72	217	60	175
PA14_10960	PA14_10960	-0.479	1.277	0.55	1	0.48	0.94	10	5	4	12	2	11	11	5	3	15	1	13
PA14_11250	PA14_11250	-0.116	7.539	0.55	1	0.52	0.95	759	727	670	745	737	853	880	791	487	923	558	991
PA14_13880	PA14_13880	-0.756	0.044	0.55	1	0.36	0.92	2	3	1	6	4	1	2	3	1	7	3	1
PA14_17670	PA14_17670	-0.113	5.773	0.55	1	0.61	0.98	210	185	236	176	225	280	244	201	172	219	170	325
PA14_19050	metG	-0.117	8.776	0.55	1	0.51	0.95	1684	1757	1649	1837	1903	1782	1954	1911	1200	2276	1441	2070
PA14_21790	rdgC	-0.163	4.031	0.55	1	0.54	0.95	67	58	58	55	55	94	77	63	42	69	41	108
PA14_22050	htrB	0.155	6.138	0.55	1	0.39	0.93	295	286	312	296	272	233	342	311	227	366	206	271
PA14_24340	PA14_24340	-0.14	4.212	0.55	1	0.57	0.97	70	66	71	73	64	91	81	72	52	90	48	105
PA14_24560	pelG	-0.181	3.186	0.55	1	0.6	0.98	30	28	39	35	33	41	35	31	29	43	25	48
PA14_25340	nqrE	-0.144	4.958	0.55	1	0.47	0.94	118	112	123	120	142	129	137	122	90	149	108	150
PA14_25470	PA14_25470	-0.131	6.813	0.55	1	0.46	0.94	436	485	372	452	455	511	506	527	270	560	344	593
PA14_25760	holB	0.149	5.636	0.55	1	0.43	0.93	196	214	216	195	203	167	228	233	157	242	154	194
PA14_27580	PA14_27580	0.156	6.513	0.55	1	0.37	0.93	410	383	366	372	302	366	476	417	266	460	228	425
PA14_28040	PA14_28040	-0.247	2.45	0.55	1	0.46	0.94	15	23	18	22	19	26	18	25	13	27	14	30
PA14_28300	PA14_28300	-0.316	1.823	0.55	1	0.43	0.93	15	8	11	15	13	14	17	9	8	19	10	16
PA14_30760	PA14_30760	-0.117	4.257	0.55	1	0.68	0.99	67	66	86	67	65	103	78	72	63	84	49	119
PA14_31300	PA14_31300	0.163	6.609	0.55	1	0.39	0.93	377	385	484	314	380	418	438	419	353	390	288	485
PA14_31330	PA14_31330	-0.176	3.061	0.55	1	0.64	0.99	24	27	41	32	33	37	28	29	31	40	25	43
PA14_33860	lldA	0.157	5.164	0.55	1	0.45	0.94	164	146	141	163	133	108	190	159	102	201	101	126
PA14_34050	PA14_34050	0.222	3.264	0.55	1	0.43	0.93	38	42	37	31	34	35	44	46	27	39	26	41
PA14_34130	PA14_34130	0.187	4.454	0.55	1	0.42	0.93	101	94	83	106	69	69	117	102	60	130	52	80
PA14_34960	opbA	-0.149	6.519	0.55	1	0.44	0.93	301	402	344	366	464	333	350	437	250	454	352	387
PA14_36050	PA14_36050	0.276	2.26	0.55	1	0.52	0.95	21	22	13	15	18	14	24	24	9	19	14	16
PA14_37950	cynT	0.306	2.227	0.55	1	0.46	0.94	25	14	15	15	12	16	29	15	11	19	9	19
PA14_38010	PA14_38010	0.161	4.172	0.55	1	0.5	0.94	83	74	69	70	76	57	96	80	50	87	58	66
PA14_39320	rbsC	0.206	5.818	0.55	1	0.45	0.94	221	209	298	191	307	134	257	227	218	237	234	156
PA14_41050	dnaQ	0.128	6.328	0.55	1	0.51	0.95	312	357	341	321	357	248	362	388	248	397	271	288
PA14_42780	PA14_42780	0.135	5.269	0.55	1	0.5	0.94	158	168	158	136	170	137	183	183	115	169	129	159
PA14_44230	PA14_44230	0.456	1.302	0.55	1	0.37	0.93	11	9	6	10	2	7	13	10	4	12	1	8
PA14_44630	dnaX	-0.115	8.43	0.55	1	0.54	0.95	1494	1348	1163	1545	1316	1478	1733	1466	846	1913	996	1717
PA14_44860	allA	-0.113	7.086	0.55	1	0.53	0.95	511	484	581	499	622	584	593	527	423	619	471	678
PA14_45760	fliQ	0.364	1.804	0.55	1	0.4	0.93	14	14	13	11	8	11	16	15	9	14	6	13
PA14_46440	PA14_46440	0.145	6.059	0.55	1	0.47	0.94	287	232	323	251	296	215	333	253	236	311	225	250
PA14_46920	gltJ	-0.139	4.684	0.55	1	0.5	0.94	110	90	92	113	98	110	127	98	67	140	74	128
PA14_47280	phnX	0.142	5.031	0.55	1	0.53	0.95	123	147	141	128	152	94	143	160	103	158	116	110
PA14_50500	PA14_50500	-0.14	6.546	0.55	1	0.49	0.94	297	375	401	335	488	361	345	408	292	415	370	419
PA14_51090	PA14_51090	-0.239	2.614	0.55	1	0.51	0.95	18	27	17	22	19	31	21	29	12	28	14	36
PA14_53390	PA14_53390	-0.286	3.831	0.55	1	0.4	0.93	74	44	32	66	38	78	85	48	22	82	28	90
PA14_54890	PA14_54890	0.152	7.62	0.55	1	0.42	0.93	714	846	945	708	801	744	829	920	688	877	607	864
PA14_55240	PA14_55240	0.206	3.801	0.55	1	0.39	0.93	59	50	65	52	53	46	68	55	48	64	40	54
PA14_57330	murC	0.107	7.276	0.55	1	0.58	0.97	608	700	635	576	711	519	705	761	462	714	539	603
PA14_61020	ankB	0.206	3.762	0.55	1	0.4	0.93	59	53	58	54	48	45	68	58	42	67	36	52
PA14_61280	PA14_61280	-0.106	6.234	0.55	1	0.57	0.97	311	273	287	310	275	352	361	297	209	384	208	408
PA14_61540	csuD	0.175	3.165	0.55	1	0.65	0.99	50	31	30	24	42	34	57	34	21	30	32	39
PA14_61590	PA14_61590	-0.219	7.993	0.55	1	0.44	0.93	795	1020	1033	1473	1263	578	923	1109	752	1823	957	673
PA14_61610	PA14_61610	-0.307	7.558	0.55	1	0.35	0.92	723	779	533	1440	574	505	839	847	387	1780	433	588
PA14_66410	PA14_66410	0.144	7.384	0.55	1	0.42	0.93	722	695	701	708	628	581	838	756	510	877	475	675
PA14_67270	proV	0.184	4.34	0.55	1	0.4	0.93	79	84	92	68	78	78	92	91	67	84	59	91
PA14_68560	drgA	-0.182	4.884	0.55	1	0.49	0.94	109	106	114	92	99	181	126	115	83	115	74	209
PA14_68920	PA14_68920	0.131	6.101	0.55	1	0.48	0.94	317	268	276	238	275	276	368	292	201	295	208	321
PA14_68980	ubiH	0.138	6.356	0.55	1	0.49	0.94	379	298	357	360	339	241	439	324	260	445	257	280
PA14_70600	hupA	-0.106	11.082	0.55	1	0.6	0.98	8090	9846	7365	8727	8024	10483	9385	10708	5359	10810	6074	12176
PA14_71590	PA14_71590	-0.159	9.87	0.55	1	0.49	0.94	4224	3828	2658	4024	3125	4811	4899	4163	1933	4984	2365	5587
PA14_73420	rnpA	-0.209	8.386	0.55	1	0.41	0.93	1423	1339	992	1230	1058	2049	1650	1456	721	1524	800	2379
PA14_02180	cheB	0.394	1.409	0.56	1	0.58	0.97	13	10	5	7	12	2	15	11	3	9	10	3
PA14_02870	PA14_02870	0.179	4.313	0.56	1	0.45	0.93	96	68	88	82	74	66	111	74	64	101	56	77
PA14_03010	PA14_03010	0.128	5.424	0.56	1	0.52	0.95	169	189	179	152	192	149	196	205	130	188	146	173
PA14_03120	PA14_03120	0.199	3.849	0.56	1	0.41	0.93	51	74	57	53	48	57	60	80	41	66	36	66
PA14_03130	PA14_03130	0.176	4.293	0.56	1	0.43	0.93	76	89	80	65	71	80	88	97	58	81	54	93
PA14_04210	PA14_04210	-0.203	3.296	0.56	1	0.44	0.93	45	27	31	41	40	39	52	30	22	51	30	45
PA14_04730	PA14_04730	-0.082	6.436	0.56	1	0.67	0.99	353	324	339	396	293	384	409	352	247	490	221	446
PA14_07010	PA14_07010	0.2	3.833	0.56	1	0.46	0.94	71	42	64	42	50	61	82	46	47	53	38	71
PA14_07070	PA14_07070	-0.125	5.673	0.56	1	0.54	0.96	240	167	176	223	188	226	278	182	128	276	142	262
PA14_07290	ygjP	-0.181	4.832	0.56	1	0.41	0.93	122	103	91	92	136	133	141	112	66	115	103	154
PA14_11970	PA14_11970	-0.099	6.636	0.56	1	0.61	0.98	442	350	366	417	348	474	512	381	266	516	263	550
PA14_13200	PA14_13200	0.153	5.074	0.56	1	0.43	0.93	137	141	146	123	138	120	159	153	106	153	105	139
PA14_13530	PA14_13530	0.282	2.366	0.56	1	0.43	0.93	18	25	18	13	16	21	21	27	13	17	12	24
PA14_17170	ompH	-0.096	7.257	0.56	1	0.61	0.98	485	661	643	591	651	669	563	719	468	732	493	777
PA14_19190	sfcA	-0.112	7.578	0.56	1	0.53	0.95	737	701	782	764	858	777	855	763	569	946	650	903
PA14_21580	PA14_21580	0.145	4.497	0.56	1	0.62	0.98	117	86	79	98	102	56	135	94	57	121	78	66
PA14_25270	aroP1	0.169	5.59	0.56	1	0.4	0.93	162	212	238	182	195	166	188	231	174	226	148	193
PA14_26330	PA14_26330	0.16	5.106	0.56	1	0.49	0.94	136	121	177	124	158	107	158	132	130	154	120	125
PA14_29490	hplR	0.175	4.326	0.56	1	0.49	0.94	74	80	98	78	90	56	86	87	72	96	69	65
PA14_30620	PA14_30620	-0.134	8.518	0.56	1	0.48	0.94	1531	1550	1149	1550	1507	1586	1776	1686	835	1920	1141	1842
PA14_30910	trbE	0.319	2.634	0.56	1	0.35	0.92	16	27	37	20	19	24	19	29	28	25	14	28
PA14_32750	PA14_32750	0.198	3.402	0.56	1	0.49	0.94	41	46	43	39	46	30	48	50	31	48	35	35
PA14_35620	pslK	0.451	1.957	0.56	1	0.31	0.9	22	7	18	13	5	16	25	8	13	16	3	18
PA14_35690	pslE	-0.179	4.27	0.56	1	0.55	0.96	73	65	74	64	58	118	85	71	54	80	43	136
PA14_36150	PA14_36150	0.536	0.682	0.56	1	0.49	0.94	7	7	3	5	3	4	8	8	2	6	2	5
PA14_37360	PA14_37360	0.4	2.633	0.56	1	0.38	0.93	17	23	40	22	29	9	20	25	30	27	23	11
PA14_37630	PA14_37630	0.316	3.199	0.56	1	0.37	0.93	56	26	36	31	19	44	64	29	26	38	14	51
PA14_37980	PA14_37980	-0.397	1.508	0.56	1	0.36	0.92	13	5	5	10	12	9	15	6	3	13	9	11
PA14_40660	PA14_40660	-0.356	1.513	0.56	1	0.57	0.97	8	7	9	7	8	16	9	8	7	9	6	18
PA14_41160	PA14_41160	-0.134	4.426	0.56	1	0.55	0.96	71	88	85	92	86	90	83	96	62	114	65	104
PA14_41330	PA14_41330	-0.102	5.409	0.56	1	0.66	0.99	162	155	176	151	145	231	188	169	128	188	109	268
PA14_42500	pcrD	0.135	6.586	0.56	1	0.43	0.93	375	436	400	363	380	360	435	474	291	450	288	418
PA14_45970	PA14_45970	0.156	5.403	0.56	1	0.44	0.93	200	170	163	190	143	144	232	185	118	235	108	168
PA14_47250	PA14_47250	0.227	3.612	0.56	1	0.4	0.93	44	44	66	46	50	35	51	48	49	57	38	41
PA14_51300	perM	-0.082	5.6	0.56	1	0.72	0.99	164	203	198	188	158	250	191	221	144	233	119	290
PA14_51820	aspS	-0.111	8.221	0.56	1	0.53	0.95	1147	1182	1141	1143	1264	1342	1330	1286	830	1416	957	1558
PA14_53490	PA14_53490	-0.165	4.517	0.56	1	0.49	0.94	76	115	63	98	89	99	88	125	45	121	67	115
PA14_53890	PA14_53890	-0.497	1.842	0.56	1	0.38	0.93	19	8	4	15	7	22	22	9	2	19	5	25
PA14_54470	PA14_54470	-0.19	4.967	0.56	1	0.47	0.94	122	126	98	109	98	188	141	137	71	136	73	217
PA14_55280	PA14_55280	0.292	2.401	0.56	1	0.45	0.93	14	21	28	17	23	12	17	23	21	21	18	14
PA14_55770	pitA	-0.135	5.483	0.56	1	0.47	0.94	165	182	165	164	193	206	191	198	120	204	146	239
PA14_57590	rplM	-0.14	8.404	0.56	1	0.5	0.94	1051	1541	1309	1203	1685	1412	1220	1676	953	1491	1276	1640
PA14_57900	PA14_57900	0.15	5.815	0.56	1	0.41	0.93	219	256	239	216	213	213	254	278	174	268	161	248
PA14_59250	pilN2	0.207	3.397	0.56	1	0.49	0.94	41	47	44	27	38	49	48	51	32	34	29	57
PA14_60040	PA14_60040	-0.114	7.845	0.56	1	0.53	0.95	898	978	792	1042	925	922	1042	1063	576	1290	700	1071
PA14_60120	dcd2	-0.094	8.083	0.56	1	0.62	0.98	879	1135	1161	1099	1200	1089	1020	1234	845	1361	909	1265
PA14_62300	phuT	-0.104	6.293	0.56	1	0.58	0.97	281	346	285	373	300	306	326	376	207	461	227	356
PA14_62780	yhbC	-0.114	7.617	0.56	1	0.53	0.95	701	845	733	806	832	829	813	919	533	998	630	963
PA14_63900	PA14_63900	-0.121	6.814	0.56	1	0.51	0.95	395	447	457	487	536	391	459	486	333	603	406	455
PA14_64000	PA14_64000	-0.138	4.715	0.56	1	0.52	0.95	104	101	94	99	101	129	120	110	68	123	76	149
PA14_64800	vanA	0.221	4.63	0.56	1	0.42	0.93	103	79	135	95	115	61	120	86	99	118	88	72
PA14_65010	PA14_65010	-0.264	2.614	0.56	1	0.41	0.93	31	17	14	23	25	28	35	19	10	29	19	32
PA14_65220	PA14_65220	-0.191	8.187	0.56	1	0.43	0.93	892	1122	1284	816	1560	1387	1035	1220	935	1012	1182	1611
PA14_65410	orn	-0.096	7.13	0.56	1	0.61	0.98	486	514	638	537	636	577	564	559	465	665	482	670
PA14_67620	PA14_67620	-0.238	2.245	0.56	1	0.61	0.98	20	8	19	25	15	14	23	9	14	31	11	17
PA14_68080	PA14_68080	-0.129	4.843	0.56	1	0.63	0.98	109	121	94	135	77	142	127	132	68	167	57	165
PA14_68580	pckA	-0.121	7.079	0.56	1	0.5	0.94	530	486	547	478	611	611	615	529	398	593	463	710
PA14_69030	PA14_69030	0.176	6.51	0.56	1	0.42	0.93	477	365	324	350	259	422	553	397	235	434	195	490
PA14_70060	PA14_70060	0.185	4.237	0.56	1	0.39	0.93	83	72	82	66	67	74	96	78	60	82	51	86
PA14_70740	PA14_70740	-0.119	8.475	0.56	1	0.55	0.96	1458	1566	1105	1619	1336	1528	1691	1703	803	2005	1011	1775
PA14_71310	etfB-1	-0.992	0.051	0.56	1	0.42	0.93	3	0	1	6	0	2	3	0	1	7	0	2
PA14_00770	PA14_00770	-0.165	3.661	0.57	1	0.55	0.96	47	38	53	58	59	38	55	42	39	72	45	45
PA14_01040	PA14_01040	-0.203	2.846	0.57	1	0.59	0.98	16	24	36	26	36	25	19	26	27	32	28	29
PA14_02190	cheD	-0.458	0.891	0.57	1	0.45	0.93	5	5	5	9	8	4	6	5	4	11	6	5
PA14_03430	gabD	0.096	8.544	0.57	1	0.65	0.99	1519	1572	1576	1520	1794	1054	1762	1710	1147	1882	1359	1225
PA14_04160	PA14_04160	-0.091	6.295	0.57	1	0.64	0.99	294	317	304	301	276	397	341	345	221	373	208	460
PA14_05160	PA14_05160	-0.106	7.369	0.57	1	0.56	0.96	611	616	698	614	743	714	709	670	508	761	563	829
PA14_07430	PA14_07430	-0.135	4.59	0.57	1	0.54	0.95	92	91	88	86	93	119	107	99	64	107	70	138
PA14_09480	phzA1	-0.108	6.567	0.57	1	0.62	0.98	381	332	387	337	319	528	442	361	282	418	241	612
PA14_09920	PA14_09920	0.257	2.497	0.57	1	0.47	0.94	26	16	25	15	23	18	30	18	18	19	18	21
PA14_10600	hpaX	0.179	4.031	0.57	1	0.44	0.93	73	62	71	51	61	70	85	67	52	64	46	81
PA14_12710	PA14_12710	0.22	3.476	0.57	1	0.42	0.93	35	49	56	34	43	42	41	53	41	42	33	49
PA14_13680	PA14_13680	0.24	2.839	0.57	1	0.48	0.94	36	31	21	34	18	22	41	34	15	42	13	26
PA14_14370	PA14_14370	-0.2	3.335	0.57	1	0.44	0.93	41	31	36	39	48	37	47	34	26	49	37	43
PA14_16290	PA14_16290	-0.073	7.128	0.57	1	0.71	0.99	545	584	517	649	444	637	632	635	376	803	335	740
PA14_16660	cadA	0.105	7.567	0.57	1	0.58	0.97	835	817	723	808	790	612	968	888	526	1000	598	711
PA14_16820	PA14_16820	0.122	7.196	0.57	1	0.51	0.95	616	555	674	534	650	511	714	604	491	662	493	594
PA14_16980	PA14_16980	-0.192	3.622	0.57	1	0.44	0.93	52	42	40	53	59	44	60	46	29	65	45	51
PA14_17050	map	0.109	8.838	0.57	1	0.55	0.96	2070	1857	1822	1730	1837	1765	2401	2020	1326	2143	1391	2050
PA14_17610	potD	-0.179	3.576	0.57	1	0.49	0.94	48	39	41	37	48	61	55	43	30	47	36	70
PA14_19610	PA14_19610	-0.163	4.498	0.57	1	0.42	0.93	88	91	72	95	100	88	102	99	52	118	76	102
PA14_21660	PA14_21660	-0.37	1.451	0.57	1	0.42	0.93	12	6	6	11	12	9	14	7	4	14	9	11
PA14_22570	csaA	0.154	4.95	0.57	1	0.47	0.94	129	145	112	110	104	134	150	158	81	137	78	155
PA14_25160	lexA	-0.094	6.488	0.57	1	0.59	0.98	327	335	388	378	380	361	379	364	283	468	288	419
PA14_25800	PA14_25800	-0.11	7.225	0.57	1	0.57	0.97	509	683	545	562	605	708	591	743	396	696	458	822
PA14_26910	moxR	0.111	6.486	0.57	1	0.53	0.95	372	393	355	317	384	338	432	427	258	393	291	393
PA14_27620	PA14_27620	-0.116	6.116	0.57	1	0.62	0.98	185	272	345	247	331	290	215	296	252	306	251	337
PA14_27990	PA14_27990	-0.099	8.452	0.57	1	0.6	0.98	1178	1488	1426	1492	1560	1330	1367	1618	1038	1848	1181	1545
PA14_28430	PA14_28430	-0.149	3.878	0.57	1	0.54	0.96	52	56	55	61	53	66	60	61	40	75	40	76
PA14_29440	PA14_29440	0.16	4.269	0.57	1	0.52	0.95	96	72	71	82	70	62	111	78	51	101	53	72
PA14_30320	ycaJ	0.125	7.316	0.57	1	0.52	0.95	678	594	736	630	706	507	787	646	536	780	535	589
PA14_31500	PA14_31500	0.172	7.31	0.57	1	0.52	0.95	728	605	699	742	741	321	844	658	509	918	562	374
PA14_32780	PA14_32780	-0.33	1.572	0.57	1	0.57	0.97	10	4	12	10	8	13	11	5	9	13	6	15
PA14_33810	pvdA	-0.111	6.603	0.57	1	0.56	0.96	311	453	363	378	406	433	361	492	264	468	307	503
PA14_34200	msuC	0.194	3.767	0.57	1	0.4	0.93	54	55	63	46	53	52	63	60	46	57	40	60
PA14_36290	yncB	0.183	3.778	0.57	1	0.51	0.95	64	44	62	43	56	50	74	48	45	54	43	58
PA14_40710	PA14_40710	-0.185	4.946	0.57	1	0.48	0.94	122	134	85	121	92	175	141	146	61	150	69	202
PA14_40840	sohB	0.123	8.516	0.57	1	0.53	0.95	1414	1486	1720	1384	1637	1222	1641	1616	1252	1715	1240	1420
PA14_42180	PA14_42180	0.157	7.946	0.57	1	0.41	0.93	1131	977	1036	966	771	1082	1312	1063	754	1196	583	1256
PA14_43130	PA14_43130	-0.097	5.376	0.57	1	0.63	0.99	147	152	182	188	167	158	171	165	133	232	126	184
PA14_44090	PA14_44090	-0.192	3.596	0.57	1	0.47	0.94	34	54	43	37	59	53	40	58	31	47	45	62
PA14_44180	PA14_44180	-0.121	5.808	0.57	1	0.5	0.94	227	221	198	250	226	227	263	240	144	309	171	264
PA14_45170	PA14_45170	0.179	3.174	0.57	1	0.62	0.98	43	38	27	32	39	26	50	41	19	40	30	30
PA14_45700	PA14_45700	0.214	3.151	0.57	1	0.45	0.94	36	37	36	32	37	26	42	40	26	40	28	30
PA14_46910	ybeJ	-0.093	8.332	0.57	1	0.61	0.98	1214	1334	1225	1291	1234	1497	1408	1451	891	1599	934	1739
PA14_47360	PA14_47360	0.164	5.695	0.57	1	0.36	0.92	207	208	243	199	192	194	240	226	177	247	145	225
PA14_48740	yieF	0.145	5.41	0.57	1	0.51	0.95	214	152	167	194	156	132	248	166	121	240	118	154
PA14_49290	PA14_49290	-0.168	4.105	0.57	1	0.51	0.95	78	52	59	55	70	88	90	57	43	69	53	102
PA14_50440	flgF	-0.137	5.035	0.57	1	0.5	0.94	119	142	113	123	132	156	138	154	82	153	100	181
PA14_50950	PA14_50950	0.202	5.558	0.57	1	0.34	0.91	182	215	210	221	129	175	211	234	153	273	97	203
PA14_53610	PA14_53610	-0.197	5.462	0.57	1	0.44	0.93	108	200	185	164	244	157	126	217	135	203	186	183
PA14_54690	ywnB	0.194	3.797	0.57	1	0.4	0.93	56	58	62	53	52	48	65	63	45	66	39	56
PA14_55050	PA14_55050	-0.127	10.16	0.57	1	0.57	0.97	3341	4758	5154	4620	5853	4004	3876	5175	3752	5723	4432	4651
PA14_55060	PA14_55060	-0.124	5.72	0.57	1	0.53	0.95	183	212	213	184	239	240	212	231	155	228	181	279
PA14_55070	PA14_55070	0.165	5.294	0.57	1	0.41	0.93	146	178	172	130	139	172	170	193	125	162	105	199
PA14_56620	PA14_56620	-0.125	5.617	0.57	1	0.52	0.95	190	179	194	169	214	231	220	195	141	210	162	268
PA14_56660	PA14_56660	0.222	2.79	0.57	1	0.54	0.95	38	28	19	30	21	21	44	30	13	37	16	25
PA14_56770	PA14_56770	0.386	1.53	0.57	1	0.4	0.93	10	12	10	8	6	10	12	13	7	10	4	12
PA14_56870	PA14_56870	0.184	4.612	0.57	1	0.36	0.92	96	102	111	93	82	96	112	111	81	115	62	111
PA14_57250	PA14_57250	-0.107	6.502	0.57	1	0.54	0.95	327	392	334	383	361	391	380	426	243	474	273	454
PA14_57600	PA14_57600	0.127	6.263	0.57	1	0.53	0.95	308	323	334	325	337	222	357	351	243	402	256	258
PA14_60030	PA14_60030	-0.185	12.016	0.57	1	0.46	0.94	11818	17913	17262	18419	22680	12325	13709	19482	12563	22815	17171	14316
PA14_60250	pilS	-0.1	4.953	0.57	1	0.66	0.99	101	128	127	140	114	126	117	139	93	173	86	146
PA14_60380	ribF	-0.118	5.91	0.57	1	0.5	0.94	235	234	223	251	243	257	273	254	162	311	184	298
PA14_60900	PA14_60900	0.155	4.563	0.57	1	0.5	0.94	96	103	98	99	99	70	112	112	71	122	75	82
PA14_62190	PA14_62190	0.143	6.524	0.57	1	0.48	0.94	440	350	374	439	332	283	510	381	272	543	251	329
PA14_63710	gtrB	0.719	0.357	0.57	1	0.36	0.92	5	1	5	2	1	4	6	1	4	2	1	4
PA14_65480	rhdA	-0.144	4.533	0.57	1	0.58	0.97	105	83	71	107	66	112	121	90	51	132	49	130
PA14_66460	PA14_66460	-0.231	4.013	0.57	1	0.39	0.93	51	66	56	63	94	49	59	72	41	78	72	57
PA14_69580	PA14_69580	0.122	7.512	0.57	1	0.52	0.95	803	780	715	809	719	585	931	848	520	1001	544	680
PA14_69620	PA14_69620	-0.142	4.111	0.57	1	0.58	0.97	69	55	71	56	69	90	80	60	52	70	52	104
PA14_69770	PA14_69770	0.114	7.626	0.57	1	0.54	0.95	813	813	859	713	871	713	943	884	625	884	660	828
PA14_69870	pchP	-0.095	5.921	0.57	1	0.61	0.98	214	237	254	252	241	258	248	258	185	312	182	300
PA14_71710	mtr	-0.109	5.417	0.57	1	0.62	0.98	167	178	146	170	136	223	194	193	106	211	102	258
PA14_71930	wbpX	0.152	5.172	0.57	1	0.43	0.93	138	156	162	129	149	133	160	170	118	160	113	154
EBG00001225083	P16	-0.122	4.392	0.58	1	0.63	0.98	56	87	95	71	92	95	66	94	70	89	70	110
PA14_00720	PA14_00720	-0.113	7.392	0.58	1	0.55	0.96	711	615	625	607	692	811	825	669	455	753	524	942
PA14_04950	mtgA	0.199	3.573	0.58	1	0.46	0.94	61	35	55	45	45	40	70	38	40	56	34	47
PA14_05420	chpD	0.243	2.62	0.58	1	0.48	0.94	29	20	25	21	24	18	33	22	18	26	18	21
PA14_09730	dapA	-0.362	1.36	0.58	1	0.53	0.95	9	5	8	13	8	6	10	5	6	16	6	7
PA14_10780	PA14_10780	0.115	5.328	0.58	1	0.6	0.98	213	144	141	149	156	156	246	157	102	185	118	181
PA14_12170	PA14_12170	-0.473	1.468	0.58	1	0.5	0.94	7	6	9	5	5	21	8	7	7	7	3	24
PA14_13870	PA14_13870	-0.247	3.848	0.58	1	0.43	0.93	49	66	38	45	48	89	57	71	27	56	36	102
PA14_13950	PA14_13950	0.202	9.136	0.58	1	0.4	0.93	1817	2302	3172	1854	2668	1815	2108	2504	2310	2297	2021	2109
PA14_16020	PA14_16020	-0.141	7.363	0.58	1	0.54	0.95	454	787	653	762	784	543	527	856	475	943	594	631
PA14_16580	PA14_16580	-0.088	6.971	0.58	1	0.62	0.98	450	514	504	535	498	525	522	559	367	663	377	610
PA14_18880	nth	-0.248	2.467	0.58	1	0.44	0.93	20	20	14	24	21	20	23	22	10	30	16	23
PA14_23630	PA14_23630	0.215	3.663	0.58	1	0.39	0.93	62	42	56	52	35	50	72	46	41	64	26	58
PA14_26990	PA14_26990	-0.159	5.748	0.58	1	0.49	0.94	201	253	154	283	212	185	233	275	111	350	160	215
PA14_27050	PA14_27050	-0.106	8.204	0.58	1	0.55	0.96	1148	1196	1094	1317	1240	1144	1332	1301	796	1631	939	1329
PA14_27490	PA14_27490	-0.519	0.781	0.58	1	0.47	0.94	3	5	4	6	4	6	3	5	3	7	3	7
PA14_27520	gpo	-0.087	6.665	0.58	1	0.71	0.99	337	359	492	352	361	546	391	391	359	437	273	633
PA14_29410	PA14_29410	0.197	5.039	0.58	1	0.4	0.93	148	134	136	170	99	96	172	146	99	209	74	112
PA14_29940	nuoG	0.119	8.126	0.58	1	0.52	0.95	1107	1199	1213	1095	1178	969	1284	1304	883	1356	892	1126
PA14_32850	PA14_32850	-0.149	3.886	0.58	1	0.52	0.95	52	51	61	56	63	62	60	55	45	69	48	72
PA14_33720	pvdN	-0.114	4.611	0.58	1	0.62	0.98	78	108	92	108	89	103	91	117	67	133	67	120
PA14_34750	tauD	-0.156	3.337	0.58	1	0.6	0.98	34	34	42	41	34	47	40	37	31	51	25	54
PA14_36310	hcnC	0.135	7.191	0.58	1	0.45	0.94	667	570	609	620	543	518	774	620	443	767	411	602
PA14_37530	PA14_37530	-0.858	0.008	0.58	1	0.41	0.93	1	1	3	2	4	3	1	1	2	2	3	3
PA14_40060	PA14_40060	0.468	1.03	0.58	1	0.44	0.93	8	7	6	7	4	4	9	8	4	8	3	5
PA14_41730	PA14_41730	-0.084	6.064	0.58	1	0.69	0.99	210	261	311	228	285	315	244	284	227	283	216	365
PA14_41780	PA14_41780	0.129	5.42	0.58	1	0.49	0.94	180	182	175	160	181	152	209	198	127	198	137	177
PA14_42490	pcrR	0.468	0.878	0.58	1	0.44	0.93	6	9	6	5	4	6	7	10	4	6	3	7
PA14_43620	sixA	0.17	4.358	0.58	1	0.48	0.94	109	66	80	86	67	74	126	72	58	106	50	86
PA14_44390	PA14_44390	-0.158	3.773	0.58	1	0.53	0.95	46	61	46	52	52	66	53	66	33	65	39	76
PA14_44480	PA14_44480	0.135	8.301	0.58	1	0.46	0.94	1253	1247	1498	1218	1314	1108	1454	1356	1091	1509	995	1287
PA14_44820	PA14_44820	-0.069	8.757	0.58	1	0.73	1	1602	1533	1979	1520	1757	2087	1859	1667	1441	1883	1330	2424
PA14_44900	PA14_44900	0.142	6.434	0.58	1	0.41	0.93	370	377	348	360	303	328	429	410	253	446	229	381
PA14_46220	potF	0.199	2.985	0.58	1	0.57	0.97	34	38	23	26	30	28	39	41	16	32	23	32
PA14_46630	PA14_46630	-0.13	4.59	0.58	1	0.59	0.97	87	106	79	94	84	119	101	115	57	117	63	138
PA14_46670	PA14_46670	-0.368	2.88	0.58	1	0.33	0.91	34	18	20	16	44	34	39	20	14	21	34	39
PA14_48350	PA14_48350	0.278	2.117	0.58	1	0.54	0.95	17	17	15	13	19	10	20	19	11	16	15	12
PA14_48780	PA14_48780	0.127	5.5	0.58	1	0.5	0.94	193	198	176	171	185	165	224	215	128	212	140	192
PA14_49390	rrmA	0.449	1.055	0.58	1	0.54	0.95	8	9	3	4	5	6	9	10	2	5	4	7
PA14_52290	PA14_52290	0.183	3.362	0.58	1	0.57	0.97	53	41	30	35	32	43	61	45	21	43	24	50
PA14_53570	PA14_53570	-0.098	5.196	0.58	1	0.66	0.99	115	144	167	129	152	174	134	157	122	160	115	202
PA14_54270	yecP	0.29	2.204	0.58	1	0.47	0.94	13	19	23	15	19	11	15	21	17	18	15	13
PA14_54620	PA14_54620	-0.059	6.841	0.58	1	0.77	1	439	454	464	500	360	551	509	494	338	619	272	639
PA14_56170	PA14_56170	-0.203	2.99	0.58	1	0.5	0.94	25	29	30	24	34	38	29	31	22	30	26	44
PA14_58230	PA14_58230	0.216	3.294	0.58	1	0.41	0.93	41	39	41	38	33	33	48	42	30	47	25	38
PA14_60580	PA14_60580	0.166	6.124	0.58	1	0.39	0.93	304	256	326	236	232	321	353	279	238	293	175	372
PA14_61400	mqoB	-0.111	6.912	0.58	1	0.56	0.96	466	511	421	442	467	602	541	556	306	548	353	699
PA14_61470	upp	0.141	6.307	0.58	1	0.44	0.93	299	346	358	323	325	261	347	376	261	400	246	304
PA14_61640	phr	-0.22	6.81	0.58	1	0.43	0.93	372	515	364	738	427	292	432	560	264	912	323	340
PA14_62800	PA14_62800	-0.092	7.694	0.58	1	0.62	0.98	728	859	835	946	877	759	845	934	608	1171	664	882
PA14_63130	PA14_63130	-0.112	4.914	0.58	1	0.67	0.99	124	102	121	114	92	167	144	111	88	142	69	193
PA14_66750	argS	-0.112	6.644	0.58	1	0.52	0.95	415	383	359	448	407	396	481	417	261	555	308	460
PA14_66850	phaD	0.134	4.685	0.58	1	0.56	0.96	112	109	97	96	109	87	130	119	70	119	83	101
PA14_69400	dsbH	0.158	4.928	0.58	1	0.42	0.93	137	122	125	110	106	128	159	133	91	136	80	149
PA14_70570	recG	0.123	6.914	0.58	1	0.47	0.94	522	515	481	459	466	471	606	560	350	568	353	547
PA14_72230	PA14_72230	-0.117	9.238	0.58	1	0.54	0.95	2475	2526	2017	2747	2482	2382	2871	2747	1467	3402	1879	2767
PA14_72380	algB	0.095	7.196	0.58	1	0.61	0.98	635	608	588	537	668	512	736	661	428	666	506	595
PA14_72620	abc	-0.206	3.1	0.58	1	0.49	0.94	36	33	23	30	30	47	41	36	16	37	22	54
EBG00001225025	Bacteria_small_SRP	-0.831	-0.247	0.59	1	0.57	0.97	2	0	3	2	0	4	2	0	2	3	0	5
PA14_00150	PA14_00150	-0.174	4.802	0.59	1	0.41	0.93	109	105	97	96	147	109	126	114	70	120	112	127
PA14_00320	PA14_00320	0.201	2.776	0.59	1	0.59	0.97	30	24	27	21	33	18	35	26	20	26	26	21
PA14_02420	atsK	-0.849	0.101	0.59	1	0.57	0.96	0	3	1	2	1	4	0	3	1	2	1	5
PA14_02610	mdcG	0.339	1.678	0.59	1	0.51	0.95	15	12	9	12	8	8	17	13	6	15	6	9
PA14_03620	PA14_03620	-0.348	1.637	0.59	1	0.46	0.94	13	4	10	10	15	10	15	5	7	12	12	12
PA14_04190	aphA	0.179	3.378	0.59	1	0.55	0.96	43	47	39	29	43	42	50	51	28	37	33	49
PA14_04570	PA14_04570	0.311	2.796	0.59	1	0.41	0.93	22	22	44	19	31	21	26	24	33	24	24	24
PA14_05180	pilT	-0.098	8.141	0.59	1	0.61	0.98	914	1202	1187	1073	1294	1168	1061	1307	864	1329	980	1357
PA14_08430	PA14_08430	0.135	6.134	0.59	1	0.46	0.94	311	309	263	297	238	269	361	336	191	368	180	312
PA14_09610	PA14_09610	0.19	3.158	0.59	1	0.56	0.96	42	32	33	38	37	20	49	35	24	47	28	24
PA14_10850	PA14_10850	-0.202	2.686	0.59	1	0.58	0.97	22	18	27	25	25	26	25	20	20	31	19	30
PA14_14820	ndk	-0.103	8.166	0.59	1	0.57	0.97	1003	1234	1116	1133	1252	1217	1164	1342	812	1404	948	1413
PA14_15720	yfhD	-0.103	7.315	0.59	1	0.56	0.96	654	629	571	653	620	717	758	684	415	809	469	833
PA14_16140	PA14_16140	-0.136	7.749	0.59	1	0.55	0.96	693	772	1014	933	1131	661	804	840	739	1155	857	769
PA14_17630	potB	-0.224	2.097	0.59	1	0.69	0.99	7	13	22	14	17	18	9	14	17	17	13	21
PA14_19065	mrp	0.136	6.502	0.59	1	0.46	0.94	429	323	393	380	346	315	497	351	286	470	262	366
PA14_19370	asnB	-0.106	10.299	0.59	1	0.56	0.96	5340	4848	4513	5199	5095	5530	6194	5273	3284	6440	3857	6423
PA14_19770	PA14_19770	0.185	3.455	0.59	1	0.55	0.96	63	36	38	46	35	39	72	39	27	57	26	45
PA14_21140	PA14_21140	0.266	2.787	0.59	1	0.49	0.94	16	31	38	19	30	21	19	34	28	24	23	25
PA14_21970	PA14_21970	-0.115	4.791	0.59	1	0.63	0.99	80	111	128	100	133	113	93	121	94	124	101	131
PA14_23070	zwf	0.206	8.779	0.59	1	0.54	0.96	1778	2075	1843	2210	2090	638	2063	2257	1341	2736	1583	743
PA14_23690	PA14_23690	0.154	5.872	0.59	1	0.45	0.94	287	202	251	211	190	263	332	220	183	262	143	305
PA14_23770	yafE	0.243	4.471	0.59	1	0.45	0.93	96	70	120	97	102	41	111	76	88	120	78	49
PA14_25220	PA14_25220	-0.126	4.505	0.59	1	0.63	0.99	99	79	80	90	67	124	115	86	58	112	50	143
PA14_28080	PA14_28080	-0.301	2.121	0.59	1	0.47	0.94	9	19	15	9	24	21	11	21	11	12	19	24
PA14_28440	PA14_28440	-0.103	8.702	0.59	1	0.58	0.97	1548	1538	1775	1524	1950	1748	1796	1673	1292	1888	1477	2030
PA14_29150	PA14_29150	0.15	6.08	0.59	1	0.41	0.93	271	280	305	288	259	224	314	305	222	356	196	260
PA14_31350	PA14_31350	0.093	10.616	0.59	1	0.69	0.99	6221	7228	6184	6053	8142	4216	7217	7861	4500	7497	6165	4898
PA14_33370	PA14_33370	-0.48	0.637	0.59	1	0.5	0.94	3	5	4	3	4	10	4	5	3	4	3	11
PA14_34350	mtlY	0.644	0.2	0.59	1	0.4	0.93	3	7	2	5	1	1	4	7	1	6	1	1
PA14_36605	PA14_36605	-0.146	7.526	0.59	1	0.49	0.94	917	547	649	780	845	715	1063	595	472	966	640	831
PA14_37840	PA14_37840	0.165	4.244	0.59	1	0.49	0.94	87	72	77	82	71	57	101	78	56	101	54	67
PA14_37900	PA14_37900	0.15	3.813	0.59	1	0.6	0.98	62	63	46	50	58	48	72	68	33	62	44	56
PA14_38970	PA14_38970	0.999	4.07	0.59	1	0.068	0.7	33	33	205	38	43	58	39	37	154	47	32	67
PA14_43180	PA14_43180	0.216	4.094	0.59	1	0.36	0.92	74	54	88	66	51	68	86	59	65	81	38	79
PA14_47420	PA14_47420	-0.185	3.142	0.59	1	0.6	0.98	36	18	40	25	37	44	41	20	30	32	28	51
PA14_48940	coaB	-0.104	4.287	0.59	1	0.72	0.99	64	67	91	65	74	99	75	73	67	81	56	114
PA14_49280	PA14_49280	-0.157	5.777	0.59	1	0.51	0.95	262	172	187	197	188	306	303	187	136	245	142	355
PA14_51240	purC	0.128	6.889	0.59	1	0.46	0.94	450	513	531	440	492	436	522	558	387	545	373	506
PA14_51940	PA14_51940	0.151	4.627	0.59	1	0.49	0.94	104	110	93	85	87	104	121	120	67	106	66	121
PA14_52990	phhA	0.203	8.401	0.59	1	0.52	0.95	1276	1349	1760	1293	1915	600	1481	1467	1282	1602	1452	698
PA14_53110	PA14_53110	-0.186	3.06	0.59	1	0.6	0.98	33	17	39	27	40	34	38	19	29	34	31	39
PA14_53470	ackA	0.16	6.163	0.59	1	0.45	0.93	378	263	270	288	212	314	438	286	196	357	160	364
PA14_53880	PA14_53880	0.171	4.404	0.59	1	0.41	0.93	90	83	93	81	78	77	104	90	68	100	59	89
PA14_54070	PA14_54070	0.235	5.958	0.59	1	0.39	0.93	381	224	199	214	162	307	441	244	144	265	122	356
PA14_54630	PA14_54630	-0.127	5.271	0.59	1	0.57	0.97	188	131	120	171	130	179	217	143	87	211	98	208
PA14_55220	PA14_55220	0.216	3.074	0.59	1	0.44	0.93	41	32	32	32	25	33	47	35	23	39	19	38
PA14_57670	trpS	-0.111	5.521	0.59	1	0.57	0.97	175	189	164	173	172	225	203	206	119	215	130	261
PA14_57970	PA14_57970	-0.065	8.089	0.59	1	0.75	1	837	1153	1229	1186	1154	1026	971	1254	895	1469	874	1192
PA14_58960	PA14_58960	0.223	3.132	0.59	1	0.46	0.94	26	38	45	26	37	29	30	41	33	33	28	34
PA14_60110	PA14_60110	-0.072	7.691	0.59	1	0.73	0.99	655	921	863	788	793	980	760	1001	628	976	600	1138
PA14_62000	hitA	0.112	7.994	0.59	1	0.55	0.96	1262	940	999	1002	967	994	1463	1023	727	1241	732	1154
PA14_62450	trmA	0.198	4.238	0.59	1	0.4	0.93	92	62	86	74	55	79	106	68	63	92	41	91
PA14_62570	folK	0.214	3.474	0.59	1	0.46	0.94	60	39	38	51	29	38	69	43	27	63	21	44
PA14_64390	ureC	0.223	3.157	0.59	1	0.42	0.93	37	30	42	31	30	32	43	33	31	38	23	37
PA14_65300	hflX	0.154	10.115	0.59	1	0.5	0.94	3853	4511	5790	3818	5434	3466	4470	4906	4215	4729	4115	4026
PA14_65540	fimX	-0.091	7.946	0.59	1	0.62	0.98	874	1040	974	967	1001	1107	1014	1131	709	1198	758	1285
PA14_66610	aroK	0.111	7.248	0.59	1	0.59	0.98	583	608	715	580	727	460	677	661	521	718	551	535
PA14_66680	maeB	-0.1	7.977	0.59	1	0.6	0.98	1011	1045	887	960	952	1242	1173	1136	645	1190	720	1442
PA14_66940	hisI	-0.1	8.169	0.59	1	0.6	0.98	1009	1104	1247	1187	1389	1027	1171	1201	908	1470	1052	1193
PA14_67200	PA14_67200	-0.092	6.353	0.59	1	0.61	0.98	285	330	340	313	336	369	331	359	248	388	254	428
PA14_67740	grx	-0.14	3.188	0.59	1	0.71	0.99	26	32	43	32	31	48	31	35	32	40	23	55
PA14_67830	PA14_67830	0.212	3.435	0.59	1	0.41	0.93	40	42	52	44	41	31	47	46	38	54	31	36
PA14_68040	fixR	-0.106	7.478	0.59	1	0.56	0.96	627	702	746	686	832	715	727	764	543	850	630	831
PA14_68120	opmG	-0.163	3.246	0.59	1	0.67	0.99	44	22	36	41	26	46	51	24	26	51	19	53
PA14_68660	rimK	0.118	5.769	0.59	1	0.57	0.97	204	232	248	198	258	176	237	252	181	245	196	205
PA14_69200	trxA	-0.104	10.841	0.59	1	0.58	0.97	6599	7910	6911	7095	7882	8043	7655	8603	5029	8788	5967	9342
PA14_73050	PA14_73050	0.152	6.935	0.59	1	0.38	0.93	511	515	529	509	419	469	593	560	385	630	317	545
PA14_73330	parB	0.125	8.998	0.59	1	0.56	0.96	1903	2116	2442	2075	2365	1485	2208	2301	1778	2570	1791	1725
PA14_73350	soj	-0.097	8.331	0.59	1	0.6	0.98	1338	1225	1201	1245	1261	1522	1552	1332	874	1542	954	1767
PA14_00100	glyQ	-0.115	4.826	0.6	1	0.57	0.97	113	99	114	120	115	118	131	108	83	148	87	137
PA14_00520	PA14_00520	-0.128	6.191	0.6	1	0.5	0.94	275	267	301	253	368	301	319	290	219	314	279	350
PA14_01680	PA14_01680	-0.329	1.564	0.6	1	0.44	0.93	13	8	6	11	12	12	15	9	4	14	9	14
PA14_02840	pcaD	0.315	2.759	0.6	1	0.43	0.93	43	16	24	31	16	19	49	18	17	38	12	22
PA14_06000	clpA	0.126	6.666	0.6	1	0.51	0.94	383	456	438	437	418	316	445	496	319	541	317	367
PA14_08760	rpoB	-0.094	10.26	0.6	1	0.61	0.98	4350	5368	4654	4855	5129	5360	5046	5838	3387	6014	3883	6226
PA14_09890	ppiC2	-0.157	6.955	0.6	1	0.51	0.95	522	485	408	450	382	745	605	527	296	558	288	864
PA14_11160	PA14_11160	-0.194	2.976	0.6	1	0.48	0.94	33	28	24	35	29	33	38	30	17	43	22	38
PA14_13580	PA14_13580	-0.098	5.763	0.6	1	0.61	0.98	216	185	229	239	230	205	251	201	167	296	174	238
PA14_13590	PA14_13590	0.168	4.194	0.6	1	0.51	0.95	99	60	70	83	59	63	114	66	51	102	44	73
PA14_14730	iscS	-0.082	10.006	0.6	1	0.66	0.99	4115	3688	4299	4104	4265	4435	4773	4011	3129	5084	3229	5151
PA14_15000	PA14_15000	-0.113	4.126	0.6	1	0.68	0.99	63	65	69	75	56	79	73	71	50	93	42	92
PA14_15180	PA14_15180	-0.17	2.857	0.6	1	0.65	0.99	16	28	34	25	29	32	19	30	25	31	22	37
PA14_15450	merD	0.406	1.126	0.6	1	0.52	0.95	7	7	12	7	9	3	8	8	9	9	7	4
PA14_18300	PA14_18300	-0.161	6.007	0.6	1	0.55	0.96	249	230	250	210	189	415	289	250	182	261	142	481
PA14_20200	nosZ	-0.127	3.804	0.6	1	0.67	0.99	45	51	63	46	56	70	53	55	46	58	42	81
PA14_24330	PA14_24330	-0.079	7.252	0.6	1	0.66	0.99	529	646	618	618	604	672	614	702	450	765	457	780
PA14_25090	foaB	0.116	7.847	0.6	1	0.56	0.96	812	1003	1085	779	1031	867	942	1091	790	965	781	1007
PA14_28530	PA14_28530	0.095	6.535	0.6	1	0.61	0.98	387	396	373	352	424	309	449	431	271	436	322	359
PA14_29300	PA14_29300	-0.123	4.794	0.6	1	0.56	0.96	114	99	102	130	112	101	132	108	74	160	85	118
PA14_29575	PA14_29575	0.13	7.733	0.6	1	0.48	0.94	808	969	914	875	824	759	937	1054	665	1084	624	882
PA14_31780	PA14_31780	0.146	4.986	0.6	1	0.61	0.98	144	113	143	129	161	72	167	123	104	160	123	84
PA14_32380	oprN	0.25	2.885	0.6	1	0.37	0.93	27	29	35	27	19	29	31	32	26	33	14	34
PA14_34070	PA14_34070	-0.101	4.647	0.6	1	0.67	0.99	94	101	94	109	83	116	109	110	68	135	62	135
PA14_34080	PA14_34080	-0.097	6.141	0.6	1	0.6	0.98	240	313	267	295	283	299	279	340	194	365	214	347
PA14_34870	chiC	0.073	10.072	0.6	1	0.74	1	4425	5157	3787	4327	5247	3135	5133	5609	2755	5360	3973	3642
PA14_35030	PA14_35030	-0.429	1.263	0.6	1	0.45	0.94	5	10	3	5	7	14	6	11	2	6	5	16
PA14_36110	PA14_36110	0.225	2.833	0.6	1	0.49	0.94	34	25	28	29	24	20	39	27	20	36	18	24
PA14_37910	PA14_37910	-0.153	3.783	0.6	1	0.52	0.95	54	51	47	56	53	59	62	55	34	69	40	69
PA14_41080	PA14_41080	0.186	7.228	0.6	1	0.46	0.94	520	612	800	598	738	363	604	666	583	740	560	422
PA14_41190	ppiD	-0.084	7.783	0.6	1	0.67	0.99	738	866	984	795	992	956	856	942	717	985	751	1110
PA14_41270	PA14_41270	-0.14	4.831	0.6	1	0.48	0.94	111	110	99	105	123	128	129	120	72	130	93	148
PA14_42820	PA14_42820	0.124	6.363	0.6	1	0.52	0.95	373	342	321	379	311	260	432	372	233	469	235	303
PA14_44130	PA14_44130	-0.12	6.97	0.6	1	0.5	0.94	472	546	429	547	549	478	548	594	312	678	416	556
PA14_44560	PA14_44560	0.15	6.089	0.6	1	0.42	0.93	280	258	324	227	252	296	325	281	236	282	191	343
PA14_45660	flhF	0.108	7.967	0.6	1	0.58	0.97	1069	1004	1066	1065	1077	772	1240	1092	776	1319	816	897
PA14_47520	PA14_47520	-0.091	5.7	0.6	1	0.66	0.99	160	223	222	216	218	209	186	242	162	267	165	243
PA14_49000	PA14_49000	-0.376	1.145	0.6	1	0.67	0.99	4	5	9	9	6	8	5	5	7	11	4	9
PA14_51960	rbn	-0.106	6.485	0.6	1	0.55	0.96	310	392	340	354	383	384	360	426	247	439	290	446
PA14_52270	ldhA	-0.117	4.755	0.6	1	0.6	0.98	110	98	98	132	102	98	128	107	71	163	77	114
PA14_53840	PA14_53840	-0.126	12.761	0.6	1	0.56	0.96	28581	31759	20133	28298	26444	33054	33154	34541	14651	35051	20019	38392
PA14_54800	rsuA	-0.195	2.766	0.6	1	0.64	0.99	21	22	30	20	20	43	25	24	22	25	15	49
PA14_56380	PA14_56380	-0.107	5.238	0.6	1	0.61	0.98	164	130	140	146	138	183	190	141	102	181	104	212
PA14_56880	PA14_56880	0.133	6.127	0.6	1	0.47	0.94	307	308	266	258	234	310	356	335	193	320	177	360
PA14_57010	groEL	0.092	8.335	0.6	1	0.63	0.98	1251	1421	1363	1181	1486	1121	1451	1545	992	1463	1126	1302
PA14_58690	PA14_58690	-0.033	11.325	0.6	1	0.87	1	8698	9569	12459	9749	9555	12131	10090	10407	9068	12076	7233	14090
PA14_58770	pilD	0.158	6.621	0.6	1	0.53	0.95	345	415	492	359	520	244	401	451	359	445	395	284
PA14_60700	ccpR	-0.145	4.059	0.6	1	0.58	0.97	51	63	72	74	84	48	60	68	53	92	64	56
PA14_65400	yjeS	-0.095	5.313	0.6	1	0.69	0.99	138	161	161	143	128	218	160	175	117	178	96	252
PA14_65470	PA14_65470	-0.098	5.724	0.6	1	0.6	0.98	206	212	197	215	195	247	239	230	143	266	147	287
PA14_65590	PA14_65590	-0.13	8.49	0.6	1	0.53	0.95	1168	1500	1490	1363	1886	1302	1355	1631	1085	1689	1429	1513
PA14_65605	parC	-0.169	9.976	0.6	1	0.49	0.94	2788	4145	4559	3649	5647	3623	3235	4508	3319	4520	4276	4208
PA14_66480	PA14_66480	0.125	8.523	0.6	1	0.48	0.94	1571	1488	1588	1385	1412	1465	1822	1618	1156	1716	1069	1701
PA14_68850	gcvP1	0.093	7.741	0.6	1	0.65	0.99	880	932	859	913	965	628	1021	1014	625	1131	731	730
PA14_69320	PA14_69320	-0.104	6.157	0.6	1	0.56	0.96	255	280	292	269	315	305	296	304	213	333	239	354
PA14_70430	yicC	-0.092	5.832	0.6	1	0.67	0.99	254	206	201	240	178	285	294	224	146	297	134	331
PA14_72340	gltP	-0.118	4.973	0.6	1	0.57	0.97	116	126	118	117	124	150	135	137	86	145	94	174
PA14_01560	phnA	-0.092	6.151	0.61	1	0.61	0.98	283	246	299	286	297	299	328	268	218	354	225	347
PA14_01980	PA14_01980	0.157	5.708	0.61	1	0.41	0.93	233	201	228	195	167	229	270	219	166	242	126	266
PA14_03920	spuD	0.096	8.284	0.61	1	0.6	0.98	1221	1425	1252	1149	1318	1181	1416	1550	911	1423	998	1372
PA14_04050	PA14_04050	-0.077	6.153	0.61	1	0.68	0.99	266	252	315	270	287	320	309	274	230	335	217	372
PA14_04060	PA14_04060	-0.268	2.035	0.61	1	0.41	0.93	17	14	10	16	17	16	19	15	7	20	13	19
PA14_04860	yhhF	-0.127	3.727	0.61	1	0.67	0.99	61	41	44	64	38	57	70	45	32	79	28	66
PA14_05770	dhT	-0.099	5.525	0.61	1	0.69	0.99	178	165	189	163	145	261	206	180	138	202	109	302
PA14_08030	PA14_08030	-0.105	7.478	0.61	1	0.55	0.96	697	691	688	696	786	752	809	751	501	862	595	874
PA14_08880	rplB	-0.16	8.654	0.61	1	0.51	0.95	1083	1666	1859	1361	2219	1568	1257	1812	1354	1687	1681	1821
PA14_10080	PA14_10080	-0.339	1.398	0.61	1	0.48	0.94	6	10	8	10	14	8	7	11	6	12	11	9
PA14_11740	PA14_11740	0.15	5.678	0.61	1	0.47	0.94	254	186	208	235	163	185	294	203	151	290	123	215
PA14_14360	PA14_14360	0.138	5.625	0.61	1	0.44	0.93	210	198	213	191	186	185	243	215	155	237	141	215
PA14_15200	PA14_15200	0.342	2.665	0.61	1	0.43	0.93	32	30	15	29	8	24	37	33	10	35	5	28
PA14_15780	nagE	0.14	5.435	0.61	1	0.48	0.94	171	164	208	156	186	152	199	179	152	193	141	177
PA14_17010	yjcE	0.152	5.144	0.61	1	0.42	0.93	150	139	156	130	126	144	174	151	114	161	95	167
PA14_18250	fruB	0.185	4.259	0.61	1	0.43	0.93	88	62	93	82	66	64	102	68	68	101	50	75
PA14_21530	PA14_21530	-0.294	3.659	0.61	1	0.47	0.94	56	37	36	41	27	92	65	40	26	51	19	105
PA14_23720	PA14_23720	0.106	7.694	0.61	1	0.6	0.98	779	973	843	893	883	635	904	1058	613	1106	669	738
PA14_24830	PA14_24830	0.175	4.167	0.61	1	0.48	0.94	94	68	61	78	47	72	108	74	44	96	35	83
PA14_27410	trpC	0.297	1.828	0.61	1	0.51	0.94	15	18	10	17	10	8	17	19	7	20	7	10
PA14_28200	PA14_28200	-0.101	3.699	0.61	1	0.8	1	42	45	60	52	40	62	49	49	44	65	30	72
PA14_28610	PA14_28610	-0.209	6.881	0.61	1	0.48	0.94	611	380	324	531	285	705	708	413	235	657	214	818
PA14_32500	PA14_32500	0.094	7.103	0.61	1	0.64	0.99	621	584	508	610	574	422	720	635	369	755	435	491
PA14_36320	hcnB	-0.104	5.999	0.61	1	0.6	0.98	294	209	238	306	258	231	340	227	173	379	195	269
PA14_37790	pcoA	0.138	4.262	0.61	1	0.59	0.97	78	83	74	80	84	51	91	90	54	99	64	60
PA14_42550	popN	0.24	2.434	0.61	1	0.48	0.94	23	22	18	18	20	17	27	24	13	22	15	20
PA14_45520	PA14_45520	0.116	8.328	0.61	1	0.54	0.96	1291	1273	1482	1285	1406	1043	1498	1385	1079	1592	1065	1212
PA14_45850	PA14_45850	-0.124	4.763	0.61	1	0.57	0.97	126	89	93	116	100	120	146	97	67	144	75	139
PA14_46430	PA14_46430	0.137	5.873	0.61	1	0.45	0.94	245	225	267	204	228	238	284	245	195	253	173	276
PA14_48450	PA14_48450	0.191	3.336	0.61	1	0.48	0.94	48	37	39	35	34	38	55	40	28	44	26	44
PA14_48770	PA14_48770	-0.143	4.403	0.61	1	0.49	0.94	83	87	65	87	85	90	96	95	47	108	64	104
PA14_49900	PA14_49900	0.197	3.696	0.61	1	0.42	0.93	47	64	52	57	39	46	55	69	38	70	29	53
PA14_50810	PA14_50810	-0.106	9.79	0.61	1	0.57	0.97	3109	3944	3276	3521	3910	3685	3607	4289	2384	4361	2960	4280
PA14_51040	PA14_51040	0.145	4.395	0.61	1	0.5	0.94	93	88	81	77	78	83	108	96	59	96	59	96
PA14_54110	PA14_54110	-0.712	0.165	0.61	1	0.63	0.98	2	0	4	4	4	1	2	0	3	5	3	1
PA14_54170	putA	0.108	8.343	0.61	1	0.6	0.98	1283	1277	1519	1319	1496	971	1489	1389	1106	1634	1133	1128
PA14_55810	PA14_55810	0.117	9.198	0.61	1	0.53	0.95	2270	2782	2350	2451	2225	2148	2633	3026	1710	3036	1684	2495
PA14_56420	PA14_56420	-0.075	5.896	0.61	1	0.7	0.99	222	220	258	245	228	262	258	239	188	304	172	304
PA14_56940	colS	0.127	5.457	0.61	1	0.49	0.94	194	168	189	168	179	158	225	183	138	208	136	184
PA14_57080	PA14_57080	-0.125	6.132	0.61	1	0.52	0.95	233	292	281	273	354	253	271	317	205	339	269	294
PA14_58670	ampD	0.126	7.308	0.61	1	0.46	0.94	638	678	683	635	616	579	740	737	497	787	466	673
PA14_61200	PA14_61200	-0.134	8.246	0.61	1	0.5	0.94	1160	1215	1127	1263	1565	1018	1346	1321	820	1564	1186	1183
PA14_61330	mgtC	-0.231	3.21	0.61	1	0.5	0.94	41	30	25	27	31	56	47	33	18	34	23	64
PA14_63440	PA14_63440	-0.181	3.503	0.61	1	0.61	0.98	40	45	36	38	31	68	47	49	26	48	23	78
PA14_63580	fdnH	0.16	6.705	0.61	1	0.46	0.94	370	405	556	389	482	321	430	441	406	482	366	373
PA14_64550	PA14_64550	0.241	2.544	0.61	1	0.47	0.94	21	24	25	23	21	15	25	26	18	28	16	18
PA14_65170	rpsR	0.116	6.474	0.61	1	0.54	0.95	324	440	349	363	356	308	376	478	254	450	270	358
PA14_67890	hisA	0.116	6.3	0.61	1	0.55	0.96	307	365	316	344	326	243	356	397	230	425	247	283
PA14_68820	gspE	0.105	7.843	0.61	1	0.56	0.96	970	992	915	935	928	813	1125	1079	666	1158	703	944
PA14_70080	lrp	-0.073	7.813	0.61	1	0.69	0.99	833	949	867	972	828	985	966	1032	631	1204	626	1144
PA14_73040	amiA	0.15	8.156	0.61	1	0.42	0.93	1196	1204	1234	1270	935	1068	1387	1310	898	1572	707	1241
EBG00001225048	tRNA	-0.577	0.569	0.62	1	0.45	0.94	6	1	2	4	8	2	7	1	1	5	6	3
PA14_00660	PA14_00660	-0.167	2.831	0.62	1	0.64	0.99	25	30	22	32	19	34	29	32	16	40	14	39
PA14_00730	PA14_00730	0.146	5.545	0.62	1	0.43	0.93	202	197	188	192	153	185	234	214	137	237	115	215
PA14_00860	PA14_00860	-0.729	0.209	0.62	1	0.44	0.93	2	2	1	2	4	3	2	2	1	3	3	3
PA14_02020	PA14_02020	-0.129	3.882	0.62	1	0.61	0.98	55	55	56	57	53	71	64	60	41	71	40	82
PA14_02680	aldH	-0.207	1.979	0.62	1	0.8	1	8	13	17	21	11	11	10	14	13	26	8	13
PA14_03360	PA14_03360	-0.098	4.86	0.62	1	0.65	0.99	96	123	117	117	113	129	112	134	85	145	85	150
PA14_05130	PA14_05130	0.139	5.491	0.62	1	0.48	0.94	161	226	178	176	160	176	187	245	129	218	121	204
PA14_07810	PA14_07810	-0.109	5.103	0.62	1	0.59	0.97	144	113	137	149	144	132	167	123	100	184	109	154
PA14_15160	PA14_15160	-0.215	2.991	0.62	1	0.47	0.94	33	27	25	34	43	23	38	29	18	42	33	27
PA14_16010	PA14_16010	-0.347	1.267	0.62	1	0.7	0.99	2	10	7	7	7	10	3	11	5	9	5	12
PA14_16410	PA14_16410	0.208	3.883	0.62	1	0.41	0.93	44	61	81	54	54	52	52	66	60	67	41	60
PA14_17350	PA14_17350	-0.123	3.781	0.62	1	0.67	0.99	41	65	47	57	44	64	48	70	34	71	33	74
PA14_19630	folE1	-0.093	5.79	0.62	1	0.64	0.99	224	203	214	197	212	275	260	221	156	245	160	319
PA14_20650	dsdA	0.14	4.224	0.62	1	0.58	0.97	81	86	65	84	71	56	94	93	47	104	54	65
PA14_22370	PA14_22370	-0.083	6.055	0.62	1	0.67	0.99	284	220	273	271	253	297	329	239	199	336	191	345
PA14_23480	PA14_23480	0.131	5.95	0.62	1	0.49	0.94	222	276	279	246	253	210	258	300	203	304	192	244
PA14_25150	PA14_25150	0.106	6.664	0.62	1	0.58	0.97	439	420	407	449	421	307	509	457	296	556	319	357
PA14_27180	erfK	0.092	8.117	0.62	1	0.65	0.99	1104	1144	1216	1101	1290	860	1281	1244	885	1364	977	1000
PA14_28280	PA14_28280	0.133	5.486	0.62	1	0.46	0.94	191	189	183	179	164	170	222	206	133	222	124	198
PA14_29120	PA14_29120	0.122	6.951	0.62	1	0.51	0.95	491	491	575	498	528	405	570	534	419	617	400	471
PA14_30500	PA14_30500	0.256	2.552	0.62	1	0.42	0.93	27	20	26	27	15	18	31	22	19	33	11	21
PA14_31380	sfpA	0.156	3.958	0.62	1	0.55	0.96	73	60	58	69	57	45	84	65	42	85	43	53
PA14_32370	PA14_32370	-0.153	3.582	0.62	1	0.53	0.95	47	41	43	51	50	45	54	45	31	63	38	52
PA14_32860	PA14_32860	0.125	4.516	0.62	1	0.59	0.97	100	103	80	96	92	73	116	112	58	119	70	85
PA14_38820	pqqB	0.206	3.587	0.62	1	0.46	0.94	53	48	48	61	32	34	61	52	35	75	24	40
PA14_40550	PA14_40550	-0.119	5.293	0.62	1	0.52	0.95	157	149	142	163	168	157	182	162	103	202	127	182
PA14_41300	PA14_41300	0.133	5.446	0.62	1	0.51	0.95	157	186	207	147	191	164	182	202	151	182	145	190
PA14_41480	nasS	0.191	2.662	0.62	1	0.61	0.98	29	30	16	21	22	24	34	33	11	26	17	28
PA14_44770	gda1	0.121	5.584	0.62	1	0.6	0.98	212	175	214	211	216	127	246	191	156	261	164	148
PA14_47340	PA14_47340	0.113	5.763	0.62	1	0.57	0.96	232	203	243	175	238	214	269	221	177	217	181	249
PA14_50910	PA14_50910	-0.143	3.307	0.62	1	0.67	0.99	34	29	47	40	42	40	40	32	35	49	32	46
PA14_54120	PA14_54120	0.283	2.067	0.62	1	0.48	0.94	17	11	21	13	16	12	20	12	16	16	12	14
PA14_56060	purU1	0.111	7.682	0.62	1	0.55	0.96	838	850	893	839	871	680	972	924	650	1039	660	790
PA14_56280	PA14_56280	0.085	6.8	0.62	1	0.65	0.99	492	505	387	443	453	411	571	549	281	549	343	478
PA14_58180	gatA	0.133	5.907	0.62	1	0.45	0.94	247	265	241	246	210	230	287	288	175	304	159	267
PA14_58760	pilC	-0.081	8.957	0.62	1	0.7	0.99	1492	2291	2069	2207	2231	1753	1731	2491	1506	2733	1689	2036
PA14_59610	PA14_59610	-0.054	9.097	0.62	1	0.8	1	1958	2517	2034	2473	1757	2525	2271	2737	1480	3063	1329	2932
PA14_61740	lolB	0.142	4.575	0.62	1	0.53	0.95	96	115	85	93	81	94	111	125	61	115	61	109
PA14_63290	phaJ3	0.201	3.205	0.62	1	0.45	0.94	34	41	37	36	29	32	40	44	27	44	22	37
PA14_64110	accC	-0.082	7.126	0.62	1	0.64	0.99	498	561	580	593	600	541	578	610	422	734	454	629
PA14_65740	thiC	-0.075	7.439	0.62	1	0.72	0.99	687	650	707	610	610	933	797	707	515	756	461	1083
PA14_65880	dmsR	0.143	6.389	0.62	1	0.43	0.93	385	333	342	366	272	320	446	362	249	453	205	372
PA14_68200	rmlA	0.132	8.733	0.62	1	0.63	0.98	1520	2075	1790	1746	2255	914	1764	2256	1303	2162	1709	1063
PA14_69380	fkl	-0.067	5.607	0.62	1	0.76	1	179	191	203	190	162	247	208	208	148	235	122	286
PA14_69570	corA	-0.086	7.454	0.62	1	0.63	0.98	650	749	656	712	690	778	754	814	477	882	522	904
PA14_70560	PA14_70560	-0.081	6.956	0.62	1	0.64	0.99	495	474	486	553	490	496	574	516	354	685	371	576
PA14_02070	PA14_02070	-0.434	0.782	0.63	1	0.52	0.95	4	6	3	5	8	7	5	7	2	6	6	8
PA14_02260	cheY	0.131	8.053	0.63	1	0.59	0.98	868	1420	1069	1118	1237	712	1007	1544	778	1385	937	828
PA14_02700	PA14_02700	0.326	1.412	0.63	1	0.55	0.96	11	9	11	5	10	10	13	10	8	7	8	11
PA14_02810	pcaT	0.125	4.829	0.63	1	0.59	0.97	112	137	105	127	113	85	130	149	76	157	86	99
PA14_06200	PA14_06200	-0.355	1.08	0.63	1	0.71	0.99	3	6	9	8	2	13	4	7	7	10	1	15
PA14_06260	PA14_06260	0.111	5.433	0.63	1	0.59	0.97	212	170	153	178	160	159	246	185	111	220	121	185
PA14_06530	bioH	0.139	4.376	0.63	1	0.57	0.97	94	74	88	87	87	59	109	81	64	108	66	69
PA14_08370	vfr	-0.086	8.1	0.63	1	0.63	0.99	1002	1174	1045	1076	1122	1222	1163	1277	760	1333	849	1419
PA14_11570	xseB	-0.089	4.774	0.63	1	0.72	0.99	85	99	132	108	125	102	99	108	97	134	95	119
PA14_11770	eutB	-0.09	5.22	0.63	1	0.69	0.99	119	137	176	139	174	146	139	149	129	173	132	170
PA14_11920	PA14_11920	0.151	4.341	0.63	1	0.52	0.95	102	66	83	74	70	81	118	72	60	92	53	94
PA14_13970	PA14_13970	-0.083	4.865	0.63	1	0.74	1	82	118	140	114	130	115	96	128	103	141	99	134
PA14_14110	pcs	0.098	6.69	0.63	1	0.6	0.98	469	464	353	398	372	432	544	504	256	493	281	502
PA14_14600	tgt	-0.084	5	0.63	1	0.71	0.99	114	125	134	119	119	155	132	136	98	148	90	180
PA14_17510	PA14_17510	0.164	3.679	0.63	1	0.5	0.94	50	57	50	46	49	46	58	62	36	57	37	53
PA14_18910	rnfD	-0.311	1.413	0.63	1	0.5	0.94	13	5	6	11	7	12	15	6	4	14	5	14
PA14_19230	ybdG	-0.101	4.981	0.63	1	0.62	0.98	115	135	114	137	119	135	134	147	83	169	90	157
PA14_19320	PA14_19320	0.144	4.039	0.63	1	0.56	0.96	71	75	56	62	60	61	82	81	40	77	45	71
PA14_21750	PA14_21750	-0.081	6.742	0.63	1	0.64	0.99	402	416	437	434	440	452	467	452	318	538	333	525
PA14_23760	leuD	0.109	7.719	0.63	1	0.62	0.98	833	860	954	914	961	580	966	935	695	1132	728	675
PA14_23880	folC	0.099	7.545	0.63	1	0.63	0.98	701	802	831	757	863	560	814	872	605	938	654	651
PA14_24260	PA14_24260	0.094	6.917	0.63	1	0.59	0.98	509	515	481	468	517	426	590	560	350	580	392	495
PA14_24620	PA14_24620	0.132	6.317	0.63	1	0.51	0.95	410	283	310	321	251	343	475	308	225	397	189	398
PA14_25540	ptpA	0.135	5.164	0.63	1	0.59	0.97	116	166	170	139	171	102	135	180	124	172	130	119
PA14_25660	fabG	-0.089	7.77	0.63	1	0.62	0.98	824	827	907	830	972	917	956	899	660	1029	736	1065
PA14_26400	PA14_26400	0.484	0.753	0.63	1	0.47	0.94	7	4	6	2	4	5	8	4	4	3	3	6
PA14_26780	PA14_26780	0.123	11.714	0.63	1	0.6	0.98	11267	15716	15470	13402	16272	9310	13070	17093	11259	16600	12320	10814
PA14_28950	PA14_28950	-0.081	4.722	0.63	1	0.75	1	97	105	102	119	82	119	113	114	74	147	61	138
PA14_32100	xylY	0.506	0.786	0.63	1	0.38	0.93	4	5	8	5	3	3	5	5	6	6	2	4
PA14_33220	PA14_33220	0.145	4.576	0.63	1	0.53	0.95	76	119	102	92	97	79	89	129	74	114	74	92
PA14_34660	gntR	-0.108	4.816	0.63	1	0.66	0.99	138	85	101	115	98	135	159	93	73	142	74	157
PA14_34730	PA14_34730	-0.231	2.17	0.63	1	0.55	0.96	16	18	10	21	12	17	18	19	7	26	9	20
PA14_35200	PA14_35200	-0.328	1.563	0.63	1	0.7	0.99	11	4	11	19	6	7	13	4	8	23	4	8
PA14_35730	PA14_35730	-0.093	5.318	0.63	1	0.65	0.99	130	171	163	164	165	165	151	186	119	203	125	192
PA14_37810	pcoB	0.139	3.086	0.63	1	0.79	1	45	33	24	30	43	22	52	36	17	37	33	26
PA14_40410	modB	-0.124	3.35	0.63	1	0.72	0.99	29	43	40	42	31	48	34	47	29	52	23	55
PA14_41420	PA14_41420	0.193	3.255	0.63	1	0.49	0.94	39	37	41	30	33	38	45	40	30	38	25	44
PA14_41570	oprF	-0.089	12.976	0.63	1	0.64	0.99	32315	34084	28271	32619	31103	36940	37485	37070	20574	40404	23546	42906
PA14_42050	PA14_42050	-0.116	3.932	0.63	1	0.69	0.99	56	44	72	61	67	57	65	48	53	76	51	66
PA14_43900	PA14_43900	-0.452	10.824	0.63	1	0.36	0.92	10277	4979	3292	5863	2902	16610	11919	5415	2394	7264	2195	19289
PA14_44570	PA14_44570	0.179	4.052	0.63	1	0.43	0.93	72	57	78	59	55	68	84	62	57	73	41	79
PA14_44640	PA14_44640	-0.117	3.858	0.63	1	0.66	0.99	58	51	54	63	46	66	67	55	39	78	34	76
PA14_50070	PA14_50070	0.118	5.909	0.63	1	0.52	0.95	265	255	231	217	216	259	307	277	168	269	163	301
PA14_50250	fliS	-0.097	7.685	0.63	1	0.62	0.98	684	868	853	776	979	818	794	944	621	961	742	950
PA14_50340	flgL	0.134	5.553	0.63	1	0.5	0.94	168	241	182	185	166	188	195	262	132	229	125	218
PA14_50720	phaC	0.18	3.297	0.63	1	0.52	0.95	47	39	36	42	33	32	54	42	26	52	25	37
PA14_52380	PA14_52380	-0.073	6.334	0.63	1	0.72	0.99	251	365	331	311	316	369	292	397	241	385	239	428
PA14_53230	PA14_53230	0.159	4.411	0.63	1	0.44	0.93	85	92	91	78	72	89	99	100	66	97	54	103
PA14_53680	PA14_53680	0.257	2.193	0.63	1	0.48	0.94	19	16	19	14	16	15	22	17	14	18	12	17
PA14_54460	PA14_54460	0.152	3.995	0.63	1	0.56	0.96	82	49	67	66	63	51	95	54	49	81	48	59
PA14_54480	PA14_54480	0.131	5.532	0.63	1	0.49	0.94	191	207	183	201	167	163	222	225	133	249	126	189
PA14_54580	PA14_54580	0.26	2.779	0.63	1	0.37	0.93	26	26	33	29	14	25	30	28	24	36	10	29
PA14_54880	PA14_54880	-0.1	7.394	0.63	1	0.58	0.97	603	724	636	649	732	724	700	787	463	804	554	841
PA14_55690	recC	0.131	6.101	0.63	1	0.47	0.94	301	265	297	296	262	230	349	288	216	366	198	267
PA14_56080	sbcB	-0.08	8.098	0.63	1	0.65	0.99	1032	1067	1125	1065	1158	1184	1197	1160	819	1320	877	1375
PA14_58970	PA14_58970	-0.343	1.181	0.63	1	0.6	0.98	6	6	8	8	10	8	7	7	6	10	8	9
PA14_60210	rluD	-0.069	7.262	0.63	1	0.7	0.99	570	629	611	652	584	661	661	684	445	807	442	768
PA14_61190	PA14_61190	-0.107	6.675	0.63	1	0.57	0.96	349	440	400	432	488	361	405	478	291	535	370	420
PA14_62150	ilvH	0.115	6.197	0.63	1	0.54	0.95	260	350	306	265	302	280	302	381	223	329	229	325
PA14_62410	PA14_62410	0.139	5.412	0.63	1	0.48	0.94	205	164	165	174	133	177	237	178	120	215	100	205
PA14_62510	yadB	0.149	3.535	0.63	1	0.67	0.99	57	35	52	39	60	32	66	38	38	49	46	37
PA14_64910	PA14_64910	0.176	3.729	0.63	1	0.54	0.95	67	47	50	43	36	64	77	51	36	54	27	74
PA14_65580	ybcI	-0.188	2.9	0.63	1	0.65	0.99	30	21	26	24	19	45	35	23	19	30	14	51
PA14_66600	aroB	0.12	6.829	0.63	1	0.48	0.94	459	482	490	458	448	411	533	524	357	567	339	478
PA14_67110	pap	-0.088	6.557	0.63	1	0.65	0.99	409	378	314	387	322	461	474	411	228	480	243	535
PA14_67820	PA14_67820	-0.185	2.442	0.63	1	0.67	0.99	23	16	19	24	14	26	26	17	14	30	10	30
PA14_68260	PA14_68260	-0.086	6.215	0.63	1	0.66	0.99	234	345	287	292	301	326	272	375	209	362	228	378
PA14_68810	PA14_68810	0.12	5.608	0.63	1	0.54	0.95	238	181	191	176	176	210	276	197	139	218	133	244
PA14_69240	hemB	0.143	8.987	0.63	1	0.59	0.98	1838	2123	2492	1931	2752	1161	2132	2309	1814	2392	2085	1350
PA14_69795	amtB	0.09	6.058	0.63	1	0.65	0.99	295	272	257	271	294	211	342	296	187	336	223	246
PA14_71600	purK	0.11	4.99	0.63	1	0.61	0.98	138	139	117	123	132	113	160	151	85	152	100	131
EBG00001225163	C4	-0.212	2.224	0.64	1	0.62	0.98	19	13	14	18	12	23	22	14	10	22	9	26
PA14_03285	PA14_03285	-0.098	6.802	0.64	1	0.57	0.96	408	464	430	439	495	461	473	505	313	544	375	535
PA14_03290	PA14_03290	-0.13	7.12	0.64	1	0.56	0.96	407	573	624	465	734	556	473	623	455	577	557	646
PA14_03780	PA14_03780	0.097	6.475	0.64	1	0.61	0.98	398	364	345	386	370	280	461	396	251	478	280	326
PA14_05070	metW	-0.074	5.122	0.64	1	0.74	1	113	131	162	142	147	138	131	143	119	176	111	160
PA14_05690	codA	-0.201	2.342	0.64	1	0.58	0.97	18	19	15	24	16	20	21	21	11	30	12	23
PA14_06430	PA14_06430	-0.227	2.386	0.64	1	0.55	0.96	17	23	10	24	19	17	20	25	7	30	14	20
PA14_06740	nirM	0.834	-0.319	0.64	1	0.36	0.92	4	2	2	2	0	2	4	2	1	2	0	2
PA14_07210	PA14_07210	-0.101	7.114	0.64	1	0.57	0.97	612	490	510	541	583	607	710	533	371	670	441	705
PA14_10040	PA14_10040	0.188	6.129	0.64	1	0.43	0.93	363	230	304	354	228	204	421	250	221	437	172	238
PA14_11180	PA14_11180	0.154	4.279	0.64	1	0.52	0.95	94	72	77	90	65	63	109	78	56	111	49	73
PA14_11310	PA14_11310	-0.16	3.45	0.64	1	0.67	0.99	49	37	35	66	29	39	56	40	25	81	21	45
PA14_13890	PA14_13890	-0.094	5.604	0.64	1	0.62	0.98	166	206	191	185	205	211	193	224	139	230	155	245
PA14_18320	PA14_18320	-0.47	2.333	0.64	1	0.44	0.93	21	14	9	13	5	42	24	15	6	17	3	48
PA14_19670	PA14_19670	0.183	3.868	0.64	1	0.41	0.93	59	57	67	57	45	56	68	62	49	71	34	65
PA14_20190	nosD	0.192	3.44	0.64	1	0.46	0.94	44	38	53	39	38	40	51	41	39	48	29	46
PA14_22690	trkH	-0.097	4.98	0.64	1	0.7	0.99	135	122	105	131	92	163	156	133	76	162	69	189
PA14_23370	orfK	-0.076	10.75	0.64	1	0.71	0.99	5494	8160	6662	7333	7237	6841	6373	8874	4848	9083	5479	7946
PA14_23640	PA14_23640	-0.126	4.039	0.64	1	0.61	0.98	58	73	53	79	62	59	67	79	38	97	47	69
PA14_25350	nqrF	-0.079	6.151	0.64	1	0.68	0.99	246	306	279	265	275	338	286	333	203	328	208	392
PA14_26940	PA14_26940	0.226	4.543	0.64	1	0.4	0.93	125	70	102	116	64	73	145	76	74	142	48	85
PA14_28780	PA14_28780	-0.126	8.282	0.64	1	0.59	0.98	1172	1559	869	1492	1030	1407	1360	1695	631	1848	779	1634
PA14_31340	PA14_31340	-0.138	4.15	0.64	1	0.52	0.95	69	69	60	76	76	66	80	75	43	94	58	77
PA14_31900	PA14_31900	0.107	4.626	0.64	1	0.66	0.99	107	114	81	89	99	94	124	124	58	111	75	109
PA14_32880	PA14_32880	0.195	3.896	0.64	1	0.41	0.93	60	59	67	57	39	64	70	64	49	71	29	74
PA14_33650	pvdD	0.089	9.082	0.64	1	0.65	0.99	1971	2461	2330	1962	2449	1947	2287	2676	1696	2431	1855	2262
PA14_33900	PA14_33900	0.105	5.508	0.64	1	0.62	0.98	204	189	170	206	185	135	237	206	123	254	140	157
PA14_34300	PA14_34300	0.313	1.496	0.64	1	0.57	0.97	14	9	10	11	9	7	16	10	7	13	7	8
PA14_35670	pslG	0.153	4.525	0.64	1	0.47	0.94	94	92	104	76	83	100	109	100	76	95	63	116
PA14_36920	PA14_36920	0.069	7.757	0.64	1	0.73	0.99	861	995	822	814	986	757	999	1082	598	1008	747	879
PA14_39570	PA14_39570	0.328	3.341	0.64	1	0.4	0.93	64	32	31	53	17	31	74	35	22	65	12	36
PA14_39810	PA14_39810	0.238	3.858	0.64	1	0.42	0.93	79	47	57	71	33	50	91	51	41	87	24	58
PA14_40670	metH	0.108	7.995	0.64	1	0.57	0.97	1010	1002	1189	846	1096	1030	1172	1090	866	1048	830	1196
PA14_41510	nasA	-0.398	0.973	0.64	1	0.54	0.95	7	5	3	6	5	9	8	5	2	7	4	10
PA14_41560	nasA	-0.171	2.933	0.64	1	0.61	0.98	35	24	21	35	23	32	40	26	15	43	17	37
PA14_41575	sigX	-0.074	11.089	0.64	1	0.71	0.99	6836	9428	9463	8463	9974	8647	7930	10254	6887	10483	7551	10044
PA14_42750	PA14_42750	0.156	4.916	0.64	1	0.44	0.93	112	127	141	130	111	99	130	138	103	160	84	115
PA14_42830	PA14_42830	0.134	6.208	0.64	1	0.47	0.94	284	299	348	310	300	238	330	325	254	384	227	277
PA14_43650	PA14_43650	-0.113	5.301	0.64	1	0.6	0.98	170	155	126	142	141	206	197	169	91	176	106	239
PA14_48010	PA14_48010	-0.174	3.385	0.64	1	0.48	0.94	42	40	30	39	46	42	49	43	21	49	35	49
PA14_49210	napE	-0.09	8.369	0.64	1	0.69	0.99	1331	1463	1081	1446	991	1686	1544	1591	786	1791	749	1958
PA14_49330	PA14_49330	-0.052	5.829	0.64	1	0.82	1	181	226	267	229	220	247	210	246	195	284	166	287
PA14_50020	PA14_50020	-0.059	5.27	0.64	1	0.85	1	148	126	180	159	108	204	172	137	132	197	81	236
PA14_52730	PA14_52730	0.14	5.089	0.64	1	0.45	0.94	141	131	156	127	131	131	164	143	114	157	99	152
PA14_53510	ycbL	-0.107	4.752	0.64	1	0.61	0.98	104	114	91	125	100	109	121	124	66	154	75	127
PA14_54300	recO	0.118	5.546	0.64	1	0.57	0.96	178	186	222	155	212	173	207	202	162	193	161	201
PA14_54570	PA14_54570	0.242	2.358	0.64	1	0.47	0.94	23	18	18	18	12	20	27	20	13	22	9	23
PA14_55540	PA14_55540	0.236	2.323	0.64	1	0.52	0.95	24	18	16	19	14	17	28	20	11	23	10	20
PA14_55840	PA14_55840	0.84	-0.316	0.64	1	0.36	0.92	4	1	3	1	0	3	4	1	2	1	0	3
PA14_56210	PA14_56210	-0.065	5.235	0.64	1	0.79	1	145	150	144	153	113	191	168	163	105	190	85	221
PA14_57340	murG	-0.09	6.792	0.64	1	0.59	0.98	422	428	444	448	485	446	490	466	323	555	367	518
PA14_57530	sspA	0.131	6.186	0.64	1	0.45	0.94	294	301	321	300	274	262	341	327	234	371	207	304
PA14_57630	PA14_57630	-0.078	6.793	0.64	1	0.71	0.99	470	401	433	397	388	590	545	436	315	492	293	685
PA14_59020	PA14_59020	0.319	1.572	0.64	1	0.44	0.93	11	11	14	8	7	13	13	12	10	10	5	15
PA14_62760	infB	0.084	9.061	0.64	1	0.67	0.99	2045	2288	2321	2034	2477	1767	2373	2488	1689	2520	1876	2053
PA14_63680	PA14_63680	0.453	0.738	0.64	1	0.54	0.95	4	5	10	5	6	2	5	5	8	6	5	3
PA14_64100	accB	-0.067	5.497	0.64	1	0.75	1	142	181	207	194	185	174	165	197	151	240	140	202
PA14_65370	amiB	-0.057	8.204	0.64	1	0.76	1	1180	1169	1147	1291	1021	1323	1369	1271	835	1599	772	1537
PA14_65570	PA14_65570	-0.084	7.367	0.64	1	0.64	0.99	676	647	615	645	636	773	784	704	447	799	481	898
PA14_66220	waaP	0.123	4.575	0.64	1	0.59	0.98	105	100	87	99	95	76	122	109	63	122	72	89
PA14_67810	ctpA	0.114	6.855	0.64	1	0.52	0.95	484	453	514	465	478	398	562	493	374	576	362	463
PA14_70260	dut	-0.056	4.095	0.64	1	0.91	1	54	61	85	81	54	71	63	66	63	100	40	82
PA14_72600	PA14_72600	-0.164	5.219	0.64	1	0.56	0.96	174	149	94	187	97	183	201	162	67	231	72	212
PA14_72650	PA14_72650	-0.48	0.609	0.64	1	0.57	0.97	5	1	4	5	4	5	6	1	3	6	3	6
EBG00001225058	tRNA	0.725	0.114	0.65	1	0.6	0.98	1	4	4	2	3	1	1	4	3	2	2	1
PA14_00650	PA14_00650	-0.109	6.86	0.65	1	0.62	0.98	495	510	342	609	387	457	574	554	248	753	292	531
PA14_00830	PA14_00830	0.085	9.774	0.65	1	0.66	0.99	3401	3706	3809	2983	3907	3402	3945	4031	2772	3696	2958	3951
PA14_03090	PA14_03090	0.123	6.857	0.65	1	0.5	0.94	438	548	473	516	423	399	508	596	344	639	320	464
PA14_04390	ygdP	0.112	8.963	0.65	1	0.55	0.96	1939	2148	2190	2090	2026	1692	2250	2336	1594	2589	1534	1966
PA14_06450	accC	0.179	4.176	0.65	1	0.45	0.93	72	67	90	83	62	56	84	73	66	102	47	65
PA14_06720	nirF	0.435	0.968	0.65	1	0.42	0.93	7	5	7	7	2	5	8	6	5	8	1	6
PA14_07580	PA14_07580	0.125	5.428	0.65	1	0.53	0.95	212	155	169	178	147	167	246	169	123	220	111	194
PA14_08890	rpsS	-0.101	7.027	0.65	1	0.65	0.99	354	622	545	519	620	491	411	676	397	643	470	571
PA14_10830	PA14_10830	-0.069	7.37	0.65	1	0.72	0.99	583	638	730	593	708	745	677	694	532	735	536	865
PA14_15970	rpsP	-0.081	6.541	0.65	1	0.65	0.99	353	375	361	344	364	445	410	408	263	427	275	516
PA14_16130	PA14_16130	-0.073	7.647	0.65	1	0.68	0.99	759	814	789	868	801	814	881	885	574	1075	606	946
PA14_17320	eno	-0.091	8.348	0.65	1	0.62	0.98	1124	1386	1312	1288	1503	1280	1304	1507	955	1596	1138	1487
PA14_20110	PA14_20110	-0.146	2.927	0.65	1	0.69	0.99	22	25	35	25	30	35	26	27	26	31	23	40
PA14_21220	PA14_21220	-0.121	7.937	0.65	1	0.57	0.97	982	1036	821	1245	1093	751	1139	1127	597	1541	828	873
PA14_23890	PA14_23890	0.139	5.673	0.65	1	0.45	0.94	200	214	228	219	188	175	232	233	166	271	142	203
PA14_24040	xcpU	0.139	4.126	0.65	1	0.57	0.97	77	74	66	80	67	50	89	80	48	99	51	58
PA14_26460	cobK	0.429	1.69	0.65	1	0.42	0.93	17	3	20	14	8	8	20	4	15	17	6	9
PA14_27830	PA14_27830	-0.148	2.744	0.65	1	0.72	0.99	22	22	26	22	18	38	26	24	19	27	13	43
PA14_29210	tetV	-0.159	2.542	0.65	1	0.73	1	22	18	22	29	15	25	26	20	16	35	11	29
PA14_29750	PA14_29750	0.23	2.485	0.65	1	0.49	0.94	20	21	26	18	20	19	23	23	19	22	15	22
PA14_35070	PA14_35070	0.112	5.727	0.65	1	0.56	0.96	202	232	229	194	224	195	234	252	167	241	170	227
PA14_39470	PA14_39470	-0.092	8.891	0.65	1	0.66	0.99	1512	2269	1787	2162	2124	1647	1754	2467	1300	2677	1608	1914
PA14_39820	ufrA	-0.135	3.623	0.65	1	0.63	0.98	38	50	49	39	54	57	44	54	36	49	41	66
PA14_41380	glnS	-0.066	8.07	0.65	1	0.72	0.99	1007	1000	1171	1073	1145	1109	1168	1088	853	1329	867	1288
PA14_43230	PA14_43230	0.125	4.737	0.65	1	0.62	0.98	131	113	84	127	89	86	152	123	60	156	67	100
PA14_43300	PA14_43300	0.132	5.168	0.65	1	0.49	0.94	143	148	158	150	140	119	166	161	115	185	106	139
PA14_46240	PA14_46240	0.09	6.183	0.65	1	0.63	0.98	322	306	273	287	303	257	373	333	198	356	230	299
PA14_46970	ansB	-0.119	4.784	0.65	1	0.62	0.98	123	105	85	103	92	144	142	114	61	128	69	167
PA14_47380	hxuC	-0.067	6.01	0.65	1	0.74	1	220	236	301	264	282	246	256	257	220	327	214	286
PA14_48680	PA14_48680	-0.123	6.203	0.65	1	0.49	0.94	281	305	263	300	358	269	326	332	191	372	272	313
PA14_48890	PA14_48890	-0.104	4.974	0.65	1	0.65	0.99	94	132	138	113	151	126	110	143	101	141	115	147
PA14_49590	PA14_49590	-0.073	5.884	0.65	1	0.7	0.99	236	218	238	259	222	245	274	237	173	320	168	285
PA14_50460	flgD	0.13	4.5	0.65	1	0.56	0.96	85	110	87	86	87	84	99	119	63	107	66	98
PA14_51270	dapA	-0.095	7.171	0.65	1	0.66	0.99	637	509	538	508	509	781	739	554	391	630	385	906
PA14_51310	yrkI	-0.199	5.087	0.65	1	0.51	0.95	142	118	119	94	106	235	165	128	86	118	79	271
PA14_52750	aotP	0.15	4.786	0.65	1	0.47	0.94	98	128	119	115	98	97	114	139	87	142	74	113
PA14_53980	PA14_53980	-0.081	5.009	0.65	1	0.72	0.99	131	107	134	138	119	135	152	117	98	171	90	157
PA14_56790	PA14_56790	0.094	8.197	0.65	1	0.6	0.98	1307	1221	1138	1160	1127	1149	1516	1328	828	1437	853	1334
PA14_57180	PA14_57180	-0.085	5.284	0.65	1	0.67	0.99	145	162	147	168	144	168	168	176	107	208	109	195
PA14_57810	murA	-0.077	8.296	0.65	1	0.68	0.99	1091	1345	1264	1327	1351	1224	1266	1463	920	1644	1023	1422
PA14_58130	mreC	-0.07	5.181	0.65	1	0.76	1	128	135	160	142	136	164	149	147	117	176	103	190
PA14_58810	PA14_58810	-0.117	5.146	0.65	1	0.56	0.96	141	142	121	122	148	170	164	154	88	152	112	197
PA14_59410	PA14_59410	0.111	4.11	0.65	1	0.7	0.99	73	64	73	54	86	57	85	70	53	67	66	66
PA14_59490	PA14_59490	0.263	1.693	0.65	1	0.6	0.98	15	13	10	10	14	8	17	14	7	13	11	9
PA14_61390	PA14_61390	-0.075	6.769	0.65	1	0.68	0.99	477	391	414	452	400	497	553	425	301	560	302	577
PA14_66120	PA14_66120	0.098	7.21	0.65	1	0.62	0.98	519	657	674	555	681	492	602	714	491	688	516	572
PA14_66830	phaD	0.066	7.535	0.65	1	0.76	1	743	842	705	782	866	544	862	916	513	968	656	632
PA14_66880	phaI	-0.098	7.602	0.65	1	0.64	0.99	721	892	655	960	811	656	836	970	476	1188	614	763
PA14_67040	PA14_67040	-0.16	3.225	0.65	1	0.58	0.97	29	42	28	35	36	41	34	46	20	43	27	48
PA14_68340	arcB	0.138	5.55	0.65	1	0.49	0.94	158	237	195	188	164	183	184	258	142	233	124	213
PA14_69260	elbB	0.086	7.518	0.65	1	0.64	0.99	833	790	659	770	708	673	966	859	479	953	536	782
PA14_69750	PA14_69750	-0.062	7.189	0.65	1	0.74	1	555	525	648	552	596	655	644	571	472	684	451	760
PA14_69780	PA14_69780	-0.081	6.889	0.65	1	0.7	0.99	382	439	570	410	575	486	443	478	416	509	436	564
PA14_71220	cls	-0.089	7.355	0.65	1	0.61	0.98	679	645	593	694	659	684	787	701	431	860	499	795
PA14_72040	PA14_72040	-0.138	3.512	0.65	1	0.61	0.98	40	42	44	48	47	43	46	46	32	59	36	50
PA14_72460	cc4	-0.077	7.611	0.65	1	0.69	0.99	749	834	715	942	770	712	869	907	520	1166	583	827
PA14_72940	PA14_72940	0.103	6.071	0.65	1	0.59	0.97	282	313	241	244	243	291	327	340	175	303	184	338
EBG00001225053	P27	0.143	5.929	0.66	1	0.54	0.96	184	277	308	222	288	186	214	301	225	275	219	217
EBG00001225091	tRNA	0.72	-0.179	0.66	1	0.6	0.98	2	5	2	3	1	0	2	5	1	4	1	0
EBG00001225135	P36	0.094	5.582	0.66	1	0.7	0.99	160	244	189	182	230	144	186	265	137	226	175	168
PA14_00050	gyrB	0.094	8.688	0.66	1	0.63	0.98	1590	1697	1865	1600	1854	1376	1845	1846	1358	1982	1404	1599
PA14_00080	PA14_00080	0.115	8.627	0.66	1	0.6	0.98	1248	1838	1893	1438	1867	1292	1448	1999	1378	1782	1414	1501
PA14_00290	aroE	0.176	4.257	0.66	1	0.43	0.93	70	82	90	84	61	68	82	89	66	103	46	79
PA14_01120	PA14_01120	-0.154	2.895	0.66	1	0.65	0.99	34	22	22	32	21	35	39	24	16	39	15	40
PA14_01710	ahpC	-0.075	8.768	0.66	1	0.69	0.99	1701	1925	1516	1811	1612	1995	1973	2093	1103	2243	1220	2317
PA14_02050	PA14_02050	0.115	5.272	0.66	1	0.59	0.98	150	159	171	159	170	115	174	173	125	197	129	134
PA14_02560	mdcB	0.376	0.907	0.66	1	0.56	0.96	11	5	6	8	5	2	12	5	4	10	4	3
PA14_03790	PA14_03790	0.097	7.632	0.66	1	0.61	0.98	803	858	816	863	824	630	932	933	594	1068	624	732
PA14_04320	ilvA1	0.117	5.57	0.66	1	0.52	0.95	194	198	201	169	184	194	225	215	146	209	139	225
PA14_08330	PA14_08330	-0.09	5.907	0.66	1	0.62	0.98	212	252	236	253	261	231	246	274	172	313	198	269
PA14_09950	PA14_09950	0.152	6.78	0.66	1	0.44	0.93	485	437	474	535	334	386	562	475	345	661	252	448
PA14_10330	ompK	0.287	1.855	0.66	1	0.5	0.94	18	8	15	14	8	11	21	9	11	17	6	13
PA14_12540	PA14_12540	-0.195	2.471	0.66	1	0.6	0.98	23	16	18	19	20	25	26	17	13	24	15	29
PA14_12940	PA14_12940	-0.211	1.899	0.66	1	0.71	0.99	13	8	15	19	10	12	15	9	11	23	7	14
PA14_13450	fecR	-0.128	3.468	0.66	1	0.68	0.99	52	34	37	53	35	47	60	37	27	65	26	54
PA14_14830	PA14_14830	-0.058	7.141	0.66	1	0.76	1	491	563	616	500	571	667	570	612	449	620	432	774
PA14_14890	hisS	-0.088	6.907	0.66	1	0.64	0.99	390	554	460	494	525	473	453	602	335	612	398	550
PA14_15110	PA14_15110	-0.108	7.883	0.66	1	0.64	0.99	941	1125	680	1191	766	1002	1091	1223	494	1474	579	1164
PA14_16440	wspB	0.128	4.451	0.66	1	0.56	0.96	102	88	82	83	77	89	118	96	59	103	58	103
PA14_17210	lpxA	-0.079	6.618	0.66	1	0.66	0.99	384	373	394	358	400	457	445	406	287	444	303	531
PA14_17720	PA14_17720	-0.088	5.743	0.66	1	0.65	0.99	240	184	201	233	209	221	278	200	146	289	158	257
PA14_18275	fruA	0.169	2.731	0.66	1	0.68	0.99	25	30	22	27	30	13	29	33	16	33	23	16
PA14_19930	PA14_19930	0.264	1.743	0.66	1	0.63	0.98	19	11	9	10	8	14	22	12	6	13	6	16
PA14_20670	PA14_20670	0.09	7.815	0.66	1	0.64	0.99	960	979	869	993	903	743	1113	1065	632	1229	684	863
PA14_20740	flgA	-0.092	6.145	0.66	1	0.61	0.98	265	312	245	322	287	269	308	339	178	398	217	313
PA14_22290	vacJ	-0.078	6.164	0.66	1	0.66	0.99	256	302	282	278	289	319	297	328	205	344	219	370
PA14_22730	PA14_22730	0.155	3.373	0.66	1	0.6	0.98	50	38	36	36	37	39	58	41	26	45	28	45
PA14_22760	cpxR	0.163	3.472	0.66	1	0.54	0.95	55	38	42	46	36	38	64	41	30	57	27	44
PA14_24220	PA14_24220	-0.076	5.897	0.66	1	0.68	0.99	243	215	239	255	231	247	282	234	174	316	175	287
PA14_24970	yegS	0.119	6.592	0.66	1	0.48	0.94	389	419	403	386	354	374	451	456	293	478	268	434
PA14_25960	cobW	-0.09	7.154	0.66	1	0.6	0.98	572	580	513	587	584	603	664	631	373	727	442	700
PA14_30310	lolA	0.124	6.747	0.66	1	0.47	0.94	408	462	485	410	407	424	474	502	353	508	308	493
PA14_31840	PA14_31840	0.148	3.808	0.66	1	0.6	0.98	77	50	46	58	42	57	89	54	33	71	31	66
PA14_34280	metQ-l	-0.392	0.927	0.66	1	0.58	0.97	6	3	8	5	12	5	7	3	6	6	10	6
PA14_34490	PA14_34490	0.325	2.09	0.66	1	0.51	0.95	25	10	14	21	7	11	29	11	10	25	5	13
PA14_35900	PA14_35900	-0.122	4.074	0.66	1	0.62	0.98	66	53	72	59	80	70	77	58	53	74	61	81
PA14_36000	prpR	0.117	7.381	0.66	1	0.56	0.96	631	659	806	696	728	507	732	717	587	862	552	590
PA14_38410	amrB	0.082	4.062	0.66	1	0.82	1	81	74	44	61	72	57	94	80	31	76	55	66
PA14_41810	PA14_41810	0.108	8.341	0.66	1	0.54	0.95	1355	1318	1397	1283	1268	1225	1572	1434	1017	1589	960	1423
PA14_43880	PA14_43880	-0.152	2.649	0.66	1	0.69	0.99	24	16	26	28	19	26	28	18	19	34	14	30
PA14_45800	fliM	0.104	6.634	0.66	1	0.56	0.96	370	455	415	360	405	389	429	495	302	446	307	452
PA14_49060	PA14_49060	0.214	2.684	0.66	1	0.46	0.94	29	21	26	23	18	24	34	23	19	29	13	28
PA14_49540	PA14_49540	0.149	5.473	0.66	1	0.52	0.95	144	182	235	131	204	170	167	198	172	163	155	198
PA14_50510	PA14_50510	-0.066	5.233	0.66	1	0.76	1	139	137	167	166	146	150	161	149	122	205	110	174
PA14_50920	PA14_50920	-0.144	3.37	0.66	1	0.58	0.97	42	34	36	41	41	42	49	37	26	51	31	49
PA14_51330	nadA	0.116	7.423	0.66	1	0.54	0.95	614	751	795	586	700	707	713	817	579	726	530	821
PA14_51660	PA14_51660	-0.165	6.151	0.66	1	0.58	0.97	173	233	402	211	409	286	201	254	295	263	311	332
PA14_52720	aruC	0.085	8.446	0.66	1	0.69	0.99	1473	1591	1277	1633	1408	1054	1709	1730	929	2022	1066	1225
PA14_53620	PA14_53620	-0.118	4.623	0.66	1	0.65	0.99	83	124	71	119	81	102	97	135	51	147	61	119
PA14_54840	PA14_54840	-0.153	7.247	0.66	1	0.54	0.95	377	706	655	531	824	578	438	768	477	658	625	672
PA14_57440	ftsL	0.122	4.842	0.66	1	0.56	0.96	116	127	112	95	105	127	135	138	81	118	79	147
PA14_57760	algW	-0.086	6.217	0.66	1	0.62	0.98	295	280	295	293	314	317	342	305	215	363	238	368
PA14_58470	dppD	0.154	3.818	0.66	1	0.54	0.96	67	51	55	58	49	48	77	56	40	72	37	56
PA14_59000	PA14_59000	-0.287	1.43	0.66	1	0.71	0.99	9	5	9	11	9	9	10	6	7	13	7	10
PA14_59240	pilL2	-0.111	4.384	0.66	1	0.76	1	56	78	103	64	62	129	65	85	76	80	46	149
PA14_60360	lspA	0.116	5.279	0.66	1	0.59	0.97	137	164	183	128	176	143	159	178	134	159	134	166
PA14_60760	PA14_60760	0.108	4.272	0.66	1	0.68	0.99	85	80	73	75	89	58	98	87	53	93	68	68
PA14_62260	PA14_62260	0.111	6.037	0.66	1	0.53	0.95	279	268	272	233	250	276	324	291	198	289	189	320
PA14_62490	dksA	-0.092	8.342	0.66	1	0.65	0.99	1273	1309	1218	1048	1362	1641	1477	1424	886	1299	1031	1905
PA14_63730	PA14_63730	-0.201	3.031	0.66	1	0.55	0.96	41	24	23	25	29	46	47	26	16	32	22	53
PA14_64460	psiF	0.083	8.013	0.66	1	0.68	0.99	1027	1099	1090	1096	1173	768	1192	1195	793	1357	889	893
PA14_64770	mdlC	0.206	2.604	0.66	1	0.57	0.97	27	19	26	18	24	21	31	21	19	23	18	24
PA14_64890	braD	-0.121	4.438	0.66	1	0.71	0.99	90	59	97	70	67	129	104	64	71	87	50	149
PA14_64960	pncB1	0.107	5.66	0.66	1	0.62	0.98	191	209	229	208	230	147	222	227	167	257	175	171
PA14_65430	motB	-0.074	5.956	0.66	1	0.72	0.99	208	275	243	225	239	300	242	299	177	279	181	348
PA14_67180	PA14_67180	0.115	6.083	0.66	1	0.55	0.96	235	299	317	233	293	260	273	325	231	289	222	302
PA14_67530	PA14_67530	-0.075	7.553	0.66	1	0.68	0.99	811	695	704	767	710	851	941	756	512	950	537	988
PA14_67840	PA14_67840	0.119	5.145	0.66	1	0.58	0.97	122	163	155	143	153	110	142	177	113	177	116	128
PA14_68380	nudE	0.069	7.257	0.66	1	0.74	1	665	578	648	595	742	468	771	629	472	737	563	544
PA14_72780	pdxY	-0.111	5.714	0.66	1	0.55	0.96	199	206	199	187	244	224	231	224	145	232	185	260
PA14_73170	glmS	-0.113	3.988	0.66	1	0.65	0.99	66	54	58	71	58	62	76	59	42	88	44	72
EBG00001225075	CRISPR-DR4	-0.176	3.602	0.67	1	0.68	0.99	34	53	44	40	24	84	40	57	32	50	17	96
PA14_00120	PA14_00120	0.094	8.684	0.67	1	0.64	0.99	1441	1959	1741	1731	1766	1319	1672	2130	1267	2144	1337	1532
PA14_05260	pyrB	0.124	6.084	0.67	1	0.47	0.94	284	282	284	284	237	258	329	307	207	351	179	300
PA14_11350	PA14_11350	0.241	1.984	0.67	1	0.58	0.97	16	18	9	14	11	13	19	20	6	17	8	15
PA14_12060	pbpA	0.112	5.792	0.67	1	0.55	0.96	212	237	244	206	230	207	246	258	178	255	174	240
PA14_12210	PA14_12210	-0.093	7.259	0.67	1	0.62	0.98	535	675	581	660	704	549	621	734	423	817	533	638
PA14_12640	PA14_12640	0.216	2.013	0.67	1	0.73	0.99	17	17	11	7	16	17	20	18	8	9	12	20
PA14_15580	PA14_15580	-0.06	9.36	0.67	1	0.75	1	2301	2810	2679	2637	2655	2827	2669	3056	1950	3267	2010	3283
PA14_16860	plsB	-0.061	6.163	0.67	1	0.78	1	303	276	264	282	227	369	351	300	192	349	171	428
PA14_17080	pyrH	-0.069	6.968	0.67	1	0.73	1	369	585	520	466	537	544	429	636	379	577	407	632
PA14_17250	yaaJ	-0.081	5.347	0.67	1	0.68	0.99	143	176	157	161	156	185	166	191	114	199	118	215
PA14_19590	ssuF	-0.379	2.945	0.67	1	0.49	0.94	34	26	13	24	9	62	39	28	9	30	6	71
PA14_21450	PA14_21450	0.17	2.79	0.67	1	0.67	0.99	33	30	20	22	24	29	38	33	14	28	18	33
PA14_22590	PA14_22590	-0.146	2.928	0.67	1	0.65	0.99	24	28	33	36	33	24	28	30	24	44	25	28
PA14_24530	pelE	0.612	0.254	0.67	1	0.8	1	5	3	0	2	3	2	6	3	0	2	2	2
PA14_25100	PA14_25100	-0.083	7.063	0.67	1	0.66	0.99	438	617	513	511	574	576	508	671	373	633	435	669
PA14_27290	PA14_27290	-0.159	2.832	0.67	1	0.63	0.98	27	20	29	33	30	21	31	22	21	40	23	25
PA14_27930	PA14_27930	-0.089	6.509	0.67	1	0.69	0.99	427	321	314	370	284	475	495	349	228	458	214	551
PA14_29530	hplV	0.38	1.119	0.67	1	0.48	0.94	8	5	9	8	5	3	9	6	7	10	4	4
PA14_30420	PA14_30420	0.122	5.13	0.67	1	0.56	0.96	120	164	151	121	139	140	140	178	110	150	105	163
PA14_30570	potF	0.084	9.791	0.67	1	0.65	0.99	3417	3940	3685	3386	3798	3237	3964	4285	2682	4194	2876	3760
PA14_30840	PA14_30840	0.092	7.904	0.67	1	0.68	0.99	806	1112	1070	925	1156	724	936	1209	779	1146	876	841
PA14_31760	cdsA	0.147	2.623	0.67	1	0.77	1	25	32	16	14	27	26	29	35	11	18	21	30
PA14_32390	mexF	-0.101	3.784	0.67	1	0.74	1	57	48	52	60	44	63	66	52	38	74	33	73
PA14_35140	PA14_35140	-0.078	4.605	0.67	1	0.75	1	91	86	104	107	91	97	106	94	76	132	69	113
PA14_37170	PA14_37170	0.103	5.695	0.67	1	0.67	0.99	273	173	197	233	212	154	316	188	143	288	161	179
PA14_37250	PA14_37250	0.215	2.006	0.67	1	0.66	0.99	22	15	10	12	14	15	25	16	7	15	11	17
PA14_42480	pcrG	0.359	1.478	0.67	1	0.52	0.95	15	8	7	12	2	10	17	9	5	14	1	11
PA14_43380	kdpB	0.217	2.101	0.67	1	0.65	0.99	17	17	14	11	19	12	20	18	10	14	15	14
PA14_43670	PA14_43670	0.085	8.421	0.67	1	0.64	0.99	1376	1414	1484	1269	1501	1259	1596	1538	1080	1572	1137	1462
PA14_44290	acnA	-0.085	9.757	0.67	1	0.65	0.99	3761	3178	3232	3442	3582	3764	4363	3457	2352	4264	2712	4372
PA14_46250	PA14_46250	0.139	3.767	0.67	1	0.58	0.97	63	56	49	54	48	51	73	61	35	67	36	59
PA14_50630	PA14_50630	-0.055	5.253	0.67	1	0.82	1	149	147	151	155	116	192	173	160	110	192	87	222
PA14_54720	PA14_54720	-0.23	1.917	0.67	1	0.63	0.98	16	8	12	14	12	16	18	9	9	17	9	19
PA14_55200	PA14_55200	0.136	4.392	0.67	1	0.56	0.96	86	99	74	89	65	80	100	107	53	110	49	93
PA14_55480	hxcX	0.348	1.137	0.67	1	0.57	0.97	11	6	5	8	4	5	13	7	3	10	3	6
PA14_59370	PA14_59370	-0.086	4.875	0.67	1	0.71	0.99	95	120	125	100	124	136	111	130	91	124	94	158
PA14_59990	PA14_59990	0.174	2.799	0.67	1	0.62	0.98	31	30	23	21	25	29	36	33	16	26	19	34
PA14_61950	PA14_61950	-0.167	4.623	0.67	1	0.52	0.95	69	108	99	90	140	81	81	117	72	112	107	94
PA14_63060	smpB	0.156	4.941	0.67	1	0.44	0.93	135	111	141	114	96	135	156	121	103	141	72	157
PA14_65850	rocE	0.159	5.724	0.67	1	0.49	0.94	242	209	220	162	159	279	281	227	160	201	120	323
PA14_66160	PA14_66160	0.113	6.626	0.67	1	0.56	0.96	360	423	457	414	426	307	418	460	333	512	323	357
PA14_66770	hslV	0.157	3.698	0.67	1	0.52	0.95	60	47	52	45	41	55	69	51	38	56	31	64
PA14_69850	betT	-0.069	7.319	0.67	1	0.7	0.99	589	630	667	630	679	669	683	685	486	780	514	777
PA14_70630	rubA2	0.087	6.417	0.67	1	0.68	0.99	296	373	391	294	424	281	344	406	285	365	322	327
PA14_72320	PA14_72320	0.114	5.64	0.67	1	0.56	0.96	239	182	199	216	183	175	277	198	145	267	138	203
EBG00001225042	tRNA	0.086	6.594	0.68	1	0.67	0.99	383	359	458	316	464	352	444	391	334	392	352	409
EBG00001225177	Bacteria_small_SRP	-0.238	2.017	0.68	1	0.53	0.95	13	15	11	9	19	18	15	16	8	12	15	21
PA14_00580	PA14_00580	0.225	2.314	0.68	1	0.56	0.96	14	20	24	10	18	22	17	22	18	13	14	25
PA14_02290	PA14_02290	-0.099	4.842	0.68	1	0.68	0.99	144	82	102	138	107	107	166	90	74	170	81	124
PA14_03470	PA14_03470	0.092	4.505	0.68	1	0.73	0.99	108	89	79	82	97	82	125	97	57	102	74	95
PA14_03630	PA14_03630	-0.171	2.881	0.68	1	0.65	0.99	36	18	24	40	28	19	41	20	17	49	21	23
PA14_04070	PA14_04070	0.072	5.577	0.68	1	0.78	1	264	180	140	181	193	184	305	196	101	224	146	214
PA14_07110	PA14_07110	-0.045	7.398	0.68	1	0.81	1	633	663	710	781	640	647	735	721	517	967	484	752
PA14_09080	rpsM	-0.084	8.817	0.68	1	0.68	0.99	1612	2219	1467	1929	1765	1923	1870	2413	1067	2389	1336	2234
PA14_10470	bcr	0.209	3.184	0.68	1	0.64	0.99	55	23	36	45	39	14	63	25	26	55	30	17
PA14_11060	cupB1	-0.155	2.813	0.68	1	0.63	0.98	26	27	24	23	24	37	30	29	17	29	18	43
PA14_11690	ppa	-0.107	5.037	0.68	1	0.64	0.99	103	148	128	100	149	160	120	161	93	125	113	185
PA14_13030	cioA	0.07	9.406	0.68	1	0.73	1	2541	3315	2556	2865	2936	2217	2948	3605	1860	3548	2223	2575
PA14_16070	hom	0.097	7.534	0.68	1	0.61	0.98	701	742	876	695	834	639	813	807	638	861	632	743
PA14_17930	glpD	-0.082	7.568	0.68	1	0.68	0.99	722	768	738	900	856	604	838	835	537	1114	648	702
PA14_18140	mmsB	-0.14	2.851	0.68	1	0.72	0.99	24	30	22	30	19	34	28	32	16	37	14	39
PA14_21980	PA14_21980	0.127	4.662	0.68	1	0.54	0.95	110	104	99	109	89	89	127	113	72	134	67	103
PA14_22260	PA14_22260	-0.22	2.005	0.68	1	0.64	0.99	11	16	11	12	13	19	13	17	8	15	10	22
PA14_23520	PA14_23520	-0.131	3.529	0.68	1	0.66	0.99	37	53	38	38	44	58	43	57	27	47	33	67
PA14_26930	PA14_26930	0.123	4.704	0.68	1	0.55	0.96	104	112	109	112	102	85	121	122	79	138	77	99
PA14_28540	PA14_28540	0.235	2.343	0.68	1	0.47	0.94	19	17	23	18	12	19	22	19	17	22	9	22
PA14_28710	pheT	0.085	6.624	0.68	1	0.66	0.99	421	416	386	436	416	303	488	452	281	539	315	352
PA14_29240	PA14_29240	0.104	5.395	0.68	1	0.64	0.99	151	176	196	166	197	124	175	191	143	205	150	144
PA14_30650	gacA	-0.074	10.635	0.68	1	0.7	0.99	5558	6519	6704	6328	7377	6059	6448	7090	4879	7838	5585	7038
PA14_31260	PA14_31260	0.322	1.205	0.68	1	0.6	0.98	8	9	10	7	8	6	9	10	7	9	6	7
PA14_32290	PA14_32290	-0.079	5.273	0.68	1	0.7	0.99	154	139	156	151	153	170	179	151	114	187	116	197
PA14_32720	PA14_32720	-0.079	4.52	0.68	1	0.77	1	98	85	80	124	72	81	113	93	58	153	54	94
PA14_33760	PA14_33760	0.17	3.92	0.68	1	0.48	0.94	50	63	75	49	52	65	58	69	55	61	39	75
PA14_33800	PA14_33800	-0.088	7.03	0.68	1	0.61	0.98	502	523	503	500	574	551	582	569	366	620	435	640
PA14_34000	PA14_34000	0.586	0.308	0.68	1	0.48	0.94	3	4	4	4	1	1	3	4	3	5	1	1
PA14_39750	PA14_39750	-0.218	1.939	0.68	1	0.7	0.99	13	14	10	17	10	16	15	15	7	21	7	18
PA14_41840	cysH	-0.077	5.627	0.68	1	0.7	0.99	177	209	192	231	203	175	206	227	140	286	154	204
PA14_42020	arsC	-0.061	5.256	0.68	1	0.79	1	140	142	167	136	140	189	162	154	122	169	106	219
PA14_42080	fadB	0.126	7.061	0.68	1	0.6	0.98	501	488	695	460	703	381	581	531	507	570	534	443
PA14_43290	PA14_43290	-0.088	5.065	0.68	1	0.64	0.99	126	138	125	142	134	138	146	150	91	176	101	160
PA14_43600	PA14_43600	0.119	6.596	0.68	1	0.52	0.95	430	322	462	364	380	374	499	351	337	451	288	434
PA14_45120	PA14_45120	-0.079	5.19	0.68	1	0.69	0.99	140	136	147	132	143	172	163	148	107	164	108	199
PA14_46070	gbuA	-0.168	2.567	0.68	1	0.67	0.99	25	16	19	23	19	27	29	18	14	28	14	31
PA14_47370	PA14_47370	0.192	3.019	0.68	1	0.49	0.94	30	35	36	35	25	27	35	38	26	43	19	31
PA14_48410	PA14_48410	0.095	5.672	0.68	1	0.67	0.99	248	179	204	226	211	155	287	195	148	279	160	180
PA14_50380	flgJ	-0.127	4.503	0.68	1	0.6	0.98	68	96	96	76	122	86	79	104	70	95	93	100
PA14_51650	PA14_51650	-0.073	4.03	0.68	1	0.85	1	52	56	81	58	50	90	61	61	60	72	37	104
PA14_52090	PA14_52090	0.151	5.206	0.68	1	0.6	0.98	106	171	188	116	199	105	124	186	138	144	152	123
PA14_52640	PA14_52640	-0.074	5.284	0.68	1	0.74	1	140	149	167	125	155	200	163	162	122	155	117	232
PA14_53260	PA14_53260	-0.087	5.382	0.68	1	0.66	0.99	185	144	154	177	161	175	214	157	112	219	122	203
PA14_54030	PA14_54030	0.516	0.824	0.68	1	0.43	0.93	5	3	10	8	3	2	6	3	8	9	2	2
PA14_55380	PA14_55380	-0.131	3.517	0.68	1	0.64	0.99	40	40	48	38	52	51	47	44	35	47	40	59
PA14_55520	hxcU	0.305	1.323	0.68	1	0.7	0.99	10	8	8	8	10	3	11	9	6	10	8	4
PA14_58820	PA14_58820	-0.095	4.047	0.68	1	0.73	1	67	66	55	76	50	75	78	72	40	94	37	87
PA14_58900	PA14_58900	-0.071	7.595	0.68	1	0.69	0.99	727	771	783	767	823	806	844	838	570	950	623	936
PA14_59480	PA14_59480	0.214	3.924	0.68	1	0.46	0.94	56	63	71	39	42	83	65	69	52	49	31	95
PA14_59520	PA14_59520	-0.172	2.701	0.68	1	0.59	0.97	27	21	20	29	25	22	31	23	14	36	19	26
PA14_59790	pvrR	-0.079	7.212	0.68	1	0.66	0.99	524	648	572	631	638	574	608	705	416	781	483	667
PA14_60445	obg	0.098	7.146	0.68	1	0.66	0.99	533	564	677	542	717	397	618	613	493	672	544	462
PA14_60600	rtcR	0.121	6.967	0.68	1	0.53	0.95	502	443	629	487	527	434	583	482	459	603	399	504
PA14_61710	hemA	0.12	5.669	0.68	1	0.51	0.95	194	233	212	205	184	197	225	253	154	254	139	229
PA14_65795	PA14_65795	0.151	3.814	0.68	1	0.58	0.97	71	46	55	63	47	45	82	50	40	77	35	53
PA14_66540	PA14_66540	0.189	3.251	0.68	1	0.47	0.94	43	30	42	41	27	33	50	33	31	50	20	38
PA14_66950	hisE	0.092	6.111	0.68	1	0.62	0.98	282	302	274	279	286	240	327	328	199	346	217	279
PA14_67470	PA14_67470	0.126	4.913	0.68	1	0.56	0.96	151	103	122	128	105	112	175	112	89	158	79	130
PA14_67975	PA14_67975	-0.082	6.732	0.68	1	0.64	0.99	462	401	381	485	423	411	536	436	277	600	320	477
PA14_68610	hslO	-0.095	4.677	0.68	1	0.64	0.99	96	101	96	105	103	105	111	110	70	130	78	122
PA14_69970	cycB	0.075	7.36	0.68	1	0.71	0.99	654	628	755	584	802	550	759	683	550	724	608	639
PA14_71640	PA14_71640	0.13	5.413	0.68	1	0.51	0.95	199	164	169	191	137	157	231	178	123	236	103	183
PA14_71850	PA14_71850	-0.064	5.822	0.68	1	0.74	1	221	225	217	248	203	241	256	245	158	307	153	280
PA14_73390	PA14_73390	0.189	3.109	0.68	1	0.45	0.93	30	36	42	32	29	32	35	39	31	40	22	37
PA14_00550	PA14_00550	0.123	6.359	0.69	1	0.59	0.97	457	305	269	348	251	348	529	332	195	431	189	404
PA14_00690	PA14_00690	0.185	2.575	0.69	1	0.64	0.99	20	27	23	24	25	13	23	29	17	29	19	16
PA14_01890	pcaQ	0.133	4.356	0.69	1	0.6	0.98	96	87	68	88	58	84	111	95	49	108	43	97
PA14_02060	PA14_02060	0.215	2.541	0.69	1	0.54	0.95	18	26	26	16	16	27	21	28	19	20	12	31
PA14_02310	atsA	0.221	2.434	0.69	1	0.49	0.94	22	17	24	21	15	18	26	19	18	26	11	21
PA14_02910	PA14_02910	-0.196	2.637	0.69	1	0.51	0.94	26	20	17	23	31	20	30	22	12	29	24	23
PA14_08710	nusG	-0.076	10.381	0.69	1	0.7	0.99	4581	6286	4863	5425	5578	5576	5314	6836	3539	6720	4223	6476
PA14_10160	fepD	-0.081	3.712	0.69	1	0.82	1	45	52	53	61	40	56	52	57	39	75	30	65
PA14_10530	PA14_10530	-0.102	6.747	0.69	1	0.57	0.97	428	413	410	453	521	371	497	449	298	561	395	431
PA14_10870	PA14_10870	-0.167	2.481	0.69	1	0.67	0.99	13	21	24	20	26	19	15	23	18	25	20	22
PA14_11280	PA14_11280	0.15	5.592	0.69	1	0.56	0.96	143	287	177	211	186	150	167	312	128	261	141	175
PA14_14020	PA14_14020	-0.17	2.59	0.69	1	0.68	0.99	31	11	21	29	23	19	35	12	15	35	17	22
PA14_14470	pepA	-0.068	6.328	0.69	1	0.7	0.99	296	315	336	324	341	327	343	343	245	402	258	380
PA14_15210	PA14_15210	0.173	3.341	0.69	1	0.51	0.94	46	38	43	43	30	38	53	41	31	53	22	44
PA14_15340	guaA	0.107	6.584	0.69	1	0.63	0.98	313	426	461	355	465	295	364	463	336	440	353	343
PA14_17810	PA14_17810	0.201	2.306	0.69	1	0.58	0.97	20	19	21	16	22	14	23	21	15	20	17	17
PA14_22210	PA14_22210	0.221	2.36	0.69	1	0.54	0.95	19	24	19	21	12	19	22	26	14	26	9	22
PA14_22680	yrbE	-0.077	6.157	0.69	1	0.68	0.99	312	281	243	322	257	303	362	306	176	399	194	352
PA14_23390	orfE	-0.121	11.092	0.69	1	0.64	0.99	5290	10149	9901	8298	11466	7798	6137	11038	7206	10279	8681	9058
PA14_23530	mdr	-0.126	2.596	0.69	1	0.83	1	16	16	34	20	19	33	19	18	26	25	14	38
PA14_24445	gdhB	0.084	9.137	0.69	1	0.66	0.99	2089	2724	2206	2316	2272	2032	2423	2962	1605	2869	1720	2360
PA14_25050	PA14_25050	0.102	3.647	0.69	1	0.77	1	58	48	44	31	55	55	67	52	32	39	42	64
PA14_25400	ugpQ	-0.079	5.318	0.69	1	0.73	0.99	182	147	133	162	128	198	211	160	96	201	96	229
PA14_25940	PA14_25940	0.089	8.607	0.69	1	0.64	0.99	1858	1554	1452	1692	1411	1471	2155	1690	1056	2095	1068	1709
PA14_26270	PA14_26270	0.174	2.425	0.69	1	0.66	0.99	29	19	16	19	21	17	33	21	11	24	16	20
PA14_26530	cobJ	0.216	2.337	0.69	1	0.53	0.95	24	16	21	21	15	16	28	18	15	26	11	19
PA14_27090	lipH	-0.156	2.289	0.69	1	0.76	1	11	15	25	17	20	19	13	16	19	21	15	22
PA14_27140	PA14_27140	0.155	5.003	0.69	1	0.49	0.94	151	120	131	153	86	121	175	131	95	189	64	140
PA14_28660	infC	-0.066	10.86	0.69	1	0.72	0.99	7297	7724	6982	7193	7261	8580	8465	8400	5081	8910	5497	9965
PA14_29040	PA14_29040	-0.382	0.847	0.69	1	0.61	0.98	7	3	3	6	5	6	8	3	2	7	4	7
PA14_29770	PA14_29770	0.166	3.421	0.69	1	0.54	0.95	50	42	38	48	28	39	58	46	27	59	21	45
PA14_30940	trbB	0.432	0.745	0.69	1	0.75	1	7	7	0	6	5	1	8	8	0	7	4	1
PA14_34740	PA14_34740	0.308	1.398	0.69	1	0.53	0.95	11	9	7	8	4	10	13	10	5	10	3	11
PA14_36420	PA14_36420	-0.075	7.621	0.69	1	0.67	0.99	775	777	767	796	828	819	899	845	558	986	627	951
PA14_37310	PA14_37310	0.599	0.042	0.69	1	0.49	0.94	4	2	4	5	0	1	5	2	3	6	0	1
PA14_37590	kynB	-0.12	3.721	0.69	1	0.63	0.98	56	48	42	56	48	55	65	52	30	69	36	64
PA14_38880	PA14_38880	-0.578	0.172	0.69	1	0.7	0.99	0	3	5	2	0	8	0	3	4	3	0	9
PA14_39590	metE	0.124	8.501	0.69	1	0.71	0.99	1684	1119	1773	1282	2218	698	1953	1217	1291	1588	1682	812
PA14_39660	PA14_39660	-0.095	4.088	0.69	1	0.69	0.99	70	60	63	79	62	64	81	65	46	97	47	75
PA14_39860	PA14_39860	0.324	1.251	0.69	1	0.44	0.93	9	7	11	7	6	9	11	8	8	9	4	10
PA14_42620	pscR	0.594	1.032	0.69	1	0.3	0.9	6	5	12	11	0	2	7	5	9	13	0	3
PA14_44240	PA14_44240	0.295	1.385	0.69	1	0.62	0.98	11	9	7	10	8	5	13	10	5	12	6	6
PA14_45590	cheA	0.089	8.354	0.69	1	0.64	0.99	1218	1381	1485	1221	1454	1164	1413	1502	1081	1513	1101	1352
PA14_47230	PA14_47230	-0.078	4.818	0.69	1	0.71	0.99	104	118	103	125	101	117	121	128	75	154	76	136
PA14_48520	mltA	-0.095	4.818	0.69	1	0.65	0.99	102	110	111	118	126	102	119	120	81	146	96	119
PA14_48990	PA14_48990	-0.628	0.401	0.69	1	0.49	0.94	5	2	2	1	2	11	6	2	1	2	1	12
PA14_49630	PA14_49630	-0.097	4.617	0.69	1	0.66	0.99	105	97	79	105	86	110	122	106	57	130	65	128
PA14_50130	fliG	0.075	7.177	0.69	1	0.7	0.99	572	614	606	585	660	458	664	668	441	724	500	533
PA14_50290	fliC	-0.072	11.996	0.69	1	0.71	0.99	15089	17087	16084	18630	18001	14090	17504	18584	11705	23075	13628	16366
PA14_52040	purM	-0.081	5.203	0.69	1	0.69	0.99	120	167	143	147	152	156	140	181	104	182	115	181
PA14_59140	PA14_59140	0.333	1.452	0.69	1	0.5	0.94	6	12	12	5	4	13	7	13	9	7	3	15
PA14_59540	PA14_59540	-0.077	5.692	0.69	1	0.71	0.99	205	197	201	177	198	260	238	214	146	220	150	301
PA14_59620	PA14_59620	0.318	10.422	0.69	1	0.26	0.89	3596	5552	9302	5489	4723	4589	4173	6039	6772	6799	3575	5330
PA14_60790	PA14_60790	-0.081	7.774	0.69	1	0.69	0.99	692	974	907	850	1047	825	803	1059	660	1053	793	959
PA14_61820	ychF	-0.072	5.39	0.69	1	0.73	0.99	131	192	166	171	170	172	152	209	121	212	129	200
PA14_67220	PA14_67220	0.207	3.859	0.69	1	0.43	0.93	60	45	77	65	40	51	70	49	57	80	30	59
EBG00001225088	CRISPR-DR4	0.519	0.524	0.7	1	0.42	0.93	2	4	7	3	0	4	3	4	5	4	0	5
PA14_00910	PA14_00910	0.159	2.761	0.7	1	0.67	0.99	34	28	17	24	20	27	39	30	12	30	15	31
PA14_02750	PA14_02750	0.105	5.518	0.7	1	0.59	0.98	162	211	196	183	190	156	188	229	143	226	144	182
PA14_03350	PA14_03350	0.098	6.649	0.7	1	0.6	0.98	363	416	473	330	435	404	421	452	345	409	330	469
PA14_03860	PA14_03860	0.072	10.223	0.7	1	0.7	0.99	4777	4995	5066	4527	5288	4303	5542	5433	3687	5607	4004	4998
PA14_07650	ycgB	0.071	9.829	0.7	1	0.73	0.99	3369	4498	3422	3954	3796	2999	3908	4892	2490	4897	2874	3484
PA14_07900	PA14_07900	-0.08	4.086	0.7	1	0.79	1	60	61	74	54	64	87	70	66	54	67	48	101
PA14_10130	PA14_10130	0.09	3.986	0.7	1	0.78	1	74	69	49	68	68	46	86	75	35	84	52	54
PA14_12400	thiE	0.117	4.266	0.7	1	0.64	0.99	90	82	65	88	65	66	104	89	47	108	49	77
PA14_14140	PA14_14140	-0.077	5.698	0.7	1	0.68	0.99	219	198	189	223	200	216	254	215	137	276	151	251
PA14_14290	PA14_14290	0.098	5.226	0.7	1	0.61	0.98	162	147	153	148	153	132	188	160	111	183	116	153
PA14_14690	PA14_14690	-0.064	7.525	0.7	1	0.72	0.99	677	710	792	701	823	756	786	772	577	868	623	878
PA14_15310	guaB	-0.071	7.354	0.7	1	0.69	0.99	651	679	600	732	650	645	755	738	436	906	492	749
PA14_16210	PA14_16210	0.144	3.862	0.7	1	0.52	0.95	51	62	67	52	57	52	59	67	49	65	43	61
PA14_16560	PA14_16560	0.102	7.547	0.7	1	0.64	0.99	590	899	851	742	864	575	685	978	620	919	655	668
PA14_16750	PA14_16750	-0.111	3.995	0.7	1	0.61	0.98	59	63	59	61	70	65	69	68	43	76	53	76
PA14_16910	PA14_16910	0.1	5.481	0.7	1	0.61	0.98	206	179	169	197	164	156	239	195	123	244	124	182
PA14_17910	lipG	-0.124	3.328	0.7	1	0.66	0.99	41	28	41	38	42	40	47	31	30	47	32	46
PA14_18330	arnT	-0.197	4.631	0.7	1	0.6	0.98	121	87	65	97	48	168	140	95	46	120	35	194
PA14_21620	oprP	0.098	4.592	0.7	1	0.72	0.99	78	109	109	81	119	77	91	118	80	101	91	90
PA14_23220	ubiG	0.078	6.821	0.7	1	0.68	0.99	472	450	478	472	506	348	547	490	348	585	384	405
PA14_24290	gbt	-0.086	5.685	0.7	1	0.66	0.99	223	209	166	218	189	227	258	227	120	270	143	264
PA14_27400	PA14_27400	-0.163	2.791	0.7	1	0.6	0.98	24	29	20	27	29	26	28	31	14	34	22	30
PA14_28470	PA14_28470	-0.072	4.718	0.7	1	0.75	1	83	114	107	107	103	109	97	124	78	133	78	126
PA14_28980	PA14_28980	-0.138	3.057	0.7	1	0.68	0.99	39	20	30	37	32	30	45	22	22	45	24	35
PA14_31530	PA14_31530	0.139	5.89	0.7	1	0.65	0.99	307	226	212	318	247	113	355	246	154	392	187	132
PA14_31730	PA14_31730	-0.243	2.079	0.7	1	0.5	0.94	19	12	9	11	19	18	22	13	6	14	15	21
PA14_33340	PA14_33340	0.109	5.843	0.7	1	0.56	0.96	241	215	259	233	231	199	280	234	189	289	175	231
PA14_34210	sfnR	-0.108	3.758	0.7	1	0.7	0.99	53	50	48	64	52	46	61	54	35	79	39	54
PA14_34690	PA14_34690	0.132	4.038	0.7	1	0.56	0.96	73	60	69	62	60	62	85	65	50	77	45	72
PA14_37140	PA14_37140	0.158	4.044	0.7	1	0.51	0.95	76	59	69	69	44	67	88	64	50	85	33	78
PA14_39250	PA14_39250	-0.36	0.67	0.7	1	0.73	1	3	6	4	7	3	6	4	6	3	9	2	7
PA14_40050	PA14_40050	-0.126	4.574	0.7	1	0.58	0.97	83	120	67	106	104	87	97	130	48	131	79	101
PA14_40430	PA14_40430	-0.073	8.793	0.7	1	0.72	0.99	1490	1943	1800	1946	2048	1511	1729	2113	1310	2410	1551	1755
PA14_42740	PA14_42740	-0.129	5.015	0.7	1	0.58	0.97	108	121	142	114	181	112	125	132	104	142	138	130
PA14_44420	fixG	-0.058	8.27	0.7	1	0.76	1	1057	1316	1290	1115	1308	1391	1226	1431	939	1382	990	1615
PA14_46780	PA14_46780	-0.062	4.158	0.7	1	0.86	1	67	68	73	73	52	89	78	74	53	91	39	103
PA14_47000	PA14_47000	0.263	1.668	0.7	1	0.59	0.97	16	6	12	9	9	10	18	7	9	11	7	12
PA14_50620	PA14_50620	-0.088	5.383	0.7	1	0.64	0.99	162	152	170	169	192	154	188	165	124	209	146	179
PA14_52370	PA14_52370	0.101	5.843	0.7	1	0.61	0.98	264	196	254	201	231	233	306	213	185	249	175	271
PA14_53850	PA14_53850	0.114	7.845	0.7	1	0.67	0.99	841	967	1085	964	1203	507	976	1052	790	1194	912	590
PA14_56780	sodB	-0.061	9.384	0.7	1	0.74	1	2708	2623	2589	2806	2638	2815	3141	2853	1884	3475	1997	3270
PA14_57930	PA14_57930	-0.094	7.827	0.7	1	0.67	0.99	644	1035	978	865	1141	830	748	1125	712	1072	865	964
PA14_58500	PA14_58500	-0.139	2.783	0.7	1	0.75	1	30	18	25	32	22	26	34	20	18	39	16	30
PA14_61450	PA14_61450	0.171	2.79	0.7	1	0.65	0.99	20	29	32	25	32	16	24	32	24	31	25	19
PA14_61780	rplY	0.073	9.202	0.7	1	0.71	0.99	2149	2979	2188	2173	2358	2425	2493	3240	1592	2692	1785	2816
PA14_61920	PA14_61920	0.107	4.895	0.7	1	0.6	0.98	116	135	114	117	115	108	135	147	83	145	87	126
PA14_62920	yeaS	0.094	6.128	0.7	1	0.64	0.99	267	322	282	323	286	207	310	350	205	399	217	241
PA14_65310	hfq	-0.076	10.507	0.7	1	0.72	0.99	4319	6995	5849	6043	6693	5361	5011	7607	4257	7485	5067	6227
PA14_65840	PA14_65840	-0.097	4.275	0.7	1	0.7	0.99	72	80	68	68	69	97	83	87	49	85	52	112
PA14_65950	PA14_65950	-0.125	3.407	0.7	1	0.67	0.99	37	39	41	34	44	49	43	42	30	43	33	57
PA14_66900	ubiE	-0.085	6.829	0.7	1	0.62	0.98	470	470	390	492	457	462	545	511	283	609	346	537
PA14_69630	rnk	0.061	7.848	0.7	1	0.75	1	995	990	858	903	992	833	1154	1077	624	1119	751	968
PA14_70530	PA14_70530	0.091	3.784	0.7	1	0.81	1	63	49	54	46	70	41	73	53	39	57	54	48
EBG00001225018	RNaseP_bact_a	-0.071	11.283	0.71	1	0.82	1	8317	8536	12593	16402	8716	5818	9648	9284	9166	20314	6598	6759
EBG00001225099	tRNA	0.149	3.014	0.71	1	0.68	0.99	28	41	29	35	33	21	33	44	21	43	25	25
PA14_00900	PA14_00900	0.254	1.89	0.71	1	0.49	0.94	13	12	17	11	8	15	15	13	13	14	6	17
PA14_02380	PA14_02380	-0.234	1.921	0.71	1	0.51	0.95	17	10	9	12	18	13	19	11	6	15	14	15
PA14_05120	PA14_05120	0.121	4.328	0.71	1	0.58	0.97	78	85	86	78	80	71	91	92	63	96	61	83
PA14_05970	PA14_05970	0.104	4.782	0.71	1	0.63	0.98	98	126	114	101	115	100	114	137	83	125	87	116
PA14_05990	emrA	-0.077	5.131	0.71	1	0.71	0.99	122	155	132	144	140	147	142	168	96	178	106	171
PA14_07230	fda	-0.067	7.897	0.71	1	0.7	0.99	952	919	945	973	1013	964	1104	1000	688	1205	767	1120
PA14_07630	PA14_07630	0.152	4.645	0.71	1	0.56	0.96	135	80	99	89	72	121	156	87	72	110	54	140
PA14_08960	rplX	-0.056	6.608	0.71	1	0.77	1	339	412	405	351	395	455	393	448	295	435	299	528
PA14_09500	opmD	-0.099	5.804	0.71	1	0.65	0.99	271	167	208	191	231	271	314	182	151	237	175	314
PA14_10620	hpcB	0.169	3.246	0.71	1	0.55	0.96	40	27	51	36	38	31	46	30	38	44	29	36
PA14_11880	PA14_11880	0.151	3.518	0.71	1	0.68	0.99	65	33	40	55	42	28	75	36	29	67	32	33
PA14_11890	PA14_11890	0.077	6.985	0.71	1	0.68	0.99	607	474	487	533	505	450	704	516	354	660	382	523
PA14_14160	PA14_14160	-0.081	4.775	0.71	1	0.71	0.99	94	116	106	102	110	122	109	126	77	127	83	141
PA14_14610	yajC	-0.094	6.995	0.71	1	0.67	0.99	441	623	424	454	453	682	512	677	308	563	342	791
PA14_16090	thrC	0.077	6.133	0.71	1	0.68	0.99	327	279	259	295	277	249	379	303	188	365	210	289
PA14_17410	PA14_17410	0.13	5.392	0.71	1	0.54	0.95	170	151	205	187	166	126	197	164	150	231	126	147
PA14_20330	phnE	-0.349	0.912	0.71	1	0.62	0.98	6	4	4	5	5	8	7	4	3	6	4	9
PA14_20760	cheR	0.07	7.682	0.71	1	0.75	1	745	884	915	783	1024	618	865	961	666	970	776	718
PA14_21640	PA14_21640	0.088	4.835	0.71	1	0.7	0.99	111	121	119	106	133	94	129	132	87	132	101	109
PA14_21990	PA14_21990	0.079	6.65	0.71	1	0.67	0.99	489	366	391	381	391	408	567	398	284	472	296	474
PA14_24665	PA14_24665	0.105	6.324	0.71	1	0.54	0.95	334	326	338	330	303	295	388	355	246	409	229	343
PA14_26730	PA14_26730	0.16	3.394	0.71	1	0.5	0.94	40	42	45	40	32	41	47	46	33	49	24	48
PA14_29320	PA14_29320	-0.067	5.748	0.71	1	0.78	1	256	143	230	207	214	238	297	156	168	257	162	276
PA14_35210	PA14_35210	-0.179	2.699	0.71	1	0.56	0.96	25	25	17	27	31	20	29	27	12	33	24	23
PA14_35230	PA14_35230	0.197	3.1	0.71	1	0.52	0.95	39	34	33	42	17	33	45	37	24	51	12	38
PA14_35240	PA14_35240	0.148	3.512	0.71	1	0.58	0.97	55	40	42	46	32	45	64	44	30	57	24	52
PA14_41130	PA14_41130	-0.04	6.478	0.71	1	0.84	1	305	389	365	347	320	420	354	423	266	430	242	487
PA14_42760	aroC	0.089	7.112	0.71	1	0.63	0.99	679	524	517	577	487	554	787	570	376	714	368	643
PA14_43310	PA14_43310	-0.139	2.835	0.71	1	0.81	1	27	19	32	20	20	45	31	21	24	25	15	52
PA14_45840	PA14_45840	-0.061	8.392	0.71	1	0.74	1	1428	1318	1232	1362	1261	1527	1656	1434	896	1687	954	1773
PA14_46600	PA14_46600	-0.205	2.264	0.71	1	0.63	0.98	13	17	21	11	28	20	15	18	16	14	22	23
PA14_47040	yegH	0.103	5.794	0.71	1	0.58	0.97	241	207	242	193	214	234	280	225	176	240	162	272
PA14_49890	PA14_49890	0.099	5.915	0.71	1	0.61	0.98	253	274	221	268	211	220	294	298	160	331	159	256
PA14_50140	fliF	-0.069	5.843	0.71	1	0.71	0.99	221	222	229	237	239	229	256	242	167	294	181	266
PA14_50650	PA14_50650	0.131	3.145	0.71	1	0.75	1	43	32	29	41	35	19	49	35	21	50	27	23
PA14_50820	PA14_50820	-0.08	6.763	0.71	1	0.66	0.99	472	443	357	480	416	449	547	482	259	594	315	522
PA14_51610	PA14_51610	-0.074	3.91	0.71	1	0.81	1	41	65	65	62	57	60	48	71	48	77	43	70
PA14_52440	PA14_52440	-0.687	0.004	0.71	1	0.57	0.97	1	1	3	1	5	2	1	1	2	1	4	2
PA14_52530	PA14_52530	-0.063	6.539	0.71	1	0.73	0.99	391	316	390	386	390	369	453	344	284	478	295	429
PA14_53360	plcH	0.166	3.045	0.71	1	0.58	0.97	39	29	30	34	24	29	45	32	22	42	18	34
PA14_53920	PA14_53920	-0.077	7.373	0.71	1	0.68	0.99	646	601	703	675	790	592	749	654	512	836	599	688
PA14_55110	PA14_55110	-0.099	4.69	0.71	1	0.71	0.99	68	116	113	85	127	106	79	126	83	106	97	123
PA14_56640	PA14_56640	-0.175	2.829	0.71	1	0.66	0.99	39	14	22	26	22	36	44	15	16	32	16	42
PA14_57070	PA14_57070	0.163	4.407	0.71	1	0.5	0.94	68	85	117	67	82	90	79	92	86	84	62	104
PA14_57450	mraW	-0.065	7.155	0.71	1	0.71	0.99	556	583	543	540	564	655	645	634	395	669	427	761
PA14_61250	lysP	-0.077	5.535	0.71	1	0.67	0.99	192	177	171	187	182	200	223	192	124	232	138	232
PA14_62960	dnaJ	0.113	6.23	0.71	1	0.51	0.95	290	302	347	291	292	284	337	329	253	361	221	330
PA14_63120	PA14_63120	-0.1	4.166	0.71	1	0.77	1	81	52	70	60	55	102	94	57	51	75	41	118
PA14_64300	PA14_64300	0.225	1.812	0.71	1	0.69	0.99	13	15	14	12	14	9	15	16	10	15	11	11
PA14_66970	tatB	-0.094	5.094	0.71	1	0.64	0.99	152	117	124	144	144	132	176	127	90	178	109	154
PA14_67510	estA	-0.061	7.985	0.71	1	0.73	1	989	1026	985	1020	1013	1096	1147	1116	717	1263	767	1273
PA14_69925	poxB	-0.082	4.106	0.71	1	0.75	1	70	66	62	74	55	79	81	72	45	92	41	92
PA14_70070	PA14_70070	0.093	7.578	0.71	1	0.61	0.98	764	773	850	748	799	692	886	841	619	926	605	804
PA14_70310	PA14_70310	0.141	3.105	0.71	1	0.67	0.99	37	30	34	32	38	23	43	33	25	40	29	27
PA14_70800	phoU	0.114	6.558	0.71	1	0.51	0.95	414	363	404	367	320	402	480	395	294	454	242	467
PA14_72810	PA14_72810	0.127	5.747	0.71	1	0.56	0.96	205	184	288	193	244	183	238	200	211	239	185	213
PA14_00400	PA14_00400	0.108	4.077	0.72	1	0.64	0.99	73	63	69	55	70	66	84	69	50	68	53	77
PA14_01250	ychM	-0.108	4.647	0.72	1	0.69	0.99	109	100	75	91	76	139	126	109	54	113	57	161
PA14_03190	PA14_03190	-0.038	7.848	0.72	1	0.84	1	807	889	1054	876	967	980	937	967	768	1085	732	1138
PA14_03265	PA14_03265	0.11	5.95	0.72	1	0.55	0.96	230	246	296	221	253	240	267	268	216	274	192	279
PA14_03400	PA14_03400	-0.169	2.325	0.72	1	0.65	0.99	14	24	14	23	20	17	17	26	10	28	15	20
PA14_04110	serA	-0.04	6.805	0.72	1	0.83	1	418	460	452	448	406	512	485	500	329	555	307	594
PA14_05000	micA	0.078	4.003	0.72	1	0.83	1	66	79	46	64	70	50	76	86	33	79	53	58
PA14_06510	bioF	0.128	5.434	0.72	1	0.56	0.96	224	141	177	185	132	178	259	154	129	229	99	207
PA14_06840	norD	0.221	1.947	0.72	1	0.63	0.98	17	13	13	16	12	9	20	14	9	19	9	11
PA14_07940	trpE	-0.047	6.992	0.72	1	0.8	1	456	489	569	484	536	542	529	532	415	600	406	630
PA14_10090	PA14_10090	0.112	4.513	0.72	1	0.65	0.99	96	83	103	101	97	62	111	90	75	125	74	72
PA14_11930	PA14_11930	0.126	4.164	0.72	1	0.59	0.97	75	67	81	79	71	54	87	73	59	97	54	63
PA14_14440	valS	0.093	6.863	0.72	1	0.59	0.98	472	511	466	427	424	507	548	556	339	529	321	589
PA14_15660	PA14_15660	0.102	5.233	0.72	1	0.63	0.98	134	154	181	135	172	129	156	167	132	168	131	150
PA14_15930	yfjD	-0.074	4.472	0.72	1	0.79	1	93	85	79	89	71	111	108	93	57	110	53	128
PA14_17620	potC	0.392	0.536	0.72	1	0.58	0.97	5	6	4	3	4	4	6	6	3	4	3	5
PA14_20850	slyA	0.076	6.479	0.72	1	0.7	0.99	397	417	290	371	314	363	460	453	210	459	237	422
PA14_21320	PA14_21320	0.103	5.063	0.72	1	0.65	0.99	139	130	144	152	138	94	161	142	105	188	105	110
PA14_22620	cyaB	-0.055	6.244	0.72	1	0.76	1	290	303	304	317	297	317	336	330	221	392	225	368
PA14_22630	PA14_22630	0.189	5.316	0.72	1	0.51	0.95	208	169	128	167	80	195	241	184	92	207	59	226
PA14_23670	PA14_23670	0.135	4.959	0.72	1	0.53	0.95	143	123	121	128	83	141	166	134	88	158	62	163
PA14_23800	asd	-0.082	6.919	0.72	1	0.64	0.99	486	459	473	440	548	514	564	499	344	546	415	597
PA14_24050	xcpV	0.162	3.491	0.72	1	0.53	0.95	49	33	56	39	38	44	57	36	41	49	29	51
PA14_28690	pheS	-0.048	6.861	0.72	1	0.79	1	389	493	500	471	483	474	452	536	364	583	366	550
PA14_30280	trxB1	-0.057	7.876	0.72	1	0.75	1	956	950	880	1035	903	961	1109	1033	640	1282	683	1116
PA14_30550	ssuA	0.103	5.264	0.72	1	0.65	0.99	208	130	137	158	125	159	240	142	99	195	94	185
PA14_31680	PA14_31680	0.087	6.968	0.72	1	0.62	0.98	509	490	557	477	536	454	591	533	406	591	406	527
PA14_31770	PA14_31770	-0.097	3.399	0.72	1	0.77	1	38	37	42	39	36	48	44	40	31	49	27	56
PA14_32160	antA	0.121	4.243	0.72	1	0.62	0.98	73	77	85	85	79	52	85	84	62	105	60	61
PA14_32340	PA14_32340	0.463	0.518	0.72	1	0.68	0.99	8	2	2	4	3	2	9	2	1	5	2	2
PA14_33310	PA14_33310	-0.088	4.057	0.72	1	0.73	1	67	56	68	68	67	68	78	61	50	84	51	79
PA14_37040	cupA2	0.433	0.619	0.72	1	0.59	0.98	5	2	8	2	4	4	6	2	6	3	3	5
PA14_37680	PA14_37680	0.066	6.305	0.72	1	0.76	1	285	397	291	334	349	248	331	432	211	414	265	288
PA14_41150	PA14_41150	0.125	3.511	0.72	1	0.65	0.99	44	52	42	36	45	46	51	56	30	45	34	53
PA14_41230	clpX	0.077	13.01	0.72	1	0.7	0.99	29659	37023	35953	32673	36450	28153	34405	40266	26165	40470	27595	32700
PA14_41240	clpP	0.053	8.96	0.72	1	0.79	1	1927	2121	2090	1740	2366	1812	2235	2307	1521	2156	1792	2105
PA14_46110	PA14_46110	-0.106	3.374	0.72	1	0.75	1	48	31	35	45	32	45	55	34	25	55	24	52
PA14_46400	yqhC	0.12	3.839	0.72	1	0.65	0.99	67	63	45	57	44	60	78	68	32	71	33	69
PA14_49610	PA14_49610	-0.177	1.867	0.72	1	0.83	1	15	4	18	13	7	22	17	5	14	16	5	25
PA14_51150	mucK	-0.115	2.881	0.72	1	0.81	1	25	25	30	27	23	35	29	27	22	34	17	40
PA14_52120	PA14_52120	-0.098	4.927	0.72	1	0.62	0.98	108	134	106	120	134	120	125	146	77	149	102	139
PA14_53030	yaeJ	0.091	5.765	0.72	1	0.65	0.99	195	239	239	223	238	171	227	260	174	276	181	199
PA14_53090	PA14_53090	0.148	4.486	0.72	1	0.53	0.95	106	80	95	107	63	82	123	87	69	132	47	95
PA14_53550	PA14_53550	-0.069	4.612	0.72	1	0.78	1	102	80	101	113	94	89	118	87	74	139	71	104
PA14_53560	PA14_53560	-0.088	4.463	0.72	1	0.68	0.99	87	82	84	83	87	98	101	89	61	103	66	114
PA14_53740	PA14_53740	-0.143	3.21	0.72	1	0.71	0.99	41	34	24	54	27	28	47	37	17	66	20	33
PA14_58270	PA14_58270	0.114	5.179	0.72	1	0.56	0.96	142	156	151	156	131	127	165	170	110	193	99	148
PA14_58630	speC	-0.102	8.566	0.72	1	0.61	0.98	1407	1664	1353	1591	1855	1303	1632	1810	984	1971	1405	1514
PA14_58650	PA14_58650	-0.047	8.222	0.72	1	0.82	1	970	1250	1338	1025	1305	1345	1126	1359	974	1270	988	1562
PA14_58780	coaE	-0.067	5.68	0.72	1	0.71	0.99	213	194	195	212	196	223	247	211	142	262	148	259
PA14_59230	PA14_59230	-0.077	7.971	0.72	1	0.74	1	696	1089	1172	1075	1242	803	808	1184	854	1331	941	933
PA14_60150	PA14_60150	-0.077	5.519	0.72	1	0.78	1	162	160	216	127	180	259	188	174	158	159	136	300
PA14_62030	PA14_62030	-0.114	4.162	0.72	1	0.62	0.98	64	72	66	63	86	71	74	78	48	78	66	82
PA14_62050	PA14_62050	0.16	4.82	0.72	1	0.64	0.99	67	147	145	93	159	70	79	160	106	115	122	82
PA14_62170	PA14_62170	-0.055	5.406	0.72	1	0.79	1	160	161	177	175	161	179	186	175	129	217	122	208
PA14_62680	PA14_62680	-0.097	13.782	0.72	1	0.62	0.98	57372	61085	46596	61579	62552	52380	66551	66436	33910	76274	47355	60840
PA14_63250	yfcY	0.08	5.687	0.72	1	0.69	0.99	203	214	217	194	232	175	236	233	158	241	176	204
PA14_66670	ponA	0.094	7.87	0.72	1	0.62	0.98	820	1030	1070	856	986	894	952	1120	779	1060	747	1039
PA14_68150	PA14_68150	0.453	0.801	0.72	1	0.5	0.94	3	5	13	6	8	2	4	5	10	7	6	2
PA14_72690	PA14_72690	-0.467	0.478	0.72	1	0.68	0.99	4	1	3	8	3	1	5	1	2	9	2	1
PA14_72770	PA14_72770	-0.076	7.695	0.72	1	0.69	0.99	776	812	854	878	994	704	900	883	622	1087	753	818
PA14_02030	PA14_02030	0.102	5.161	0.73	1	0.66	0.99	173	142	126	177	121	113	200	155	91	218	91	132
PA14_06350	yfiM	-0.071	4.696	0.73	1	0.74	1	104	97	100	110	99	108	121	106	73	136	75	125
PA14_07550	PA14_07550	0.19	2.616	0.73	1	0.55	0.96	21	27	23	20	14	28	25	29	17	25	10	32
PA14_07560	rpsU	-0.172	7.836	0.73	1	0.57	0.97	1038	1005	553	808	631	1486	1204	1093	401	1002	476	1725
PA14_07570	gcp	0.086	6.044	0.73	1	0.65	0.99	314	260	241	268	232	269	364	283	175	332	175	312
PA14_11100	cupB5	0.11	3.15	0.73	1	0.83	1	51	29	27	21	37	42	58	32	19	27	28	48
PA14_13710	PA14_13710	-0.104	5.208	0.73	1	0.67	0.99	176	135	112	136	121	199	204	147	81	169	91	230
PA14_15100	PA14_15100	0.066	8.118	0.73	1	0.73	1	1075	1139	1225	1062	1291	935	1247	1239	892	1315	978	1086
PA14_20370	phnH	-0.37	0.407	0.73	1	0.72	0.99	3	1	8	4	6	3	3	1	6	5	5	4
PA14_21540	fabH-2	0.061	7.539	0.73	1	0.76	1	692	852	753	751	850	602	803	926	548	930	644	700
PA14_22130	PA14_22130	-0.293	1.85	0.73	1	0.48	0.94	18	11	4	10	17	14	20	12	2	13	13	16
PA14_22990	gltF	0.19	2.273	0.73	1	0.62	0.98	15	19	20	13	19	16	18	21	15	16	15	19
PA14_23030	oprB	-0.09	4.972	0.73	1	0.67	0.99	119	109	134	109	155	122	138	119	98	136	118	142
PA14_23440	orfL	-0.084	9.301	0.73	1	0.71	0.99	1899	3301	2214	2772	2670	2420	2204	3590	1611	3433	2021	2811
PA14_24860	snr1	-0.048	6.325	0.73	1	0.8	1	286	315	351	294	333	357	332	343	256	365	252	414
PA14_25650	fabD	-0.049	5.727	0.73	1	0.8	1	192	211	225	219	210	219	223	229	164	271	159	254
PA14_25910	PA14_25910	-0.08	5.344	0.73	1	0.68	0.99	175	157	138	164	152	182	203	171	100	203	115	211
PA14_27110	ligT	-0.093	3.155	0.73	1	0.84	1	35	29	37	47	31	29	40	32	27	57	23	34
PA14_29010	PA14_29010	0.093	6.004	0.73	1	0.6	0.98	267	260	268	245	247	254	310	283	195	303	187	295
PA14_29420	ysgA	-0.037	6.896	0.73	1	0.86	1	494	470	456	463	388	605	573	511	332	574	293	702
PA14_29930	nuoH	-0.059	6.106	0.73	1	0.75	1	274	277	260	259	255	330	318	301	189	321	193	383
PA14_30690	PA14_30690	-0.049	8.157	0.73	1	0.8	1	1110	1239	1045	1131	1024	1355	1288	1347	760	1401	775	1573
PA14_33440	PA14_33440	0.075	6.239	0.73	1	0.71	0.99	300	287	347	281	357	249	348	312	253	348	271	290
PA14_35700	PA14_35700	-0.072	7.204	0.73	1	0.74	1	444	614	679	557	741	529	516	668	495	690	562	615
PA14_37220	PA14_37220	-0.123	3.956	0.73	1	0.57	0.97	63	58	51	61	73	55	73	63	37	76	56	64
PA14_37340	PA14_37340	0.07	5.935	0.73	1	0.73	0.99	293	209	253	233	268	219	339	228	184	289	203	255
PA14_38860	exaA	0.49	4.918	0.73	1	0.26	0.89	87	72	263	58	89	156	102	79	195	73	67	180
PA14_41640	menG	-0.069	8.112	0.73	1	0.73	0.99	1313	1001	952	1118	1019	1289	1523	1089	692	1385	771	1497
PA14_41970	PA14_41970	0.08	6.549	0.73	1	0.82	1	418	434	310	446	512	142	485	472	225	551	389	166
PA14_42220	PA14_42220	-0.045	6.094	0.73	1	0.83	1	255	302	251	259	225	348	296	328	182	321	170	403
PA14_42570	pscN	-0.172	2.179	0.73	1	0.67	0.99	13	18	16	16	21	17	15	20	12	20	16	20
PA14_45150	PA14_45150	-0.159	2.632	0.73	1	0.65	0.99	28	14	23	21	29	23	32	15	17	26	22	27
PA14_47790	cobO	0.105	4.75	0.73	1	0.66	0.99	123	86	122	112	114	82	143	94	89	138	87	96
PA14_49520	pyoS3A	-0.084	9.269	0.73	1	0.72	0.99	1690	2705	2861	2402	3158	2129	1961	2942	2083	2975	2392	2473
PA14_49750	PA14_49750	-0.096	7.896	0.73	1	0.71	0.99	1088	1016	676	1072	637	1262	1262	1105	491	1328	481	1465
PA14_49910	PA14_49910	-0.048	9.661	0.73	1	0.8	1	2782	3454	3410	3313	3473	3185	3228	3756	2482	4104	2629	3700
PA14_51550	PA14_51550	-0.05	6.708	0.73	1	0.79	1	346	433	460	389	451	442	402	471	335	482	342	513
PA14_51740	tolR	-0.066	6.402	0.73	1	0.73	0.99	282	384	330	303	355	383	327	417	240	376	269	445
PA14_52740	argR	0.07	6.127	0.73	1	0.73	0.99	312	299	248	310	277	232	362	325	180	384	210	270
PA14_53330	PA14_53330	-0.089	4.884	0.73	1	0.74	1	131	116	92	117	86	157	152	126	66	145	64	182
PA14_54730	PA14_54730	-0.11	3.075	0.73	1	0.75	1	27	28	39	32	38	32	32	31	29	40	29	37
PA14_55340	exbD2	0.348	0.676	0.73	1	0.61	0.98	6	6	4	4	5	4	7	7	3	5	4	5
PA14_57730	mltB1	-0.057	7.016	0.73	1	0.74	1	486	530	515	518	530	545	564	576	375	642	401	633
PA14_60330	lytB	-0.054	5.853	0.73	1	0.78	1	198	242	242	221	234	252	230	263	176	274	177	292
PA14_61660	murI	0.091	5.834	0.73	1	0.68	0.99	194	246	267	232	266	167	226	267	195	287	202	194
PA14_64990	PA14_64990	-0.108	3.003	0.73	1	0.78	1	30	31	28	32	23	40	35	34	20	40	17	46
PA14_66980	tatC	0.078	5.109	0.73	1	0.74	1	154	153	118	115	127	161	178	166	85	143	96	186
PA14_67120	PA14_67120	-0.104	4.561	0.73	1	0.64	0.99	83	92	93	87	119	84	97	100	68	108	91	98
PA14_67140	PA14_67140	0.141	2.429	0.73	1	0.78	1	29	17	14	19	22	14	33	19	10	24	17	17
PA14_67240	hutG	0.102	5.042	0.73	1	0.6	0.98	144	131	133	128	120	132	167	143	97	159	91	153
PA14_68050	PA14_68050	0.108	4.639	0.73	1	0.64	0.99	107	79	124	88	113	87	124	86	91	109	86	101
PA14_71250	PA14_71250	-0.155	2.224	0.73	1	0.73	0.99	15	14	19	19	15	18	17	15	14	23	11	21
PA14_71890	psecoA	-0.069	6.04	0.73	1	0.73	0.99	307	236	227	274	237	298	356	257	165	339	179	346
PA14_73370	gidA	-0.061	9.032	0.73	1	0.74	1	1845	2191	2168	2080	2355	2039	2141	2383	1578	2576	1783	2369
PA14_00710	osmC	-0.144	10.213	0.74	1	0.53	0.95	4944	4218	4502	4792	6674	3633	5735	4588	3276	5936	5054	4220
PA14_01170	PA14_01170	0.347	0.832	0.74	1	0.55	0.96	6	5	9	8	5	2	7	5	7	10	4	2
PA14_01970	PA14_01970	-0.057	7.89	0.74	1	0.75	1	908	958	945	935	1000	990	1053	1042	688	1158	757	1150
PA14_03040	PA14_03040	0.13	3.595	0.74	1	0.64	0.99	55	38	52	54	46	33	64	42	38	66	35	39
PA14_04370	PA14_04370	0.118	3.294	0.74	1	0.69	0.99	42	41	35	33	39	38	49	45	25	41	30	44
PA14_05410	chpC	0.139	3.505	0.74	1	0.63	0.98	57	40	42	46	31	48	66	44	30	57	23	56
PA14_08510	yadR	0.121	9.173	0.74	1	0.63	0.98	1859	2294	3132	1830	2982	1889	2157	2495	2281	2267	2259	2195
PA14_08870	rplW	-0.054	5.192	0.74	1	0.82	1	122	158	148	137	138	169	142	172	108	170	104	196
PA14_09410	phzG1	0.122	3.165	0.74	1	0.72	0.99	43	33	32	27	34	39	50	36	23	34	26	45
PA14_09460	phzC1	0.13	4.689	0.74	1	0.61	0.98	129	91	99	133	85	74	149	99	72	163	64	86
PA14_11460	thiL	0.13	3.489	0.74	1	0.71	0.99	62	42	33	52	32	40	71	46	23	64	24	47
PA14_12820	PA14_12820	-0.032	5.262	0.74	1	0.91	1	142	130	182	144	146	172	165	142	133	179	110	200
PA14_13070	PA14_13070	0.119	4.934	0.74	1	0.55	0.96	117	124	138	131	115	102	136	135	101	162	87	119
PA14_14150	PA14_14150	0.142	2.981	0.74	1	0.65	0.99	40	27	29	29	27	31	46	29	21	36	20	36
PA14_14510	yjgQ	0.074	6.559	0.74	1	0.68	0.99	345	433	389	367	404	339	401	471	283	455	306	394
PA14_15020	PA14_15020	0.097	5.187	0.74	1	0.62	0.98	139	154	159	132	150	140	161	168	116	164	114	163
PA14_15470	merP	0.188	2.81	0.74	1	0.52	0.95	29	27	30	26	15	33	34	29	22	32	11	38
PA14_15820	nagA	0.142	3.189	0.74	1	0.59	0.97	34	38	40	32	34	34	40	41	29	40	26	40
PA14_16050	dsbC	-0.054	8.035	0.74	1	0.76	1	1019	994	1102	1026	1128	1080	1182	1081	802	1271	854	1254
PA14_17120	cdsA	0.096	4.525	0.74	1	0.68	0.99	83	103	97	90	101	75	97	112	71	112	77	87
PA14_17590	PA14_17590	0.112	4.811	0.74	1	0.58	0.97	116	110	121	112	103	106	135	120	88	138	78	123
PA14_17760	ada	0.083	5.046	0.74	1	0.72	0.99	165	124	115	144	119	119	191	135	83	178	90	138
PA14_17990	ybaK	-0.038	4.88	0.74	1	0.9	1	95	99	152	128	129	98	111	108	112	158	98	114
PA14_20030	hasD	-0.291	1.087	0.74	1	0.66	0.99	8	5	4	8	8	5	9	5	3	10	6	6
PA14_21290	PA14_21290	0.118	4.083	0.74	1	0.62	0.98	66	72	71	71	65	57	77	78	52	88	49	66
PA14_23210	PA14_23210	0.121	4.331	0.74	1	0.58	0.97	92	69	89	84	73	72	107	75	65	104	55	84
PA14_25630	rpmF	-0.079	7.508	0.74	1	0.72	0.99	626	939	571	751	641	866	727	1021	415	930	485	1005
PA14_26550	PA14_26550	-0.054	5.243	0.74	1	0.79	1	145	152	150	181	144	138	168	165	109	223	109	160
PA14_26750	PA14_26750	0.088	4.814	0.74	1	0.7	0.99	131	107	106	113	111	101	152	116	77	140	84	117
PA14_27710	PA14_27710	-0.082	4.99	0.74	1	0.68	0.99	129	127	110	142	131	117	150	138	80	175	99	136
PA14_27720	PA14_27720	-0.064	5.466	0.74	1	0.8	1	205	170	141	227	127	185	237	185	102	280	95	215
PA14_28990	PA14_28990	-0.07	4.56	0.74	1	0.76	1	87	86	100	89	98	99	101	94	73	111	74	115
PA14_31560	PA14_31560	0.088	7.757	0.74	1	0.62	0.98	855	922	919	860	839	837	992	1003	669	1065	635	972
PA14_31890	PA14_31890	0.086	5.257	0.74	1	0.65	0.99	162	150	158	149	158	137	188	163	115	184	120	159
PA14_32060	xylS	0.087	5.903	0.74	1	0.66	0.99	225	259	257	251	256	191	261	282	187	311	194	222
PA14_34420	mtlE	-0.072	4.074	0.74	1	0.78	1	61	62	70	73	65	64	71	68	51	90	49	75
PA14_34500	PA14_34500	0.322	0.92	0.74	1	0.75	1	8	5	6	4	8	3	9	5	4	5	6	4
PA14_34670	PA14_34670	-0.088	3.293	0.74	1	0.82	1	26	36	48	35	44	37	30	39	36	43	34	43
PA14_35600	pslL	-0.116	2.822	0.74	1	0.79	1	24	26	26	29	23	29	28	28	19	36	17	34
PA14_36560	PA14_36560	0.028	11.143	0.74	1	0.91	1	9466	11502	6703	9430	10478	7235	10981	12509	4877	11680	7933	8404
PA14_39190	bacA	-0.077	5.052	0.74	1	0.76	1	133	116	136	96	128	181	154	126	99	120	97	209
PA14_39520	PA14_39520	0.064	6.985	0.74	1	0.76	1	561	419	583	463	616	418	651	456	425	574	467	486
PA14_39790	PA14_39790	0.341	0.825	0.74	1	0.64	0.99	4	8	7	6	3	6	5	9	5	7	2	7
PA14_40520	PA14_40520	0.324	0.88	0.74	1	0.75	1	11	4	3	7	4	3	12	4	2	8	3	4
PA14_41390	ppiB	-0.042	8.101	0.74	1	0.82	1	1070	1103	1099	1070	1037	1260	1241	1200	800	1326	785	1463
PA14_42090	PA14_42090	0.074	5.335	0.74	1	0.73	0.99	199	146	149	162	160	149	230	159	108	200	121	173
PA14_42730	PA14_42730	-0.033	6.152	0.74	1	0.88	1	324	227	294	334	250	279	376	247	214	413	189	324
PA14_43090	PA14_43090	-0.351	0.635	0.74	1	0.71	0.99	2	5	4	8	2	2	2	5	3	10	1	3
PA14_44270	PA14_44270	-0.095	5.353	0.74	1	0.61	0.98	175	164	131	162	173	170	203	178	95	201	131	197
PA14_46100	PA14_46100	-0.104	3.366	0.74	1	0.8	1	47	34	35	43	22	58	54	37	25	53	16	67
PA14_46230	aphA	0.188	2.983	0.74	1	0.52	0.95	22	31	43	29	27	28	26	34	32	36	20	32
PA14_47100	ilvA2	-0.082	4.414	0.74	1	0.75	1	78	92	73	106	83	69	91	100	53	131	63	80
PA14_48570	PA14_48570	0.121	3.06	0.74	1	0.76	1	32	31	36	31	41	19	37	34	26	38	32	23
PA14_48790	PA14_48790	0.068	6.031	0.74	1	0.72	0.99	292	265	246	248	268	252	338	288	179	307	203	293
PA14_48840	PA14_48840	0.166	2.949	0.74	1	0.62	0.98	28	24	40	28	31	22	33	26	30	35	24	26
PA14_50900	PA14_50900	0.136	3.959	0.74	1	0.67	0.99	66	55	70	76	68	29	76	60	51	93	52	35
PA14_51880	oprD	-0.064	9.738	0.74	1	0.74	1	2962	3984	3169	3605	3615	3353	3436	4333	2306	4465	2737	3895
PA14_51920	PA14_51920	0.077	4.525	0.74	1	0.77	1	97	81	105	76	116	76	112	88	77	95	89	89
PA14_53020	pbpG	-0.049	6.825	0.74	1	0.78	1	411	480	453	487	456	448	477	522	330	603	345	520
PA14_53190	bolA	-0.082	5.97	0.74	1	0.65	0.99	236	274	220	259	271	245	274	298	160	321	205	285
PA14_53690	PA14_53690	0.271	2.091	0.74	1	0.52	0.95	15	9	29	12	18	14	18	10	22	15	14	16
PA14_55230	PA14_55230	-0.19	1.778	0.74	1	0.75	1	11	8	13	10	12	15	13	9	10	13	9	17
PA14_55490	hxcT	0.166	2.685	0.74	1	0.58	0.97	25	25	29	23	24	22	29	27	21	29	18	26
PA14_60920	PA14_60920	0.094	6.046	0.74	1	0.64	0.99	206	316	298	250	281	237	240	344	217	310	213	276
PA14_61430	PA14_61430	-0.07	3.593	0.74	1	0.85	1	54	41	43	55	31	57	62	45	31	68	23	66
PA14_61940	PA14_61940	-0.045	5.553	0.74	1	0.84	1	183	204	168	211	150	210	212	222	122	261	113	244
PA14_67900	PA14_67900	-0.064	5.214	0.74	1	0.76	1	123	158	152	164	161	128	143	172	111	203	122	149
PA14_68070	PA14_68070	-0.074	8.675	0.74	1	0.7	0.99	1407	1830	1583	1640	1888	1547	1633	1990	1152	2032	1430	1797
PA14_68830	PA14_68830	0.142	3.436	0.74	1	0.6	0.98	50	33	48	34	36	48	58	36	35	43	27	55
PA14_69370	algP	0.072	9.629	0.74	1	0.71	0.99	3264	3298	3269	3465	3317	2570	3786	3587	2379	4292	2511	2985
PA14_69690	dapF	0.067	6.614	0.74	1	0.72	0.99	364	445	399	354	429	371	422	484	290	439	325	431
PA14_69880	PA14_69880	0.121	3.775	0.74	1	0.66	0.99	68	51	46	59	42	51	78	56	33	73	31	59
PA14_70040	dadA	-0.052	6.105	0.74	1	0.78	1	244	297	272	286	271	285	283	323	198	354	205	331
PA14_71360	PA14_71360	-0.152	2.439	0.74	1	0.72	0.99	19	23	13	18	15	28	22	25	9	23	11	32
PA14_71580	PA14_71580	0.119	4.083	0.74	1	0.61	0.98	77	62	67	57	56	77	89	68	49	71	42	89
PA14_72410	PA14_72410	0.115	4.018	0.74	1	0.67	0.99	86	48	63	59	55	68	99	52	46	73	41	79
EBG00001225026	sRNA-Xcc1	-0.211	2.862	0.75	1	0.63	0.99	15	26	36	22	47	19	18	28	27	28	37	23
PA14_03410	PA14_03410	-0.216	2.464	0.75	1	0.59	0.97	17	14	25	14	34	17	20	15	19	18	27	20
PA14_03420	PA14_03420	-0.059	3.149	0.75	1	0.96	1	26	27	49	36	34	34	31	29	37	45	26	40
PA14_04000	PA14_04000	-0.093	4.012	0.75	1	0.7	0.99	68	57	59	61	67	69	79	62	43	76	51	80
PA14_05380	pilK	0.105	5.448	0.75	1	0.61	0.98	152	181	209	177	184	143	177	197	153	219	140	166
PA14_08440	PA14_08440	-0.041	4.499	0.75	1	0.92	1	76	94	97	86	75	111	88	102	71	107	56	129
PA14_09530	mexH	-0.038	7.285	0.75	1	0.87	1	736	470	652	604	516	787	853	512	475	748	390	913
PA14_10280	PA14_10280	0.289	1.177	0.75	1	0.69	0.99	6	7	9	2	8	9	7	8	7	3	6	10
PA14_11610	PA14_11610	-0.573	0.158	0.75	1	0.6	0.98	3	1	1	1	4	3	3	1	1	1	3	4
PA14_11845	mpl	0.074	7.425	0.75	1	0.69	0.99	716	647	766	656	752	615	830	704	558	813	570	714
PA14_13390	PA14_13390	-0.051	6.002	0.75	1	0.82	1	271	281	203	309	206	267	314	305	147	382	155	310
PA14_14860	PA14_14860	0.108	5.965	0.75	1	0.54	0.96	243	257	280	237	225	259	282	279	204	294	170	301
PA14_15290	PA14_15290	-0.065	5.161	0.75	1	0.75	1	124	146	147	135	154	147	144	159	107	167	117	171
PA14_17130	dxr	0.072	6.355	0.75	1	0.7	0.99	318	349	343	331	359	272	369	379	250	410	272	316
PA14_20280	PA14_20280	0.066	5.654	0.75	1	0.75	1	228	218	173	199	194	199	264	237	125	247	147	231
PA14_21340	fadD2	-0.068	6.957	0.75	1	0.71	0.99	432	546	488	511	566	460	501	594	355	633	429	535
PA14_21960	PA14_21960	-0.049	5.371	0.75	1	0.82	1	134	170	183	166	179	158	156	185	134	206	136	184
PA14_24245	PA14_24245	0.094	7.445	0.75	1	0.62	0.98	632	762	781	755	716	568	734	829	569	935	542	660
PA14_24920	PA14_24920	-0.084	4.072	0.75	1	0.73	1	66	67	61	57	62	86	76	73	44	71	47	99
PA14_24990	PA14_24990	-0.077	3.353	0.75	1	0.86	1	33	43	40	39	31	51	39	47	29	49	23	59
PA14_27430	PA14_27430	-0.149	2.881	0.75	1	0.74	1	27	18	34	15	35	37	31	20	25	19	27	43
PA14_27810	copR	0.098	5.255	0.75	1	0.6	0.98	155	154	166	154	149	139	180	167	121	191	113	162
PA14_29980	nuoE	0.078	6.525	0.75	1	0.67	0.99	370	371	402	378	402	303	429	403	293	468	305	352
PA14_30410	yccA	-0.043	9.987	0.75	1	0.83	1	4276	4384	3457	4252	3384	4844	4960	4768	2515	5267	2561	5626
PA14_30710	PA14_30710	0.065	9.817	0.75	1	0.72	0.99	3693	3857	3621	3663	3759	3260	4284	4195	2635	4537	2846	3787
PA14_31610	PA14_31610	0.095	7.622	0.75	1	0.6	0.98	777	882	800	823	697	783	902	959	582	1019	527	909
PA14_33560	PA14_33560	-0.044	5.436	0.75	1	0.84	1	148	184	178	164	163	198	172	200	130	203	123	230
PA14_35250	PA14_35250	0.072	5.558	0.75	1	0.71	0.99	212	185	183	186	197	171	246	201	133	230	149	199
PA14_35290	gnd	-0.057	6.747	0.75	1	0.74	1	397	470	402	438	428	455	461	511	292	542	324	528
PA14_37730	PA14_37730	0.095	5.13	0.75	1	0.64	0.99	153	151	130	146	119	140	177	164	94	180	90	163
PA14_38920	PA14_38920	0.924	2.056	0.75	1	0.26	0.89	7	3	48	4	5	24	9	4	38	6	3	27
PA14_38990	PA14_38990	0.672	4.235	0.75	1	0.22	0.87	34	33	209	41	54	82	41	36	157	51	41	94
PA14_40420	modC	-0.085	4.601	0.75	1	0.74	1	86	103	90	118	110	67	100	112	65	146	84	79
PA14_40850	gpmA	0.074	8.034	0.75	1	0.68	0.99	999	1216	1039	1021	1037	1032	1159	1322	756	1265	785	1199
PA14_42100	PA14_42100	-0.102	4.968	0.75	1	0.64	0.99	144	127	87	125	119	141	167	138	62	155	90	164
PA14_43630	PA14_43630	0.098	4.973	0.75	1	0.66	0.99	137	107	145	129	134	101	159	117	106	159	102	118
PA14_43720	PA14_43720	0.109	4.851	0.75	1	0.6	0.98	124	97	135	103	112	115	144	106	99	128	85	133
PA14_46420	PA14_46420	0.135	3.24	0.75	1	0.71	0.99	36	29	49	31	49	24	42	32	36	39	38	28
PA14_46540	PA14_46540	-0.06	8.735	0.75	1	0.76	1	1405	2012	1634	1700	1846	1720	1630	2188	1189	2106	1398	1998
PA14_55090	PA14_55090	-0.039	7.171	0.75	1	0.84	1	466	632	619	592	607	564	541	687	451	733	460	655
PA14_55290	PA14_55290	0.317	1.008	0.75	1	0.57	0.97	5	9	8	9	3	5	6	10	6	11	2	6
PA14_60320	pilE	-0.061	7.213	0.75	1	0.76	1	465	711	580	637	659	536	540	773	422	789	499	623
PA14_61050	mscL	-0.079	9.374	0.75	1	0.71	0.99	2040	3180	2596	2671	3176	2408	2367	3458	1889	3308	2405	2797
PA14_61480	uraA	-0.06	6.381	0.75	1	0.73	0.99	312	337	332	341	358	324	362	367	242	423	271	377
PA14_63830	PA14_63830	0.083	5.093	0.75	1	0.71	0.99	134	126	159	127	161	107	156	137	116	158	123	125
PA14_64320	PA14_64320	-0.092	3.601	0.75	1	0.77	1	39	54	44	63	51	33	46	59	32	77	39	39
PA14_64500	PA14_64500	0.065	5.644	0.75	1	0.75	1	206	210	199	202	223	165	239	228	145	250	169	192
PA14_70810	pstB	0.11	4.439	0.75	1	0.61	0.98	81	98	88	93	79	74	94	106	64	115	60	86
PA14_72470	PA14_72470	-0.063	7.894	0.75	1	0.72	0.99	915	993	906	969	1013	959	1062	1080	659	1200	767	1114
EBG00001225076	tRNA	-0.125	2.554	0.76	1	0.72	0.99	21	17	24	26	24	18	24	19	18	32	18	21
EBG00001225109	P9	0.227	1.329	0.76	1	0.81	1	12	6	10	7	11	6	14	7	7	9	9	7
EBG00001225120	tRNA	-0.187	1.935	0.76	1	0.76	1	9	10	21	13	23	10	11	11	16	16	18	12
PA14_00760	PA14_00760	0.131	4.582	0.76	1	0.6	0.98	80	89	129	95	105	71	93	97	95	118	80	83
PA14_00820	PA14_00820	0.154	3.946	0.76	1	0.51	0.95	55	55	81	62	51	58	64	60	60	76	38	67
PA14_03560	PA14_03560	-0.141	2.656	0.76	1	0.72	0.99	34	15	18	27	23	26	39	17	13	33	17	30
PA14_06160	fiuA	-0.096	7.266	0.76	1	0.65	0.99	523	641	636	600	820	504	607	697	463	744	622	586
PA14_07060	PA14_07060	-0.053	5.121	0.76	1	0.81	1	140	138	132	157	126	141	162	150	96	194	95	164
PA14_07170	epd	-0.074	5.415	0.76	1	0.72	0.99	184	168	144	155	159	209	213	183	104	192	120	242
PA14_08640	PA14_08640	-0.028	5.483	0.76	1	0.93	1	164	197	172	193	138	210	190	214	125	239	104	243
PA14_11010	PA14_11010	-0.159	5.736	0.76	1	0.62	0.98	288	187	126	204	139	328	333	204	90	253	104	380
PA14_11560	ispA	0.13	3.754	0.76	1	0.62	0.98	60	45	61	63	49	39	70	49	45	78	37	46
PA14_13990	PA14_13990	0.068	8.154	0.76	1	0.71	0.99	1237	1108	1180	1065	1157	1143	1435	1205	859	1319	876	1327
PA14_14390	PA14_14390	-0.049	6.728	0.76	1	0.78	1	439	417	399	447	406	445	509	454	290	554	307	517
PA14_15610	PA14_15610	0.073	8.761	0.76	1	0.69	0.99	1595	1884	1905	1633	1851	1634	1851	2049	1387	2023	1402	1898
PA14_16270	PA14_16270	-0.1	4.349	0.76	1	0.74	1	90	71	70	62	66	120	104	77	51	78	49	138
PA14_16330	PA14_16330	0.079	6.584	0.76	1	0.67	0.99	425	373	389	331	356	438	493	406	283	410	269	508
PA14_16830	PA14_16830	-0.08	4.661	0.76	1	0.69	0.99	108	97	88	98	102	110	125	105	64	122	77	128
PA14_16920	sufE	0.173	3.059	0.76	1	0.62	0.98	48	21	31	29	21	38	55	23	22	36	15	44
PA14_20080	PA14_20080	-0.095	4.182	0.76	1	0.67	0.99	80	63	65	69	79	75	92	69	47	86	60	87
PA14_20290	algZ	0.067	10.668	0.76	1	0.74	1	7299	7242	5625	6741	5586	6927	8467	7876	4093	8349	4228	8045
PA14_22060	PA14_22060	0.098	5.543	0.76	1	0.6	0.98	209	190	180	205	155	181	242	207	131	253	117	210
PA14_24230	PA14_24230	0.081	5.221	0.76	1	0.71	0.99	136	173	151	155	157	124	158	188	110	192	119	144
PA14_24510	pelD	-0.268	0.992	0.76	1	0.66	0.99	7	7	3	7	6	9	8	8	2	9	4	10
PA14_25020	uup	-0.023	6.459	0.76	1	0.91	1	301	376	377	339	323	408	349	409	275	420	244	473
PA14_28810	PA14_28810	-0.041	8.786	0.76	1	0.83	1	1445	1995	1827	1715	1847	1857	1677	2170	1330	2124	1398	2157
PA14_29030	PA14_29030	-0.044	4.662	0.76	1	0.88	1	99	83	115	118	99	87	115	90	84	146	75	101
PA14_29860	nuoM	-0.083	5.316	0.76	1	0.75	1	139	189	134	134	130	225	161	205	97	166	98	260
PA14_30740	mdaB	0.13	4.394	0.76	1	0.55	0.96	73	90	97	73	70	92	85	98	71	91	53	107
PA14_30820	PA14_30820	-0.071	8.959	0.76	1	0.75	1	1635	2091	2153	2179	2484	1513	1897	2274	1567	2699	1881	1758
PA14_31620	PA14_31620	0.127	3.816	0.76	1	0.6	0.98	57	52	65	50	49	60	66	57	48	62	37	69
PA14_32440	PA14_32440	-0.089	3.553	0.76	1	0.76	1	48	38	45	43	45	51	56	41	33	54	34	59
PA14_33070	PA14_33070	0.115	5.576	0.76	1	0.6	0.98	244	169	181	229	144	175	283	184	131	283	108	203
PA14_34810	mxaA	-0.066	7.504	0.76	1	0.71	0.99	767	692	683	762	782	700	890	753	497	944	592	813
PA14_35440	ansA	0.158	2.862	0.76	1	0.7	0.99	43	27	15	26	18	32	49	29	10	32	13	37
PA14_36080	yfaV	-0.142	2.079	0.76	1	0.81	1	20	8	16	16	14	19	23	9	12	20	10	22
PA14_39640	PA14_39640	-0.103	3.236	0.76	1	0.74	1	41	24	39	37	42	33	47	26	29	46	32	38
PA14_43640	gpsA	0.096	6.749	0.76	1	0.6	0.98	442	395	504	368	417	468	513	430	367	456	316	543
PA14_44500	apt	-0.047	5.856	0.76	1	0.83	1	256	234	192	277	187	240	297	255	139	343	141	279
PA14_44910	PA14_44910	-0.04	8.152	0.76	1	0.84	1	907	1157	1330	1027	1323	1141	1053	1258	969	1272	1002	1325
PA14_44970	moaA2	0.086	8.389	0.76	1	0.64	0.99	1455	1390	1333	1442	1185	1309	1688	1512	970	1786	897	1521
PA14_45010	hyi	-0.061	4.014	0.76	1	0.85	1	70	58	57	70	46	75	81	63	41	87	34	87
PA14_49790	PA14_49790	0.114	4.254	0.76	1	0.63	0.98	76	74	84	84	74	57	88	81	61	104	56	67
PA14_49920	PA14_49920	0.098	5.715	0.76	1	0.62	0.98	236	198	217	181	178	248	273	216	158	225	134	288
PA14_50590	PA14_50590	0.069	8.595	0.76	1	0.7	0.99	1704	1453	1634	1501	1577	1489	1977	1580	1189	1859	1194	1729
PA14_51780	ruvB	0.08	7.315	0.76	1	0.69	0.99	564	626	788	550	744	578	655	681	574	682	564	671
PA14_52260	lemA	-0.047	7.732	0.76	1	0.79	1	839	850	842	901	859	854	973	924	613	1116	650	992
PA14_52580	lysC	-0.053	6.856	0.76	1	0.77	1	382	512	478	450	508	466	443	557	348	557	385	541
PA14_52600	alaS	0.093	7.202	0.76	1	0.6	0.98	545	638	654	588	573	560	632	694	476	728	434	650
PA14_53590	PA14_53590	0.074	7.819	0.76	1	0.77	1	670	1230	903	886	1111	666	778	1337	657	1098	842	774
PA14_54290	pdxJ	0.073	6.252	0.76	1	0.71	0.99	289	309	343	305	348	242	336	336	250	378	264	282
PA14_54340	PA14_54340	0.076	8.158	0.76	1	0.68	0.99	1049	1345	1153	1113	1121	1130	1217	1463	839	1379	849	1312
PA14_54450	nadB	-0.044	8.634	0.76	1	0.81	1	1532	1549	1655	1598	1660	1625	1777	1685	1205	1979	1257	1887
PA14_56200	PA14_56200	0.085	6.174	0.76	1	0.65	0.99	311	320	265	309	246	289	361	348	192	382	186	336
PA14_59880	PA14_59880	-0.293	0.752	0.76	1	0.87	1	5	1	7	4	3	8	6	1	5	5	2	9
PA14_62590	panC	0.085	4.666	0.76	1	0.68	0.99	110	103	95	90	95	106	128	112	69	112	72	123
PA14_62790	PA14_62790	-0.099	8.608	0.76	1	0.66	0.99	1217	1592	1756	1384	2132	1374	1412	1731	1279	1715	1615	1596
PA14_64200	purH	0.093	5.278	0.76	1	0.65	0.99	134	165	181	138	170	142	156	179	132	171	129	165
PA14_64230	retS	-0.038	7.238	0.76	1	0.84	1	594	634	573	661	546	641	689	690	417	819	413	744
PA14_64450	yegD	0.102	4.175	0.76	1	0.73	1	63	68	90	65	90	50	73	74	66	81	69	59
PA14_64920	PA14_64920	0.065	8.92	0.76	1	0.74	1	1720	2264	2014	2005	2094	1634	1996	2462	1466	2483	1586	1898
PA14_66050	PA14_66050	-0.066	5.017	0.76	1	0.76	1	127	104	148	117	153	126	147	113	108	145	116	147
PA14_67710	trmH	-0.061	3.999	0.76	1	0.84	1	54	63	70	72	63	58	63	68	51	89	48	67
PA14_73220	glmU	0.109	6.402	0.76	1	0.53	0.95	330	326	402	344	322	312	383	355	293	426	244	363
PA14_73400	thdF	0.074	7.151	0.76	1	0.67	0.99	594	569	596	575	589	509	689	619	434	712	446	591
EBG00001225115	P37	-0.08	7.287	0.77	1	0.75	1	432	599	806	530	842	569	502	651	588	657	639	661
PA14_02550	mdcA	0.069	4.528	0.77	1	0.81	1	86	100	93	96	110	61	100	109	68	119	84	72
PA14_03950	spuG	-0.038	5.702	0.77	1	0.86	1	188	216	213	204	196	232	218	235	155	253	148	269
PA14_05200	czcD	0.07	6.663	0.77	1	0.69	0.99	392	437	425	402	428	365	455	475	309	498	324	424
PA14_06650	nirN	0.145	2.318	0.77	1	0.76	1	23	19	16	13	17	23	27	21	11	17	13	26
PA14_07590	folB	0.069	4.839	0.77	1	0.79	1	113	143	92	124	110	99	131	155	66	153	83	115
PA14_07730	ksgA	-0.067	4.394	0.77	1	0.76	1	92	67	84	85	85	84	106	73	61	105	64	98
PA14_07890	PA14_07890	0.099	3.718	0.77	1	0.73	1	43	66	48	46	54	48	50	72	35	57	41	56
PA14_08540	PA14_08540	-0.067	9.474	0.77	1	0.71	0.99	2696	3073	2641	2766	3132	2918	3128	3342	1922	3426	2371	3389
PA14_08690	PA14_08690	0.088	8.143	0.77	1	0.63	0.98	1042	1260	1223	1171	1086	1057	1209	1370	890	1450	822	1228
PA14_08910	rpsC	-0.047	8.583	0.77	1	0.84	1	1102	1605	1860	1382	1856	1481	1279	1746	1355	1712	1406	1720
PA14_09350	fptB	-0.124	6.174	0.77	1	0.62	0.98	355	229	249	371	339	198	411	249	181	459	257	231
PA14_09780	PA14_09780	-0.08	4.081	0.77	1	0.74	1	70	65	57	71	62	70	81	71	41	88	47	81
PA14_09900	prpL	-0.076	4.939	0.77	1	0.7	0.99	123	129	102	128	122	125	143	140	74	159	92	145
PA14_12260	PA14_12260	0.064	8.741	0.77	1	0.74	1	1809	1931	1552	1644	1566	1855	2098	2100	1129	2036	1185	2154
PA14_12740	PA14_12740	0.092	4.489	0.77	1	0.68	0.99	89	94	91	83	88	85	103	102	66	103	67	99
PA14_13320	PA14_13320	0.184	2.017	0.77	1	0.63	0.98	16	16	13	15	11	14	19	17	9	18	8	16
PA14_14630	secD	-0.048	7.201	0.77	1	0.79	1	531	637	579	538	600	668	616	693	421	667	454	776
PA14_15475	merT	-0.076	3.669	0.77	1	0.8	1	41	54	48	53	47	51	48	59	35	66	35	59
PA14_17460	pcm	-0.033	6.887	0.77	1	0.86	1	434	449	530	425	493	526	504	488	386	527	373	611
PA14_19030	PA14_19030	-0.047	5.866	0.77	1	0.83	1	288	174	225	253	213	245	334	190	164	313	161	284
PA14_20250	PA14_20250	0.013	5.675	0.77	1	0.94	1	179	170	268	205	156	248	208	185	196	254	117	287
PA14_20400	phnK	-0.46	0.209	0.77	1	0.8	1	3	1	3	5	2	2	3	1	2	6	1	2
PA14_24610	PA14_24610	-0.057	6.805	0.77	1	0.74	1	419	432	474	437	515	427	486	470	345	542	390	496
PA14_24980	PA14_24980	-0.046	5.255	0.77	1	0.83	1	154	142	152	143	138	182	179	155	111	177	104	211
PA14_26640	PA14_26640	-0.071	5.846	0.77	1	0.72	0.99	235	210	228	255	270	184	272	229	166	315	205	214
PA14_27330	dhs	0.087	5.676	0.77	1	0.65	0.99	241	186	208	210	184	202	279	202	151	260	139	235
PA14_28100	PA14_28100	0.128	3.1	0.77	1	0.66	0.99	39	34	31	32	27	35	45	37	22	40	20	41
PA14_32450	PA14_32450	-0.036	4.797	0.77	1	0.91	1	114	111	101	130	82	121	132	121	73	161	61	140
PA14_34920	PA14_34920	0.168	1.808	0.77	1	0.85	1	17	16	6	16	11	9	20	17	4	19	8	11
PA14_35050	PA14_35050	0.161	2.814	0.77	1	0.66	0.99	36	23	24	28	14	30	41	25	17	35	10	35
PA14_38840	exaC	-0.045	3.685	0.77	1	0.97	1	13	18	115	24	32	101	16	20	88	31	23	116
PA14_40620	PA14_40620	0.118	3.035	0.77	1	0.73	1	36	33	27	34	30	25	42	36	19	42	23	29
PA14_42130	PA14_42130	-0.051	7.028	0.77	1	0.77	1	520	484	542	526	566	510	603	527	395	651	429	593
PA14_42710	PA14_42710	0.064	6.785	0.77	1	0.74	1	431	523	405	493	435	373	500	569	294	610	329	434
PA14_45090	PA14_45090	0.142	3.383	0.77	1	0.59	0.97	48	37	41	46	28	38	55	40	30	57	21	44
PA14_46270	PA14_46270	0.095	5.077	0.77	1	0.63	0.98	139	124	156	127	138	126	161	135	114	158	105	146
PA14_46380	PA14_46380	0.138	2.346	0.77	1	0.77	1	27	14	19	19	22	14	31	15	14	23	17	17
PA14_47910	PA14_47910	0.173	2.153	0.77	1	0.67	0.99	19	15	19	17	16	14	22	16	14	21	12	16
PA14_50180	fleR	-0.079	4.454	0.77	1	0.71	0.99	84	97	72	95	86	87	98	105	52	118	65	101
PA14_50770	PA14_50770	0.103	3.102	0.77	1	0.81	1	40	39	20	37	28	27	46	42	14	46	21	32
PA14_51160	PA14_51160	0.469	1.385	0.77	1	0.56	0.96	15	0	14	13	4	4	17	0	11	15	3	5
PA14_51510	PA14_51510	-0.041	7.494	0.77	1	0.82	1	648	725	777	732	784	696	752	788	566	907	594	808
PA14_52330	PA14_52330	-0.025	6.876	0.77	1	0.9	1	469	456	479	527	429	472	544	496	349	652	324	548
PA14_52350	PA14_52350	0.096	5.217	0.77	1	0.67	0.99	162	152	145	117	121	191	188	165	105	145	91	221
PA14_53270	PA14_53270	-0.072	3.433	0.77	1	0.86	1	42	41	37	52	31	43	49	45	27	64	23	50
PA14_53400	PA14_53400	-0.057	3.575	0.77	1	0.91	1	52	38	45	57	34	48	60	41	33	70	25	56
PA14_53420	btuE	0.041	8.909	0.77	1	0.83	1	1854	2100	1949	1769	2231	1739	2151	2284	1418	2191	1690	2020
PA14_53780	PA14_53780	0.069	6.596	0.77	1	0.73	0.99	478	363	351	442	354	341	554	395	255	547	268	396
PA14_54130	PA14_54130	0.079	5.301	0.77	1	0.68	0.99	156	158	173	145	170	146	181	172	126	180	129	170
PA14_54610	PA14_54610	0.188	2.059	0.77	1	0.65	0.99	16	17	14	12	10	18	18	18	10	15	7	21
PA14_55570	pigB	0.082	5.749	0.77	1	0.66	0.99	222	227	217	191	204	234	257	247	158	237	154	272
PA14_55600	PA14_55600	-0.128	2.483	0.77	1	0.82	1	30	8	21	25	14	24	34	9	15	31	10	28
PA14_56920	inaA	0.067	6.648	0.77	1	0.72	0.99	357	451	430	382	447	353	414	490	313	473	339	410
PA14_56950	colR	-0.057	6.732	0.77	1	0.74	1	406	418	431	423	469	416	471	455	314	524	355	483
PA14_57800	hisG	-0.059	5.951	0.77	1	0.75	1	229	260	238	280	265	213	266	283	173	346	201	248
PA14_57890	yrbH	-0.034	6.7	0.77	1	0.86	1	417	417	405	409	371	488	484	453	295	507	280	566
PA14_61500	PA14_61500	-0.059	7.702	0.77	1	0.78	1	649	1028	790	951	906	714	753	1118	575	1177	686	830
PA14_63300	PA14_63300	0.163	2.257	0.77	1	0.69	0.99	14	23	19	16	18	16	17	25	14	20	14	19
PA14_64170	PA14_64170	-0.06	5.739	0.77	1	0.77	1	194	241	191	189	205	260	225	262	139	234	155	301
PA14_64420	PA14_64420	0.16	2.223	0.77	1	0.69	0.99	25	14	13	17	12	17	29	15	9	21	9	20
PA14_65050	PA14_65050	-0.109	3.438	0.77	1	0.66	0.99	40	50	30	44	41	45	46	54	21	54	31	52
PA14_67020	PA14_67020	-0.074	6.834	0.77	1	0.67	0.99	486	464	390	472	478	461	563	505	283	585	362	536
PA14_70340	PA14_70340	0.184	1.848	0.77	1	0.77	1	13	14	12	13	15	7	15	15	9	16	12	8
PA14_70370	pyrE	-0.042	6.669	0.77	1	0.82	1	447	346	419	412	404	431	518	376	305	510	306	500
PA14_71240	PA14_71240	-0.04	6.351	0.77	1	0.84	1	287	317	369	280	351	368	333	345	269	348	266	427
PA14_71670	PA14_71670	0.08	5.169	0.77	1	0.69	0.99	158	155	127	150	127	140	183	169	92	185	96	163
EBG00001225152	tRNA	0.624	-0.111	0.78	1	0.76	1	2	1	4	0	2	2	2	1	3	0	2	2
PA14_01060	PA14_01060	-0.22	0.983	0.78	1	1	1	0	6	11	8	4	6	0	6	9	10	3	7
PA14_02990	PA14_02990	-0.088	3.113	0.78	1	0.83	1	35	27	37	33	33	37	40	29	27	41	25	43
PA14_03080	PA14_03080	0.116	4.205	0.78	1	0.58	0.97	79	68	79	69	60	79	91	74	58	85	45	91
PA14_03270	PA14_03270	0.083	8.26	0.78	1	0.64	0.99	1172	1300	1345	1209	1202	1192	1360	1414	979	1497	910	1384
PA14_07280	yhiN	0.105	4.532	0.78	1	0.6	0.98	92	88	104	85	85	93	107	96	76	106	64	108
PA14_07310	PA14_07310	-0.108	3.086	0.78	1	0.73	1	43	28	23	40	28	34	49	31	16	49	21	39
PA14_09040	rplO	-0.032	7.252	0.78	1	0.87	1	528	661	635	595	609	660	613	719	462	737	461	766
PA14_09070	rpmJ	-0.038	8.156	0.78	1	0.85	1	885	1336	1184	1127	1220	1148	1027	1453	862	1396	924	1333
PA14_09130	rplQ	0.11	7.24	0.78	1	0.64	0.99	680	676	537	503	440	812	789	735	390	623	332	942
PA14_09930	PA14_09930	-0.045	5.182	0.78	1	0.84	1	164	120	144	143	131	167	190	131	105	177	99	194
PA14_12980	PA14_12980	-0.069	6.843	0.78	1	0.72	0.99	398	519	434	504	534	380	462	564	316	624	405	442
PA14_14340	ybiN	-0.101	2.981	0.78	1	0.76	1	28	29	29	32	29	31	32	32	21	39	22	36
PA14_14560	PA14_14560	-0.177	2.364	0.78	1	0.72	0.99	28	12	12	20	10	28	32	13	8	25	7	32
PA14_15050	PA14_15050	0.054	7.242	0.78	1	0.78	1	652	699	510	677	571	545	756	760	370	838	432	633
PA14_15960	ffh	-0.062	6.79	0.78	1	0.72	0.99	425	464	418	434	481	451	493	505	304	538	364	524
PA14_16190	PA14_16190	0.064	6.32	0.78	1	0.73	1	321	313	350	295	360	287	372	340	255	366	273	333
PA14_16930	csdA	-0.057	4.965	0.78	1	0.78	1	125	120	120	137	124	118	145	130	87	169	94	137
PA14_17500	mutS	0.067	5.641	0.78	1	0.74	1	175	234	203	177	215	193	203	254	148	220	163	224
PA14_18180	PA14_18180	0.133	2.745	0.78	1	0.77	1	33	15	30	19	27	25	38	17	22	24	21	29
PA14_19110	rhlB	0.05	8.18	0.78	1	0.78	1	1262	1147	1160	1140	1243	1067	1464	1248	844	1412	941	1240
PA14_19530	ssuE	-0.173	2.46	0.78	1	0.72	0.99	30	14	12	21	13	29	34	15	8	26	9	33
PA14_20140	fpr	-0.077	6.657	0.78	1	0.68	0.99	361	421	401	372	500	379	419	458	292	461	379	440
PA14_20600	PA14_20600	0.096	7.116	0.78	1	0.62	0.98	545	562	625	460	497	662	632	611	455	570	376	768
PA14_21230	hepA	-0.043	6.148	0.78	1	0.81	1	277	284	279	289	279	297	321	309	203	358	211	345
PA14_25210	PA14_25210	0.064	6.911	0.78	1	0.72	0.99	502	480	503	497	510	414	582	522	366	616	386	481
PA14_26485	PA14_26485	-0.085	4.645	0.78	1	0.71	0.99	119	75	94	83	108	115	137	82	68	103	82	133
PA14_28060	cpg2	0.081	6.069	0.78	1	0.71	0.99	262	335	232	324	236	224	304	364	168	401	178	260
PA14_28370	PA14_28370	0.074	4.84	0.78	1	0.77	1	112	135	101	88	102	141	130	147	73	110	77	163
PA14_28750	PA14_28750	-0.063	5.034	0.78	1	0.77	1	96	157	128	124	144	131	112	171	93	154	109	152
PA14_28800	PA14_28800	0.062	7.85	0.78	1	0.73	0.99	943	999	910	940	923	869	1094	1086	662	1164	699	1009
PA14_30670	pgsA	-0.061	4.22	0.78	1	0.87	1	74	71	69	65	49	108	86	77	50	81	36	125
PA14_31870	PA14_31870	-0.085	4.316	0.78	1	0.69	0.99	86	74	69	87	86	72	99	81	50	107	65	84
PA14_32940	PA14_32940	-0.063	5.71	0.78	1	0.74	1	232	187	194	228	215	198	269	203	141	282	163	230
PA14_33550	PA14_33550	-0.083	4.019	0.78	1	0.75	1	74	65	46	84	57	56	85	71	33	103	43	65
PA14_34840	PA14_34840	0.053	6.943	0.78	1	0.79	1	580	479	451	541	495	421	672	521	328	670	375	489
PA14_36250	PA14_36250	0.109	3.826	0.78	1	0.65	0.99	53	62	56	48	48	62	62	67	41	60	36	72
PA14_37270	PA14_37270	-0.45	0.206	0.78	1	0.8	1	2	2	3	5	0	3	2	2	2	6	0	3
PA14_38360	ugd	0.071	4.049	0.78	1	0.82	1	79	61	58	59	71	60	91	66	42	73	54	70
PA14_38700	ppiC1	-0.069	5.255	0.78	1	0.73	0.99	155	155	134	172	158	137	180	169	97	213	120	159
PA14_38825	pqqA	-0.159	9.011	0.78	1	0.69	0.99	2526	2462	913	2367	943	3275	2929	2677	662	2931	712	3803
PA14_40780	PA14_40780	-0.064	4.022	0.78	1	0.82	1	67	63	58	64	53	79	78	68	42	79	40	91
PA14_42580	pscO	0.625	-0.009	0.78	1	0.76	1	3	1	3	2	1	1	3	1	2	2	1	1
PA14_46390	PA14_46390	-0.082	3.752	0.78	1	0.77	1	40	57	55	43	59	59	47	62	40	54	45	68
PA14_46960	ggt	-0.069	5.46	0.78	1	0.69	0.99	174	180	158	177	187	176	202	196	115	219	142	204
PA14_47670	cobU	-0.102	2.33	0.78	1	0.89	1	22	15	18	30	13	15	25	16	13	36	9	18
PA14_48320	PA14_48320	0.086	4.634	0.78	1	0.73	1	97	96	112	106	112	71	113	105	82	131	85	83
PA14_49700	PA14_49700	0.059	7.328	0.78	1	0.74	1	729	638	615	628	630	645	845	694	447	778	477	749
PA14_49850	PA14_49850	-0.115	4.687	0.78	1	0.59	0.97	98	117	77	102	126	90	114	127	55	127	96	105
PA14_51860	PA14_51860	-0.044	8.252	0.78	1	0.82	1	1046	1453	1133	1366	1233	1146	1214	1580	824	1691	933	1331
PA14_52430	yehS	-0.283	0.642	0.78	1	0.86	1	5	5	3	9	3	3	6	5	2	11	2	4
PA14_52780	aotQ	-0.031	5.598	0.78	1	0.9	1	169	218	187	190	163	231	196	237	136	236	123	268
PA14_53970	PA14_53970	0.076	6.256	0.78	1	0.68	0.99	351	298	297	341	282	274	407	324	216	422	213	319
PA14_54760	PA14_54760	-0.055	4.948	0.78	1	0.8	1	134	113	113	123	110	140	155	123	82	153	83	162
PA14_56370	PA14_56370	-0.057	5.144	0.78	1	0.77	1	144	141	128	149	134	147	167	153	93	184	101	171
PA14_57050	PA14_57050	0.065	7.562	0.78	1	0.72	0.99	733	763	839	716	830	686	850	830	611	887	629	797
PA14_58220	PA14_58220	0.088	4.677	0.78	1	0.71	0.99	133	83	95	101	86	106	154	91	69	125	65	123
PA14_59050	PA14_59050	-0.183	1.326	0.78	1	0.9	1	4	5	13	6	8	10	5	6	10	8	6	12
PA14_59760	cupD5	-0.075	3.635	0.78	1	0.82	1	41	45	54	37	51	60	48	49	40	46	39	69
PA14_61990	PA14_61990	-0.066	5.587	0.78	1	0.7	0.99	191	192	182	188	206	198	221	209	132	233	156	230
PA14_62640	PA14_62640	-0.064	6.666	0.78	1	0.71	0.99	449	396	350	413	403	435	521	431	254	512	305	505
PA14_62690	PA14_62690	0.02	13.917	0.78	1	0.93	1	79439	68301	41010	66251	62361	57502	92149	74284	29844	82061	47210	66789
PA14_62730	truB	-0.057	7.921	0.78	1	0.75	1	935	1000	937	888	1030	1071	1085	1087	682	1100	780	1244
PA14_64140	prmA	0.054	3.862	0.78	1	0.9	1	63	71	40	51	62	57	73	77	28	63	47	66
PA14_67680	ntrC	-0.05	4.466	0.78	1	0.86	1	95	72	89	88	78	98	110	79	65	109	59	114
PA14_68000	PA14_68000	-0.036	5.695	0.78	1	0.87	1	237	182	194	212	169	247	275	198	141	263	127	286
PA14_71910	wbpZ	0.094	6.676	0.78	1	0.59	0.97	430	389	457	431	386	378	499	423	333	533	292	439
PA14_72790	PA14_72790	0.101	4.08	0.78	1	0.69	0.99	56	74	76	65	73	53	65	80	56	81	56	62
PA14_00850	PA14_00850	0.618	-0.418	0.79	1	0.76	1	4	1	1	3	1	0	4	1	1	3	1	0
PA14_03960	spuH	0.058	5.805	0.79	1	0.76	1	238	234	213	213	232	215	276	255	155	264	176	250
PA14_04140	PA14_04140	-0.045	8.006	0.79	1	0.81	1	928	1033	1100	1003	1171	986	1077	1124	801	1243	887	1145
PA14_04330	PA14_04330	0.093	6.946	0.79	1	0.67	0.99	482	621	432	614	408	417	559	675	314	760	308	485
PA14_04430	PA14_04430	-0.083	4.178	0.79	1	0.74	1	88	53	65	83	76	59	101	58	47	102	58	69
PA14_05010	PA14_05010	-0.082	3.638	0.79	1	0.78	1	55	46	39	58	44	46	63	50	28	71	33	54
PA14_07500	PA14_07500	-0.06	6.87	0.79	1	0.74	1	441	550	388	487	461	492	512	598	282	603	349	571
PA14_07870	PA14_07870	0.058	6.283	0.79	1	0.8	1	269	329	359	280	400	241	312	358	262	347	304	280
PA14_08490	PA14_08490	-0.046	6.021	0.79	1	0.81	1	220	282	266	264	280	250	255	307	194	327	212	290
PA14_10110	PA14_10110	-0.169	1.905	0.79	1	0.81	1	17	8	11	11	6	23	19	9	8	14	4	26
PA14_14500	yjgP	-0.049	7.564	0.79	1	0.78	1	703	807	737	732	800	794	816	878	536	907	606	922
PA14_14800	fdx2	0.125	6.796	0.79	1	0.57	0.97	336	459	605	414	487	383	391	499	442	513	369	445
PA14_16960	PA14_16960	0.172	3.915	0.79	1	0.57	0.97	81	49	59	78	33	56	93	53	43	95	24	65
PA14_17260	dnaE	-0.038	8.269	0.79	1	0.83	1	1190	1226	1267	1247	1292	1241	1380	1333	922	1545	978	1441
PA14_19810	PA14_19810	0.083	3.545	0.79	1	0.8	1	53	46	39	49	49	34	61	50	28	60	37	40
PA14_20840	PA14_20840	0.045	6.192	0.79	1	0.82	1	294	306	293	275	337	255	341	333	213	341	256	297
PA14_23190	PA14_23190	-0.125	2.683	0.79	1	0.68	0.99	27	22	18	23	25	26	31	24	13	29	19	30
PA14_24500	pelC	0.619	-0.119	0.79	1	0.76	1	2	3	1	1	1	2	2	3	1	1	1	2
PA14_26340	PA14_26340	0.525	0.008	0.79	1	0.78	1	3	2	3	2	4	0	3	2	2	2	3	0
PA14_28490	PA14_28490	-0.077	8.649	0.79	1	0.73	0.99	1902	1691	1138	1810	1413	1768	2206	1839	827	2241	1069	2053
PA14_30430	PA14_30430	-0.017	6.077	0.79	1	0.95	1	273	226	311	292	266	260	317	246	227	362	201	302
PA14_31580	PA14_31580	0.076	5.378	0.79	1	0.7	0.99	175	157	178	148	170	166	203	171	130	184	129	193
PA14_33170	PA14_33170	0.071	5.709	0.79	1	0.71	0.99	198	223	225	207	228	181	230	242	164	256	173	210
PA14_33300	PA14_33300	0.073	4.119	0.79	1	0.81	1	83	72	53	67	61	71	96	78	38	83	46	82
PA14_33730	PA14_33730	-0.043	5.628	0.79	1	0.86	1	183	220	180	172	167	261	212	239	131	214	126	302
PA14_33740	pvdP	-0.039	6.433	0.79	1	0.84	1	276	399	352	337	361	357	321	434	256	418	273	415
PA14_34150	sfnR	0.117	4.307	0.79	1	0.57	0.97	80	71	95	76	70	79	93	77	70	94	53	92
PA14_34990	PA14_34990	0.085	5.561	0.79	1	0.64	0.99	176	198	210	187	193	170	204	215	153	231	146	198
PA14_41540	nirD	-0.39	0.063	0.79	1	0.82	1	4	0	4	4	2	3	4	0	3	5	1	4
PA14_44680	smc	-0.046	10.361	0.79	1	0.82	1	4438	5576	5670	5175	6181	4837	5149	6064	4127	6410	4680	5619
PA14_45920	PA14_45920	-0.051	5.116	0.79	1	0.8	1	140	134	132	157	136	127	162	146	96	194	103	148
PA14_50450	flgE	0.073	5.439	0.79	1	0.7	0.99	175	189	167	166	164	175	203	206	121	206	124	203
PA14_51790	ruvA	-0.056	7.655	0.79	1	0.8	1	854	869	666	749	673	1061	991	945	484	928	509	1232
PA14_54350	lepB	-0.04	6.917	0.79	1	0.83	1	408	542	488	453	495	529	474	589	355	562	375	614
PA14_57470	PA14_57470	0.076	6.091	0.79	1	0.71	0.99	227	293	321	231	307	260	264	319	234	287	233	302
PA14_58710	PA14_58710	0.533	0.106	0.79	1	0.78	1	3	2	3	2	3	1	3	2	2	2	2	1
PA14_60350	PA14_60350	0.05	5.454	0.79	1	0.84	1	142	211	181	153	218	146	165	229	132	190	166	170
PA14_62650	PA14_62650	-0.052	9.726	0.79	1	0.78	1	3075	3916	3080	3614	3539	3290	3567	4259	2241	4476	2679	3822
PA14_62860	ftsH	0.078	11.469	0.79	1	0.67	0.99	11221	11689	12364	10552	11036	11829	13016	12713	8998	13070	8355	13739
PA14_62930	carA	-0.034	8.344	0.79	1	0.85	1	1140	1435	1309	1343	1320	1314	1323	1561	953	1664	999	1526
PA14_65110	alr	-0.07	4.655	0.79	1	0.76	1	93	99	99	112	117	78	108	108	72	138	89	91
PA14_65180	rpsF	0.047	8.317	0.79	1	0.8	1	1210	1450	1264	1154	1363	1282	1404	1577	920	1430	1032	1489
PA14_65320	miaA	0.069	11.101	0.79	1	0.74	1	7169	9896	10191	8528	9973	7475	8317	10763	7417	10563	7551	8683
PA14_65870	PA14_65870	0.065	5.406	0.79	1	0.76	1	189	160	169	178	179	139	219	174	123	220	136	162
PA14_66710	rpmE	0.096	9.774	0.79	1	0.7	0.99	3414	4922	2615	3459	2640	4149	3961	5353	1902	4284	1998	4818
PA14_67100	dtd	-0.041	5.966	0.79	1	0.85	1	231	211	300	239	296	228	268	230	219	296	225	265
PA14_69010	PA14_69010	0.062	5.114	0.79	1	0.83	1	199	130	94	150	123	133	230	141	67	185	93	154
PA14_71080	PA14_71080	0.094	3.652	0.79	1	0.75	1	58	52	39	53	43	46	67	57	28	65	32	53
PA14_71420	PA14_71420	0.156	3.812	0.79	1	0.52	0.95	46	50	78	53	47	54	54	54	58	66	35	63
PA14_71680	PA14_71680	0.168	2.373	0.79	1	0.79	1	32	15	14	29	18	7	37	16	10	35	14	9
PA14_72400	PA14_72400	-0.076	5.314	0.79	1	0.67	0.99	164	158	142	149	178	164	190	172	103	185	135	191
PA14_72520	PA14_72520	0.069	7.635	0.79	1	0.78	1	665	865	931	792	1026	528	772	941	678	981	778	614
PA14_72830	PA14_72830	0.058	5.08	0.79	1	0.84	1	133	122	160	95	182	122	154	133	117	119	139	142
PA14_73090	PA14_73090	-0.078	6.907	0.79	1	0.72	0.99	385	462	566	423	647	422	447	502	413	524	491	491
EBG00001225059	Pseudomon-1	-0.099	2.364	0.8	1	0.89	1	13	16	26	14	22	22	15	17	20	18	17	25
EBG00001225108	PtaRNA1	-0.268	0.9	0.8	1	0.74	1	6	6	2	9	3	4	7	6	1	11	2	5
PA14_00530	PA14_00530	-0.027	5.424	0.8	1	0.92	1	174	153	182	168	155	194	202	166	133	208	117	225
PA14_01500	PA14_01500	0.102	4.14	0.8	1	0.67	0.99	83	58	74	75	62	63	96	63	54	92	47	73
PA14_03100	PA14_03100	0.084	3.876	0.8	1	0.74	1	61	65	51	51	53	65	71	71	37	63	40	75
PA14_04080	yecS	-0.041	5.297	0.8	1	0.84	1	135	170	158	162	156	158	157	185	115	201	118	183
PA14_05860	PA14_05860	-0.015	7.128	0.8	1	0.94	1	570	529	582	607	510	579	661	575	424	752	386	672
PA14_05960	cspB	-0.064	11.978	0.8	1	0.76	1	17927	17264	12593	15818	15313	18839	20795	18776	9164	19593	11592	21881
PA14_10820	PA14_10820	0.059	7.442	0.8	1	0.74	1	742	714	690	620	670	771	861	777	502	768	507	895
PA14_11580	PA14_11580	0.082	5.51	0.8	1	0.68	0.99	165	186	211	191	196	143	192	202	154	236	149	167
PA14_11720	PA14_11720	-0.089	4.778	0.8	1	0.73	0.99	134	107	73	113	86	136	155	116	52	140	64	157
PA14_13140	PA14_13140	-0.047	9.067	0.8	1	0.79	1	2197	2205	1983	2181	2157	2261	2548	2398	1443	2701	1633	2626
PA14_13260	moaB1	0.101	3.479	0.8	1	0.75	1	50	37	47	39	45	41	58	40	34	48	34	48
PA14_15500	traK	0.076	4.029	0.8	1	0.77	1	60	74	65	66	73	50	70	80	47	82	56	58
PA14_20440	phnN	0.168	3.622	0.8	1	0.53	0.95	54	39	61	61	31	43	62	43	45	75	23	50
PA14_21930	PA14_21930	-0.09	2.753	0.8	1	0.8	1	23	26	23	22	20	35	27	28	17	27	15	40
PA14_24410	PA14_24410	0.49	0.155	0.8	1	0.6	0.98	4	1	3	4	0	1	5	1	2	5	0	1
PA14_24630	PA14_24630	-0.05	5.884	0.8	1	0.79	1	254	233	209	266	229	226	294	253	152	329	173	263
PA14_27000	PA14_27000	-0.037	5.335	0.8	1	0.86	1	149	173	157	156	146	188	173	188	114	194	110	218
PA14_27590	PA14_27590	-0.022	7.219	0.8	1	0.91	1	521	601	664	593	617	603	605	654	484	735	467	700
PA14_29360	pfeS	0.079	6.605	0.8	1	0.66	0.99	436	394	377	423	332	387	506	429	274	524	251	449
PA14_30260	ate1	0.068	7.923	0.8	1	0.74	1	859	1135	1010	1107	1009	749	997	1234	735	1370	764	871
PA14_30460	PA14_30460	-0.03	5.56	0.8	1	0.91	1	151	193	216	160	199	212	176	210	158	199	151	246
PA14_30470	PA14_30470	0.067	5.27	0.8	1	0.74	1	152	159	163	155	169	130	176	173	119	192	128	151
PA14_30600	PA14_30600	-0.098	2.713	0.8	1	0.8	1	31	16	22	29	20	25	36	18	16	36	15	29
PA14_33630	pvdJ	-0.058	8.892	0.8	1	0.76	1	1675	2043	1917	1740	2211	1915	1943	2222	1395	2156	1674	2224
PA14_36220	gltJ	0.532	0.102	0.8	1	0.78	1	3	3	2	1	1	3	3	3	1	1	1	3
PA14_36300	PA14_36300	-0.032	6.492	0.8	1	0.86	1	332	355	388	372	380	346	385	386	283	461	288	402
PA14_36400	PA14_36400	0.073	4.951	0.8	1	0.74	1	142	109	129	112	127	123	164	119	94	139	96	143
PA14_37130	PA14_37130	-0.031	4.663	0.8	1	0.91	1	83	108	109	106	95	104	97	117	80	131	72	121
PA14_37290	PA14_37290	0.534	0.001	0.8	1	0.78	1	3	3	2	2	1	2	3	3	1	2	1	2
PA14_37350	PA14_37350	-0.071	3.905	0.8	1	0.77	1	67	50	54	65	58	56	77	54	39	80	44	65
PA14_37690	PA14_37690	-0.024	8.596	0.8	1	0.91	1	1250	1926	1471	1688	1464	1573	1451	2094	1070	2090	1108	1827
PA14_38720	PA14_38720	0.056	6.726	0.8	1	0.78	1	415	441	445	456	471	326	481	480	324	564	357	379
PA14_38730	yhhS	-0.065	3.545	0.8	1	0.87	1	52	41	40	49	35	55	60	45	29	60	26	64
PA14_39050	braZ	-0.082	3.375	0.8	1	0.81	1	25	55	36	38	41	43	29	59	26	47	31	50
PA14_40980	PA14_40980	-0.042	7.899	0.8	1	0.81	1	886	1021	937	999	1001	929	1028	1110	682	1237	758	1079
PA14_42840	PA14_42840	0.068	5.055	0.8	1	0.75	1	148	141	116	130	121	136	171	153	84	161	91	158
PA14_44540	PA14_44540	0.148	7.212	0.8	1	0.49	0.94	532	573	782	487	492	721	618	623	570	604	372	837
PA14_46890	PA14_46890	0.08	5.614	0.8	1	0.66	0.99	185	213	205	201	190	179	215	232	149	249	144	208
PA14_47030	PA14_47030	0.18	3.383	0.8	1	0.56	0.96	46	39	41	33	20	58	53	43	30	41	14	67
PA14_47930	PA14_47930	-0.29	1.186	0.8	1	0.62	0.98	11	5	2	4	7	12	12	6	1	5	5	14
PA14_49970	PA14_49970	-0.058	5.046	0.8	1	0.76	1	142	129	116	133	125	146	165	140	84	165	94	169
PA14_51110	PA14_51110	0.414	0.666	0.8	1	0.73	0.99	9	3	2	8	2	1	10	3	1	9	1	1
PA14_54770	PA14_54770	0.073	3.968	0.8	1	0.82	1	72	64	50	50	56	73	83	70	36	62	42	84
PA14_57320	ddlB	0.078	5.852	0.8	1	0.68	0.99	225	222	266	201	240	233	261	241	194	249	182	271
PA14_59320	pilS2	-0.123	2.089	0.8	1	0.85	1	12	16	15	17	12	16	14	17	11	21	9	19
PA14_59390	PA14_59390	0.124	12.524	0.8	1	0.66	0.99	16174	25779	32510	23110	30185	15013	18763	28037	23661	28625	22853	17439
PA14_60560	PA14_60560	0.068	5.818	0.8	1	0.8	1	223	254	216	278	254	130	259	276	157	343	193	152
PA14_61090	PA14_61090	-0.064	5.924	0.8	1	0.76	1	275	249	187	236	215	293	319	271	135	293	162	340
PA14_61370	PA14_61370	-0.112	2.752	0.8	1	0.78	1	31	19	21	18	23	37	36	21	15	23	17	42
PA14_62970	dnaK	-0.035	8.546	0.8	1	0.85	1	1492	1384	1592	1409	1582	1587	1731	1505	1159	1745	1198	1843
PA14_63430	PA14_63430	0.058	5.186	0.8	1	0.79	1	156	133	156	141	170	118	181	145	114	175	129	138
PA14_64470	PA14_64470	0.09	4.468	0.8	1	0.69	0.99	98	86	85	86	76	91	113	94	62	107	57	105
PA14_64870	braF	-0.032	3.807	0.8	1	0.98	1	36	49	78	54	59	52	42	53	58	67	45	60
PA14_65960	waaA	-0.058	4.845	0.8	1	0.83	1	146	92	96	129	97	121	169	100	69	159	73	141
PA14_67960	PA14_67960	-0.09	3.673	0.8	1	0.72	0.99	53	53	35	53	47	52	61	58	25	66	35	60
PA14_69330	PA14_69330	0.116	6.041	0.8	1	0.55	0.96	219	305	302	280	220	260	255	332	220	347	166	302
PA14_69660	lppL	-0.024	7.817	0.8	1	0.91	1	735	1018	952	997	938	814	853	1107	693	1235	710	946
PA14_70730	ubiA	-0.054	5.825	0.8	1	0.77	1	226	241	200	248	225	220	262	262	145	307	170	256
PA14_70830	pstA	-0.059	4.996	0.8	1	0.79	1	121	120	133	142	147	101	141	131	97	176	112	118
PA14_70950	betB	-0.05	5.886	0.8	1	0.78	1	217	249	231	245	253	224	252	271	168	304	192	260
PA14_72060	PA14_72060	-0.156	7.907	0.8	1	0.68	0.99	1190	1064	488	884	482	1688	1379	1157	353	1096	363	1959
PA14_72210	PA14_72210	-0.068	3.484	0.8	1	0.86	1	35	46	48	44	46	45	41	50	35	54	35	52
EBG00001225117	P17	0.431	0.303	0.81	1	0.62	0.98	3	3	3	2	1	3	4	3	2	3	1	3
EBG00001225131	P15	0.373	0.398	0.81	1	0.83	1	3	6	2	2	4	3	3	6	1	2	3	3
EBG00001225176	tRNA	0.426	0.262	0.81	1	0.81	1	3	4	3	2	3	2	3	4	2	3	2	2
PA14_00060	PA14_00060	0.065	6.199	0.81	1	0.72	0.99	303	315	286	306	280	277	351	342	208	379	212	322
PA14_01110	PA14_01110	0.093	3.842	0.81	1	0.7	0.99	63	50	62	53	57	54	73	55	45	66	43	63
PA14_01580	gabP	0.147	3.839	0.81	1	0.56	0.96	59	44	73	52	40	65	69	48	54	65	30	75
PA14_01910	pcaG	0.097	3.039	0.81	1	0.79	1	30	32	37	28	41	24	35	35	27	35	32	28
PA14_02370	PA14_02370	-0.143	1.859	0.81	1	0.76	1	13	10	12	10	13	16	15	11	9	13	10	18
PA14_05210	PA14_05210	-0.059	6.056	0.81	1	0.74	1	274	279	229	257	266	294	318	303	166	318	201	341
PA14_05290	algH	0.07	6.289	0.81	1	0.75	1	407	289	266	365	260	293	472	314	193	451	196	340
PA14_07520	rpoD	0.052	9.528	0.81	1	0.8	1	2563	3130	3415	2597	3486	2701	2973	3404	2486	3217	2640	3138
PA14_08250	PA14_08250	-0.069	5.299	0.81	1	0.72	0.99	162	164	131	174	168	140	188	178	95	215	127	163
PA14_08350	trpD	0.043	7.179	0.81	1	0.83	1	525	649	602	586	673	465	609	706	438	726	510	541
PA14_09990	PA14_09990	-0.088	3.007	0.81	1	0.8	1	31	21	39	26	40	31	36	23	29	32	31	36
PA14_11070	cupB2	-0.042	2.62	0.81	1	1	1	17	22	28	28	14	26	20	24	21	34	10	30
PA14_13690	PA14_13690	0.056	4.295	0.81	1	0.87	1	98	60	78	82	93	53	113	65	57	101	71	62
PA14_14230	PA14_14230	0.08	6.175	0.81	1	0.68	0.99	257	329	310	324	287	236	298	358	226	401	217	275
PA14_17850	fadB	-0.355	0.171	0.81	1	0.82	1	3	3	3	4	3	3	3	3	2	5	2	4
PA14_18480	algX	-0.126	2.784	0.81	1	0.67	0.99	25	31	19	22	33	28	29	34	13	28	25	33
PA14_20260	PA14_20260	-0.104	2.568	0.81	1	0.78	1	25	21	16	25	16	25	29	23	11	31	12	29
PA14_20890	rfaD	0.069	5.189	0.81	1	0.76	1	131	146	170	149	172	105	152	159	124	185	131	122
PA14_21040	PA14_21040	0.071	2.93	0.81	1	0.96	1	32	37	18	25	31	28	37	40	12	31	24	32
PA14_24600	PA14_24600	-0.037	5.518	0.81	1	0.87	1	146	193	203	173	200	182	170	210	148	215	152	211
PA14_27870	PA14_27870	0.057	9.238	0.81	1	0.75	1	2529	2540	2386	2269	2312	2584	2934	2762	1736	2811	1750	3001
PA14_28520	PA14_28520	0.064	5.562	0.81	1	0.76	1	210	212	156	211	162	180	243	230	113	261	122	209
PA14_29270	yaiW	0.089	5.8	0.81	1	0.64	0.99	221	210	262	237	224	189	256	229	191	293	170	220
PA14_32580	PA14_32580	-0.088	3.412	0.81	1	0.76	1	32	52	35	43	45	39	37	56	25	53	34	45
PA14_32630	PA14_32630	-0.034	6.855	0.81	1	0.85	1	413	520	447	527	466	419	479	565	325	652	353	487
PA14_32660	PA14_32660	0.386	0.354	0.81	1	0.82	1	5	2	3	3	3	2	6	2	2	4	2	2
PA14_34630	gnuT	-0.096	2.749	0.81	1	0.81	1	29	27	19	33	22	24	33	29	13	41	16	28
PA14_34930	PA14_34930	0.372	0.397	0.81	1	0.82	1	4	4	2	2	4	3	5	4	1	2	3	3
PA14_35300	PA14_35300	0.09	4.869	0.81	1	0.65	0.99	130	110	118	118	98	120	151	120	86	146	74	139
PA14_35710	PA14_35710	-0.023	8.132	0.81	1	0.91	1	887	1197	1285	1100	1271	1052	1029	1302	936	1363	963	1222
PA14_40600	PA14_40600	-0.063	4.588	0.81	1	0.79	1	116	84	78	105	85	100	134	91	56	130	64	116
PA14_47260	PA14_47260	0.119	3.026	0.81	1	0.69	0.99	31	27	38	26	33	30	36	30	28	32	25	35
PA14_50030	PA14_50030	0.081	4.687	0.81	1	0.75	1	126	89	98	127	94	74	146	97	71	157	71	87
PA14_50560	braG	0.085	4.342	0.81	1	0.71	0.99	78	89	79	88	78	66	91	97	57	109	59	77
PA14_50830	PA14_50830	-0.029	5.637	0.81	1	0.9	1	170	234	189	222	183	199	198	254	137	275	138	231
PA14_51530	exoU	-0.023	7.591	0.81	1	0.9	1	699	799	817	742	772	838	811	869	595	919	584	973
PA14_51890	PA14_51890	-0.049	5.234	0.81	1	0.81	1	140	148	154	140	160	158	163	161	112	174	121	183
PA14_52050	purN	0.001	5.841	0.81	1	0.98	1	176	220	294	218	236	233	205	239	215	270	179	271
PA14_56900	pncB2	-0.05	7.089	0.81	1	0.77	1	539	569	509	582	573	519	625	619	370	721	434	603
PA14_58950	PA14_58950	0.127	2.672	0.81	1	0.7	0.99	22	31	22	30	21	18	26	34	16	37	16	21
PA14_59845	PA14_59845	-0.016	10.014	0.81	1	0.94	1	3177	4593	4689	4395	4565	3640	3686	4995	3413	5444	3456	4228
PA14_60800	PA14_60800	-0.026	8.063	0.81	1	0.89	1	1126	991	1092	1177	1057	1033	1306	1078	795	1457	800	1200
PA14_61880	rimI	0.094	4.535	0.81	1	0.69	0.99	75	111	97	81	83	101	87	121	71	100	63	117
PA14_61980	PA14_61980	-0.218	0.978	0.81	1	0.76	1	6	4	7	5	4	10	7	4	5	6	3	11
PA14_62810	secG	-0.071	11.914	0.81	1	0.78	1	10519	16551	18546	15162	20695	12056	12203	18001	13498	18780	15668	14004
PA14_63890	PA14_63890	-0.051	5.506	0.81	1	0.88	1	220	94	223	142	171	243	255	103	163	177	129	282
PA14_64310	PA14_64310	0.112	2.689	0.81	1	0.81	1	26	22	26	29	29	12	30	24	19	35	22	14
PA14_66920	ubiB	-0.043	5.827	0.81	1	0.82	1	205	242	224	233	238	221	238	263	163	288	180	257
PA14_67850	PA14_67850	-0.066	4.008	0.81	1	0.8	1	54	59	72	56	78	59	63	64	53	70	60	69
PA14_68780	PA14_68780	0.111	3.75	0.81	1	0.64	0.99	47	61	58	53	45	53	55	66	42	66	34	62
PA14_69170	PA14_69170	-0.036	6.029	0.81	1	0.85	1	276	240	258	244	247	302	320	261	188	302	187	351
PA14_69720	PA14_69720	0.077	3.66	0.81	1	0.82	1	63	43	43	54	49	39	73	47	31	67	37	46
PA14_70330	PA14_70330	0.141	2.763	0.81	1	0.64	0.99	22	33	26	22	18	33	26	36	19	28	13	38
PA14_00110	tag	0.097	4.354	0.82	1	0.68	0.99	85	85	80	69	62	101	98	92	58	86	46	117
PA14_01520	PA14_01520	0.082	4.409	0.82	1	0.73	0.99	99	77	81	93	76	74	114	84	59	115	57	86
PA14_01690	PA14_01690	0.094	2.674	0.82	1	0.86	1	36	16	20	26	25	17	41	18	14	32	19	20
PA14_04230	PA14_04230	0.355	0.522	0.82	1	0.69	0.99	4	4	4	3	0	5	5	4	3	4	0	6
PA14_07930	gph	-0.123	5.247	0.82	1	0.74	1	209	142	79	161	76	232	241	155	56	199	56	268
PA14_09180	uvrA	-0.025	6.044	0.82	1	0.9	1	258	249	283	264	264	274	299	271	206	327	200	318
PA14_09450	phzD1	0.334	0.321	0.82	1	0.84	1	5	3	4	5	4	1	6	3	3	6	3	1
PA14_10640	hpaG2	0.335	0.523	0.82	1	0.68	0.99	5	4	3	5	3	2	6	4	2	6	2	2
PA14_11990	PA14_11990	0.19	3.883	0.82	1	0.64	0.99	96	44	41	50	24	84	110	48	29	62	17	97
PA14_12070	rodA	-0.029	6.239	0.82	1	0.88	1	270	310	320	295	314	307	313	337	233	366	238	357
PA14_14010	PA14_14010	0.145	2.528	0.82	1	0.68	0.99	22	17	28	24	22	13	25	19	21	30	17	16
PA14_14400	PA14_14400	0.153	2.22	0.82	1	0.68	0.99	15	18	22	14	15	21	18	20	16	17	11	24
PA14_14930	engA	0.043	8.181	0.82	1	0.82	1	1032	1319	1216	1120	1316	1026	1198	1434	885	1388	997	1192
PA14_17920	glpM	-0.176	3.028	0.82	1	0.68	0.99	50	21	16	30	22	47	57	23	11	37	16	54
PA14_18230	fruR	-0.015	5.801	0.82	1	0.95	1	232	198	236	256	205	210	269	215	172	316	155	244
PA14_19390	PA14_19390	-0.108	3.957	0.82	1	0.73	0.99	87	47	40	67	48	72	100	51	28	83	36	83
PA14_20020	hasAp	0.072	4.452	0.82	1	0.76	1	91	91	85	82	87	85	105	99	62	102	66	99
PA14_20570	amiB	-0.025	5.678	0.82	1	0.92	1	235	176	199	242	182	197	272	192	145	299	137	229
PA14_23170	hutG	-0.17	1.504	0.82	1	0.72	0.99	11	8	6	12	8	9	13	9	4	15	6	10
PA14_23290	hisC2	0.066	5.779	0.82	1	0.73	1	222	225	227	225	223	195	257	245	165	279	169	227
PA14_23900	cvpA	0.056	6.217	0.82	1	0.76	1	333	301	278	324	285	268	386	327	202	401	216	312
PA14_24710	PA14_24710	0.052	5.663	0.82	1	0.79	1	216	209	193	184	206	208	251	227	140	228	156	241
PA14_24880	PA14_24880	-0.069	11.704	0.82	1	0.76	1	14844	14551	10074	12358	11762	17288	17219	15826	7330	15308	8904	20079
PA14_25410	PA14_25410	-0.071	2.111	0.82	1	1	1	12	18	16	23	9	16	14	20	12	28	6	19
PA14_26650	PA14_26650	0.086	3.449	0.82	1	0.78	1	45	48	36	45	41	36	52	52	26	56	31	42
PA14_26890	pyrF	0.083	4.335	0.82	1	0.7	0.99	85	79	81	83	74	74	98	86	59	102	56	86
PA14_28830	PA14_28830	0.062	6.834	0.82	1	0.72	0.99	427	519	459	461	453	432	496	564	334	571	343	502
PA14_29390	PA14_29390	0.103	7.871	0.82	1	0.62	0.98	1043	805	1085	809	785	1134	1210	876	790	1003	594	1317
PA14_29740	PA14_29740	-0.053	6.257	0.82	1	0.76	1	310	293	302	311	343	287	359	319	220	385	260	333
PA14_30030	PA14_30030	0.123	2.307	0.82	1	0.81	1	20	16	19	11	21	20	23	18	14	14	16	23
PA14_30580	PA14_30580	0.074	10.553	0.82	1	0.7	0.99	5505	6188	6982	5150	6139	6447	6386	6730	5082	6380	4648	7488
PA14_30700	PA14_30700	-0.033	8.505	0.82	1	0.86	1	1354	1562	1433	1438	1476	1537	1571	1699	1043	1781	1117	1785
PA14_30890	PA14_30890	0.464	-0.139	0.82	1	0.81	1	6	0	2	2	1	2	7	0	1	3	1	2
PA14_31250	PA14_31250	0.306	0.706	0.82	1	0.71	0.99	4	6	3	6	2	3	5	7	2	7	1	4
PA14_34320	PA14_34320	-0.111	2.402	0.82	1	0.81	1	21	18	15	22	17	20	24	20	11	27	13	23
PA14_34820	PA14_34820	0.053	5.437	0.82	1	0.81	1	217	154	156	185	167	157	251	168	113	229	126	183
PA14_38350	galU	0.04	8.69	0.82	1	0.83	1	1660	1634	1776	1480	1893	1561	1926	1777	1293	1833	1434	1813
PA14_38930	glpR	0.149	4.987	0.82	1	0.53	0.95	110	108	184	105	116	139	128	118	135	131	88	161
PA14_39100	PA14_39100	-0.091	3.24	0.82	1	0.8	1	43	32	31	27	33	53	50	35	22	34	25	61
PA14_39630	PA14_39630	0.278	0.485	0.82	1	0.85	1	7	6	0	5	3	3	8	6	0	6	2	4
PA14_39710	nrdG	0.365	0.446	0.82	1	0.83	1	3	5	4	2	3	3	3	5	3	3	2	4
PA14_40220	PA14_40220	-0.042	4.064	0.82	1	0.92	1	58	64	71	70	62	66	68	70	52	86	47	77
PA14_41740	PA14_41740	0.078	5.782	0.82	1	0.7	0.99	212	196	272	207	246	191	246	213	199	256	187	222
PA14_41750	PA14_41750	-0.054	5.168	0.82	1	0.78	1	127	152	144	143	163	134	148	165	105	177	124	156
PA14_42690	speE	-0.019	5.336	0.82	1	0.94	1	137	165	179	167	160	158	159	179	131	207	121	184
PA14_42790	PA14_42790	-0.026	6.827	0.82	1	0.89	1	403	501	452	485	448	448	468	545	329	600	339	520
PA14_43110	PA14_43110	-0.017	5.53	0.82	1	0.95	1	172	182	196	157	163	236	200	198	143	195	123	273
PA14_43890	PA14_43890	0.115	3.387	0.82	1	0.65	0.99	40	42	45	35	32	49	47	46	33	44	24	57
PA14_44700	alkB2	0.019	6.331	0.82	1	0.93	1	250	278	448	271	281	411	291	303	328	336	212	477
PA14_45630	fliA	0.053	7.76	0.82	1	0.78	1	934	967	766	908	781	883	1083	1052	557	1124	591	1026
PA14_47850	PA14_47850	-0.321	0.278	0.82	1	0.68	0.99	3	3	4	2	5	4	3	3	3	3	4	5
PA14_52570	rsmA	-0.076	11.267	0.82	1	0.76	1	6658	12322	10102	10659	12364	7640	7724	13401	7352	13202	9361	8874
PA14_55610	PA14_55610	-0.047	5.627	0.82	1	0.8	1	190	190	205	181	219	206	221	207	149	224	166	239
PA14_56220	PA14_56220	-0.031	6.161	0.82	1	0.86	1	262	316	275	300	275	296	304	344	200	372	208	344
PA14_56960	PA14_56960	-0.107	2.467	0.82	1	0.78	1	18	17	26	19	30	17	21	19	19	24	23	20
PA14_57880	PA14_57880	0.072	7.923	0.82	1	0.69	0.99	878	1068	1062	899	959	1002	1019	1162	773	1114	726	1164
PA14_58260	PA14_58260	0.125	2.457	0.82	1	0.76	1	25	22	17	22	17	20	29	24	12	27	13	23
PA14_58450	dppC	0.08	3.391	0.82	1	0.82	1	47	46	30	37	35	45	54	50	21	46	26	52
PA14_59090	PA14_59090	0.114	3.555	0.82	1	0.71	0.99	39	53	49	33	37	60	45	58	36	41	28	69
PA14_61380	PA14_61380	0.056	10.138	0.82	1	0.83	1	5058	6066	2789	4573	3565	5244	5867	6597	2028	5664	2698	6091
PA14_63080	lldP	0.115	4.977	0.82	1	0.62	0.98	110	135	145	100	101	158	128	147	106	124	76	183
PA14_63770	PA14_63770	0.313	0.524	0.82	1	1	1	7	3	2	2	4	3	8	3	1	3	3	4
PA14_65200	rnr	-0.034	9.997	0.82	1	0.86	1	3716	4253	4265	4265	4536	3728	4311	4626	3104	5283	3434	4330
PA14_66170	PA14_66170	0.045	8.068	0.82	1	0.82	1	991	1138	1166	1037	1242	917	1150	1238	849	1284	941	1066
PA14_66260	ilvE	0.062	8.126	0.82	1	0.74	1	1020	1177	1257	1036	1202	1070	1183	1280	915	1284	910	1243
PA14_66320	PA14_66320	-0.032	8.219	0.82	1	0.86	1	1203	1217	1145	1264	1173	1206	1395	1324	833	1566	888	1401
PA14_66520	PA14_66520	0.146	2.509	0.82	1	0.67	0.99	26	15	26	21	17	21	30	16	19	26	13	24
PA14_69600	PA14_69600	0.062	8.894	0.82	1	0.8	1	1993	2462	1429	2387	1697	1554	2312	2677	1039	2956	1284	1805
PA14_70240	coaC	-0.044	5.725	0.82	1	0.82	1	221	206	197	224	208	212	256	224	143	277	157	246
PA14_71030	PA14_71030	-0.029	7.634	0.82	1	0.88	1	713	837	830	802	839	786	827	910	604	994	635	913
PA14_71530	purU2	0.144	3.277	0.82	1	0.65	0.99	27	39	51	43	39	23	32	42	38	53	30	27
PA14_71870	uvrD	0.056	7.188	0.82	1	0.75	1	621	553	624	577	614	539	720	602	454	715	465	626
PA14_72490	polA	0.054	7.878	0.82	1	0.77	1	930	929	1040	919	1044	829	1079	1010	757	1138	791	963
PA14_72660	PA14_72660	-0.332	0.256	0.82	1	0.68	0.99	3	4	2	3	5	3	4	4	1	4	4	4
EBG00001225030	P1	-0.025	5.031	0.83	1	0.94	1	86	139	164	116	150	128	100	151	120	144	114	149
EBG00001225084	tRNA	-0.298	1.774	0.83	1	0.61	0.98	9	9	15	4	26	9	10	10	11	6	21	11
EBG00001225106	tRNA-Sec	-0.075	4.141	0.83	1	0.83	1	60	51	94	64	98	56	70	56	70	79	75	65
PA14_00890	PA14_00890	-0.273	0.576	0.83	1	0.85	1	3	2	6	3	5	4	3	2	5	4	4	5
PA14_01510	PA14_01510	0.095	4.737	0.83	1	0.65	0.99	95	107	130	96	103	109	110	116	95	119	78	127
PA14_04310	rpiA	0.037	5.064	0.83	1	0.9	1	154	139	109	137	137	119	178	151	79	170	104	139
PA14_04630	ilvD	0.064	6.772	0.83	1	0.71	0.99	476	428	443	424	403	461	552	466	322	525	305	535
PA14_05300	PA14_05300	-0.026	4.819	0.83	1	0.94	1	120	96	117	103	98	136	139	105	85	128	74	158
PA14_06030	PA14_06030	-0.039	7.321	0.83	1	0.83	1	602	632	673	586	712	661	698	687	490	726	539	768
PA14_08590	PA14_08590	0.282	0.91	0.83	1	0.75	1	6	5	7	3	2	9	7	5	5	4	1	10
PA14_09050	secY	0.081	10.326	0.83	1	0.75	1	3785	5473	6731	4274	6608	4236	4391	5952	4900	5295	5004	4921
PA14_09790	PA14_09790	0.059	4.751	0.83	1	0.82	1	122	113	90	127	101	85	141	123	65	157	76	99
PA14_10590	hpcG	0.24	1.246	0.83	1	0.6	0.98	7	7	11	8	3	9	8	8	8	10	2	10
PA14_10790	ampC	0.098	3.207	0.83	1	0.7	0.99	39	34	36	33	33	35	45	37	26	41	25	41
PA14_12310	PA14_12310	-0.05	5.68	0.83	1	0.8	1	234	186	186	195	200	233	271	202	135	242	151	270
PA14_12530	PA14_12530	-0.011	6.439	0.83	1	0.97	1	364	316	364	347	311	392	422	344	265	430	235	455
PA14_13860	PA14_13860	0.163	2.947	0.83	1	0.63	0.98	36	27	29	29	13	38	41	29	21	36	9	44
PA14_14900	PA14_14900	-0.039	6.299	0.83	1	0.84	1	313	282	343	281	354	329	363	307	250	349	268	382
PA14_15670	cumA	0.039	6.71	0.83	1	0.85	1	413	463	403	467	458	321	479	503	293	578	347	373
PA14_16950	dapD	-0.021	5.249	0.83	1	0.94	1	158	153	141	171	121	164	183	166	102	212	91	190
PA14_17280	mesJ	0.054	5.298	0.83	1	0.8	1	172	156	150	151	158	152	199	170	109	187	120	177
PA14_17740	ycjJ	0.059	5.135	0.83	1	0.77	1	142	154	134	131	139	143	165	167	97	163	105	166
PA14_18430	algJ	-0.312	0.479	0.83	1	0.83	1	3	5	2	4	2	5	3	5	1	5	1	6
PA14_18970	pldA	0.065	6.143	0.83	1	0.75	1	231	302	338	260	327	246	268	328	247	322	248	286
PA14_19210	PA14_19210	-0.025	4.502	0.83	1	0.96	1	90	88	88	93	71	105	104	96	64	115	53	122
PA14_19310	PA14_19310	0.07	7.303	0.83	1	0.7	0.99	655	696	602	713	554	593	760	757	438	883	419	689
PA14_19970	PA14_19970	0.23	1.113	0.83	1	0.77	1	10	5	7	6	4	8	11	5	5	7	3	9
PA14_20350	phnF	-0.314	0.441	0.83	1	0.84	1	5	2	2	5	2	4	6	2	1	6	1	5
PA14_22830	yciO	-0.009	5.551	0.83	1	0.99	1	164	190	208	205	179	181	191	207	152	254	135	210
PA14_24150	PA14_24150	-0.009	5.877	0.83	1	0.99	1	281	187	238	250	182	277	325	204	173	309	137	321
PA14_24820	PA14_24820	0.274	0.727	0.83	1	0.65	0.99	9	1	8	4	4	6	10	1	6	5	3	7
PA14_25390	sth	-0.036	7.33	0.83	1	0.84	1	600	681	640	640	676	654	696	741	466	793	512	760
PA14_26140	PA14_26140	0.028	7.577	0.83	1	0.9	1	647	592	1092	702	724	858	751	644	797	870	548	996
PA14_26830	PA14_26830	0.176	1.319	0.83	1	0.81	1	11	6	7	10	10	2	13	7	5	12	8	3
PA14_27660	PA14_27660	0.159	1.755	0.83	1	0.77	1	11	11	15	13	15	5	13	12	11	16	12	6
PA14_28620	PA14_28620	-0.043	9.552	0.83	1	0.84	1	2990	3463	2503	3668	2904	2653	3468	3766	1821	4542	2198	3082
PA14_31160	PA14_31160	0.041	7.01	0.83	1	0.83	1	637	470	471	540	496	498	738	511	342	669	375	578
PA14_31400	ctpH	0.103	3.105	0.83	1	0.71	0.99	41	29	31	37	27	30	47	32	22	45	20	35
PA14_31470	PA14_31470	-0.029	7.516	0.83	1	0.89	1	649	694	847	817	867	550	753	755	617	1012	657	640
PA14_32130	xylL	0.203	1.311	0.83	1	0.69	0.99	11	6	7	8	6	8	13	7	5	10	4	9
PA14_32220	catB	0.081	4.549	0.83	1	0.7	0.99	96	84	105	89	94	87	111	92	77	110	71	101
PA14_34780	PA14_34780	0.2	1.343	0.83	1	0.8	1	4	13	8	5	8	10	5	14	6	6	6	11
PA14_34940	PA14_34940	0.239	0.795	0.83	1	0.75	1	9	4	6	6	6	3	10	4	4	7	5	4
PA14_37915	PA14_37915	0.227	1.284	0.83	1	0.62	0.98	11	6	7	7	2	11	13	7	5	9	1	13
PA14_38580	PA14_38580	-0.111	1.948	0.83	1	0.92	1	15	9	15	14	11	16	17	10	11	17	8	19
PA14_39560	PA14_39560	-0.022	8.542	0.83	1	0.91	1	1257	1755	1468	1663	1509	1376	1458	1909	1068	2060	1142	1599
PA14_42540	pcr1	0.181	1.704	0.83	1	0.68	0.99	8	10	17	7	13	11	10	11	13	9	10	13
PA14_42640	pscT	0.306	1.056	0.83	1	0.71	0.99	10	6	4	1	2	13	11	7	3	2	1	15
PA14_42920	PA14_42920	-0.003	5.129	0.83	1	1	1	122	130	168	116	123	181	142	142	123	144	93	209
PA14_44580	PA14_44580	0.075	4.712	0.83	1	0.73	0.99	124	100	94	107	85	110	144	109	68	132	64	128
PA14_45000	gcl	0.1	6.414	0.83	1	0.71	0.99	314	314	436	397	411	185	365	342	318	491	312	216
PA14_45260	PA14_45260	0.096	3.902	0.83	1	0.71	0.99	65	55	60	48	48	72	75	60	44	60	36	83
PA14_46160	PA14_46160	-0.107	8.554	0.83	1	0.75	1	2089	1368	920	1511	840	2365	2422	1488	668	1872	634	2745
PA14_46700	ybiF	-0.166	1.577	0.83	1	0.74	1	13	6	8	11	13	8	15	7	6	14	10	9
PA14_47820	PA14_47820	-0.021	5.483	0.83	1	0.93	1	157	191	187	196	175	171	182	208	136	242	132	199
PA14_47960	glnQ	0.201	1.336	0.83	1	0.79	1	9	9	7	8	7	7	10	10	5	10	5	8
PA14_48020	PA14_48020	0.074	4.59	0.83	1	0.77	1	109	75	109	95	103	81	126	82	80	118	78	94
PA14_48160	PA14_48160	0.02	8.396	0.83	1	0.92	1	1601	1212	1292	1381	1532	1138	1857	1318	940	1710	1160	1322
PA14_50520	braC	-0.018	8.233	0.83	1	0.93	1	1026	1241	1350	1110	1305	1248	1190	1350	983	1375	988	1449
PA14_50700	phaE	-0.031	4.834	0.83	1	0.92	1	131	112	93	138	77	128	152	122	67	170	57	149
PA14_50800	pdxH	-0.024	6.844	0.83	1	0.9	1	467	462	445	440	419	538	542	502	324	545	317	624
PA14_51430	pqsA	-0.01	8.449	0.83	1	0.96	1	1321	1432	1462	1290	1294	1659	1533	1557	1064	1598	979	1926
PA14_51600	PA14_51600	-0.019	6.95	0.83	1	0.93	1	394	597	491	538	482	480	458	649	357	666	365	558
PA14_51850	PA14_51850	-0.003	5.648	0.83	1	1	1	158	214	231	205	193	205	184	233	169	254	146	238
PA14_56850	PA14_56850	-0.05	4.581	0.83	1	0.82	1	102	85	91	96	94	98	118	93	66	119	71	114
PA14_57360	ftsW	0.071	6.13	0.83	1	0.69	0.99	266	307	290	252	262	307	309	334	211	313	198	356
PA14_57640	PA14_57640	-0.04	4.933	0.83	1	0.87	1	109	120	130	114	129	125	127	130	95	142	98	145
PA14_57740	PA14_57740	-0.039	6.063	0.83	1	0.83	1	253	273	267	281	284	250	294	297	194	348	215	291
PA14_60890	glyA	0.077	6.102	0.83	1	0.68	0.99	231	301	317	257	285	262	268	327	231	318	216	304
PA14_61130	PA14_61130	0.087	5.824	0.83	1	0.7	0.99	170	255	277	231	246	182	198	277	202	286	187	212
PA14_62250	PA14_62250	0.047	8.713	0.83	1	0.82	1	1414	1970	1779	1679	1878	1443	1641	2142	1295	2080	1422	1676
PA14_64360	yncA	-0.213	1.086	0.83	1	0.66	0.99	9	5	3	7	7	7	10	6	2	9	5	8
PA14_64370	ureB	0.16	1.377	0.83	1	0.91	1	8	16	5	9	9	8	9	17	3	11	7	9
PA14_64440	bcpA	-0.033	6.352	0.83	1	0.86	1	295	354	326	360	345	292	342	385	237	446	261	340
PA14_64860	livF	0.11	3.748	0.83	1	0.76	1	40	58	68	58	68	28	47	63	50	72	52	33
PA14_66650	pilN	-0.033	5.987	0.83	1	0.89	1	207	237	311	236	311	225	241	258	227	293	236	262
PA14_66720	priA	0.089	4.96	0.83	1	0.64	0.99	127	124	134	125	109	127	147	135	98	155	82	147
PA14_71330	PA14_71330	-0.091	2.72	0.83	1	0.79	1	27	21	22	20	23	32	31	23	16	25	17	37
PA14_72750	PA14_72750	-0.042	4.909	0.83	1	0.85	1	124	108	122	111	120	134	144	118	89	138	91	155
PA14_73020	PA14_73020	-0.011	6.881	0.83	1	0.96	1	449	500	470	502	417	510	521	544	342	621	315	592
EBG00001225116	P35	-0.107	1.925	0.84	1	0.85	1	10	19	11	15	11	16	12	20	8	19	8	19
EBG00001225142	P14	-0.09	3.661	0.84	1	0.7	0.99	43	59	39	50	59	43	50	64	28	62	45	50
EBG00001225164	tRNA	-0.281	0.534	0.84	1	0.84	1	3	4	4	2	4	6	3	4	3	3	3	7
PA14_02570	mdcC	0.352	0.475	0.84	1	0.83	1	3	8	0	4	2	3	3	8	0	5	1	3
PA14_03550	cynX	0.187	1.554	0.84	1	0.85	1	18	10	2	14	6	7	20	11	1	17	4	8
PA14_04670	mutM	-0.008	6.109	0.84	1	0.99	1	307	265	255	315	211	303	356	288	185	390	159	352
PA14_05530	mexA	0.041	7.385	0.84	1	0.82	1	678	684	687	660	730	604	787	744	500	817	553	702
PA14_06040	PA14_06040	0.029	8.575	0.84	1	0.88	1	1715	1674	1275	1500	1449	1624	1989	1820	927	1858	1097	1886
PA14_07030	PA14_07030	0.025	4.469	0.84	1	0.98	1	93	91	79	76	110	75	108	99	57	95	84	87
PA14_08900	rplV	-0.033	6.584	0.84	1	0.87	1	326	489	329	414	364	393	379	531	239	513	275	457
PA14_09850	opdN	-0.132	2.32	0.84	1	0.79	1	21	17	13	11	14	31	24	18	9	14	10	35
PA14_10700	PA14_10700	-0.035	9.042	0.84	1	0.86	1	1876	2152	2276	2170	2467	1822	2177	2340	1657	2688	1868	2117
PA14_13600	PA14_13600	-0.042	5.202	0.84	1	0.83	1	158	129	146	148	153	145	183	140	106	183	116	168
PA14_14100	yhdW	0.052	7.203	0.84	1	0.78	1	635	564	614	631	613	507	737	614	447	781	464	589
PA14_15750	PA14_15750	-0.085	2.313	0.84	1	0.87	1	17	14	22	20	17	17	20	15	16	25	13	20
PA14_17110	uppS	0.047	6.88	0.84	1	0.79	1	459	486	497	445	513	439	533	529	362	552	389	510
PA14_18100	PA14_18100	-0.042	7.483	0.84	1	0.84	1	833	733	562	727	590	874	966	797	408	900	446	1015
PA14_23830	fimV	-0.036	9.508	0.84	1	0.87	1	2519	2714	3475	2612	3637	2679	2922	2952	2530	3236	2754	3112
PA14_25030	PA14_25030	-0.043	3.697	0.84	1	0.91	1	48	38	64	46	56	51	56	41	47	57	43	59
PA14_26110	PA14_26110	-0.266	1.357	0.84	1	0.58	0.97	15	4	2	9	10	8	17	5	1	11	8	9
PA14_28180	ordL	0.07	6.907	0.84	1	0.68	0.99	495	487	501	501	448	463	574	530	365	620	339	538
PA14_29460	qor	0.051	3.614	0.84	1	0.91	1	54	59	31	48	46	46	63	64	22	60	35	54
PA14_29590	PA14_29590	0.051	9.14	0.84	1	0.81	1	2527	2633	1790	2724	1915	2069	2931	2863	1302	3373	1449	2403
PA14_29730	PA14_29730	-0.035	5.129	0.84	1	0.88	1	149	149	112	164	113	143	173	162	81	203	85	166
PA14_31640	PA14_31640	0.046	3.97	0.84	1	0.89	1	66	68	53	62	71	51	77	74	38	77	54	59
PA14_31820	hisC	0.1	2.92	0.84	1	0.82	1	32	34	21	29	20	32	37	37	15	36	15	37
PA14_32610	dsbG	-0.062	5.859	0.84	1	0.74	1	222	224	238	230	291	195	258	244	173	285	221	227
PA14_33010	glyA2	0.168	1.567	0.84	1	0.85	1	14	4	16	8	14	9	16	5	12	10	11	10
PA14_35840	PA14_35840	-0.044	8.282	0.84	1	0.82	1	1161	1285	1264	1323	1447	1055	1347	1397	920	1638	1096	1226
PA14_40490	yedI	-0.054	5.233	0.84	1	0.78	1	163	158	118	162	140	155	189	172	85	200	106	180
PA14_40640	cti	-0.02	7.224	0.84	1	0.92	1	517	597	679	567	667	584	600	649	495	703	505	678
PA14_44340	ccoN	0.048	7.255	0.84	1	0.83	1	516	652	708	597	753	465	599	709	516	740	571	541
PA14_45770	fliP	-0.016	4.497	0.84	1	0.98	1	77	82	108	96	91	81	90	89	79	119	69	94
PA14_47300	phnW	-0.034	3.929	0.84	1	0.93	1	62	42	72	46	61	73	72	46	53	58	46	84
PA14_47530	PA14_47530	0.085	4.106	0.84	1	0.76	1	47	84	78	69	75	53	55	91	57	85	57	62
PA14_47650	cobV	-0.18	1.027	0.84	1	0.88	1	7	5	7	7	6	9	8	6	5	9	4	10
PA14_48640	PA14_48640	-0.104	3.673	0.84	1	0.67	0.99	65	38	38	48	59	46	75	42	27	60	45	54
PA14_48730	PA14_48730	0.058	4.342	0.84	1	0.84	1	109	68	65	89	70	74	126	74	47	110	53	86
PA14_49180	phoP	0.015	9.995	0.84	1	0.94	1	4078	4073	4275	4275	3334	4685	4730	4430	3111	5295	2523	5441
PA14_49560	toxA	-0.087	3.306	0.84	1	0.74	1	35	41	36	34	49	36	41	44	26	43	38	42
PA14_49690	PA14_49690	-0.099	2.565	0.84	1	0.77	1	26	16	19	23	24	21	30	18	14	28	18	24
PA14_51580	PA14_51580	0.1	4.611	0.84	1	0.63	0.98	84	97	119	85	89	104	98	106	87	106	67	121
PA14_52250	pirR	-0.001	6.83	0.84	1	1	1	376	446	551	368	449	556	437	485	402	456	340	645
PA14_53180	PA14_53180	-0.033	7.319	0.84	1	0.86	1	695	625	586	612	596	742	806	680	426	758	451	862
PA14_54150	putP	0.056	5.416	0.84	1	0.78	1	171	181	168	158	170	172	198	197	122	196	129	200
PA14_54600	PA14_54600	-0.026	4.766	0.84	1	0.93	1	100	106	118	111	107	109	116	115	86	138	81	127
PA14_54710	PA14_54710	-0.069	3.398	0.84	1	0.81	1	45	38	35	43	39	42	52	41	25	53	29	49
PA14_55580	nemO	-0.054	6.135	0.84	1	0.77	1	308	292	228	303	274	284	357	317	165	375	207	330
PA14_55740	chrA	-0.184	3.308	0.84	1	0.63	0.98	64	21	20	35	36	48	73	23	14	44	27	56
PA14_57275	ftsZ	-0.035	7.477	0.84	1	0.85	1	654	767	705	656	754	769	759	834	513	813	571	893
PA14_58515	PA14_58515	0.06	2.984	0.84	1	0.96	1	43	25	23	26	33	28	49	27	16	33	25	33
PA14_60400	rpsT	0.033	8.849	0.84	1	0.88	1	1671	2455	1518	1700	1808	2010	1939	2670	1104	2106	1369	2334
PA14_61350	PA14_61350	0.073	5.283	0.84	1	0.7	0.99	141	165	171	148	154	151	164	179	125	183	117	175
PA14_61890	PA14_61890	-0.044	3.514	0.84	1	0.93	1	46	45	39	57	34	42	53	49	28	70	25	49
PA14_61960	PA14_61960	-0.045	3.818	0.84	1	0.88	1	48	55	59	51	56	60	56	60	43	63	42	70
PA14_62420	PA14_62420	0.023	6.992	0.84	1	0.91	1	563	501	483	493	573	460	653	545	351	611	434	534
PA14_62480	aspC	-0.038	4.325	0.84	1	0.88	1	76	75	82	84	79	76	88	82	60	104	60	88
PA14_62910	carB	0.043	8.635	0.84	1	0.81	1	1641	1707	1535	1582	1600	1558	1904	1857	1117	1960	1211	1810
PA14_63190	PA14_63190	-0.067	4.175	0.84	1	0.79	1	89	67	49	79	60	77	103	73	35	98	45	89
PA14_64240	PA14_64240	0.073	4.355	0.84	1	0.75	1	81	88	77	82	75	77	94	96	56	102	57	89
PA14_64900	PA14_64900	-0.016	8.643	0.84	1	0.93	1	1397	1631	1784	1432	1716	1719	1621	1774	1299	1774	1299	1997
PA14_65060	PA14_65060	0.068	5.923	0.84	1	0.7	0.99	249	242	258	250	235	229	289	263	188	309	178	266
PA14_65260	PA14_65260	-0.025	7.708	0.84	1	0.9	1	694	911	901	898	936	716	805	991	656	1112	709	832
PA14_66010	PA14_66010	-0.036	4.886	0.84	1	0.88	1	127	108	114	129	111	118	147	118	83	159	84	137
PA14_66190	PA14_66190	0.071	7.108	0.84	1	0.71	0.99	514	507	687	498	612	516	596	552	501	617	464	599
PA14_68930	PA14_68930	0.062	6.098	0.84	1	0.8	1	344	296	201	345	220	242	399	322	145	426	166	281
PA14_70940	betA	0.087	5.512	0.84	1	0.68	0.99	164	164	239	160	198	175	190	179	175	199	150	203
PA14_72450	dsbA	-0.026	8.905	0.84	1	0.89	1	1858	2155	1742	1961	1781	2116	2155	2344	1267	2429	1348	2458
PA14_73030	PA14_73030	0.073	7.862	0.84	1	0.69	0.99	1008	850	1026	919	883	940	1169	925	747	1138	668	1092
PA14_00030	recF	0	8.422	0.85	1	1	1	1326	1313	1515	1269	1311	1572	1538	1428	1103	1572	992	1825
PA14_01940	PA14_01940	0.041	7.114	0.85	1	0.82	1	602	550	546	586	576	490	698	598	397	725	436	569
PA14_02410	PA14_02410	0.189	1.644	0.85	1	0.71	0.99	16	12	7	16	3	11	18	13	5	19	2	13
PA14_03980	PA14_03980	-0.046	5.245	0.85	1	0.83	1	176	120	148	141	160	159	204	131	108	175	121	185
PA14_06390	PA14_06390	-0.056	6.251	0.85	1	0.8	1	331	277	290	220	313	401	384	301	211	274	237	465
PA14_07300	PA14_07300	0.081	5.885	0.85	1	0.66	0.99	208	266	257	223	210	256	242	289	187	276	159	297
PA14_08730	rplA	0.053	10.193	0.85	1	0.82	1	3631	5489	5320	4835	5684	3401	4213	5970	3872	5989	4304	3951
PA14_08980	rpsN	0.079	6.561	0.85	1	0.66	0.99	330	389	454	362	386	361	383	423	331	449	292	419
PA14_10340	cvaB	0.093	4.265	0.85	1	0.69	0.99	85	58	94	76	74	71	99	63	69	94	56	83
PA14_10680	PA14_10680	-0.043	6.165	0.85	1	0.81	1	267	299	286	263	318	298	310	325	208	326	241	346
PA14_10710	PA14_10710	-0.024	6.674	0.85	1	0.9	1	357	429	435	359	430	452	415	466	317	445	326	525
PA14_10940	PA14_10940	-0.039	6.338	0.85	1	0.84	1	292	326	343	338	382	268	339	354	250	418	290	312
PA14_12160	PA14_12160	0.044	6.73	0.85	1	0.84	1	530	429	338	447	352	460	614	467	245	553	266	534
PA14_12360	PA14_12360	-0.004	5.335	0.85	1	1	1	132	154	198	140	165	178	153	168	145	174	125	207
PA14_13410	PA14_13410	-0.013	5.49	0.85	1	0.98	1	154	196	187	171	166	203	179	213	136	212	125	236
PA14_13510	PA14_13510	0.065	6.645	0.85	1	0.7	0.99	394	411	428	413	395	371	457	447	312	511	299	431
PA14_13520	PA14_13520	0.084	3.755	0.85	1	0.72	0.99	58	52	54	57	47	51	67	57	39	70	35	59
PA14_15560	PA14_15560	0.033	8.171	0.85	1	0.87	1	1123	1163	1240	1153	1357	938	1303	1265	903	1428	1028	1090
PA14_16890	PA14_16890	-0.051	4.188	0.85	1	0.83	1	71	77	61	73	68	77	82	84	44	90	51	89
PA14_20780	PA14_20780	0.052	8.595	0.85	1	0.77	1	1605	1585	1573	1569	1530	1496	1862	1724	1145	1943	1158	1738
PA14_21830	PA14_21830	-0.056	8.641	0.85	1	0.79	1	1488	1488	1762	1354	2067	1506	1726	1618	1283	1678	1566	1750
PA14_23120	PA14_23120	0.064	5.301	0.85	1	0.74	1	160	159	165	165	157	141	186	173	120	204	119	164
PA14_23470	wbpM	0.05	10.209	0.85	1	0.78	1	4774	5046	4767	4593	4622	4872	5538	5488	3469	5689	3499	5659
PA14_24840	PA14_24840	0.055	6.059	0.85	1	0.78	1	286	271	259	231	246	309	332	295	188	287	186	358
PA14_24900	moaB2	-0.003	5.979	0.85	1	1	1	276	234	246	257	198	302	320	255	179	318	149	350
PA14_26870	PA14_26870	-0.177	1.294	0.85	1	0.79	1	7	8	6	8	10	6	8	9	4	10	8	7
PA14_27250	PA14_27250	-0.069	2.357	0.85	1	1	1	22	13	19	19	12	24	25	14	14	23	9	28
PA14_27900	PA14_27900	-0.041	4.956	0.85	1	0.84	1	129	117	117	126	124	124	150	127	85	156	94	144
PA14_28030	PA14_28030	0.049	6.537	0.85	1	0.79	1	323	439	375	362	387	350	375	477	273	449	293	407
PA14_29540	hplW	-0.107	2.075	0.85	1	0.86	1	11	16	16	15	18	13	13	17	12	19	14	15
PA14_30370	PA14_30370	0.076	3.834	0.85	1	0.75	1	53	61	59	52	57	55	62	66	43	65	43	64
PA14_31310	PA14_31310	0.055	8.375	0.85	1	0.78	1	1263	1263	1568	1107	1474	1360	1465	1374	1142	1372	1116	1580
PA14_34970	gcd	0.04	6.837	0.85	1	0.83	1	469	467	462	496	498	367	544	508	336	614	377	427
PA14_35060	PA14_35060	-0.037	5.671	0.85	1	0.85	1	183	200	221	194	237	189	212	218	161	240	180	220
PA14_36960	PA14_36960	0.076	4.477	0.85	1	0.78	1	122	70	78	102	71	83	141	76	56	126	53	96
PA14_37030	cupA3	-0.157	2.526	0.85	1	0.69	0.99	34	14	11	21	19	26	39	15	7	26	14	30
PA14_38250	yjiR	0.095	6.204	0.85	1	0.59	0.98	278	301	339	310	254	292	323	327	247	384	192	339
PA14_43770	PA14_43770	0.102	4.627	0.85	1	0.63	0.98	103	99	103	100	70	113	120	108	75	124	52	131
PA14_45810	fliL	0.079	5.545	0.85	1	0.7	0.99	150	221	207	187	181	178	174	240	151	231	137	207
PA14_45960	lasR	-0.02	10.165	0.85	1	0.92	1	3724	5004	5082	4299	5158	4550	4320	5442	3699	5325	3905	5285
PA14_46080	PA14_46080	-0.114	2.088	0.85	1	0.79	1	12	18	14	11	18	18	14	19	10	14	14	21
PA14_46520	PA14_46520	-0.024	6.289	0.85	1	0.9	1	280	326	331	299	331	321	325	354	241	371	251	373
PA14_49320	PA14_49320	0.035	6.722	0.85	1	0.86	1	387	462	440	411	485	362	449	502	320	509	368	421
PA14_51590	PA14_51590	-0.063	8.56	0.85	1	0.83	1	2079	1282	1108	1591	939	2136	2410	1394	805	1971	709	2480
PA14_52460	mgtE	-0.038	8.553	0.85	1	0.84	1	1292	1669	1524	1431	1707	1467	1499	1815	1109	1773	1293	1704
PA14_53250	cpbD	0.015	9.534	0.85	1	0.95	1	3310	3424	2291	3390	2935	2608	3839	3724	1666	4198	2222	3030
PA14_53600	PA14_53600	0.054	5.108	0.85	1	0.86	1	98	188	134	138	162	105	114	204	97	171	123	122
PA14_54390	mucD	-0.053	8.086	0.85	1	0.79	1	948	1201	1080	980	1299	1072	1100	1306	786	1214	984	1245
PA14_55650	sbcC	0.081	6.16	0.85	1	0.64	0.99	259	297	329	278	272	285	301	323	240	344	206	331
PA14_58890	PA14_58890	0.097	2.732	0.85	1	0.8	1	31	23	21	20	20	30	36	25	15	25	15	35
PA14_58920	PA14_58920	0.083	2.874	0.85	1	0.86	1	22	37	25	23	31	26	26	40	18	29	24	30
PA14_61790	pth	0.063	4.211	0.85	1	0.8	1	73	74	76	63	78	73	85	80	55	78	59	85
PA14_62880	yhbY	-0.046	6.938	0.85	1	0.8	1	513	531	413	486	476	543	595	577	300	602	360	631
PA14_63220	PA14_63220	-0.011	7.769	0.85	1	0.96	1	833	916	879	839	813	995	966	996	640	1039	615	1155
PA14_63470	PA14_63470	-0.038	5.799	0.85	1	0.86	1	249	208	204	273	223	182	289	226	148	338	169	212
PA14_63860	PA14_63860	0.126	2.842	0.85	1	0.7	0.99	24	21	40	25	30	22	28	23	30	31	23	26
PA14_63960	PA14_63960	-0.016	9.386	0.85	1	0.93	1	2604	2723	2733	2975	2718	2458	3021	2961	1989	3684	2058	2855
PA14_65040	PA14_65040	-0.002	5.305	0.85	1	1	1	125	191	155	179	129	164	146	208	113	221	97	190
PA14_65080	ygiR	-0.03	5.876	0.85	1	0.88	1	212	243	243	223	247	242	246	264	177	277	187	281
PA14_66110	PA14_66110	-0.015	8.609	0.85	1	0.94	1	1231	1625	1846	1419	1805	1526	1429	1767	1344	1758	1367	1773
PA14_69270	PA14_69270	-0.086	3.28	0.85	1	0.75	1	48	33	26	35	33	45	55	36	18	44	25	52
PA14_70470	spoT	0.051	8.401	0.85	1	0.79	1	1292	1364	1508	1326	1489	1204	1499	1483	1098	1643	1128	1399
PA14_71780	PA14_71780	-0.022	7.493	0.85	1	0.9	1	728	702	732	707	716	772	845	763	533	876	542	896
PA14_72220	PA14_72220	-0.06	4.051	0.85	1	0.84	1	47	70	74	63	85	51	55	76	54	78	65	60
PA14_02590	mdcE	-0.152	2.698	0.86	1	0.72	0.99	26	19	23	28	38	11	30	21	17	34	30	13
PA14_06010	PA14_06010	0.053	6.219	0.86	1	0.77	1	316	290	306	269	289	320	366	316	223	334	219	372
PA14_07740	pdxA	-0.04	3.623	0.86	1	0.9	1	47	49	44	59	41	43	55	53	32	73	31	50
PA14_11550	dxs	0.061	6.706	0.86	1	0.72	0.99	423	419	442	416	404	411	491	456	322	515	306	477
PA14_12270	PA14_12270	0.024	5.247	0.86	1	0.95	1	177	154	125	152	157	142	205	168	90	188	119	165
PA14_12960	PA14_12960	-0.161	1.297	0.86	1	0.81	1	12	2	8	9	9	7	14	2	6	11	7	8
PA14_13670	PA14_13670	-0.135	1.338	0.86	1	1	1	7	6	9	7	6	11	8	7	7	9	4	13
PA14_13750	narK1	-0.11	1.646	0.86	1	0.92	1	15	6	11	13	8	13	17	7	8	16	6	15
PA14_14740	iscU	-0.011	8.409	0.86	1	0.95	1	1305	1260	1535	1308	1462	1362	1514	1371	1118	1620	1107	1582
PA14_16260	PA14_16260	0.028	8.765	0.86	1	0.89	1	1715	1861	1744	1929	1957	1332	1990	2024	1269	2389	1482	1548
PA14_16690	ppc	0.04	8.369	0.86	1	0.84	1	1343	1268	1448	1388	1496	1065	1558	1379	1054	1719	1133	1238
PA14_19010	PA14_19010	0.15	2.712	0.86	1	0.65	0.99	24	26	26	36	15	16	28	28	19	44	11	19
PA14_20810	recQ	-0.027	7.721	0.86	1	0.88	1	828	847	851	877	891	806	961	921	619	1086	675	936
PA14_22380	PA14_22380	0.09	4.107	0.86	1	0.67	0.99	65	62	83	65	66	65	75	68	61	81	50	75
PA14_22740	PA14_22740	0.06	4.255	0.86	1	0.82	1	75	85	72	85	77	61	87	92	52	105	58	71
PA14_23130	PA14_23130	-0.041	4.45	0.86	1	0.88	1	73	103	77	76	81	104	85	112	56	95	61	120
PA14_23450	orfM	0.058	8.068	0.86	1	0.75	1	963	1225	1124	1092	1067	1021	1117	1332	818	1352	808	1186
PA14_23460	orfN	-0.036	9.328	0.86	1	0.87	1	1928	3229	2533	2680	2858	2345	2237	3511	1843	3319	2164	2724
PA14_25040	PA14_25040	-0.02	8.046	0.86	1	0.91	1	1146	1017	1012	1125	1008	1087	1329	1106	736	1393	763	1262
PA14_25130	PA14_25130	-0.022	7.948	0.86	1	0.91	1	889	920	1155	899	1166	945	1032	1001	841	1114	883	1098
PA14_25360	apbE	0.054	5.737	0.86	1	0.77	1	220	207	225	207	220	201	255	225	164	257	167	233
PA14_26240	hisJ	-0.156	1.262	0.86	1	0.89	1	6	9	6	10	6	8	7	10	4	12	4	9
PA14_27220	ohr	0.088	4.818	0.86	1	0.73	0.99	151	87	108	117	82	125	174	95	78	145	61	145
PA14_27570	PA14_27570	0.065	5.487	0.86	1	0.72	0.99	180	176	196	178	177	171	209	191	143	221	134	199
PA14_28590	mapB	-0.025	5.621	0.86	1	0.91	1	216	169	200	212	196	188	250	184	146	262	148	218
PA14_29230	PA14_29230	-0.043	4.346	0.86	1	0.86	1	79	74	85	74	89	83	92	81	62	92	68	96
PA14_29480	wzm	-0.038	3.24	0.86	1	0.96	1	26	39	42	33	35	41	31	42	31	41	26	48
PA14_30210	clpS	0.036	11.469	0.86	1	0.85	1	10203	13263	11327	11830	12255	9844	11836	14425	8243	14653	9278	11434
PA14_32300	PA14_32300	-0.049	3.26	0.86	1	0.92	1	37	31	40	41	37	33	43	34	29	51	28	38
PA14_33820	pvdQ	0.048	4.819	0.86	1	0.85	1	100	151	92	120	105	108	116	164	66	148	79	125
PA14_36090	opdG	-0.026	3.684	0.86	1	0.97	1	51	40	57	49	45	55	59	44	42	61	34	64
PA14_36590	malQ	-0.089	6.106	0.86	1	0.73	0.99	399	178	225	305	280	268	461	194	163	378	212	311
PA14_37745	PA14_37745	0.014	8.283	0.86	1	0.95	1	1301	1354	1132	1430	1402	919	1509	1472	823	1771	1062	1068
PA14_39390	PA14_39390	0.043	7.654	0.86	1	0.82	1	743	857	871	774	890	734	862	932	634	959	674	853
PA14_42670	PA14_42670	0.059	6.121	0.86	1	0.75	1	245	302	307	247	288	285	285	328	224	306	218	331
PA14_43480	PA14_43480	0.08	4.538	0.86	1	0.72	0.99	101	82	103	104	87	78	117	89	75	128	66	91
PA14_46750	PA14_46750	-0.06	3.843	0.86	1	0.83	1	62	53	47	67	57	46	72	58	34	83	43	54
PA14_51100	PA14_51100	-0.034	3.55	0.86	1	0.97	1	39	44	54	43	48	49	45	48	40	53	36	57
PA14_52420	yliG	-0.017	4.721	0.86	1	0.97	1	107	103	100	97	84	132	124	112	73	120	63	153
PA14_54090	PA14_54090	-0.053	3.395	0.86	1	0.85	1	43	38	37	50	40	33	50	41	27	61	30	39
PA14_55030	PA14_55030	0.122	2.609	0.86	1	0.67	0.99	20	24	27	21	19	24	23	26	20	26	14	28
PA14_55620	PA14_55620	-0.125	3.915	0.86	1	0.75	1	34	65	70	52	96	37	40	71	52	65	74	44
PA14_56250	PA14_56250	0.061	4.313	0.86	1	0.79	1	82	85	72	77	74	78	95	92	52	95	56	91
PA14_61440	PA14_61440	0.002	5.191	0.86	1	0.99	1	162	133	140	158	104	171	188	145	102	196	78	198
PA14_62020	PA14_62020	0.082	5.807	0.86	1	0.67	0.99	222	201	268	189	210	253	258	219	196	234	159	294
PA14_66760	PA14_66760	-0.051	3.871	0.86	1	0.85	1	60	56	54	52	58	66	69	61	39	65	44	76
PA14_67460	PA14_67460	0.058	6.122	0.86	1	0.76	1	264	333	256	287	244	289	307	362	186	355	184	336
PA14_69610	cyaA	0.073	6.705	0.86	1	0.69	0.99	459	416	415	426	335	463	532	452	302	528	253	537
PA14_70770	PA14_70770	0.054	6.358	0.86	1	0.76	1	341	345	319	298	299	371	396	375	232	370	226	430
PA14_70780	PA14_70780	-0.022	7.635	0.86	1	0.92	1	676	1008	703	860	742	821	784	1096	511	1065	561	954
PA14_71620	purE	-0.012	5.354	0.86	1	0.96	1	140	184	162	187	152	150	163	200	118	231	115	175
PA14_01430	PA14_01430	0.094	3.107	0.87	1	0.74	1	33	32	37	37	32	26	38	35	27	46	24	30
PA14_01870	PA14_01870	0.081	3.911	0.87	1	0.72	0.99	65	49	67	56	54	59	75	54	49	70	41	69
PA14_02650	PA14_02650	-0.047	5.509	0.87	1	0.82	1	169	186	184	190	218	149	196	202	134	235	166	174
PA14_03150	PA14_03150	0.071	6.027	0.87	1	0.68	0.99	261	256	287	247	241	276	303	278	209	306	182	320
PA14_03320	PA14_03320	-0.022	7.12	0.87	1	0.92	1	466	675	525	496	539	656	541	734	382	615	408	762
PA14_03390	PA14_03390	-0.041	4.219	0.87	1	0.85	1	64	81	72	71	78	74	74	88	52	88	59	86
PA14_05270	pyrR	0.041	5.343	0.87	1	0.86	1	179	154	161	177	175	129	207	168	117	219	133	150
PA14_05360	pilJ	0.061	6.284	0.87	1	0.73	1	290	346	322	330	296	291	337	376	234	409	224	338
PA14_06060	creB	-0.036	4.684	0.87	1	0.87	1	116	93	91	103	93	112	134	101	66	127	70	130
PA14_06710	nirD	-0.475	-0.417	0.87	1	0.76	1	1	3	0	2	3	2	1	3	0	2	2	2
PA14_07150	hyi	-0.044	3.206	0.87	1	0.96	1	38	37	31	43	27	38	44	40	22	53	20	44
PA14_07370	PA14_07370	0.017	9.899	0.87	1	0.95	1	4736	4680	2213	4238	3275	3982	5493	5090	1609	5249	2479	4625
PA14_11960	PA14_11960	0.071	5.8	0.87	1	0.7	0.99	241	214	229	234	190	227	280	233	167	289	143	264
PA14_13380	PA14_13380	0.082	3.654	0.87	1	0.74	1	48	44	58	44	51	46	56	48	43	55	39	54
PA14_13420	PA14_13420	-0.045	5.302	0.87	1	0.83	1	176	159	130	169	152	160	204	173	94	209	115	186
PA14_13610	PA14_13610	-0.056	5.368	0.87	1	0.77	1	187	167	130	151	164	191	217	182	94	188	124	221
PA14_14810	PA14_14810	0.072	8.565	0.87	1	0.77	1	1121	1640	1939	1511	1856	1104	1301	1784	1412	1871	1406	1283
PA14_15980	rimM	-0.023	7.52	0.87	1	0.91	1	643	701	859	613	874	751	746	762	626	760	662	872
PA14_16180	PA14_16180	0.062	6.535	0.87	1	0.75	1	329	374	442	386	409	301	382	407	322	478	310	350
PA14_16590	PA14_16590	-0.019	5.026	0.87	1	0.96	1	117	122	148	133	142	116	136	133	108	165	108	135
PA14_17220	lpxB	-0.044	4.18	0.87	1	0.85	1	71	74	65	77	71	68	82	80	47	95	54	79
PA14_17880	paaJ	0.241	1.429	0.87	1	0.59	0.98	5	6	18	7	10	7	6	7	14	9	8	8
PA14_19205	PA14_19205	-0.047	3.875	0.87	1	0.88	1	68	42	58	75	61	38	79	46	42	92	46	45
PA14_19650	PA14_19650	-0.074	1.665	0.87	1	1	1	13	3	15	17	7	8	15	4	11	20	5	10
PA14_21650	PA14_21650	-0.033	3.665	0.87	1	0.97	1	46	53	46	59	41	46	53	58	33	73	31	54
PA14_23590	PA14_23590	-0.008	4.558	0.87	1	1	1	98	67	114	88	94	98	114	73	84	109	71	114
PA14_23980	xcpP	-0.04	9.715	0.87	1	0.87	1	3882	3750	2402	4070	2650	3595	4503	4078	1747	5041	2005	4176
PA14_24675	PA14_24675	0.045	5.695	0.87	1	0.82	1	200	206	228	188	233	194	232	224	166	233	177	225
PA14_24890	mobA	-0.031	4.351	0.87	1	0.91	1	93	66	78	88	74	80	108	72	57	109	56	93
PA14_25250	gapA	-0.012	9.405	0.87	1	0.95	1	2660	2853	2666	2800	2610	2835	3086	3103	1940	3468	1976	3293
PA14_25430	lolC	0.042	7.203	0.87	1	0.82	1	544	650	611	525	621	608	631	707	445	651	470	706
PA14_25510	lpxK	0	6.32	0.87	1	1	1	335	267	361	266	301	394	388	291	263	330	228	457
PA14_25610	maf-1	-0.014	3.397	0.87	1	1	1	38	41	44	44	29	50	44	45	32	54	21	58
PA14_26020	PA14_26020	-0.054	7.545	0.87	1	0.82	1	522	999	694	804	858	638	606	1086	505	996	650	741
PA14_27450	PA14_27450	0.09	3.173	0.87	1	0.8	1	35	30	41	36	37	26	41	33	30	45	28	31
PA14_31630	PA14_31630	0.072	3.869	0.87	1	0.76	1	62	59	53	63	49	52	72	64	38	78	37	61
PA14_31650	xthA	-0.042	6.206	0.87	1	0.82	1	301	307	266	255	300	346	349	334	193	316	227	402
PA14_34510	srpL	0.107	3.155	0.87	1	0.72	0.99	34	27	45	36	33	29	40	30	33	44	25	34
PA14_34610	PA14_34610	-0.214	0.749	0.87	1	0.86	1	3	7	2	7	4	4	4	8	1	8	3	5
PA14_35760	PA14_35760	0.058	9.712	0.87	1	0.84	1	2156	4071	4139	3110	4547	2301	2502	4427	3013	3853	3444	2674
PA14_38040	PA14_38040	0.008	5.406	0.87	1	1	1	199	177	133	176	183	150	231	192	96	218	139	174
PA14_39670	PA14_39670	0.233	2.201	0.87	1	0.55	0.96	11	15	31	15	12	20	13	16	24	19	9	23
PA14_42660	pscU	-0.095	2.105	0.87	1	0.79	1	19	12	15	16	17	16	22	13	11	20	13	19
PA14_44590	PA14_44590	0.02	5.587	0.87	1	0.95	1	185	207	190	177	233	166	215	225	138	220	177	193
PA14_44780	PA14_44780	-0.042	7.667	0.87	1	0.82	1	790	840	789	830	920	743	917	914	574	1028	697	863
PA14_46710	PA14_46710	0.07	3.473	0.87	1	0.82	1	47	49	36	44	37	46	55	53	26	54	28	53
PA14_48310	PA14_48310	0.083	2.984	0.87	1	0.81	1	36	28	28	31	27	29	41	31	20	38	20	34
PA14_48980	PA14_48980	0.106	2.72	0.87	1	0.78	1	16	26	35	17	32	22	19	28	26	21	25	26
PA14_49040	PA14_49040	0.044	6.278	0.87	1	0.81	1	310	349	288	325	300	294	360	379	209	402	227	342
PA14_50000	PA14_50000	0.054	5.84	0.87	1	0.78	1	247	247	205	227	194	253	286	269	149	281	146	294
PA14_51320	PA14_51320	-0.028	7.624	0.87	1	0.88	1	721	868	771	775	835	798	837	944	561	960	632	927
PA14_53910	pmtA	-0.024	5.718	0.87	1	0.92	1	213	222	193	256	201	181	247	241	140	316	152	211
PA14_54860	PA14_54860	-0.021	7.675	0.87	1	0.91	1	675	933	846	842	898	752	784	1015	616	1043	680	874
PA14_55450	hxcQ	0.105	2.15	0.87	1	0.86	1	19	17	15	15	17	15	22	18	11	19	13	18
PA14_57130	PA14_57130	-0.008	7.726	0.87	1	0.97	1	892	808	852	943	801	821	1035	879	620	1168	606	954
PA14_58870	ndh	-0.011	6.773	0.87	1	0.96	1	451	442	421	433	392	499	523	481	306	536	296	579
PA14_60010	PA14_60010	-0.229	0.789	0.87	1	0.74	1	2	7	3	5	8	3	3	8	2	6	6	4
PA14_60020	PA14_60020	-0.034	5.455	0.87	1	0.88	1	130	210	180	164	199	169	151	228	131	204	151	196
PA14_60660	PA14_60660	-0.044	6.241	0.87	1	0.82	1	273	298	325	279	375	271	317	324	237	346	285	315
PA14_62870	rrmJ	-0.018	7.76	0.87	1	0.92	1	792	919	893	809	892	936	919	999	650	1002	675	1087
PA14_64510	yhjG	0.041	8.288	0.87	1	0.82	1	1371	1235	1227	1295	1236	1195	1590	1343	893	1604	936	1388
PA14_64590	PA14_64590	-0.064	4.317	0.87	1	0.78	1	93	59	78	65	93	83	107	64	57	81	71	96
PA14_66620	pilQ	0.031	9.513	0.87	1	0.88	1	2508	3479	2956	2998	3249	2509	2910	3784	2151	3713	2460	2915
PA14_68800	PA14_68800	-0.061	6.866	0.87	1	0.79	1	355	522	501	484	615	339	412	568	365	600	467	394
PA14_69040	PA14_69040	0.027	9.818	0.87	1	0.91	1	3165	3650	4222	3330	4863	2641	3672	3970	3073	4125	3683	3068
PA14_71160	PA14_71160	-0.137	1.408	0.87	1	0.8	1	10	6	8	9	9	9	11	7	6	11	7	10
PA14_72280	citA	0.07	4.436	0.87	1	0.75	1	95	82	85	81	74	93	110	89	62	101	56	108
PA14_02530	PA14_02530	0.095	3.736	0.88	1	0.7	0.99	56	47	57	60	40	48	65	51	42	74	30	56
PA14_03670	cysW	-0.054	2.127	0.88	1	1	1	16	11	18	12	9	25	19	12	13	15	6	29
PA14_04460	lgt	0.005	4.815	0.88	1	0.97	1	90	119	127	120	102	111	105	129	93	148	77	129
PA14_04560	PA14_04560	0.024	4.252	0.88	1	0.98	1	80	82	63	64	84	75	93	89	45	80	64	87
PA14_04890	PA14_04890	0.008	6.369	0.88	1	0.96	1	291	325	385	312	329	353	338	354	281	387	249	410
PA14_06900	PA14_06900	0.123	2.94	0.88	1	0.75	1	36	28	25	45	20	16	42	30	18	55	15	19
PA14_06990	PA14_06990	0.051	4.999	0.88	1	0.82	1	139	143	105	126	102	145	161	155	76	156	77	168
PA14_10210	PA14_10210	-0.032	5.041	0.88	1	0.89	1	138	111	138	149	147	100	160	121	101	184	112	117
PA14_11430	ribE	-0.036	6.894	0.88	1	0.84	1	484	512	420	521	482	449	561	557	305	645	365	522
PA14_14880	gcpE	0.067	6.929	0.88	1	0.7	0.99	456	535	514	493	438	505	529	582	374	610	331	586
PA14_15540	trbL	0.076	4.869	0.88	1	0.7	0.99	108	115	135	110	111	117	125	125	99	136	84	136
PA14_16310	PA14_16310	-0.011	5.845	0.88	1	0.97	1	224	250	212	219	194	279	260	272	154	271	146	323
PA14_16840	PA14_16840	-0.033	3.725	0.88	1	0.94	1	59	48	44	47	39	69	68	52	32	58	29	79
PA14_18985	PA14_18985	-0.031	2.677	0.88	1	1	1	27	23	22	26	13	34	31	25	16	32	9	39
PA14_19580	ssuB	-0.459	-0.396	0.88	1	1	1	2	2	0	2	0	3	2	2	0	3	0	3
PA14_23330	rpsA	0.027	11.904	0.88	1	0.89	1	13159	17778	15950	15062	17572	13388	15265	19335	11608	18656	13303	15551
PA14_25740	tmk	0.023	4.762	0.88	1	0.96	1	147	90	89	121	112	88	170	98	64	150	85	103
PA14_27550	PA14_27550	0.043	7.447	0.88	1	0.83	1	768	770	603	727	590	761	891	837	438	900	446	884
PA14_27680	PA14_27680	-0.141	1.418	0.88	1	0.81	1	13	4	6	10	7	9	15	5	4	12	5	11
PA14_28260	PA14_28260	0.041	7.647	0.88	1	0.87	1	575	1072	811	824	926	639	668	1165	590	1020	702	743
PA14_29570	PA14_29570	0.074	4.027	0.88	1	0.79	1	58	75	62	49	52	84	68	81	45	61	39	97
PA14_30040	PA14_30040	0.066	7.065	0.88	1	0.71	0.99	574	511	569	521	473	584	666	556	414	646	358	678
PA14_30110	purB	0.05	4.994	0.88	1	0.82	1	112	142	133	122	137	115	130	154	97	151	104	134
PA14_30130	PA14_30130	-0.026	4.468	0.88	1	0.92	1	95	84	83	80	77	108	110	91	60	100	58	125
PA14_30290	ftsK	-0.017	9.453	0.88	1	0.93	1	2530	2906	3001	2841	3085	2609	2935	3160	2184	3519	2336	3031
PA14_30860	trbG	-0.123	1.504	0.88	1	0.91	1	10	4	12	4	12	13	12	5	9	6	9	15
PA14_30880	trbL	-0.085	2.253	0.88	1	0.81	1	14	17	20	13	22	19	16	18	15	16	17	22
PA14_30930	trbC	-0.503	-0.06	0.88	1	0.77	1	2	2	0	0	5	2	2	2	0	0	4	2
PA14_31850	PA14_31850	-0.034	5.143	0.88	1	0.88	1	157	145	112	144	121	160	182	158	81	178	91	186
PA14_34250	PA14_34250	-0.097	2.226	0.88	1	0.8	1	17	17	14	14	20	18	20	18	10	18	15	21
PA14_35750	tpnC	0.029	4.365	0.88	1	0.9	1	59	67	121	75	78	88	69	73	90	93	59	102
PA14_35790	PA14_35790	-0.025	10.254	0.88	1	0.91	1	3463	5797	5402	4550	5735	4639	4018	6305	3932	5636	4342	5388
PA14_37400	PA14_37400	0.061	2.358	0.88	1	1	1	22	14	22	17	32	6	25	15	16	21	25	8
PA14_37430	PA14_37430	0.092	3.18	0.88	1	0.81	1	55	25	26	42	24	32	63	27	18	52	18	37
PA14_41880	PA14_41880	0.066	9.112	0.88	1	0.72	0.99	1934	2476	2447	2205	2148	2195	2244	2693	1781	2731	1626	2550
PA14_42270	pscJ	0.07	3.814	0.88	1	0.78	1	52	57	59	48	54	58	61	62	43	60	41	67
PA14_44110	PA14_44110	0.08	2.885	0.88	1	0.82	1	30	33	21	25	22	34	35	36	15	31	16	39
PA14_44650	PA14_44650	0.042	6.07	0.88	1	0.83	1	236	316	268	270	281	245	274	343	195	335	213	285
PA14_46000	PA14_46000	-0.056	2.215	0.88	1	1	1	11	18	20	17	14	20	13	20	15	21	10	23
PA14_49110	PA14_49110	0.079	4.025	0.88	1	0.77	1	79	48	71	53	55	80	91	53	52	66	41	92
PA14_50430	flgG	0.044	5.555	0.88	1	0.84	1	155	230	187	196	199	161	180	250	136	242	151	187
PA14_51680	PA14_51680	0.029	6.595	0.88	1	0.89	1	308	453	417	362	465	328	358	492	304	449	353	381
PA14_52790	aotJ	-0.008	7.263	0.88	1	0.97	1	497	700	656	615	646	602	577	761	478	762	489	699
PA14_57520	sspB	0.054	5.123	0.88	1	0.8	1	134	136	156	130	150	131	156	148	114	161	114	152
PA14_58060	PA14_58060	0.061	6.032	0.88	1	0.8	1	358	227	217	320	207	241	414	247	157	396	156	280
PA14_58120	mreD	-0.057	2.5	0.88	1	1	1	23	16	22	23	16	23	27	17	16	28	12	27
PA14_58375	PA14_58375	0.044	5.879	0.88	1	0.83	1	213	264	240	243	252	201	247	287	175	301	191	234
PA14_58600	PA14_58600	-0.021	6.408	0.88	1	0.92	1	373	327	314	411	329	290	433	356	228	508	249	337
PA14_60650	PA14_60650	-0.05	4.987	0.88	1	0.82	1	107	144	122	132	152	104	125	156	89	163	116	121
PA14_60990	radA	0.055	5.302	0.88	1	0.78	1	151	164	169	150	160	155	175	178	123	186	121	180
PA14_61360	PA14_61360	-0.03	4.241	0.88	1	0.93	1	67	76	79	65	77	85	78	83	58	81	58	99
PA14_64030	PA14_64030	0.015	8.937	0.88	1	0.94	1	1844	2033	2090	1901	2400	1604	2139	2211	1521	2355	1818	1864
PA14_64580	PA14_64580	0.103	3.783	0.88	1	0.68	0.99	43	55	72	59	53	45	50	60	53	73	40	52
PA14_66080	msbA	0.03	8.433	0.88	1	0.88	1	1195	1493	1537	1338	1645	1157	1387	1624	1119	1658	1246	1344
PA14_66440	metY	-0.009	4.151	0.88	1	1	1	68	68	73	74	56	78	79	74	53	92	42	90
PA14_67130	ybeJ	0.035	5.258	0.88	1	0.9	1	142	157	166	158	185	112	165	171	121	195	141	131
PA14_68530	PA14_68530	0.041	4.414	0.88	1	0.89	1	99	78	77	86	86	77	115	85	56	106	65	90
PA14_69130	glpT	-0.021	5.214	0.88	1	0.93	1	151	137	152	141	145	159	175	149	111	175	110	185
PA14_70140	aldH	0.032	8.866	0.88	1	0.87	1	1824	1816	2072	1791	2159	1638	2116	1975	1508	2218	1635	1903
PA14_72540	PA14_72540	0.037	9.069	0.88	1	0.85	1	1951	2347	2290	2175	2381	1867	2263	2552	1667	2694	1803	2169
EBG00001225044	RsmY	-0.074	1.885	0.89	1	1	1	14	11	15	18	12	11	16	12	11	22	9	13
PA14_00440	trpA	0.098	4.419	0.89	1	0.65	0.99	77	75	111	80	77	87	89	82	82	99	58	101
PA14_00460	trpI	-0.015	3.247	0.89	1	1	1	33	32	43	44	32	32	38	35	32	54	24	37
PA14_00740	PA14_00740	-0.075	3.682	0.89	1	0.74	1	52	55	39	40	59	57	60	60	28	50	45	66
PA14_01900	pcaH	-0.059	2.816	0.89	1	0.84	1	26	28	24	29	26	25	30	30	17	36	20	29
PA14_02090	PA14_02090	-0.029	5.504	0.89	1	0.88	1	171	214	152	194	169	184	198	232	110	240	128	214
PA14_03490	PA14_03490	-0.025	4.944	0.89	1	0.93	1	154	96	112	130	109	129	178	105	81	161	82	150
PA14_04850	PA14_04850	-0.063	3.192	0.89	1	0.86	1	46	30	24	45	31	30	53	33	17	55	23	35
PA14_06270	catD	-0.054	1.877	0.89	1	1	1	14	11	15	17	7	16	16	12	11	21	5	18
PA14_15480	merR	-0.037	8.48	0.89	1	0.85	1	1308	1654	1303	1599	1577	1202	1518	1799	948	1980	1194	1397
PA14_15520	trbJ	0.068	4.816	0.89	1	0.75	1	95	127	123	110	107	112	111	138	90	136	81	130
PA14_16620	PA14_16620	0.068	3.694	0.89	1	0.8	1	53	48	56	52	53	45	61	52	41	64	40	52
PA14_16800	PA14_16800	0.077	5.753	0.89	1	0.72	0.99	276	171	220	243	167	220	319	186	160	300	126	256
PA14_17180	lpxD	-0.018	7.818	0.89	1	0.93	1	738	971	1002	895	1064	787	856	1056	730	1109	806	914
PA14_21020	PA14_21020	0.021	8.846	0.89	1	0.91	1	1711	1833	2069	1786	1689	2055	1985	1994	1506	2212	1278	2387
PA14_22880	PA14_22880	0.028	3.231	0.89	1	1	1	46	32	32	35	47	27	53	35	23	44	36	32
PA14_23430	PA14_23430	-0.025	9.454	0.89	1	0.91	1	2312	3570	2544	2961	2864	2747	2682	3882	1851	3667	2168	3191
PA14_25490	PA14_25490	0.002	5.454	0.89	1	0.99	1	180	147	199	178	169	177	209	160	145	220	128	205
PA14_25580	rluC	0.05	8.681	0.89	1	0.78	1	1674	1672	1708	1729	1606	1547	1942	1819	1243	2141	1216	1797
PA14_25820	PA14_25820	0.001	3.674	0.89	1	0.97	1	43	51	55	53	36	56	50	55	40	66	27	65
PA14_26200	PA14_26200	-0.036	3.504	0.89	1	0.93	1	46	49	36	49	36	48	53	53	26	61	27	56
PA14_28140	PA14_28140	0.052	5.73	0.89	1	0.79	1	190	213	248	202	235	192	221	232	181	250	178	223
PA14_28380	PA14_28380	-0.021	4.994	0.89	1	0.94	1	111	134	132	115	132	135	129	146	96	143	100	157
PA14_29130	PA14_29130	0.047	8.52	0.89	1	0.79	1	1448	1536	1535	1538	1470	1364	1680	1670	1117	1905	1113	1585
PA14_29260	PA14_29260	-0.011	7.097	0.89	1	0.96	1	440	516	692	543	678	439	511	561	505	673	514	511
PA14_30850	trbI	0.04	3.645	0.89	1	0.94	1	56	42	51	43	60	44	65	46	37	53	46	51
PA14_31220	PA14_31220	0.075	2.706	0.89	1	0.89	1	22	30	21	25	25	21	26	33	15	31	19	24
PA14_31430	PA14_31430	0.055	3.239	0.89	1	0.92	1	34	40	37	26	42	39	39	43	27	33	32	45
PA14_31440	PA14_31440	-0.02	6.787	0.89	1	0.92	1	382	451	493	440	514	390	443	491	359	545	390	453
PA14_32970	PA14_32970	0.059	3.825	0.89	1	0.82	1	67	52	49	60	47	54	77	57	35	74	35	63
PA14_35540	bkdR	-0.006	4.785	0.89	1	1	1	105	105	118	100	98	129	122	114	86	124	74	150
PA14_38060	PA14_38060	0.052	5.098	0.89	1	0.81	1	168	133	114	146	104	149	194	145	82	181	78	173
PA14_38320	yfeH	0.053	7.104	0.89	1	0.8	1	680	549	461	581	416	631	788	597	335	720	314	733
PA14_38640	scoB	-0.067	3.022	0.89	1	0.77	1	34	29	25	31	33	29	39	32	18	39	25	34
PA14_40960	fimL	-0.011	7.234	0.89	1	0.96	1	638	612	560	670	554	600	740	666	407	829	419	697
PA14_41280	PA14_41280	-0.055	3.374	0.89	1	0.86	1	45	37	35	32	38	51	52	40	25	40	29	59
PA14_42610	pscQ	-0.357	-0.242	0.89	1	1	1	2	0	4	2	1	3	2	0	3	3	1	3
PA14_44840	PA14_44840	-0.01	6.1	0.89	1	0.97	1	305	251	265	288	246	291	353	273	193	357	186	338
PA14_45070	PA14_45070	-0.004	4.871	0.89	1	1	1	116	117	114	104	92	151	135	127	83	129	69	175
PA14_47720	cobC	0.134	1.71	0.89	1	0.83	1	15	11	9	13	6	12	17	12	6	16	4	14
PA14_49530	PA14_49530	-0.039	2.373	0.89	1	1	1	27	10	20	23	11	24	31	11	15	28	8	28
PA14_50080	fliJ	0.026	4.006	0.89	1	0.96	1	54	71	68	64	95	32	63	77	50	79	73	38
PA14_52000	PA14_52000	-0.039	3.721	0.89	1	0.9	1	46	52	52	49	57	50	54	57	38	61	43	58
PA14_54940	PA14_54940	-0.009	6.845	0.89	1	0.97	1	416	491	478	380	451	562	483	534	348	472	341	652
PA14_55960	pctC	0.063	4.487	0.89	1	0.77	1	90	91	91	87	80	92	104	99	66	108	60	107
PA14_57580	rpsI	0.031	8.85	0.89	1	0.9	1	1388	2080	2180	1498	2385	1643	1611	2262	1587	1856	1807	1909
PA14_57770	hisC1	0.068	5.265	0.89	1	0.72	0.99	132	169	169	143	142	163	154	184	123	177	107	189
PA14_60080	PA14_60080	-0.006	9.446	0.89	1	0.98	1	2437	2917	3077	2630	3001	2834	2827	3172	2240	3258	2272	3292
PA14_60820	oprJ	0.055	4.957	0.89	1	0.8	1	140	113	126	133	118	114	162	123	92	165	89	132
PA14_61850	iutA	-0.026	6.25	0.89	1	0.89	1	254	347	306	273	329	323	295	377	223	338	249	375
PA14_63090	lldD	0.033	3.919	0.89	1	0.95	1	72	58	50	49	62	66	83	63	36	61	47	77
PA14_64410	ybiI	0.033	8.112	0.89	1	0.87	1	1308	1120	955	1204	973	1130	1517	1218	694	1491	736	1313
PA14_66330	msrA	-0.035	7.335	0.89	1	0.85	1	735	608	583	716	664	593	852	661	424	887	503	689
PA14_66400	aefA	-0.018	5.757	0.89	1	0.93	1	195	238	213	226	218	211	227	259	155	280	165	245
PA14_70480	PA14_70480	0.052	6.017	0.89	1	0.76	1	247	269	279	242	260	264	287	293	203	300	197	307
PA14_72630	yaeE	-0.058	4.042	0.89	1	0.76	1	68	61	59	60	77	60	79	66	43	75	59	70
PA14_00010	dnaA	-0.015	8.341	0.9	1	0.94	1	1127	1371	1409	1335	1488	1125	1308	1491	1026	1654	1127	1307
PA14_00130	PA14_00130	-0.011	6.207	0.9	1	0.97	1	347	282	255	273	211	405	402	307	185	339	159	470
PA14_01960	PA14_01960	0.047	4.968	0.9	1	0.84	1	156	106	116	139	111	115	180	116	84	172	84	134
PA14_03110	PA14_03110	-0.177	0.934	0.9	1	0.88	1	9	3	3	4	3	10	10	3	2	5	2	11
PA14_05440	PA14_05440	0.023	4.286	0.9	1	0.96	1	112	66	52	80	69	78	129	72	37	99	52	91
PA14_05700	codB	-0.077	2.025	0.9	1	0.93	1	14	17	10	18	11	14	16	18	7	22	8	16
PA14_05950	dbpA	0.045	6.743	0.9	1	0.81	1	506	381	423	462	393	416	587	415	308	572	297	483
PA14_09115	rpoA	-0.021	8.589	0.9	1	0.91	1	1433	1701	1494	1438	1582	1676	1663	1850	1087	1781	1198	1946
PA14_10380	PA14_10380	0.04	6.732	0.9	1	0.91	1	460	525	312	638	431	194	534	571	226	788	326	227
PA14_11320	PA14_11320	-0.023	6.305	0.9	1	0.92	1	378	316	247	383	261	312	438	344	179	474	197	363
PA14_11340	trx-1	0.009	5.824	0.9	1	0.98	1	268	238	173	221	217	239	311	259	125	274	164	278
PA14_11700	PA14_11700	-0.044	3.304	0.9	1	0.88	1	39	34	38	35	41	40	45	37	28	43	31	46
PA14_17100	frr	0.032	7.057	0.9	1	0.86	1	557	522	548	511	564	518	646	568	399	633	427	602
PA14_18650	ydhD	-0.008	9.535	0.9	1	0.97	1	3336	3133	2490	3319	2445	3245	3870	3407	1811	4111	1850	3769
PA14_19020	PA14_19020	0.065	3.429	0.9	1	0.81	1	43	43	43	41	40	42	50	47	31	51	30	49
PA14_20630	PA14_20630	-0.057	2.354	0.9	1	0.94	1	23	14	20	18	19	22	26	15	15	23	14	25
PA14_20750	PA14_20750	-0.009	9.774	0.9	1	0.96	1	3152	3790	3626	3498	3677	3460	3657	4122	2639	4333	2784	4019
PA14_20860	PA14_20860	0.036	6.159	0.9	1	0.85	1	274	308	287	291	301	257	318	335	209	360	228	299
PA14_21630	PA14_21630	-0.062	4.017	0.9	1	0.82	1	51	86	48	71	70	53	60	93	34	88	53	62
PA14_23400	PA14_23400	-0.045	10.583	0.9	1	0.87	1	3731	7456	7103	5994	8195	4686	4329	8109	5170	7425	6205	5443
PA14_24120	PA14_24120	-0.028	7.118	0.9	1	0.91	1	645	502	513	430	475	788	748	546	373	533	359	914
PA14_24360	PA14_24360	0.048	5.225	0.9	1	0.81	1	149	159	146	159	144	136	173	173	106	197	109	158
PA14_24770	PA14_24770	-0.041	9.131	0.9	1	0.83	1	2581	2309	1799	2306	2168	2410	2994	2511	1308	2856	1641	2799
PA14_25230	mfd	0.01	6.908	0.9	1	0.95	1	496	426	533	498	457	487	575	464	388	617	346	566
PA14_25730	PA14_25730	0.032	6.756	0.9	1	0.86	1	452	409	457	408	463	418	524	445	333	506	351	486
PA14_29990	nuoD	-0.01	7.561	0.9	1	0.96	1	664	785	824	704	823	764	771	854	600	872	623	887
PA14_31000	PA14_31000	0.059	4.675	0.9	1	0.78	1	103	112	94	115	85	95	119	122	68	142	64	111
PA14_31100	PA14_31100	0.085	3.556	0.9	1	0.69	0.99	45	47	48	48	35	47	52	51	35	59	26	55
PA14_35000	PA14_35000	-0.014	6.214	0.9	1	0.96	1	395	236	259	353	231	314	457	257	188	436	174	365
PA14_36130	PA14_36130	0.076	4.094	0.9	1	0.72	0.99	57	67	82	67	67	60	67	73	60	83	51	70
PA14_37850	yejE	-0.199	0.88	0.9	1	0.67	0.99	8	6	2	6	10	3	9	7	1	8	8	4
PA14_38380	amrR	0.011	7.897	0.9	1	0.95	1	857	953	1085	884	946	1041	995	1036	790	1095	716	1209
PA14_38470	gnyH	0.061	3.85	0.9	1	0.87	1	75	47	51	78	54	34	87	51	37	96	41	40
PA14_40200	PA14_40200	0.027	6.148	0.9	1	0.88	1	308	279	275	290	297	261	357	304	200	359	225	303
PA14_40940	PA14_40940	-0.107	1.993	0.9	1	0.8	1	17	16	6	11	11	20	19	17	4	14	8	23
PA14_41900	panE	0.059	8.672	0.9	1	0.8	1	1368	1492	2184	1391	2054	1397	1587	1623	1591	1723	1556	1623
PA14_43430	PA14_43430	0.067	6.71	0.9	1	0.73	0.99	361	404	529	400	454	379	419	439	386	496	344	441
PA14_47510	PA14_47510	0.053	2.635	0.9	1	1	1	29	21	22	22	31	18	33	23	16	27	24	21
PA14_48300	PA14_48300	0.093	2.508	0.9	1	0.83	1	28	15	21	24	16	20	32	17	15	29	12	23
PA14_49360	PA14_49360	0.038	5.651	0.9	1	0.85	1	203	223	185	191	188	215	235	242	134	237	142	250
PA14_49570	PA14_49570	-0.062	1.988	0.9	1	1	1	17	8	15	16	10	16	20	9	11	20	7	18
PA14_51690	PA14_51690	-0.015	7.882	0.9	1	0.94	1	799	1042	1000	902	1047	923	927	1133	728	1117	793	1072
PA14_52980	phhR	0.024	7.183	0.9	1	0.91	1	591	572	607	612	664	466	685	622	442	758	503	542
PA14_54900	PA14_54900	0.04	6.935	0.9	1	0.83	1	413	538	546	443	544	470	480	585	398	549	412	546
PA14_55130	gloA2	0.158	1.729	0.9	1	0.7	0.99	14	4	17	13	11	8	16	5	13	16	8	9
PA14_57780	hisD	0.051	5.612	0.9	1	0.77	1	204	198	197	196	181	200	237	215	143	243	137	232
PA14_57950	PA14_57950	0	11.755	0.9	1	1	1	12696	15275	13896	13929	13301	14651	14728	16613	10113	17253	10069	17017
PA14_58250	PA14_58250	0.034	5.611	0.9	1	0.87	1	206	207	178	209	192	177	239	225	129	259	145	206
PA14_60100	dtd	-0.019	7.148	0.9	1	0.93	1	454	717	529	615	585	523	527	779	385	761	443	608
PA14_60370	ileS	0.018	8.261	0.9	1	0.93	1	1066	1436	1234	1221	1399	1070	1237	1562	898	1513	1060	1243
PA14_60420	proB	-0.041	6.457	0.9	1	0.82	1	382	342	318	391	388	295	443	372	231	484	294	343
PA14_62290	phuU	0.035	4.758	0.9	1	0.89	1	124	104	95	99	103	115	144	113	69	123	78	133
PA14_65660	parE	-0.021	6.312	0.9	1	0.9	1	308	330	313	336	334	296	357	359	228	416	253	344
PA14_66100	PA14_66100	-0.017	6.184	0.9	1	0.94	1	254	349	266	273	274	333	295	379	193	338	207	386
PA14_66960	tatA	0.032	7.65	0.9	1	0.87	1	721	851	886	777	923	705	837	926	645	963	699	819
PA14_67560	typA	-0.025	5.954	0.9	1	0.9	1	222	259	259	247	282	225	258	282	189	306	214	262
PA14_68900	fbpA	-0.013	7.622	0.9	1	0.95	1	784	768	819	832	829	730	910	835	596	1031	628	848
PA14_69550	PA14_69550	-0.143	1.062	0.9	1	0.88	1	5	6	7	6	7	6	6	6	5	8	5	7
PA14_69590	PA14_69590	0.023	5.887	0.9	1	0.92	1	258	278	179	250	207	248	299	302	129	309	156	288
PA14_70110	PA14_70110	0.06	4.9	0.9	1	0.76	1	122	117	124	106	106	135	142	127	90	132	80	156
PA14_70200	PA14_70200	0.042	6.383	0.9	1	0.82	1	340	301	380	320	367	304	394	327	277	397	278	353
PA14_71300	etfA-1	-0.333	0.164	0.9	1	0.8	1	3	2	1	2	5	2	3	2	1	2	4	2
PA14_71430	PA14_71430	0.054	6.404	0.9	1	0.76	1	366	315	358	361	322	317	424	343	261	447	244	368
PA14_71500	soxA	0.125	2.54	0.9	1	0.69	0.99	14	23	31	23	19	20	17	25	23	28	14	23
PA14_72550	znuA	0.005	7.304	0.9	1	0.98	1	646	619	647	738	592	573	749	673	471	914	448	666
PA14_73120	PA14_73120	0.001	8.642	0.9	1	1	1	1469	1673	1697	1774	1647	1414	1704	1819	1235	2197	1247	1643
PA14_00200	def	-0.014	8.154	0.91	1	0.94	1	1109	1165	1158	1125	1203	1136	1286	1267	843	1394	911	1320
PA14_00210	PA14_00210	0.026	7.223	0.91	1	0.89	1	558	644	618	578	651	559	647	700	450	716	493	649
PA14_00380	betC	-0.033	2.956	0.91	1	0.95	1	24	30	35	30	33	28	28	33	26	37	25	33
PA14_01010	PA14_01010	0.032	3.812	0.91	1	0.91	1	33	53	83	51	55	59	39	58	62	63	42	68
PA14_03050	pobA	-0.022	4.471	0.91	1	0.96	1	99	69	94	92	94	81	115	75	69	114	71	94
PA14_03250	PA14_03250	-0.004	7.843	0.91	1	0.99	1	838	932	1003	812	965	1002	972	1014	730	1006	731	1164
PA14_04090	fliY	0.028	6.307	0.91	1	0.9	1	279	345	339	335	368	242	324	375	247	415	279	282
PA14_04220	PA14_04220	-0.064	3.555	0.91	1	0.79	1	43	43	49	33	64	46	50	47	36	41	49	54
PA14_04440	PA14_04440	-0.007	4.182	0.91	1	1	1	72	69	74	74	61	80	84	75	54	91	46	93
PA14_04680	PA14_04680	0.078	4.263	0.91	1	0.72	0.99	78	80	77	83	55	82	90	87	56	103	41	95
PA14_04820	PA14_04820	0.002	5.754	0.91	1	1	1	216	217	217	232	196	220	251	236	158	287	148	256
PA14_06480	PA14_06480	-0.034	4.587	0.91	1	0.87	1	80	104	97	96	113	80	93	113	71	119	86	93
PA14_09490	phzM	0.017	9.873	0.91	1	0.93	1	3765	3940	3721	4119	4168	3007	4367	4285	2708	5101	3156	3493
PA14_10420	tyrS	-0.065	3.993	0.91	1	0.84	1	70	72	41	49	48	95	81	78	29	61	36	109
PA14_11170	PA14_11170	-0.028	7.4	0.91	1	0.88	1	812	593	615	714	676	670	941	645	447	884	512	778
PA14_11680	PA14_11680	0.041	7.377	0.91	1	0.86	1	542	650	846	596	870	514	629	707	617	739	660	598
PA14_14000	PA14_14000	0.003	4.617	0.91	1	0.98	1	83	104	107	95	89	108	97	113	78	118	67	125
PA14_15280	PA14_15280	-0.027	2.394	0.91	1	1	1	16	21	22	18	14	28	19	23	16	22	10	32
PA14_18210	PA14_18210	0.129	3.715	0.91	1	0.73	1	76	32	54	81	36	30	87	35	39	99	27	35
PA14_18960	PA14_18960	-0.035	3.686	0.91	1	0.9	1	45	54	48	47	54	51	52	59	35	58	41	59
PA14_20820	PA14_20820	0.035	7.854	0.91	1	0.85	1	858	988	986	924	985	855	995	1074	718	1144	746	993
PA14_21160	PA14_21160	-0.297	0.266	0.91	1	0.82	1	4	2	2	2	6	1	4	2	1	3	5	1
PA14_21510	PA14_21510	0.006	6.927	0.91	1	0.99	1	501	598	371	578	493	395	581	650	269	715	373	459
PA14_23610	PA14_23610	0.073	3.728	0.91	1	0.76	1	52	51	59	62	50	40	60	55	43	76	38	47
PA14_24810	PA14_24810	-0.317	0.202	0.91	1	1	1	3	3	0	2	1	3	3	3	0	3	1	4
PA14_26700	PA14_26700	0.059	4.171	0.91	1	0.8	1	82	63	73	71	64	74	95	69	53	88	48	86
PA14_27840	PA14_27840	0.036	3.197	0.91	1	0.97	1	58	27	22	26	29	49	66	30	15	33	22	56
PA14_28960	PA14_28960	0.059	6.078	0.91	1	0.73	1	243	280	310	262	268	268	282	304	226	324	203	311
PA14_29060	PA14_29060	0.004	5.43	0.91	1	0.99	1	168	140	212	165	187	165	195	153	155	205	142	192
PA14_31480	PA14_31480	0.051	5.163	0.91	1	0.81	1	172	125	138	143	121	155	199	136	100	177	91	180
PA14_32905	PA14_32905	0.039	3.371	0.91	1	0.96	1	39	44	37	28	45	46	45	48	27	35	34	53
PA14_33530	PA14_33530	-0.028	5.416	0.91	1	0.88	1	157	189	162	152	179	187	182	205	118	189	136	217
PA14_35400	pvcC	0.051	2.983	0.91	1	0.96	1	42	25	23	30	27	30	48	27	16	37	20	35
PA14_35640	pslI	0.123	1.272	0.91	1	1	1	9	9	8	10	11	3	10	10	6	12	9	4
PA14_36060	PA14_36060	0.061	2.353	0.91	1	1	1	25	17	16	18	22	17	29	19	11	22	17	20
PA14_39830	PA14_39830	0.035	3.589	0.91	1	0.97	1	54	54	34	44	43	53	62	59	24	55	32	61
PA14_40380	PA14_40380	0.05	5.761	0.91	1	0.82	1	200	183	280	190	170	278	232	199	205	236	128	322
PA14_41430	miaE	0.022	5.787	0.91	1	0.93	1	189	240	239	196	267	196	220	261	174	243	203	228
PA14_41670	ppsA	-0.018	10.176	0.91	1	0.92	1	4498	4783	4653	4677	4977	4454	5218	5202	3386	5793	3768	5173
PA14_42700	alkA	0.028	6.13	0.91	1	0.89	1	344	244	262	298	274	262	398	266	190	369	207	305
PA14_43170	PA14_43170	-0.022	6.411	0.91	1	0.9	1	376	352	289	357	312	365	436	383	210	442	236	424
PA14_43510	PA14_43510	-0.04	5.295	0.91	1	0.85	1	130	168	165	143	197	137	151	183	120	178	150	159
PA14_44830	PA14_44830	0.036	8.693	0.91	1	0.85	1	1672	1502	1901	1647	1855	1446	1939	1634	1384	2040	1405	1680
PA14_45210	PA14_45210	-0.093	1.664	0.91	1	0.91	1	12	8	10	15	11	7	14	9	7	18	8	8
PA14_45450	PA14_45450	0.068	3.709	0.91	1	0.81	1	47	51	60	49	51	50	55	56	44	61	39	58
PA14_46680	norM	0.023	5.1	0.91	1	0.94	1	145	147	119	137	140	129	168	160	86	170	106	150
PA14_48860	PA14_48860	-0.015	4.342	0.91	1	0.98	1	82	73	84	82	79	78	95	79	61	102	60	91
PA14_49990	PA14_49990	0.006	9.893	0.91	1	0.98	1	4511	2867	4167	3251	4704	3541	5232	3118	3033	4027	3562	4113
PA14_50670	PA14_50670	0.028	5.552	0.91	1	0.9	1	193	213	160	176	173	207	224	231	116	218	131	240
PA14_51440	ogt	0.027	7.325	0.91	1	0.88	1	659	673	621	656	659	604	765	732	452	812	499	702
PA14_52300	PA14_52300	-0.045	4.582	0.91	1	0.87	1	104	100	74	75	88	125	120	109	53	94	66	144
PA14_53340	PA14_53340	0.074	4.366	0.91	1	0.76	1	63	86	101	78	83	76	74	94	74	97	63	88
PA14_54510	PA14_54510	-0.044	3.915	0.91	1	0.86	1	73	48	53	57	62	60	84	52	38	71	47	70
PA14_55080	PA14_55080	-0.011	7.982	0.91	1	0.95	1	931	1074	1043	969	1071	1031	1080	1168	759	1201	811	1197
PA14_56730	PA14_56730	0.044	5.617	0.91	1	0.84	1	227	194	178	240	174	167	263	211	129	297	131	194
PA14_58620	PA14_58620	0.053	4.039	0.91	1	0.87	1	85	64	48	65	46	80	98	70	34	80	34	92
PA14_58840	PA14_58840	-0.013	6.977	0.91	1	0.95	1	527	540	449	508	450	571	611	587	326	629	340	663
PA14_59500	PA14_59500	-0.059	2.464	0.91	1	0.88	1	18	19	22	18	24	21	21	21	16	22	18	24
PA14_59720	cupD2	0.132	1.31	0.91	1	0.9	1	12	5	6	6	7	9	14	6	4	8	5	10
PA14_59770	rcsB	0.061	5.975	0.91	1	0.75	1	230	251	292	216	243	280	267	273	213	268	184	325
PA14_59780	rcsC	0.024	7.33	0.91	1	0.9	1	594	687	680	570	722	637	689	747	495	707	547	740
PA14_60970	PA14_60970	0.037	9.404	0.91	1	0.84	1	2621	2846	2843	2726	2784	2586	3041	3095	2069	3377	2108	3004
PA14_61580	hemH	0.028	7.435	0.91	1	0.93	1	589	837	686	907	869	295	684	910	499	1122	659	344
PA14_63410	PA14_63410	0.051	3.411	0.91	1	0.89	1	38	44	45	38	50	36	44	48	33	47	38	42
PA14_63605	fdnG	0.045	10.407	0.91	1	0.82	1	4993	5147	6564	4828	6140	5226	5792	5598	4778	5981	4649	6070
PA14_64670	ureG	-0.108	2.131	0.91	1	0.75	1	23	11	10	14	19	15	26	12	7	18	15	17
PA14_66840	phaC2	0.04	6.265	0.91	1	0.83	1	308	331	301	345	300	269	357	360	219	427	227	313
PA14_67090	mdoG	0.017	8.726	0.91	1	0.93	1	1611	1886	1660	1580	1817	1700	1869	2051	1208	1957	1376	1974
PA14_71440	ltaA	-0.003	5.399	0.91	1	1	1	159	172	176	169	163	176	185	187	128	209	123	204
PA14_00510	PA14_00510	-0.002	7.524	0.92	1	0.99	1	600	776	847	714	853	660	697	844	617	885	646	767
PA14_01070	PA14_01070	-0.112	1.171	0.92	1	0.89	1	9	5	7	8	7	7	10	5	5	10	5	8
PA14_01390	PA14_01390	-0.002	5.266	0.92	1	1	1	180	147	134	152	112	197	208	160	97	188	84	228
PA14_01400	elaA	-0.078	4.089	0.92	1	0.73	0.99	65	76	53	63	89	55	75	82	38	78	68	64
PA14_03650	cysA	0.039	4.049	0.92	1	0.9	1	73	70	56	56	58	79	84	76	40	70	44	91
PA14_04910	ftsE	0.017	6.106	0.92	1	0.95	1	287	308	239	301	277	247	333	335	173	373	210	287
PA14_05790	PA14_05790	-0.002	3.559	0.92	1	1	1	47	44	47	38	31	69	55	48	34	47	23	79
PA14_06360	comF	-0.042	2.303	0.92	1	1	1	23	14	15	15	9	29	26	15	11	19	6	33
PA14_08320	PA14_08320	-0.05	5.302	0.92	1	0.79	1	163	166	133	158	180	142	189	180	96	196	137	165
PA14_09100	rpsD	-0.004	7.426	0.92	1	0.99	1	662	823	588	682	581	816	768	895	427	845	439	947
PA14_10320	PA14_10320	0.027	5.413	0.92	1	0.92	1	221	148	144	163	146	195	256	161	104	202	110	226
PA14_11380	ybaD	0.005	5.984	0.92	1	1	1	281	253	229	267	285	211	326	275	166	331	216	245
PA14_15830	PA14_15830	-0.026	3.651	0.92	1	0.94	1	54	50	39	50	38	58	63	54	28	62	28	67
PA14_18620	PA14_18620	0.037	5.986	0.92	1	0.86	1	246	233	292	221	285	247	286	254	213	274	216	287
PA14_19800	PA14_19800	0.038	4.369	0.92	1	0.89	1	96	74	76	87	78	76	111	81	55	107	59	88
PA14_20870	PA14_20870	0.052	4.09	0.92	1	0.84	1	67	66	73	70	70	59	78	72	53	86	53	69
PA14_21150	PA14_21150	0.156	0.679	0.92	1	1	1	9	5	2	7	4	3	10	5	1	8	3	4
PA14_22075	PA14_22075	0.036	8.372	0.92	1	0.86	1	1148	1305	1609	1259	1583	1119	1332	1419	1172	1560	1199	1300
PA14_23280	pheA	0.028	7.222	0.92	1	0.89	1	501	690	632	576	666	546	582	750	460	714	505	634
PA14_23410	orfJ	-0.024	9.314	0.92	1	0.92	1	1679	3106	2864	2524	3170	2082	1949	3378	2085	3126	2401	2419
PA14_24010	xcpS	0.046	6.433	0.92	1	0.79	1	333	381	346	379	324	323	386	414	252	469	245	375
PA14_25530	kdsB	-0.014	4.773	0.92	1	0.97	1	130	107	85	131	82	111	150	116	61	162	61	129
PA14_29880	nuoL	0.021	6.766	0.92	1	0.92	1	462	468	391	409	419	475	536	509	284	507	317	552
PA14_31060	PA14_31060	-0.024	10.102	0.92	1	0.9	1	4042	4818	4344	4768	4977	3679	4689	5240	3161	5905	3768	4274
PA14_31970	czcC	-0.052	2.199	0.92	1	1	1	11	18	20	12	18	20	13	19	15	15	14	23
PA14_34640	gntK	0.048	5.067	0.92	1	0.88	1	179	123	102	110	94	187	207	134	73	137	70	216
PA14_35590	pslM	0.121	2.235	0.92	1	0.76	1	19	15	22	25	12	13	22	16	16	30	9	15
PA14_35970	PA14_35970	-0.04	2.177	0.92	1	1	1	11	19	18	23	16	10	13	21	13	28	12	12
PA14_37650	PA14_37650	0.145	0.884	0.92	1	0.89	1	12	3	4	7	5	4	13	3	3	9	4	5
PA14_37870	PA14_37870	0.182	0.941	0.92	1	0.87	1	7	4	7	4	3	8	8	4	5	5	2	9
PA14_45880	PA14_45880	-0.013	5.766	0.92	1	0.95	1	229	198	221	216	222	218	266	216	161	267	168	253
PA14_46650	PA14_46650	-0.08	1.688	0.92	1	0.91	1	13	10	7	13	6	13	15	11	5	16	4	15
PA14_46720	PA14_46720	-0.026	5.647	0.92	1	0.9	1	215	227	151	240	178	187	249	247	109	297	134	217
PA14_47610	PA14_47610	0.07	9.037	0.92	1	0.79	1	1800	1632	3085	1603	1817	2787	2088	1775	2247	1986	1375	3236
PA14_48590	PA14_48590	-0.118	1.197	0.92	1	0.89	1	8	5	7	5	8	9	9	6	5	7	6	10
PA14_50050	PA14_50050	-0.032	2.504	0.92	1	1	1	25	16	19	30	16	15	29	18	14	37	12	18
PA14_51520	spcU	-0.005	7.826	0.92	1	0.98	1	772	959	1008	783	1007	958	896	1043	734	970	763	1113
PA14_54660	PA14_54660	0.059	3.826	0.92	1	0.8	1	68	48	53	56	44	61	79	52	38	69	33	71
PA14_55360	exbB2	-0.031	3.482	0.92	1	0.97	1	52	32	43	30	37	62	60	35	31	38	28	71
PA14_56300	fumA	-0.013	6.628	0.92	1	0.94	1	360	398	428	355	438	405	418	433	312	440	332	470
PA14_57380	mraY	-0.038	6.788	0.92	1	0.83	1	408	487	422	416	516	423	474	529	307	515	391	492
PA14_57840	ttg2D	-0.001	6.69	0.92	1	1	1	384	486	373	383	356	504	446	528	271	475	269	585
PA14_58190	gatB	-0.019	5.499	0.92	1	0.93	1	174	195	171	179	182	186	202	212	124	222	138	216
PA14_59010	PA14_59010	-0.268	0.216	0.92	1	0.81	1	3	3	2	2	3	3	3	3	1	3	2	4
PA14_59940	PA14_59940	0.008	4.32	0.92	1	0.98	1	60	82	95	60	78	97	70	89	70	75	59	112
PA14_60690	PA14_60690	0.186	1.035	0.92	1	0.78	1	9	2	9	7	4	5	10	2	7	9	3	6
PA14_61040	katB	0.017	4.751	0.92	1	0.92	1	95	115	115	100	88	131	110	125	84	124	66	152
PA14_62200	mrcB	-0.012	7.736	0.92	1	0.95	1	836	822	912	852	939	801	970	894	664	1056	711	930
PA14_63160	pmrB	0.07	3.822	0.92	1	0.79	1	69	44	58	51	43	68	80	48	42	63	32	79
PA14_63390	PA14_63390	0.069	3.285	0.92	1	0.8	1	41	32	42	39	36	34	47	35	31	48	27	40
PA14_64980	nadE	-0.04	5.196	0.92	1	0.87	1	160	141	131	191	160	94	185	153	95	235	121	110
PA14_66020	PA14_66020	0.042	5.834	0.92	1	0.83	1	240	213	242	237	232	206	278	232	176	293	176	239
PA14_70440	gmk	0.031	4.939	0.92	1	0.91	1	140	123	105	147	114	100	162	134	76	181	86	117
PA14_70760	phoR	0.068	4.781	0.92	1	0.76	1	121	102	114	93	84	143	140	111	83	116	63	165
PA14_72500	PA14_72500	0.002	7.979	0.92	1	0.99	1	1022	1033	999	1105	953	990	1185	1123	727	1368	721	1150
PA14_72740	dctB	0.027	4.027	0.92	1	0.97	1	61	72	59	58	72	60	71	78	43	72	55	70
EBG00001225085	PhrS	0.026	3.764	0.93	1	0.93	1	41	55	64	37	39	80	48	60	47	47	29	92
EBG00001225096	tRNA	-0.165	2.003	0.93	1	0.67	0.99	12	17	14	10	29	9	14	18	10	13	23	11
PA14_02520	PA14_02520	-0.015	6.328	0.93	1	0.95	1	251	378	334	287	460	227	292	411	243	356	350	264
PA14_02660	PA14_02660	-0.009	4.992	0.93	1	0.98	1	121	123	134	119	131	130	140	134	98	148	99	151
PA14_04920	ftsX	0.007	7.276	0.93	1	0.97	1	566	669	642	715	620	533	657	728	467	885	469	619
PA14_04960	PA14_04960	-0.005	5.274	0.93	1	1	1	161	157	142	177	139	145	187	171	103	219	105	169
PA14_05460	bioA	-0.015	5.341	0.93	1	0.95	1	166	160	155	167	162	157	192	174	113	207	123	182
PA14_07410	PA14_07410	-0.109	1.126	0.93	1	0.89	1	5	9	7	8	9	6	6	10	5	10	7	7
PA14_08340	trpG	0.027	6.653	0.93	1	0.9	1	357	405	464	418	485	300	415	440	338	518	368	349
PA14_08420	PA14_08420	-0.032	6.494	0.93	1	0.86	1	308	401	364	332	435	332	358	436	265	412	330	386
PA14_08630	PA14_08630	0.009	6.013	0.93	1	0.97	1	212	279	289	259	269	245	246	303	211	321	204	285
PA14_11020	fabG	-0.231	0.316	0.93	1	0.82	1	3	2	3	3	4	3	4	2	2	4	3	3
PA14_12840	PA14_12840	-0.023	9.233	0.93	1	0.9	1	2319	2718	2191	2511	2512	2324	2690	2956	1594	3110	1902	2700
PA14_12990	PA14_12990	0.079	5.549	0.93	1	0.68	0.99	165	184	231	205	175	168	192	200	169	253	132	195
PA14_13830	narI	0.187	0.75	0.93	1	0.86	1	6	3	5	2	4	6	7	3	4	3	3	7
PA14_15260	PA14_15260	0.159	0.711	0.93	1	1	1	7	5	2	7	5	1	8	5	1	8	4	1
PA14_16360	PA14_16360	0.06	3.91	0.93	1	0.78	1	70	52	59	61	47	66	81	57	43	75	35	76
PA14_18310	PA14_18310	-0.021	2.929	0.93	1	1	1	31	29	26	22	19	46	36	32	19	28	14	53
PA14_19560	ssuD	0.158	0.596	0.93	1	1	1	7	6	2	6	5	2	8	6	1	7	4	3
PA14_19600	PA14_19600	-0.022	4.476	0.93	1	0.95	1	88	68	106	85	111	69	102	74	78	106	85	81
PA14_21590	PA14_21590	0.036	2.714	0.93	1	1	1	22	29	22	29	31	12	26	31	16	35	24	15
PA14_22870	PA14_22870	0.016	5.269	0.93	1	0.98	1	151	157	155	160	181	118	175	171	113	198	138	138
PA14_23840	truA	-0.013	4.752	0.93	1	0.96	1	103	109	110	107	113	103	119	118	80	133	86	120
PA14_25880	etfA	0.037	8.059	0.93	1	0.84	1	1191	1003	1073	1040	981	1163	1381	1091	781	1288	742	1350
PA14_26770	PA14_26770	0.01	7.449	0.93	1	0.96	1	723	749	645	669	733	703	839	814	469	829	555	816
PA14_27920	vacJ	-0.017	8.133	0.93	1	0.92	1	1122	1230	1023	1112	1108	1195	1301	1338	744	1378	839	1388
PA14_30100	PA14_30100	0.061	6.821	0.93	1	0.73	1	415	440	538	465	457	412	482	479	392	576	346	479
PA14_30520	PA14_30520	0.066	2.729	0.93	1	0.89	1	28	24	24	27	23	22	32	26	17	33	17	26
PA14_31390	PA14_31390	-0.036	6.226	0.93	1	0.84	1	319	271	301	277	356	283	370	295	219	343	270	329
PA14_32360	PA14_32360	0.107	5.221	0.93	1	0.62	0.98	137	151	175	142	100	185	159	164	128	176	75	214
PA14_34190	msuD	0.214	0.528	0.93	1	0.84	1	6	2	4	3	2	5	7	2	3	4	1	6
PA14_34580	PA14_34580	0.189	0.644	0.93	1	0.85	1	7	2	4	3	4	4	8	2	3	4	3	5
PA14_37150	PA14_37150	0.086	2.001	0.93	1	0.86	1	17	12	16	19	16	8	20	13	12	23	12	10
PA14_38460	gnyB	-0.005	6.021	0.93	1	0.99	1	286	230	264	315	268	199	331	250	192	389	203	232
PA14_44030	sdhA	0.041	8.685	0.93	1	0.82	1	1571	1695	1786	1563	1658	1689	1822	1843	1300	1936	1255	1962
PA14_46180	yjiJ	0.167	0.817	0.93	1	1	1	8	3	4	3	5	5	9	3	3	4	4	6
PA14_47150	cyoE	0.098	2.23	0.93	1	0.84	1	22	8	25	19	21	12	25	9	19	23	16	14
PA14_47500	sseA	-0.027	5.192	0.93	1	0.89	1	147	136	148	150	170	121	171	148	108	186	129	141
PA14_49160	yegE	0.059	8.259	0.93	1	0.76	1	1248	1283	1250	1141	1004	1485	1448	1395	910	1413	759	1724
PA14_49170	phoQ	0.04	8.432	0.93	1	0.87	1	1510	1260	1467	1232	945	1944	1752	1371	1068	1526	714	2257
PA14_49380	dapE	-0.012	2.782	0.93	1	1	1	26	26	27	28	18	32	30	28	20	35	13	37
PA14_49480	PA14_49480	0.032	7.619	0.93	1	0.89	1	570	1072	763	755	816	782	662	1165	555	935	618	908
PA14_50010	yliI	0.009	5.857	0.93	1	0.95	1	226	238	235	227	204	262	262	259	171	281	154	304
PA14_50540	braE	0.044	3.902	0.93	1	0.89	1	76	49	51	59	48	64	88	53	37	73	36	74
PA14_54920	PA14_54920	-0.005	7.192	0.93	1	0.98	1	544	625	596	598	606	567	631	680	434	741	459	659
PA14_56520	PA14_56520	0.029	4.821	0.93	1	0.93	1	155	94	92	116	93	125	179	102	66	143	70	145
PA14_56810	PA14_56810	0.051	4.917	0.93	1	0.81	1	127	129	109	134	97	121	147	140	79	165	73	140
PA14_57650	PA14_57650	0.047	4.943	0.93	1	0.83	1	115	129	129	107	116	136	133	140	94	133	88	158
PA14_60710	gdhA	-0.002	5.919	0.93	1	1	1	238	214	275	218	261	249	276	233	201	270	198	289
PA14_61460	hpt	-0.012	4.904	0.93	1	0.97	1	115	129	110	125	113	120	134	140	80	155	85	139
PA14_62740	rbfA	0.007	4.441	0.93	1	1	1	77	89	94	77	119	64	89	97	69	96	91	75
PA14_63050	yfjG	0.011	7.002	0.93	1	0.95	1	522	512	519	479	456	605	605	557	378	593	345	702
PA14_66420	ytnM	-0.013	3.994	0.93	1	0.97	1	65	63	58	60	53	73	75	68	42	75	40	84
PA14_70100	PA14_70100	0.066	3.938	0.93	1	0.77	1	56	60	71	59	56	62	65	65	52	73	42	72
PA14_71070	PA14_71070	0.034	6.215	0.93	1	0.85	1	339	266	298	316	287	280	393	290	217	391	217	325
PA14_71230	PA14_71230	-0.049	3.174	0.93	1	0.89	1	30	30	42	25	49	32	35	33	31	32	38	37
PA14_72800	rosB	0.039	6.365	0.93	1	0.82	1	347	323	337	319	315	345	402	351	245	395	238	401
PA14_00240	PA14_00240	-0.036	5.632	0.94	1	0.87	1	245	190	150	176	172	252	284	207	108	219	130	292
PA14_02970	PA14_02970	0.089	3.017	0.94	1	0.82	1	42	22	33	29	19	42	48	24	24	36	14	48
PA14_03180	PA14_03180	0.022	5.622	0.94	1	0.93	1	171	229	194	171	206	209	199	249	141	212	156	243
PA14_03610	ycaL	-0.001	2.947	0.94	1	1	1	19	29	39	30	30	27	23	32	29	37	23	31
PA14_04420	PA14_04420	-0.019	7.908	0.94	1	0.92	1	848	1035	1004	942	1126	859	984	1126	731	1167	853	998
PA14_05640	bfrG	-0.005	3.533	0.94	1	1	1	36	49	49	44	42	47	42	53	36	55	32	54
PA14_05650	PA14_05650	0.06	3.333	0.94	1	0.81	1	34	46	37	46	33	33	40	50	27	56	25	39
PA14_07440	PA14_07440	0.05	4.037	0.94	1	0.85	1	47	82	67	62	63	64	55	89	49	77	48	74
PA14_07480	PA14_07480	-0.002	8.701	0.94	1	0.99	1	1476	1732	1827	1511	1840	1691	1713	1884	1330	1872	1393	1964
PA14_07960	prtR	-0.003	6.917	0.94	1	0.99	1	428	471	558	489	571	400	497	512	407	606	433	465
PA14_11620	PA14_11620	0.039	3.657	0.94	1	0.93	1	46	55	50	46	54	47	53	60	36	57	41	55
PA14_12090	PA14_12090	0.014	8.055	0.94	1	0.94	1	1008	1143	1081	1038	1170	994	1170	1243	787	1286	886	1155
PA14_12890	PA14_12890	-0.028	3.512	0.94	1	0.93	1	41	50	41	52	49	35	48	54	30	64	37	41
PA14_13650	PA14_13650	0.015	4.032	0.94	1	1	1	75	67	49	70	65	57	87	73	35	86	49	66
PA14_13940	PA14_13940	0.026	8.27	0.94	1	0.92	1	960	1267	1543	1157	1658	889	1114	1378	1124	1433	1257	1033
PA14_14080	estB	0.047	3.368	0.94	1	0.89	1	47	42	30	46	31	38	54	46	21	57	23	44
PA14_14480	PA14_14480	0.033	4.563	0.94	1	0.9	1	106	78	99	85	98	95	123	85	72	105	74	110
PA14_14650	secF	0.001	7.236	0.94	1	1	1	562	636	624	569	610	641	652	692	454	705	462	744
PA14_16000	rplS	0.026	5.889	0.94	1	0.92	1	249	288	181	206	191	309	289	313	131	256	144	358
PA14_16150	PA14_16150	0.046	7.63	0.94	1	0.86	1	787	653	996	894	963	503	913	711	726	1107	730	585
PA14_17040	glnD	-0.004	6.901	0.94	1	0.98	1	468	497	474	510	483	449	543	540	345	632	366	522
PA14_17820	PA14_17820	-0.098	1.367	0.94	1	0.9	1	9	6	8	6	10	9	10	7	6	8	8	10
PA14_21080	toxR	-0.009	4.845	0.94	1	0.99	1	149	91	102	138	100	107	172	99	74	170	75	124
PA14_21380	PA14_21380	0.228	0.065	0.94	1	1	1	4	3	2	2	4	2	5	3	1	3	3	2
PA14_23420	PA14_23420	-0.002	10.756	0.94	1	0.99	1	5715	8339	6882	7475	7223	6265	6630	9069	5008	9258	5468	7277
PA14_25790	PA14_25790	-0.002	6.586	0.94	1	1	1	413	356	387	409	382	367	479	387	282	507	289	426
PA14_26590	PA14_26590	0.015	10.448	0.94	1	0.94	1	5348	5823	5842	5904	6291	4640	6204	6333	4252	7313	4763	5390
PA14_29850	nuoN	0.033	5.576	0.94	1	0.88	1	195	219	163	191	161	212	226	238	118	237	121	246
PA14_30150	trmU	0.021	6.058	0.94	1	0.93	1	263	272	273	251	289	258	305	296	199	311	219	300
PA14_30790	PA14_30790	-0.01	6.046	0.94	1	0.96	1	267	258	268	253	277	269	310	281	195	313	210	313
PA14_30810	alkB1	0.003	4.789	0.94	1	1	1	116	97	115	101	101	126	135	106	84	125	76	146
PA14_31090	PA14_31090	-0.09	1.227	0.94	1	1	1	8	5	11	11	12	3	9	6	8	13	9	4
PA14_32640	PA14_32640	0.223	0.166	0.94	1	0.83	1	6	2	2	3	2	3	7	2	1	4	1	4
PA14_34230	PA14_34230	0.056	4.087	0.94	1	0.83	1	72	57	78	75	67	56	83	62	57	92	51	65
PA14_35170	soxR	0.01	6.057	0.94	1	0.95	1	299	229	279	274	243	282	346	249	203	339	184	327
PA14_36860	PA14_36860	0.028	4.018	0.94	1	0.91	1	60	65	68	61	43	84	70	71	50	76	32	97
PA14_37990	PA14_37990	0.22	0.397	0.94	1	1	1	3	5	2	2	3	3	4	5	1	3	2	4
PA14_38260	PA14_38260	0	7.78	0.94	1	1	1	1149	782	727	1033	871	755	1332	851	528	1279	659	877
PA14_40450	str	0.013	3.772	0.94	1	0.95	1	65	40	54	70	39	47	75	44	39	86	29	55
PA14_42530	pcr2	0.249	0.307	0.94	1	0.81	1	3	3	3	3	1	3	4	3	2	4	1	3
PA14_43140	PA14_43140	-0.018	3.331	0.94	1	0.96	1	42	39	33	45	32	39	49	42	24	55	24	45
PA14_43190	PA14_43190	0.023	5.615	0.94	1	0.92	1	202	209	180	199	193	190	234	227	131	247	146	221
PA14_43200	PA14_43200	-0.021	4.091	0.94	1	0.92	1	70	66	62	68	69	65	81	72	45	84	52	76
PA14_45510	PA14_45510	0.062	7.577	0.94	1	0.75	1	690	704	965	756	808	694	801	766	703	937	612	806
PA14_46980	PA14_46980	0.056	4.327	0.94	1	0.81	1	89	80	72	84	58	89	103	87	52	104	43	103
PA14_49420	PA14_49420	0.003	4.705	0.94	1	0.98	1	109	96	106	104	93	111	126	104	77	129	70	129
PA14_50420	flgH	-0.015	3.501	0.94	1	1	1	56	35	39	48	35	47	64	38	28	59	26	55
PA14_51250	yycJ	-0.013	7.076	0.94	1	0.94	1	499	610	514	561	563	515	579	663	374	695	426	598
PA14_51980	PA14_51980	-0.017	6.114	0.94	1	0.93	1	289	291	247	324	279	234	335	316	179	401	211	272
PA14_54700	yjcS	0.053	4.463	0.94	1	0.81	1	79	84	104	84	92	80	92	91	76	104	70	93
PA14_56670	PA14_56670	0.032	4.171	0.94	1	0.91	1	88	72	52	74	54	79	102	78	37	92	40	92
PA14_57040	PA14_57040	-0.015	5.408	0.94	1	0.95	1	144	178	184	165	200	147	167	194	134	204	152	171
PA14_57510	PA14_57510	0.001	5.868	0.94	1	1	1	234	236	231	245	221	235	272	257	168	303	167	273
PA14_58720	PA14_58720	0.034	8.354	0.94	1	0.88	1	1031	1406	1572	1309	1606	1001	1196	1529	1145	1621	1217	1163
PA14_59360	pilM2	-0.032	4.606	0.94	1	0.87	1	110	90	84	103	102	87	127	98	61	128	77	101
PA14_60280	fimU	0.022	6.694	0.94	1	0.92	1	354	497	407	431	441	367	411	540	296	534	334	427
PA14_60670	rtcA	0.038	2.569	0.94	1	1	1	26	20	22	20	30	18	30	22	16	25	23	21
PA14_61680	PA14_61680	0.059	3.01	0.94	1	0.86	1	36	28	30	32	27	32	42	31	22	40	20	37
PA14_63640	fadH2	-0.038	2.964	0.94	1	0.91	1	31	25	31	32	36	21	36	27	23	40	28	25
PA14_64620	PA14_64620	0.085	3.612	0.94	1	0.77	1	59	33	55	51	34	52	68	36	40	63	25	60
PA14_64790	vanK	0.069	2.923	0.94	1	0.9	1	48	19	21	38	19	27	55	21	15	46	14	32
PA14_66890	PA14_66890	-0.026	5.398	0.94	1	0.88	1	187	161	153	177	179	156	217	175	111	219	136	181
PA14_68430	fdhD	0.127	2.842	0.94	1	0.72	0.99	39	16	30	27	13	37	45	18	22	34	9	43
PA14_68640	PA14_68640	0.001	5.167	0.94	1	1	1	140	146	142	145	134	148	163	159	103	180	101	172
PA14_68890	PA14_68890	-0.009	4.226	0.94	1	0.98	1	75	85	59	89	59	71	87	92	42	110	44	83
PA14_69890	PA14_69890	0.034	2.54	0.94	1	1	1	33	17	13	24	19	20	38	19	9	30	14	23
PA14_69980	PA14_69980	-0.008	9.122	0.94	1	0.97	1	1936	2445	2352	2289	2496	1985	2246	2659	1712	2835	1890	2306
PA14_70510	PA14_70510	0.201	0.392	0.94	1	1	1	7	2	0	4	3	2	8	2	0	5	2	2
PA14_71410	PA14_71410	-0.032	3.863	0.94	1	0.92	1	43	62	64	46	73	53	50	67	47	58	56	62
PA14_71490	soxD	0.228	0.314	0.94	1	1	1	3	4	3	2	5	2	3	4	2	2	4	2
EBG00001225092	tRNA	-0.144	2.519	0.95	1	0.87	1	5	20	38	16	50	3	6	22	29	20	40	4
PA14_00090	glyS	0.028	5.909	0.95	1	0.89	1	262	213	253	246	249	219	304	232	184	304	189	255
PA14_00600	PA14_00600	-0.06	3.247	0.95	1	0.81	1	42	35	28	29	44	38	48	38	20	36	34	44
PA14_02450	PA14_02450	0.002	5.88	0.95	1	1	1	228	249	230	255	226	225	265	271	167	315	171	262
PA14_04870	PA14_04870	0.036	5.289	0.95	1	0.86	1	139	175	159	142	151	169	162	190	116	176	114	196
PA14_05310	gshB	0.001	6.298	0.95	1	1	1	296	342	312	308	311	330	343	372	227	382	235	383
PA14_08360	trpC	-0.011	5.845	0.95	1	0.96	1	206	239	243	219	261	213	239	260	177	272	198	248
PA14_09090	rpsK	0.039	6.113	0.95	1	0.83	1	278	308	259	277	236	309	323	335	188	343	178	359
PA14_10610	hpcD	-0.053	2.02	0.95	1	0.93	1	11	19	11	17	15	11	13	20	8	21	11	13
PA14_10660	hpaA	0.044	3.989	0.95	1	0.87	1	69	55	67	52	60	73	80	60	49	65	45	85
PA14_12410	thiD	0.028	6.082	0.95	1	0.9	1	329	275	217	327	220	258	381	299	157	404	166	300
PA14_12750	PA14_12750	-0.034	4.542	0.95	1	0.87	1	94	84	97	91	118	74	109	91	71	113	90	86
PA14_14250	PA14_14250	-0.017	5.764	0.95	1	0.92	1	201	240	206	208	233	214	233	261	150	258	177	249
PA14_14680	suhB	0.022	7.274	0.95	1	0.92	1	532	681	672	504	681	671	617	740	489	625	516	779
PA14_14910	PA14_14910	0.025	7.422	0.95	1	0.9	1	614	757	720	710	743	602	712	823	524	879	563	699
PA14_16460	wspD	-0.002	3.949	0.95	1	0.97	1	65	64	53	63	76	45	75	70	38	78	58	53
PA14_16550	PA14_16550	0.014	6.415	0.95	1	0.94	1	305	386	344	372	323	329	354	420	250	461	244	382
PA14_17600	PA14_17600	0.008	5.896	0.95	1	0.98	1	219	281	219	242	260	214	254	305	159	300	197	249
PA14_17900	metR	0.007	6.156	0.95	1	0.99	1	334	253	275	311	309	239	387	275	200	385	234	278
PA14_18610	argF	-0.006	4.682	0.95	1	1	1	106	102	95	78	86	140	123	111	69	97	65	162
PA14_20620	PA14_20620	-0.028	3.838	0.95	1	0.92	1	70	50	43	57	49	62	81	55	31	70	37	72
PA14_21130	PA14_21130	0.077	5.262	0.95	1	0.7	0.99	165	130	179	172	122	153	191	142	131	212	92	178
PA14_21710	PA14_21710	0.011	6.923	0.95	1	0.95	1	458	491	520	511	491	455	532	534	379	633	372	529
PA14_25140	PA14_25140	0.027	8.222	0.95	1	0.9	1	1028	1175	1448	1039	1432	1112	1193	1278	1055	1287	1085	1292
PA14_25280	nqrA	0.02	7.182	0.95	1	0.91	1	528	602	636	575	571	595	613	655	463	712	432	691
PA14_26210	hisP	-0.066	1.958	0.95	1	0.85	1	17	11	10	13	13	15	20	12	7	16	10	17
PA14_28450	eco	-0.023	7.245	0.95	1	0.91	1	715	588	513	538	568	740	829	640	373	667	430	859
PA14_28670	rpmI	0.01	9.088	0.95	1	0.96	1	2362	2393	1857	2421	1746	2402	2740	2603	1351	2998	1321	2790
PA14_29000	PA14_29000	0.02	5.409	0.95	1	0.94	1	186	153	174	174	182	152	216	167	127	215	138	177
PA14_32270	oprD3	0.047	6.905	0.95	1	0.81	1	498	456	515	395	430	596	578	496	375	490	325	692
PA14_32310	PA14_32310	0.018	7.1	0.95	1	0.93	1	469	590	608	544	645	458	544	642	443	674	489	532
PA14_33450	treA	-0.013	5.935	0.95	1	0.94	1	294	198	241	245	251	244	341	216	175	304	190	284
PA14_34140	PA14_34140	-0.045	3	0.95	1	0.87	1	25	38	25	29	35	27	29	41	18	36	27	32
PA14_37520	PA14_37520	0.34	-0.008	0.95	1	0.76	1	2	2	3	2	0	2	2	2	2	3	0	2
PA14_37550	PA14_37550	-0.194	0.304	0.95	1	0.84	1	4	4	2	1	5	5	5	4	1	2	4	6
PA14_38490	gnyL	-0.03	5.683	0.95	1	0.89	1	200	206	206	239	250	136	232	224	150	296	190	159
PA14_40100	PA14_40100	0.024	4.029	0.95	1	0.95	1	66	57	72	50	77	66	77	62	53	62	59	77
PA14_41000	nhaB	0.008	5.258	0.95	1	0.98	1	119	161	180	125	169	163	138	175	132	156	128	189
PA14_44200	PA14_44200	0.29	-0.047	0.95	1	0.63	0.98	1	3	5	3	1	2	1	3	4	4	1	2
PA14_44360	ccoP	0.048	5.471	0.95	1	0.87	1	133	167	241	165	233	125	155	182	177	205	178	146
PA14_44490	anr	0.02	8.865	0.95	1	0.92	1	1865	1655	2163	1686	2164	1754	2164	1800	1575	2089	1639	2037
PA14_45440	PA14_45440	-0.019	5.147	0.95	1	0.94	1	143	148	128	167	150	109	166	161	93	206	114	127
PA14_47550	PA14_47550	-0.031	8.465	0.95	1	0.87	1	1378	1461	1393	1465	1685	1176	1599	1589	1014	1815	1276	1366
PA14_50200	fleS	0.032	5.913	0.95	1	0.86	1	245	233	253	238	242	235	284	254	184	295	183	273
PA14_50270	fliD	0.003	9.321	0.95	1	0.99	1	2499	2689	2564	2722	2945	2072	2899	2924	1866	3371	2230	2407
PA14_50890	PA14_50890	0.009	4.17	0.95	1	0.95	1	78	64	73	82	59	71	90	70	53	101	44	83
PA14_51120	PA14_51120	0.088	1.778	0.95	1	0.92	1	16	9	14	15	12	9	18	10	10	18	9	11
PA14_52940	PA14_52940	-0.002	4.317	0.95	1	1	1	80	77	77	69	69	96	93	84	56	86	52	111
PA14_53070	hpd	-0.004	9.828	0.95	1	0.98	1	3684	3912	3397	4004	4084	2935	4273	4255	2472	4959	3092	3410
PA14_54680	PA14_54680	0.042	4.631	0.95	1	0.84	1	98	100	99	101	89	98	114	109	72	125	67	114
PA14_57200	PA14_57200	0.024	6.14	0.95	1	0.91	1	240	311	305	283	318	242	279	338	222	350	241	281
PA14_58740	PA14_58740	-0.012	4.17	0.95	1	0.98	1	61	78	71	59	74	79	71	85	52	74	56	92
PA14_59340	pilT2	0.007	4.765	0.95	1	0.97	1	92	113	122	114	113	97	107	123	89	141	86	113
PA14_63370	PA14_63370	-0.009	3.663	0.95	1	1	1	41	44	62	52	63	34	48	48	46	64	48	40
PA14_64690	PA14_64690	0.014	3.876	0.95	1	1	1	69	52	50	75	64	31	80	57	36	92	49	37
PA14_64880	braE	-0.013	2.914	0.95	1	1	1	28	30	28	38	24	25	33	33	20	46	18	29
PA14_66640	pilO	0.013	6.124	0.95	1	0.95	1	231	288	325	281	305	249	268	313	237	348	231	290
PA14_67550	PA14_67550	0.072	3.511	0.95	1	0.8	1	48	39	47	55	32	39	56	43	34	67	24	46
PA14_67790	PA14_67790	0	6.641	0.95	1	1	1	375	387	445	366	437	403	435	421	324	454	331	468
PA14_69700	PA14_69700	-0.005	5.928	0.95	1	0.99	1	294	207	231	244	228	263	340	225	168	302	172	305
PA14_71060	sdaB	-0.013	5.269	0.95	1	0.95	1	145	165	149	153	164	146	168	179	108	190	124	170
PA14_71200	PA14_71200	0.305	-0.168	0.95	1	0.8	1	1	2	5	1	3	3	1	2	4	1	2	3
PA14_72030	PA14_72030	0.014	3.569	0.95	1	1	1	60	40	36	48	49	40	69	44	26	59	37	47
PA14_72250	PA14_72250	0.03	7.092	0.95	1	0.87	1	627	545	491	568	463	598	727	593	357	703	350	694
PA14_00020	dnaN	0.007	7.94	0.96	1	0.97	1	940	983	1055	996	1165	802	1090	1069	768	1234	883	932
PA14_01930	pcaR	-0.008	4.937	0.96	1	0.97	1	141	100	122	128	152	86	163	109	89	158	116	101
PA14_03580	PA14_03580	0.048	4.711	0.96	1	0.84	1	119	104	91	112	72	118	138	113	66	139	54	137
PA14_05190	pilU	0.009	6.622	0.96	1	0.97	1	377	451	362	381	401	400	437	490	263	472	304	465
PA14_06290	glcB	0.003	9.445	0.96	1	0.99	1	2629	2740	3084	2731	3117	2585	3050	2980	2245	3383	2360	3003
PA14_06340	modR	-0.013	6.09	0.96	1	0.95	1	318	243	253	297	279	247	368	264	184	367	211	287
PA14_07130	tktA	0.004	6.873	0.96	1	0.99	1	430	509	477	462	476	475	499	554	347	572	360	552
PA14_08780	rpoC	0.025	9.686	0.96	1	0.9	1	2932	3675	3454	2999	3405	3485	3401	3997	2514	3715	2578	4048
PA14_09030	rpmD	-0.001	5.529	0.96	1	1	1	178	213	161	190	163	199	206	231	117	235	123	231
PA14_10250	acoB	-0.035	2.49	0.96	1	0.94	1	25	18	17	24	20	19	29	20	12	29	15	22
PA14_11470	pgpA	-0.014	4.577	0.96	1	0.94	1	93	98	90	89	98	97	108	106	65	110	74	113
PA14_12230	leuS	0.017	9.165	0.96	1	0.93	1	2164	2182	2648	2055	2691	2166	2511	2373	1928	2546	2038	2516
PA14_12810	PA14_12810	0.032	6.078	0.96	1	0.87	1	243	289	292	274	285	247	282	314	213	339	216	287
PA14_13000	PA14_13000	0.02	3.29	0.96	1	0.93	1	38	28	47	38	31	41	44	31	35	47	23	48
PA14_13110	PA14_13110	0.029	7.5	0.96	1	0.87	1	715	787	708	738	685	743	829	856	515	914	518	863
PA14_15435	PA14_15435	0.025	4.729	0.96	1	0.93	1	90	119	108	98	113	102	105	129	79	121	86	118
PA14_16610	PA14_16610	-0.013	3.685	0.96	1	0.97	1	52	43	53	51	55	44	60	47	39	63	42	51
PA14_16670	cadR	0.037	6.731	0.96	1	0.83	1	413	416	472	396	429	441	479	452	344	491	325	512
PA14_17400	adhC	0.02	6.887	0.96	1	0.92	1	431	479	531	454	546	422	500	521	387	563	414	490
PA14_17650	PA14_17650	-0.073	2.433	0.96	1	0.83	1	25	17	14	13	23	24	29	19	10	17	18	28
PA14_18360	prmF	0.053	4.646	0.96	1	0.86	1	125	69	108	81	53	156	144	75	79	101	39	180
PA14_19290	srmB	-0.005	6.123	0.96	1	0.98	1	248	309	282	274	300	269	288	336	205	339	227	313
PA14_20000	PA14_20000	-0.034	2.432	0.96	1	0.94	1	25	15	21	19	21	22	29	16	15	24	16	25
PA14_20320	phnD	0.063	2.302	0.96	1	0.87	1	21	17	17	17	14	21	24	18	12	21	10	24
PA14_21490	PA14_21490	0.042	10.312	0.96	1	0.84	1	4208	5201	6215	4672	5694	4813	4882	5657	4524	5787	4311	5591
PA14_23310	PA14_23310	0.026	6.774	0.96	1	0.88	1	398	458	479	445	412	452	462	498	349	551	312	525
PA14_23970	xcpQ	0.009	7.741	0.96	1	0.96	1	809	972	812	900	793	885	939	1057	591	1114	600	1028
PA14_24720	PA14_24720	-0.017	4.791	0.96	1	0.9	1	122	108	98	104	136	94	141	118	71	129	104	110
PA14_24780	PA14_24780	0.045	3.423	0.96	1	0.89	1	42	39	45	47	42	32	49	42	33	58	32	38
PA14_25180	psrA	-0.023	7.662	0.96	1	0.91	1	717	875	837	815	992	662	832	952	609	1010	752	769
PA14_25305	nqrB	0.007	6.094	0.96	1	0.98	1	226	328	269	283	270	266	263	356	196	351	204	309
PA14_26500	cobH	0.067	2.375	0.96	1	0.95	1	27	10	20	23	17	14	31	11	15	28	13	17
PA14_26540	PA14_26540	0.005	5.491	0.96	1	1	1	204	180	153	157	175	205	236	196	111	195	132	238
PA14_30830	PA14_30830	-0.001	8.539	0.96	1	0.99	1	1328	1581	1594	1552	1678	1277	1541	1719	1160	1922	1271	1484
PA14_33280	pvdL	0.017	8.608	0.96	1	0.93	1	1539	1717	1495	1690	1581	1426	1785	1867	1088	2093	1197	1656
PA14_36270	PA14_36270	0.03	7.51	0.96	1	0.87	1	747	710	768	744	734	702	867	772	559	921	556	815
PA14_38680	PA14_38680	0.001	7.433	0.96	1	1	1	768	651	668	750	673	664	891	708	486	929	509	771
PA14_41930	PA14_41930	-0.022	9.628	0.96	1	0.91	1	3225	3191	3097	3229	3603	2825	3741	3470	2254	4000	2728	3282
PA14_45680	flhA	0.01	6.396	0.96	1	0.96	1	309	349	360	346	345	320	359	380	262	428	261	372
PA14_49090	PA14_49090	0.081	2.787	0.96	1	0.81	1	26	23	34	34	23	20	30	25	25	41	17	24
PA14_49230	napD	0.003	6.178	0.96	1	0.99	1	316	348	206	328	196	344	366	378	149	406	147	399
PA14_51280	PA14_51280	0.01	4.832	0.96	1	0.96	1	115	108	117	115	105	117	133	118	85	142	79	136
PA14_52160	mazG	0.023	6.94	0.96	1	0.9	1	439	515	540	475	550	445	510	560	393	589	417	517
PA14_52400	kup	-0.007	7.382	0.96	1	0.97	1	557	771	686	589	735	698	646	838	499	730	557	811
PA14_54320	era	0.038	6.158	0.96	1	0.84	1	238	311	321	296	305	246	277	338	234	367	231	286
PA14_56240	pykA	0.032	6.697	0.96	1	0.85	1	435	419	411	433	386	418	504	456	299	536	292	485
PA14_56360	PA14_56360	0.011	4.602	0.96	1	1	1	95	112	80	102	99	86	110	122	58	126	75	100
PA14_57500	PA14_57500	0.014	6.672	0.96	1	0.93	1	375	428	434	411	403	409	435	465	316	509	305	475
PA14_59170	PA14_59170	0.026	8.407	0.96	1	0.89	1	1247	1543	1356	1342	1347	1384	1447	1678	987	1662	1020	1607
PA14_60410	PA14_60410	0.006	5.587	0.96	1	0.98	1	176	179	223	173	213	189	204	195	163	215	162	219
PA14_60870	morA	0.004	5.338	0.96	1	0.99	1	167	157	162	166	155	164	194	171	118	206	117	190
PA14_62720	rpsO	0.01	10.821	0.96	1	0.96	1	5975	9012	7003	6792	7669	7382	6932	9801	5096	8413	5806	8574
PA14_67630	PA14_67630	0.004	5.517	0.96	1	0.99	1	190	174	188	195	184	171	220	189	137	241	139	199
PA14_67640	PA14_67640	0.01	4.855	0.96	1	0.98	1	109	116	119	102	137	105	127	126	87	127	104	122
PA14_67930	hisB	-0.003	7.5	0.96	1	0.99	1	736	731	717	677	734	778	854	795	522	839	556	904
PA14_68400	ygaU	-0.004	11.662	0.96	1	0.98	1	11021	15027	13179	11655	15402	12282	12785	16343	9591	14437	11661	14266
PA14_70420	rph	0.011	6.41	0.96	1	0.96	1	330	350	348	361	385	275	383	381	253	447	292	320
PA14_01160	PA14_01160	0.01	9.545	0.97	1	0.96	1	2684	3032	3362	2834	3324	2859	3114	3298	2447	3510	2517	3321
PA14_02435	PA14_02435	-0.142	2.427	0.97	1	0.68	0.99	23	21	13	12	34	19	27	23	9	15	27	22
PA14_04650	pfpI	-0.016	6.932	0.97	1	0.93	1	582	429	453	486	502	494	675	467	329	602	380	574
PA14_04900	ftsY	0.011	7.469	0.97	1	0.95	1	672	693	784	724	764	644	780	754	571	897	579	748
PA14_07240	PA14_07240	-0.024	3.32	0.97	1	0.92	1	42	40	32	34	38	45	49	44	23	43	29	52
PA14_08190	PA14_08190	0.05	3.284	0.97	1	0.93	1	54	34	23	64	25	19	62	37	16	77	18	23
PA14_08950	rplN	0.024	7.592	0.97	1	0.9	1	644	892	816	720	732	859	747	970	594	892	554	998
PA14_11900	PA14_11900	0.016	6.351	0.97	1	0.94	1	347	287	355	329	365	284	402	312	259	408	277	330
PA14_12080	sltB1	-0.004	6.786	0.97	1	0.98	1	426	436	470	413	492	430	494	474	342	512	373	500
PA14_12670	PA14_12670	-0.001	5.345	0.97	1	0.99	1	171	181	132	177	165	144	198	197	95	219	125	167
PA14_12690	PA14_12690	0.015	4.55	0.97	1	0.94	1	88	101	90	102	80	93	102	110	65	126	60	108
PA14_13780	narG	0.049	3.606	0.97	1	0.84	1	54	45	44	54	36	47	62	49	32	66	27	55
PA14_15230	xseA	0.037	5.163	0.97	1	0.87	1	158	128	147	180	137	104	183	139	107	222	104	121
PA14_15740	purL	0.01	8.077	0.97	1	0.96	1	1079	1127	1073	1130	1157	971	1252	1226	781	1400	876	1128
PA14_15850	PA14_15850	0.058	6.192	0.97	1	0.74	1	288	309	301	330	232	298	334	336	219	408	175	346
PA14_16030	PA14_16030	0	5.686	0.97	1	1	1	196	227	193	207	229	181	228	247	140	257	174	211
PA14_16730	PA14_16730	0.035	4.879	0.97	1	0.86	1	96	115	147	122	118	108	112	125	108	151	89	126
PA14_17570	PA14_17570	0.021	7.229	0.97	1	0.91	1	574	617	635	608	640	551	666	671	462	753	485	640
PA14_19490	lsfA	0.026	7.523	0.97	1	0.88	1	736	767	742	774	725	706	854	834	540	958	549	820
PA14_19620	folX	0.032	5.747	0.97	1	0.86	1	222	221	212	218	193	227	257	240	154	270	146	264
PA14_20580	amiC	0.011	5.662	0.97	1	0.97	1	185	210	214	190	234	181	215	228	156	236	178	210
PA14_23990	xcpR	0.006	8.22	0.97	1	0.98	1	1280	1301	1031	1234	1132	1231	1485	1415	750	1529	857	1430
PA14_24180	PA14_24180	-0.002	6.304	0.97	1	0.99	1	300	335	317	337	340	277	348	364	231	417	258	322
PA14_25560	rne	0.015	10.883	0.97	1	0.94	1	6951	7601	8450	7079	8658	7029	8063	8267	6150	8769	6555	8164
PA14_27230	PA14_27230	0.033	5.154	0.97	1	0.87	1	145	134	154	140	141	140	168	146	112	174	107	163
PA14_28020	PA14_28020	0.128	1.421	0.97	1	0.76	1	14	4	12	9	4	13	16	4	9	11	3	15
PA14_28680	rplT	0.006	10.259	0.97	1	0.98	1	4253	5443	5181	5182	5330	4304	4934	5920	3771	6419	4035	5000
PA14_30540	PA14_30540	-0.028	1.673	0.97	1	1	1	9	8	15	11	9	11	11	9	11	14	7	13
PA14_33050	PA14_33050	0.009	3.902	0.97	1	0.98	1	48	48	81	58	74	43	56	52	60	72	57	50
PA14_34370	mtlk	-0.003	2.444	0.97	1	1	1	22	18	21	22	13	26	26	20	15	27	9	30
PA14_35570	pslN	-0.022	6.73	0.97	1	0.91	1	549	335	384	464	440	385	636	365	279	575	333	447
PA14_36230	glnP	-0.122	0.483	0.97	1	1	1	6	4	2	4	0	8	7	4	1	5	0	9
PA14_38850	exaB	0.288	3.2	0.97	1	0.73	0.99	8	10	101	9	27	67	10	11	78	12	20	76
PA14_41170	fabI	0.038	3.994	0.97	1	0.85	1	51	70	68	68	46	68	59	76	50	84	34	79
PA14_41440	uspA	0.013	8.398	0.97	1	0.94	1	1305	1413	1384	1402	1467	1196	1514	1537	1007	1736	1111	1390
PA14_41630	cmaX	-0.005	6.531	0.97	1	0.98	1	323	385	405	321	430	367	375	419	295	398	326	426
PA14_42720	masA	0.024	4.804	0.97	1	0.94	1	106	108	123	118	129	86	123	118	90	146	98	100
PA14_42770	PA14_42770	0.018	3.103	0.97	1	1	1	41	26	32	31	39	28	47	28	23	38	30	33
PA14_42910	PA14_42910	0.033	3.82	0.97	1	0.91	1	54	51	61	59	62	43	63	56	45	73	47	50
PA14_44280	ygdE	0.041	6.678	0.97	1	0.81	1	397	419	438	440	387	391	461	456	319	545	293	454
PA14_44450	fixS	-0.005	3.898	0.97	1	1	1	53	57	64	66	67	42	62	62	47	82	51	49
PA14_45030	ttuD	0.029	3.321	0.97	1	0.96	1	45	32	41	42	43	31	52	35	30	52	33	36
PA14_48620	PA14_48620	0.058	1.458	0.97	1	1	1	14	8	3	8	7	10	16	9	2	10	5	12
PA14_49340	pcpS	0.039	3.796	0.97	1	0.88	1	55	56	52	62	49	48	64	61	38	76	37	56
PA14_50280	flaG	0.01	7.944	0.97	1	0.97	1	945	961	1086	1110	1189	673	1096	1045	791	1374	901	782
PA14_50470	flgC	-0.023	2.937	0.97	1	1	1	25	29	31	24	35	28	29	32	23	30	27	33
PA14_50730	phaA	0.031	7.411	0.97	1	0.86	1	688	675	716	716	604	711	798	734	521	887	457	826
PA14_51800	ruvC	0.016	5.205	0.97	1	0.95	1	169	104	170	134	145	159	196	114	124	166	110	184
PA14_51810	yebC	0.008	7.755	0.97	1	0.97	1	804	903	912	762	884	958	933	982	664	944	669	1113
PA14_52770	aotM	0.034	3.559	0.97	1	0.93	1	46	53	42	43	41	53	53	57	30	53	31	61
PA14_53000	phhB	-0.004	7.101	0.97	1	0.99	1	488	569	599	547	640	473	566	619	436	678	485	550
PA14_53430	slyD	-0.008	10.322	0.97	1	0.97	1	4389	5394	5685	4825	6636	4095	5092	5866	4138	5977	5025	4757
PA14_53450	PA14_53450	0.025	7.228	0.97	1	0.9	1	507	616	703	528	691	575	589	670	512	655	524	668
PA14_54970	PA14_54970	0.005	4.505	0.97	1	0.98	1	94	92	83	75	73	119	109	100	60	93	55	138
PA14_55720	PA14_55720	-0.01	2.809	0.97	1	1	1	27	29	21	28	18	31	31	32	15	35	13	36
PA14_56140	PA14_56140	0.018	2.846	0.97	1	0.96	1	26	25	30	20	18	41	30	27	22	25	13	47
PA14_56340	mntH1	0.014	5.34	0.97	1	0.96	1	171	154	164	167	174	144	198	168	119	207	132	167
PA14_56840	PA14_56840	-0.015	5.029	0.97	1	0.96	1	151	131	103	137	117	137	175	143	74	169	88	159
PA14_60260	pilR	0.016	5.752	0.97	1	0.95	1	196	224	232	215	246	185	228	244	169	266	187	215
PA14_60290	pilW	0	6.182	0.97	1	1	1	238	362	274	281	327	267	276	393	199	348	248	310
PA14_61060	fnr-2	0.026	7.092	0.97	1	0.88	1	557	526	581	524	552	558	646	572	423	649	418	648
PA14_64335	ureD	-0.065	0.68	0.97	1	1	1	3	2	8	8	2	2	4	2	6	10	1	3
PA14_67260	PA14_67260	-0.028	4.435	0.97	1	0.9	1	97	79	79	93	99	69	112	86	57	115	75	81
PA14_68740	argA	0	6.085	0.97	1	1	1	284	294	237	286	246	283	329	320	172	354	186	329
PA14_70850	pstC	0.002	5.556	0.97	1	1	1	205	174	184	186	181	196	238	189	134	230	137	227
PA14_70930	PA14_70930	0.012	8.562	0.97	1	0.95	1	1496	1527	1570	1522	1640	1395	1736	1661	1143	1885	1242	1620
PA14_72980	PA14_72980	0.015	6.083	0.97	1	0.94	1	265	271	286	267	299	247	307	295	208	331	227	287
PA14_73190	glmR	-0.041	4.577	0.97	1	0.84	1	95	102	83	77	114	99	110	111	60	96	87	115
PA14_00750	PA14_00750	0.04	5.416	0.98	1	0.84	1	190	159	169	189	141	172	220	173	123	234	106	200
PA14_01130	PA14_01130	-0.015	3.142	0.98	1	1	1	37	35	27	39	29	32	43	38	19	48	22	37
PA14_01750	PA14_01750	0.031	7.334	0.98	1	0.86	1	694	624	651	674	595	658	805	679	474	835	450	764
PA14_03200	PA14_03200	0.022	5.177	0.98	1	0.91	1	136	146	154	135	152	143	158	159	112	167	115	166
PA14_06280	PA14_06280	0.002	3.966	0.98	1	1	1	51	62	71	56	70	58	59	67	52	69	53	67
PA14_06880	PA14_06880	0.062	3.301	0.98	1	0.8	1	34	39	42	43	30	36	40	42	31	53	22	42
PA14_09700	pqsL	0.02	4.909	0.98	1	0.95	1	150	120	91	132	88	135	173	131	65	163	66	157
PA14_12620	PA14_12620	0.006	5.277	0.98	1	0.99	1	186	160	117	162	107	192	215	174	84	200	80	222
PA14_12970	tauD	-0.061	1.638	0.98	1	0.92	1	18	7	7	10	11	13	20	8	5	13	8	15
PA14_13230	moaC	0.017	5.586	0.98	1	0.94	1	230	150	202	198	199	177	266	163	147	245	151	206
PA14_13350	PA14_13350	0.021	4.279	0.98	1	0.96	1	66	73	95	61	97	73	77	79	70	76	74	85
PA14_14490	PA14_14490	-0.042	4.698	0.98	1	0.83	1	108	102	92	91	128	95	125	111	67	113	98	110
PA14_16320	fkbP-1	0.017	4.76	0.98	1	0.93	1	115	100	111	97	94	130	133	109	81	120	71	151
PA14_16510	PA14_16510	-0.006	7.843	0.98	1	0.98	1	831	983	960	873	1049	864	964	1069	699	1081	795	1004
PA14_17230	rnhB	0.05	3.958	0.98	1	0.84	1	52	62	72	54	58	66	61	67	53	67	44	77
PA14_21060	PA14_21060	-0.013	5.596	0.98	1	0.95	1	231	172	175	218	197	169	268	187	127	270	149	197
PA14_21720	PA14_21720	0.013	5.333	0.98	1	0.95	1	195	128	164	166	147	168	226	139	119	206	111	195
PA14_21880	tsp	0.009	10.821	0.98	1	0.96	1	6875	8039	7070	7247	7454	7140	7975	8743	5145	8977	5643	8293
PA14_22080	PA14_22080	-0.018	9.949	0.98	1	0.94	1	3347	4280	4276	3774	5277	3000	3883	4655	3112	4675	3996	3485
PA14_22800	yciB	0.02	7.114	0.98	1	0.92	1	559	618	509	542	502	618	648	672	370	671	380	718
PA14_23260	gyrA	0.007	9.675	0.98	1	0.97	1	2870	3460	3595	3162	3843	2875	3329	3763	2617	3917	2910	3340
PA14_24730	PA14_24730	0.004	7.221	0.98	1	0.99	1	633	619	550	610	605	584	734	673	400	755	458	678
PA14_26560	PA14_26560	0.006	6.844	0.98	1	0.98	1	435	475	478	475	491	417	505	517	348	588	372	485
PA14_27890	PA14_27890	-0.082	0.709	0.98	1	1	1	6	4	5	8	4	3	7	4	4	10	3	4
PA14_29090	potF4	0.035	4.572	0.98	1	0.87	1	96	96	96	101	70	108	111	104	70	125	52	125
PA14_30010	nuoB	0.011	8.921	0.98	1	0.96	1	1762	1829	2303	1786	2272	1791	2044	1989	1677	2213	1721	2081
PA14_30390	PA14_30390	0.033	4.086	0.98	1	0.88	1	69	58	75	57	52	87	80	63	55	71	39	100
PA14_32470	PA14_32470	0.042	3.056	0.98	1	0.92	1	34	23	39	32	37	25	39	25	29	39	28	29
PA14_32770	PA14_32770	0.016	6.742	0.98	1	0.94	1	500	404	395	487	401	398	580	440	287	603	303	462
PA14_33540	PA14_33540	0.017	5.014	0.98	1	0.96	1	113	161	112	123	120	138	131	175	81	153	91	160
PA14_34260	metI-1	0.051	3.237	0.98	1	0.88	1	37	38	35	38	26	41	43	41	25	47	19	47
PA14_35190	pbpC	0.032	5.253	0.98	1	0.87	1	167	128	166	144	148	158	194	139	121	179	112	183
PA14_38210	PA14_38210	-0.053	5.595	0.98	1	0.8	1	234	195	137	222	214	155	271	212	99	274	162	180
PA14_42300	pscG	0.102	1.261	0.98	1	0.9	1	9	4	13	9	9	6	10	5	10	11	7	7
PA14_43830	panB	-0.01	3.914	0.98	1	0.97	1	69	52	53	56	56	64	80	57	38	70	42	74
PA14_44710	xdhA	0.011	6.304	0.98	1	0.96	1	268	373	315	321	314	312	311	405	229	397	238	363
PA14_45620	cheY	0.036	6.776	0.98	1	0.85	1	371	463	508	455	472	381	431	504	370	563	358	443
PA14_46450	aceK	0.01	8.059	0.98	1	0.96	1	994	1118	1128	986	1179	1052	1153	1216	821	1222	893	1222
PA14_46460	PA14_46460	-0.002	8.006	0.98	1	0.99	1	797	1242	1067	1033	1181	897	925	1350	777	1280	895	1042
PA14_46560	PA14_46560	0.004	2.304	0.98	1	1	1	19	11	24	16	16	21	22	12	18	20	12	24
PA14_47310	phnR	0.003	5.943	0.98	1	1	1	258	229	255	240	255	245	299	249	186	298	193	285
PA14_48390	yeaM	-0.011	2.975	0.98	1	1	1	25	30	34	31	35	24	29	33	25	38	27	28
PA14_50690	phaF	-0.01	3.402	0.98	1	1	1	37	43	41	40	43	39	43	47	30	50	33	45
PA14_50710	phaD	0.026	5.906	0.98	1	0.89	1	253	248	224	264	214	233	293	270	163	327	162	271
PA14_51910	PA14_51910	0.052	5.151	0.98	1	0.79	1	117	147	168	124	136	155	136	160	123	154	103	180
PA14_53800	mntH2	0.026	4.551	0.98	1	0.92	1	107	86	86	109	85	81	124	94	62	134	64	94
PA14_56930	PA14_56930	0.013	8.354	0.98	1	0.95	1	1308	1341	1329	1378	1376	1188	1517	1458	967	1707	1042	1380
PA14_63990	speA	0.017	7.096	0.98	1	0.92	1	535	592	533	551	544	546	621	644	388	683	412	634
PA14_67490	fbp	0.012	6.951	0.98	1	0.95	1	522	458	519	473	528	486	605	498	378	586	400	564
PA14_68490	PA14_68490	0.029	3.763	0.98	1	0.94	1	51	51	60	45	59	55	59	56	44	56	45	64
PA14_70120	PA14_70120	0.003	4.086	0.98	1	1	1	71	67	61	75	77	48	82	73	44	92	59	56
PA14_70450	rpoZ	0.03	9.135	0.98	1	0.87	1	2229	2187	2466	2168	2281	2292	2586	2379	1795	2685	1727	2662
PA14_71260	PA14_71260	-0.005	4.016	0.98	1	1	1	84	40	67	54	62	76	97	44	49	67	47	88
PA14_00070	PA14_00070	0.037	5.943	0.99	1	0.84	1	205	267	278	225	248	257	238	290	203	279	188	298
PA14_00630	PA14_00630	-0.026	6.218	0.99	1	0.92	1	193	412	282	299	371	235	225	448	205	370	282	273
PA14_03830	aguB	0.032	4.286	0.99	1	0.88	1	74	74	85	75	77	75	86	80	62	93	58	87
PA14_04550	glpQ	-0.051	2.256	0.99	1	0.95	1	28	11	10	15	14	23	32	12	7	19	10	26
PA14_07355	PA14_07355	0.16	4.862	0.99	1	0.63	0.98	66	104	197	83	96	150	77	113	146	104	72	173
PA14_07710	apaG	-0.012	7.01	0.99	1	0.95	1	630	494	426	556	486	522	730	537	309	688	368	606
PA14_07760	surA	0.017	6.965	0.99	1	0.92	1	509	517	491	482	460	556	591	562	357	597	348	646
PA14_09400	phzS	0.058	5.311	0.99	1	0.77	1	168	141	175	148	124	192	195	154	128	183	93	223
PA14_11480	PA14_11480	0.028	5.287	0.99	1	0.88	1	163	140	171	164	157	143	189	152	125	203	119	166
PA14_11490	PA14_11490	0.022	5.251	0.99	1	0.92	1	160	145	153	153	147	152	186	158	111	189	111	176
PA14_12100	dacC	-0.015	7.513	0.99	1	0.93	1	740	795	659	692	762	765	858	865	479	857	577	888
PA14_14060	PA14_14060	-0.013	5.76	0.99	1	0.94	1	234	205	210	203	240	213	271	223	153	252	182	248
PA14_14330	PA14_14330	-0.089	0.864	0.99	1	0.88	1	7	5	6	6	9	4	8	5	4	7	7	5
PA14_16480	wspF	0.013	6.388	0.99	1	0.95	1	311	322	381	321	391	292	361	350	278	398	297	340
PA14_17450	surE	0.03	5.751	0.99	1	0.87	1	222	207	224	198	200	241	258	225	163	245	151	280
PA14_19500	ssuA	0.077	1.242	0.99	1	1	1	7	9	6	5	7	10	8	10	4	6	5	11
PA14_21700	PA14_21700	0.004	7.194	0.99	1	0.99	1	631	627	513	572	520	674	732	682	373	709	393	783
PA14_21900	PA14_21900	-0.004	4.982	0.99	1	0.98	1	130	125	122	125	147	108	151	136	89	155	112	126
PA14_22320	PA14_22320	0.126	7.43	0.99	1	0.71	0.99	561	598	1018	411	464	1122	651	651	743	510	350	1301
PA14_22520	PA14_22520	-0.016	4.012	0.99	1	0.95	1	57	68	63	52	75	65	66	74	46	65	57	75
PA14_22840	ypuG	-0.015	4.899	0.99	1	0.94	1	115	129	109	129	133	96	133	140	79	159	101	112
PA14_24020	xcpT	0.001	5.87	0.99	1	1	1	202	257	243	234	262	206	235	279	177	290	199	239
PA14_25690	fabF1	0.02	7.828	0.99	1	0.91	1	976	931	858	943	820	964	1132	1013	624	1168	620	1119
PA14_25810	PA14_25810	0.009	5.921	0.99	1	0.97	1	246	258	228	254	244	230	285	280	166	314	185	267
PA14_26010	phaA	0.06	3.813	0.99	1	0.81	1	64	43	60	57	39	63	74	47	44	70	29	73
PA14_27460	tpm	0.027	5.282	0.99	1	0.89	1	162	152	155	148	140	171	188	165	113	184	106	198
PA14_27730	yafH	-0.002	8.717	0.99	1	0.99	1	1913	1663	1515	1819	1630	1651	2219	1809	1102	2253	1234	1918
PA14_29830	PA14_29830	-0.043	1.711	0.99	1	1	1	15	13	6	11	8	16	17	14	4	14	6	18
PA14_29890	nuoK	0.023	4.476	0.99	1	0.94	1	96	91	80	103	81	79	111	99	58	127	61	92
PA14_30990	PA14_30990	-0.009	4.598	0.99	1	0.96	1	97	100	88	106	104	78	112	109	64	131	79	91
PA14_33080	PA14_33080	0.007	4.814	0.99	1	1	1	131	112	93	133	91	111	152	122	67	164	68	129
PA14_33190	PA14_33190	0.019	3.868	0.99	1	0.94	1	60	51	60	69	52	47	69	56	44	85	39	55
PA14_34540	PA14_34540	0.062	3.425	0.99	1	0.79	1	40	37	50	39	32	48	46	40	37	48	24	56
PA14_35010	PA14_35010	0.107	1.18	0.99	1	0.89	1	11	5	6	9	2	8	12	5	4	11	1	9
PA14_36020	PA14_36020	0.029	4.695	0.99	1	0.9	1	117	89	104	84	90	130	135	97	76	104	68	150
PA14_36260	PA14_36260	0.044	4.561	0.99	1	0.84	1	82	79	125	90	96	89	95	86	92	111	73	104
PA14_37510	PA14_37510	0.057	1.212	0.99	1	1	1	12	5	3	6	7	8	14	6	2	8	5	9
PA14_39000	PA14_39000	0.088	3.384	0.99	1	0.78	1	27	30	68	33	38	46	32	33	51	41	29	53
PA14_39150	acpD	0.025	2.918	0.99	1	1	1	27	32	26	23	30	31	31	35	19	29	23	36
PA14_39210	nadR	-0.01	2.288	0.99	1	1	1	21	15	17	23	14	15	24	16	12	28	10	18
PA14_39870	apaH	0.035	4.765	0.99	1	0.86	1	116	94	118	120	103	95	134	102	86	148	78	111
PA14_42010	PA14_42010	0.003	7.581	0.99	1	0.99	1	789	794	733	819	770	723	915	864	533	1014	583	840
PA14_43150	PA14_43150	0.011	4.664	0.99	1	0.98	1	99	109	95	103	104	95	115	119	69	128	79	110
PA14_47800	btuB	0.073	5.48	0.99	1	0.72	0.99	137	193	219	192	155	173	160	210	160	237	117	201
PA14_49960	PA14_49960	0.037	5.779	0.99	1	0.85	1	240	203	224	211	174	264	278	221	163	261	131	306
PA14_50740	PA14_50740	0.019	9.397	0.99	1	0.92	1	2908	2592	2717	2688	2588	2833	3373	2819	1977	3329	1959	3290
PA14_51070	opdD	0.053	4.025	0.99	1	0.81	1	54	55	87	58	68	61	63	60	64	72	52	71
PA14_51190	PA14_51190	-0.015	4.332	0.99	1	0.94	1	102	77	58	89	81	71	118	84	41	110	61	83
PA14_52610	PA14_52610	-0.025	4.784	0.99	1	0.9	1	119	119	88	118	116	99	138	129	63	146	88	115
PA14_52810	dctM	-0.018	4.628	0.99	1	0.93	1	100	96	95	81	113	102	116	104	69	101	86	118
PA14_52870	PA14_52870	0.079	1.212	0.99	1	1	1	8	6	11	11	11	1	9	7	8	13	9	2
PA14_53670	PA14_53670	0.02	9.224	0.99	1	0.93	1	1887	2667	2739	2364	2751	2079	2189	2901	1994	2928	2083	2415
PA14_55980	yjgR	-0.007	6.227	0.99	1	0.97	1	297	291	314	327	371	209	344	316	229	405	282	243
PA14_62560	pcnB	0.031	7.144	0.99	1	0.86	1	579	577	569	568	505	614	672	628	414	704	382	713
PA14_63780	PA14_63780	-0.064	1.729	0.99	1	0.93	1	19	5	7	15	11	8	22	6	5	18	8	10
PA14_65420	PA14_65420	-0.012	6.131	0.99	1	0.95	1	299	291	248	261	283	302	347	316	180	324	214	351
PA14_65720	PA14_65720	0.02	5.746	0.99	1	0.93	1	237	225	185	223	178	238	275	245	134	276	134	276
PA14_65920	PA14_65920	-0.031	1.899	0.99	1	1	1	15	7	16	13	17	9	17	8	12	16	13	11
PA14_69540	PA14_69540	-0.037	2.217	0.99	1	0.94	1	24	17	10	25	15	13	27	18	7	30	11	15
PA14_70220	PA14_70220	0.01	2.869	0.99	1	1	1	43	21	17	28	22	31	49	23	12	35	16	36
PA14_70860	PA14_70860	0.003	6.192	0.99	1	1	1	239	301	344	278	379	226	278	327	251	344	288	263
PA14_73100	PA14_73100	-0.014	2.962	0.99	1	0.96	1	37	23	26	30	40	19	43	25	19	37	31	22
EBG00001225062	tRNA	-0.062	0.361	1	1	1	1	2	5	3	2	3	4	2	5	2	3	2	5
EBG00001225112	tRNA	0.106	0.159	1	1	1	1	2	2	4	3	0	3	2	2	3	4	0	3
EBG00001225137	LSU_rRNA_bacteria	0.081	-0.416	1	1	1	1	1	3	1	2	1	2	1	3	1	2	1	2
EBG00001225153	tRNA	-0.015	2.831	1	1	0.96	1	24	31	26	28	37	18	28	34	19	35	29	21
EBG00001225157	tRNA	0.07	0.638	1	1	1	1	2	7	2	3	4	4	3	8	1	4	3	5
PA14_00190	fmt	0.045	2.608	1	1	0.9	1	29	15	25	25	16	24	33	17	18	31	12	28
PA14_00620	PA14_00620	0.038	2.238	1	1	0.93	1	21	14	19	19	16	17	24	15	14	23	12	20
PA14_02130	PA14_02130	-0.007	2.191	1	1	1	1	16	16	16	14	18	16	19	17	12	18	14	19
PA14_02330	atsC	0.069	0.476	1	1	1	1	6	5	2	4	4	4	7	5	1	5	3	5
PA14_02390	PA14_02390	0.021	3.754	1	1	0.94	1	52	45	63	44	55	57	60	49	46	55	42	66
PA14_02690	PA14_02690	0.02	2.533	1	1	1	1	22	22	19	20	19	24	26	24	14	25	14	28
PA14_03210	PA14_03210	0.039	2.383	1	1	0.94	1	16	22	22	18	21	19	19	24	16	23	16	22
PA14_03855	PA14_03855	0.016	4.334	1	1	0.95	1	86	72	81	77	77	82	100	78	59	96	58	95
PA14_04590	PA14_04590	-0.011	5.582	1	1	0.96	1	222	158	191	181	216	180	257	172	139	224	164	209
PA14_05020	PA14_05020	-0.045	3.197	1	1	0.86	1	48	32	24	36	46	27	55	35	17	45	35	32
PA14_06130	PA14_06130	0.025	5.041	1	1	0.93	1	173	119	104	154	87	148	200	130	75	190	65	172
PA14_06680	nirH	-0.165	-0.058	1	1	1	1	2	2	1	2	1	3	2	2	1	2	1	3
PA14_07340	PA14_07340	0.049	2.357	1	1	0.89	1	18	20	21	26	11	18	21	22	15	32	8	21
PA14_08480	argC	0.023	6.248	1	1	0.9	1	297	291	333	312	310	285	345	317	243	386	235	331
PA14_09550	PA14_09550	-0.017	5.67	1	1	0.92	1	226	213	166	203	210	202	262	232	120	251	159	235
PA14_09910	lysR	0.025	4.151	1	1	0.92	1	73	67	73	76	68	65	85	73	53	94	51	76
PA14_10120	PA14_10120	-0.002	5.22	1	1	0.99	1	158	150	136	158	151	138	183	163	99	195	114	160
PA14_10300	PA14_10300	0.017	3.238	1	1	1	1	40	30	38	36	38	33	46	33	28	44	29	39
PA14_10440	opdL	-0.035	2.798	1	1	0.92	1	26	38	11	26	24	28	30	41	7	32	18	32
PA14_10900	ydjL	-0.181	-0.342	1	1	1	1	3	2	0	2	3	2	3	2	0	2	2	2
PA14_10920	dad	0.038	1.171	1	1	1	1	7	8	8	11	6	6	8	9	6	13	4	7
PA14_11110	cupB6	0.046	3.131	1	1	0.87	1	26	38	37	34	29	34	31	41	27	42	22	39
PA14_11150	PA14_11150	0.042	2.182	1	1	0.93	1	17	16	17	14	11	23	20	17	12	17	8	26
PA14_11210	PA14_11210	0.005	3.545	1	1	1	1	47	44	44	53	44	38	54	48	32	65	33	44
PA14_11600	PA14_11600	0.031	2.513	1	1	0.89	1	21	23	22	30	14	20	24	25	16	36	10	23
PA14_12390	hemL	0.011	6.005	1	1	0.96	1	260	238	276	241	280	248	302	259	201	299	212	288
PA14_15070	oprC	0.011	5.293	1	1	0.97	1	146	165	161	180	171	116	169	179	117	223	130	135
PA14_15250	PA14_15250	0.079	0.883	1	1	1	1	5	6	4	5	5	5	6	7	3	6	4	6
PA14_15590	PA14_15590	0.023	8.526	1	1	0.9	1	1255	1622	1622	1435	1553	1440	1456	1764	1181	1777	1176	1673
PA14_15630	PA14_15630	-0.003	6.2	1	1	0.98	1	299	303	283	276	313	300	347	329	206	342	237	348
PA14_15810	glmS	-0.029	1.388	1	1	1	1	9	6	9	8	9	8	10	7	7	10	7	9
PA14_17690	PA14_17690	0.012	7.087	1	1	0.95	1	515	607	525	522	526	586	598	660	382	647	398	680
PA14_18010	glpK	-0.005	4.546	1	1	0.98	1	102	86	90	99	101	79	118	94	65	123	77	92
PA14_18060	PA14_18060	-0.037	3.004	1	1	0.87	1	40	30	20	31	32	32	46	33	14	38	24	37
PA14_18760	mexE	0.024	1.922	1	1	1	1	17	12	10	13	7	18	20	13	7	16	5	21
PA14_18900	rnfG	-0.011	1.518	1	1	1	1	7	12	10	13	10	5	8	13	7	16	8	6
PA14_18930	rnfB	0.017	2.495	1	1	1	1	27	16	21	25	21	17	31	18	15	31	16	20
PA14_19330	PA14_19330	0.008	2.395	1	1	1	1	24	19	13	10	11	35	28	21	9	13	8	40
PA14_19400	PA14_19400	-0.017	3.119	1	1	0.96	1	44	27	28	36	39	26	51	30	20	45	30	31
PA14_19540	ssuA	-0.009	3.857	1	1	0.97	1	60	51	58	55	68	48	69	56	42	68	52	56
PA14_19570	ssuC	0.029	1.845	1	1	1	1	18	11	7	11	11	14	20	12	5	14	8	16
PA14_19830	PA14_19830	0.016	4.022	1	1	0.97	1	70	61	61	70	62	58	81	66	44	86	47	67
PA14_20170	nosY	-0.125	0.11	1	1	1	1	1	3	3	3	3	1	1	3	2	4	2	1
PA14_20420	phnL	-0.078	0.402	1	1	1	1	4	2	3	4	5	1	5	2	2	5	4	1
PA14_20550	PA14_20550	0.005	2.473	1	1	1	1	20	20	21	20	25	16	23	22	15	25	19	19
PA14_21180	PA14_21180	0.026	4.161	1	1	0.92	1	72	70	70	66	62	79	84	76	51	82	47	92
PA14_21310	phaJ1	0.024	5.525	1	1	0.92	1	242	163	149	215	129	200	280	177	108	266	97	232
PA14_22600	grtA	0.014	3.713	1	1	0.97	1	57	47	48	48	40	61	66	51	35	60	30	71
PA14_22700	ykgJ	0.007	2.267	1	1	1	1	15	18	19	19	18	15	17	20	14	23	14	17
PA14_23110	yciL	0.012	6.989	1	1	0.95	1	423	575	542	510	558	459	491	625	395	632	423	533
PA14_23580	PA14_23580	0.027	2.45	1	1	0.95	1	13	19	29	14	20	25	15	21	22	18	15	29
PA14_24400	PA14_24400	0.02	2.223	1	1	0.94	1	22	13	15	19	10	20	25	14	11	23	7	23
PA14_25920	cobM	-0.004	2.805	1	1	1	1	29	27	24	25	24	31	34	29	17	31	18	36
PA14_25930	PA14_25930	0.146	0.94	1	1	0.89	1	6	5	7	2	0	13	7	5	5	3	0	14
PA14_26230	hisQ	-0.086	0.395	1	1	1	1	5	3	0	1	3	5	6	3	0	2	2	6
PA14_26310	PA14_26310	0.001	2.195	1	1	1	1	16	21	10	15	18	15	19	23	7	19	14	18
PA14_27700	PA14_27700	-0.01	2.402	1	1	1	1	22	18	17	22	16	19	25	20	12	27	12	22
PA14_28840	PA14_28840	0.021	8.363	1	1	0.92	1	1040	1492	1482	1323	1463	1170	1207	1622	1079	1639	1108	1359
PA14_29050	PA14_29050	0.027	4.008	1	1	0.89	1	63	60	68	63	56	67	73	65	50	78	42	78
PA14_29220	opdB	-0.005	3.817	1	1	1	1	48	67	47	47	59	59	56	73	34	58	45	68
PA14_29520	hplU	-0.041	1.25	1	1	1	1	7	11	6	7	9	9	8	12	4	9	7	10
PA14_30870	trbF	-0.104	0.316	1	1	1	1	3	3	3	1	6	2	3	3	2	2	5	2
PA14_31010	PA14_31010	0.005	8.209	1	1	0.98	1	1070	1265	1252	1145	1318	1111	1241	1376	911	1418	998	1291
PA14_31130	PA14_31130	0.065	2.892	1	1	0.78	1	25	25	36	27	19	35	29	27	27	33	14	40
PA14_31460	PA14_31460	0.015	5.277	1	1	0.96	1	156	139	174	135	167	161	181	151	127	168	127	187
PA14_31950	cztS	0.046	2.611	1	1	0.91	1	31	13	25	23	13	30	35	14	18	28	9	34
PA14_32420	PA14_32420	-0.005	7.975	1	1	0.98	1	1152	947	938	1038	1028	981	1336	1030	682	1286	778	1140
PA14_32650	PA14_32650	0.093	0.809	1	1	0.86	1	6	6	3	8	2	4	7	6	2	9	1	5
PA14_32890	PA14_32890	0.038	2.567	1	1	0.94	1	18	24	24	20	18	26	21	26	18	25	13	30
PA14_33750	opmQ	-0.007	2.097	1	1	1	1	14	18	16	12	17	19	16	19	12	15	13	22
PA14_33970	PA14_33970	0.01	3.145	1	1	1	1	30	41	29	26	37	37	35	44	21	33	28	43
PA14_34010	PA14_34010	0.005	2.3	1	1	1	1	26	14	13	25	18	10	30	15	9	30	14	12
PA14_34170	PA14_34170	0.013	2.094	1	1	1	1	16	15	14	19	9	16	19	16	10	23	6	19
PA14_34410	mtlF	-0.01	2.372	1	1	0.95	1	27	18	9	25	19	12	31	20	6	31	14	14
PA14_34710	PA14_34710	-0.004	0.88	1	1	1	1	7	3	5	8	5	2	8	3	4	10	4	2
PA14_35930	PA14_35930	0.15	0.807	1	1	0.78	1	2	4	13	7	5	4	3	4	10	8	4	5
PA14_35940	PA14_35940	0.027	3.096	1	1	0.96	1	32	28	38	31	37	29	37	31	28	38	28	34
PA14_36190	PA14_36190	0.007	3.31	1	1	1	1	41	34	40	28	38	48	47	37	29	35	29	55
PA14_36890	PA14_36890	0.065	1.361	1	1	0.9	1	10	5	11	12	4	7	11	6	8	15	3	8
PA14_37080	PA14_37080	-0.016	2.294	1	1	0.94	1	23	18	13	20	21	14	26	20	9	25	16	17
PA14_37210	PA14_37210	0.071	0.963	1	1	1	1	10	6	3	7	5	6	11	7	2	9	4	7
PA14_37380	PA14_37380	-0.002	4.894	1	1	1	1	111	118	127	119	139	99	129	128	93	148	106	115
PA14_37410	PA14_37410	-0.002	3.041	1	1	1	1	40	30	24	34	29	32	46	33	17	42	22	37
PA14_37460	PA14_37460	0.03	1.216	1	1	1	1	9	7	8	12	8	4	10	8	6	14	6	5
PA14_38610	PA14_38610	0.028	4.667	1	1	0.91	1	100	107	98	111	88	99	116	116	71	137	66	115
PA14_38710	PA14_38710	-0.01	5.592	1	1	0.96	1	217	196	164	212	194	176	251	213	119	262	147	205
PA14_38950	PA14_38950	0	1.732	1	1	1	1	16	7	10	13	9	10	18	8	7	16	7	12
PA14_39220	PA14_39220	0.029	1.727	1	1	1	1	15	12	6	14	9	9	17	13	4	17	7	11
PA14_39240	PA14_39240	0.032	2.443	1	1	0.94	1	18	17	26	14	19	26	21	19	19	18	14	30
PA14_39460	PA14_39460	-0.006	5.27	1	1	0.97	1	153	163	143	156	170	137	177	177	104	193	129	159
PA14_39850	PA14_39850	0.091	0.842	1	1	1	1	7	4	4	8	3	3	8	4	3	9	2	4
PA14_40540	PA14_40540	0.094	0.705	1	1	1	1	5	6	4	8	3	3	6	7	3	10	2	4
PA14_40820	PA14_40820	0.01	2.706	1	1	1	1	27	21	25	23	23	26	31	23	18	29	17	30
PA14_42320	pscE	-0.162	-0.012	1	1	1	1	1	4	0	2	0	4	1	4	0	2	0	4
PA14_43400	kdpA	0.018	1.773	1	1	1	1	21	10	5	10	7	18	24	11	3	13	5	21
PA14_43660	PA14_43660	0.059	3.468	1	1	0.86	1	50	45	34	61	22	40	58	49	24	75	16	46
PA14_43820	PA14_43820	0.009	3.606	1	1	1	1	54	42	47	50	50	43	63	46	34	62	38	50
PA14_46530	PA14_46530	0.033	5.149	1	1	0.89	1	99	160	169	134	157	128	116	174	124	166	119	149
PA14_46760	PA14_46760	0.008	2.738	1	1	1	1	25	27	22	28	24	21	29	29	16	35	18	25
PA14_46800	PA14_46800	0.089	0.483	1	1	1	1	3	3	4	4	3	3	4	3	3	5	2	3
PA14_46830	PA14_46830	0.029	5.03	1	1	0.91	1	153	122	117	150	99	135	177	133	85	185	74	157
PA14_47070	PA14_47070	-0.07	0.909	1	1	1	1	9	4	6	7	7	5	10	4	4	9	5	6
PA14_47560	PA14_47560	-0.032	1.833	1	1	0.92	1	18	11	6	12	14	10	20	12	4	15	11	12
PA14_47660	cobC	-0.013	1.943	1	1	1	1	10	18	11	17	11	11	12	19	8	21	8	13
PA14_47680	cobP	-0.007	1.615	1	1	1	1	10	9	11	14	12	5	12	10	8	17	9	6
PA14_47900	PA14_47900	-0.015	0.75	1	1	1	1	4	4	5	4	4	5	5	4	4	5	3	6
PA14_47940	PA14_47940	0.08	1.083	1	1	1	1	8	8	3	8	4	6	9	9	2	10	3	7
PA14_47950	PA14_47950	-0.158	-0.068	1	1	0.81	1	4	3	0	2	6	1	4	3	0	2	5	1
PA14_48100	aprE	0.021	4.284	1	1	0.93	1	71	69	93	64	87	78	82	75	68	80	66	90
PA14_48240	PA14_48240	0.075	-0.119	1	1	1	1	4	3	0	4	1	1	4	3	0	5	1	1
PA14_48630	PA14_48630	0.01	3.116	1	1	1	1	26	42	33	35	37	29	31	45	24	43	28	34
PA14_48750	PA14_48750	0.044	1.532	1	1	1	1	10	9	10	10	7	11	12	10	7	12	5	13
PA14_49800	gsp69	-0.028	6.015	1	1	0.9	1	249	257	264	275	346	165	289	280	192	341	263	193
PA14_50840	PA14_50840	0.018	6.414	1	1	0.92	1	321	349	362	329	349	342	373	380	264	408	264	397
PA14_52320	PA14_52320	-0.046	1.247	1	1	1	1	7	10	7	5	10	10	8	11	5	6	8	12
PA14_53220	fumC2	0.019	6.207	1	1	0.94	1	336	318	238	340	231	310	390	346	172	420	174	360
PA14_53370	plcR	-0.053	2.58	1	1	0.87	1	31	25	9	17	25	27	36	27	6	22	19	31
PA14_53830	PA14_53830	-0.011	4.585	1	1	0.97	1	96	90	100	109	118	61	111	98	73	135	90	72
PA14_53860	PA14_53860	0.005	4.686	1	1	1	1	101	96	110	119	117	69	117	104	80	147	89	81
PA14_54220	icp	0.04	2.12	1	1	0.94	1	17	17	14	14	10	23	20	19	10	18	7	26
PA14_55460	hxcZ	0.107	0.269	1	1	1	1	2	1	6	2	3	3	2	1	5	3	2	3
PA14_55710	PA14_55710	0.037	5.484	1	1	0.85	1	205	164	175	216	147	166	238	179	127	267	111	193
PA14_56990	PA14_56990	-0.016	5.082	1	1	0.93	1	140	144	117	128	148	132	162	156	85	159	112	153
PA14_57060	PA14_57060	-0.011	7.622	1	1	0.95	1	745	801	827	687	936	770	864	871	602	851	709	895
PA14_58210	PA14_58210	0.012	1.327	1	1	1	1	12	7	3	10	6	8	14	8	2	12	4	9
PA14_58930	PA14_58930	-0.008	1.363	1	1	1	1	9	12	3	7	10	8	10	13	2	9	8	9
PA14_59060	PA14_59060	0.108	0.012	1	1	0.81	1	1	3	5	3	1	3	1	3	4	4	1	3
PA14_59280	pilP2	0.113	0.74	1	1	0.87	1	8	2	4	7	0	5	9	2	3	8	0	6
PA14_59900	PA14_59900	0.009	2.792	1	1	1	1	20	31	26	28	29	21	24	34	19	34	22	25
PA14_59950	PA14_59950	0.099	1.17	1	1	0.89	1	4	9	8	8	5	6	5	10	6	10	4	7
PA14_60620	PA14_60620	0.001	10.367	1	1	0.99	1	5197	5583	5231	4856	5500	5641	6029	6072	3807	6015	4164	6552
PA14_61700	prfA	0.031	3.942	1	1	0.91	1	57	58	67	51	58	67	66	63	49	64	44	78
PA14_61870	PA14_61870	-0.002	6.432	1	1	0.99	1	412	357	268	409	302	329	478	388	194	506	228	382
PA14_62010	hitB	0.03	3.693	1	1	0.95	1	60	52	41	41	30	78	69	57	29	51	22	90
PA14_62280	phuV	0.019	3.634	1	1	0.97	1	42	49	57	48	56	42	49	53	42	59	43	49
PA14_62430	PA14_62430	0.011	5.056	1	1	0.95	1	128	135	137	118	133	147	149	147	100	146	101	170
PA14_63150	pmrA	0.032	3.021	1	1	0.91	1	34	30	28	37	19	33	39	33	20	45	14	38
PA14_63480	PA14_63480	0.038	3.519	1	1	0.91	1	57	38	38	52	26	50	66	41	27	64	19	58
PA14_63620	lipC	-0.056	2.915	1	1	0.83	1	32	31	19	29	38	20	37	34	13	36	29	24
PA14_64120	PA14_64120	-0.033	2.031	1	1	0.93	1	22	10	10	16	15	13	25	11	7	20	11	15
PA14_65990	qacH	-0.115	-0.205	1	1	1	1	1	4	1	3	0	3	1	4	1	4	0	3
PA14_66270	glnE	-0.004	8.457	1	1	0.98	1	1349	1453	1445	1295	1586	1380	1565	1580	1052	1605	1201	1603
PA14_66350	PA14_66350	0.019	4.566	1	1	0.94	1	105	92	87	102	80	98	122	100	63	126	60	114
PA14_67030	PA14_67030	0.039	3.209	1	1	0.89	1	34	43	32	34	25	47	39	47	23	42	18	54
PA14_68500	attL	0.034	4.022	1	1	0.88	1	73	58	61	83	46	58	85	63	44	102	34	67
PA14_70790	PA14_70790	0.027	7.936	1	1	0.88	1	953	999	1036	985	954	994	1106	1087	754	1220	722	1154
PA14_71150	PA14_71150	-0.031	0.641	1	1	1	1	4	5	3	7	4	2	5	5	2	8	3	2
PA14_71400	PA14_71400	-0.028	2.243	1	1	0.95	1	28	17	5	26	11	15	32	19	3	31	8	18
PA14_71470	soxB	-0.008	2.733	1	1	1	1	25	30	17	28	25	20	29	33	12	35	19	24
PA14_71510	soxG	0.067	1.655	1	1	0.92	1	5	16	15	10	11	12	6	17	11	13	8	14
PA14_71700	PA14_71700	-0.048	1.93	1	1	0.93	1	17	11	13	8	18	17	20	12	9	10	14	20
PA14_72140	PA14_72140	0.033	2.174	1	1	0.87	1	15	12	21	14	11	21	18	13	16	18	8	24
PA14_72180	PA14_72180	-0.008	1.708	1	1	1	1	14	12	6	9	7	17	16	13	4	11	5	19
PA14_72700	PA14_72700	0.027	1.129	1	1	1	1	5	8	9	5	8	9	6	9	7	7	6	10
