id	gene_symbol	log_FC	log_CPM	deseq.p-value	deseq.adj.pvalue	edger.p.value	edger.adj.p.value	X3225P4.norm	X3225P5.norm	X3225P6.norm	WTP4.norm	WTP5.norm	WTP6.norm	X3225P4.raw	X3225P5.raw	X3225P6.raw	WTP4.raw	WTP5.raw	WTP6.raw
PA14_22470	PA14_22470	3.617	8.868	8.1e-137	4.9e-133	2.6e-133	3.9e-130	4282	4107	3759	366	320	304	3233	3852	4993	412	266	345
PA14_22450	ppiA	3.982	8.107	3.3e-127	9.8e-124	3.7e-144	7.5e-141	2642	2459	2194	161	141	159	1995	2306	2915	181	117	180
PA14_48650	yhhW	4.158	6.57	3.3e-122	6.5e-119	8.7e-158	5.2e-154	830	862	839	45	46	50	626	809	1114	51	38	57
PA14_27070	PA14_27070	3.031	9.574	1.2e-106	1.8e-103	3.1e-103	3.1e-100	6717	6199	6170	718	757	858	5071	5814	8194	811	629	973
PA14_22460	PA14_22460	4.044	8.45	2e-102	2.4e-99	6e-145	1.8e-141	2968	3442	2854	171	202	190	2240	3229	3791	193	168	215
PA14_22440	bapA	3.418	9.879	3e-94	3e-91	4.7e-111	5.6e-108	8373	8654	7178	709	704	852	6321	8117	9534	800	584	966
PA14_10490	PA14_10490	-1.867	6.39	4.1e-34	3.5e-31	9.5e-38	7.1e-35	202	144	158	584	607	641	154	135	210	659	504	727
PA14_22280	PA14_22280	1.821	5.435	4.5e-26	3.4e-23	1.4e-34	8.3e-32	322	298	321	80	106	82	243	279	426	90	89	93
PA14_22420	PA14_22420	2.314	4.291	1.8e-24	1.2e-21	1.1e-35	7.2e-33	160	159	133	28	27	35	121	149	177	32	22	39
PA14_27390	PA14_27390	1.637	5.128	8.7e-20	5.2e-17	4.9e-27	2.7e-24	222	260	253	71	79	87	167	244	336	80	66	98
PA14_10500	ccoN	-1.62	7.419	3.7e-19	2e-16	3.9e-17	1.6e-14	527	271	377	1167	1126	1320	401	254	501	1317	935	1497
PA14_40380	PA14_40380	-4.116	5.211	5e-16	2.5e-13	8.5e-62	7.3e-59	23	19	14	272	273	421	18	18	19	308	226	476
PA14_05510	yceI	1.283	8.879	7.9e-14	3.6e-11	1.6e-19	8.1e-17	3115	2685	3573	1250	1270	1332	2351	2518	4743	1411	1055	1511
PA14_28500	PA14_28500	-1.073	7.93	3.3e-13	1.4e-10	2.2e-10	5e-08	927	722	556	1468	1528	1639	702	677	741	1657	1269	1859
PA14_18100	PA14_18100	-1.079	7.093	4e-11	1.6e-08	2e-12	6e-10	495	366	368	774	852	966	375	343	490	874	708	1095
PA14_22490	acpD	1.606	3.69	8e-11	3e-08	2.9e-15	1.1e-12	83	77	102	31	27	28	62	72	134	35	22	32
PA14_34540	PA14_34540	-1.512	4.899	9e-11	3.2e-08	7.9e-19	3.6e-16	70	65	77	180	185	243	53	61	102	204	153	275
PA14_10530	PA14_10530	-1.219	8.724	2e-10	6.6e-08	2.9e-11	8.3e-09	1520	865	1183	2687	2520	3098	1150	811	1571	3032	2093	3515
PA14_33650	pvdD	0.739	12.626	7.4e-10	2.3e-07	4e-08	4.5e-06	32904	37703	40502	21521	22894	22137	24837	35363	53783	24284	19019	25118
PA14_33630	pvdJ	0.744	12.04	9e-10	2.7e-07	1.8e-08	2.2e-06	22287	25299	26527	14169	14975	15114	16823	23729	35225	15988	12440	17149
PA14_60560	PA14_60560	-0.87	8.011	1e-09	3e-07	1.4e-07	1.4e-05	968	966	628	1477	1649	1553	732	906	837	1667	1370	1762
PA14_43760	PA14_43760	-1.009	6.379	1.2e-09	3.4e-07	6.1e-10	1.2e-07	325	243	205	488	490	571	247	228	274	551	407	647
PA14_13290	PA14_13290	-1.427	3.907	1.4e-09	3.6e-07	2.2e-14	7.4e-12	40	31	40	99	111	90	30	29	53	112	93	102
PA14_28400	oprQ	-0.817	9.823	2.9e-09	7.3e-07	8e-09	1.1e-06	3282	2705	3229	5547	4759	5929	2478	2537	4287	6259	3953	6727
PA14_40420	modC	-1.543	4.796	5.3e-09	1.2e-06	1.2e-14	4.1e-12	87	55	55	163	178	227	67	51	74	184	148	257
PA14_45970	PA14_45970	-1.206	8.007	5.3e-09	1.2e-06	1.6e-08	2e-06	979	745	457	1508	1697	1828	742	699	611	1702	1410	2074
PA14_33610	PA14_33610	0.828	13.157	1.1e-08	2.4e-06	5.4e-09	7.7e-07	46514	57268	60491	31145	32021	29370	35110	53714	80328	35144	26601	33325
PA14_20890	rfaD	-1.108	8.44	1.5e-08	3.2e-06	2.5e-09	3.9e-07	1317	1033	739	1984	2178	2497	997	969	985	2239	1809	2832
PA14_09530	mexH	-0.714	8.002	1.6e-08	3.3e-06	1.3e-06	1e-04	936	1047	742	1595	1429	1442	707	982	987	1800	1187	1636
PA14_61000	PA14_61000	-1.069	4.986	2.1e-08	4.1e-06	1.6e-07	1.5e-05	122	102	60	184	209	200	94	96	82	208	174	227
PA14_35370	ptxS	0.953	6.024	5.2e-08	1e-05	1.4e-10	3.6e-08	363	363	469	217	218	184	273	340	621	245	181	209
PA14_67440	PA14_67440	0.773	6.48	5.7e-08	1.1e-05	1.3e-09	2.3e-07	481	546	550	303	333	289	362	512	730	342	277	328
PA14_03710	PA14_03710	0.945	9.232	6e-08	1.1e-05	1.4e-09	2.5e-07	3136	4104	3880	2142	2046	1587	2366	3850	5152	2417	1700	1802
PA14_41440	uspA	-0.76	9.255	7.1e-08	1.3e-05	3.3e-07	2.9e-05	2505	2038	1831	3316	3492	3983	1893	1911	2433	3742	2901	4519
PA14_10560	PA14_10560	-0.751	6.739	1.3e-07	2.1e-05	1.5e-08	1.9e-06	417	338	360	653	640	580	316	317	478	737	532	659
PA14_03730	PA14_03730	-0.729	7.612	1.4e-07	2.3e-05	4.5e-09	6.8e-07	676	654	733	1141	1153	1126	510	613	972	1287	958	1278
PA14_05550	oprM	0.689	9.596	1.9e-07	3.1e-05	2.1e-07	1.9e-05	4667	4824	3930	2853	2776	2696	3523	4525	5221	3219	2306	3059
PA14_60490	PA14_60490	-0.882	5.353	2.4e-07	3.8e-05	2.1e-10	4.9e-08	134	135	131	219	263	256	101	127	174	248	219	290
PA14_30800	PA14_30800	1.039	4.493	2.9e-07	4.5e-05	3e-10	6.6e-08	159	125	136	69	58	75	121	117	181	78	48	85
PA14_03700	sbp	0.801	9.223	6.8e-07	1e-04	5.9e-08	6.1e-06	2975	3767	3921	2058	2245	1820	2244	3533	5206	2322	1866	2066
PA14_13010	PA14_13010	0.784	8.239	8.2e-07	0.00012	3.1e-08	3.6e-06	1521	2028	1816	1111	1002	1004	1147	1902	2412	1253	832	1139
PA14_09540	mexG	-0.677	6.467	8.4e-07	0.00012	3.7e-06	0.00024	364	333	256	537	466	514	276	312	342	606	387	583
PA14_24980	PA14_24980	-0.663	7.167	9.2e-07	0.00013	1.4e-06	0.00011	570	482	507	768	767	930	431	452	673	867	637	1055
PA14_09520	mexI	-0.585	9.782	1.2e-06	0.00016	1.5e-05	8e-04	3503	3532	2863	5075	4731	5036	2645	3313	3803	5726	3930	5714
PA14_23760	leuD	0.787	8.067	1.4e-06	0.00018	1.3e-07	1.3e-05	1429	1490	1846	1015	952	795	1078	1397	2449	1145	791	903
PA14_20050	hasF	0.999	7.399	1.6e-06	2e-04	5.2e-10	1.1e-07	1078	1204	880	621	530	430	814	1130	1170	700	440	489
PA14_27000	PA14_27000	-0.665	7.579	1.6e-06	2e-04	2.7e-05	0.0013	804	747	525	1066	1061	1160	608	701	700	1203	881	1316
PA14_32580	PA14_32580	-1.009	4.251	1.6e-06	2e-04	3e-08	3.5e-06	56	64	54	100	111	138	42	60	72	113	92	156
PA14_65740	thiC	0.688	7.388	1.8e-06	0.00022	4.2e-07	3.5e-05	894	879	1125	595	615	590	674	824	1492	672	511	669
PA14_60290	pilW	-0.59	8.423	2.2e-06	0.00026	8.6e-06	5e-04	1355	1362	1133	1969	1827	1994	1023	1278	1506	2222	1517	2262
PA14_68800	PA14_68800	-0.659	8.869	2.3e-06	0.00027	1.7e-06	0.00013	1564	1765	1761	2388	2639	3013	1180	1656	2338	2695	2192	3418
PA14_30350	yqjG	0.713	6.011	3.3e-06	0.00038	3.1e-08	3.6e-06	348	408	365	227	231	226	262	383	485	256	192	257
PA14_44360	ccoP	-1.149	6.525	3.4e-06	0.00038	6.5e-11	1.8e-08	326	258	216	479	590	704	248	242	289	541	490	798
PA14_21630	PA14_21630	-0.912	6.732	3.8e-06	0.00042	5.1e-08	5.4e-06	429	324	280	550	665	726	326	304	374	621	553	823
PA14_39690	nrdD	-0.911	4.392	3.9e-06	0.00042	3.5e-06	0.00023	88	65	50	114	125	139	68	61	68	129	104	157
PA14_33530	PA14_33530	0.744	5.752	5.2e-06	0.00055	9.2e-07	7.5e-05	265	326	347	205	198	159	199	306	460	231	165	181
PA14_56590	PA14_56590	-0.765	9.676	5.3e-06	0.00055	2.7e-05	0.0014	3638	2878	2000	4703	4999	4769	2749	2699	2659	5307	4153	5411
PA14_19530	ssuE	0.672	8.039	5.4e-06	0.00055	7.2e-06	0.00044	1404	1693	1439	1050	1020	777	1059	1588	1912	1184	848	882
PA14_20020	hasAp	1.04	11.502	6.7e-06	0.00068	2.6e-09	4e-07	15981	21871	16984	10758	8798	7111	12062	20514	22555	12138	7309	8070
PA14_48660	PA14_48660	0.81	5.034	7e-06	7e-04	1.4e-07	1.3e-05	185	207	190	131	95	105	139	194	252	147	78	119
PA14_39990	PA14_39990	-0.795	4.821	8.2e-06	8e-04	6.7e-06	0.00042	110	109	68	159	164	170	84	102	92	179	136	193
PA14_06870	dnr	-1.112	5.761	8.3e-06	8e-04	2.3e-09	3.9e-07	205	122	150	288	336	406	157	114	200	326	279	460
PA14_02530	PA14_02530	0.9	8.668	1e-05	0.00097	4.9e-08	5.4e-06	2249	2927	2262	1493	1441	1052	1697	2746	3005	1684	1198	1195
PA14_20010	hasR	0.569	9.872	1.1e-05	0.00097	1.8e-05	0.00093	5591	5157	4976	3800	3636	3164	4221	4837	6608	4288	3021	3590
PA14_30460	PA14_30460	0.599	7.403	1.1e-05	0.00099	7.6e-06	0.00046	894	1089	877	607	674	608	674	1022	1166	685	560	690
PA14_56540	PA14_56540	-1.166	7.097	1.1e-05	0.00097	9.3e-10	1.7e-07	506	373	304	712	880	1062	384	350	406	804	731	1204
PA14_19500	ssuA	0.944	6.477	1.2e-05	0.0011	5.2e-08	5.5e-06	446	607	583	327	314	212	335	570	774	368	261	241
PA14_40370	PA14_40370	-0.686	6.159	1.3e-05	0.0011	3.5e-06	0.00023	282	265	218	373	384	470	214	249	291	421	319	533
PA14_20040	hasE	0.941	8.204	1.4e-05	0.0012	2.5e-09	3.9e-07	1877	2098	1472	1074	923	839	1417	1968	1957	1211	767	952
PA14_21260	PA14_21260	-1.273	15.243	1.4e-05	0.0012	1.2e-10	3e-08	137143	96605	85332	209931	240434	320985	103527	90609	113319	236887	199733	364202
PA14_17580	PA14_17580	-0.541	7.966	1.5e-05	0.0013	0.00024	0.0082	1077	1006	776	1284	1405	1469	814	944	1032	1449	1167	1666
PA14_22270	PA14_22270	0.7	5.503	1.6e-05	0.0014	9.3e-08	9.5e-06	251	251	278	168	158	155	189	235	368	189	131	176
PA14_34740	PA14_34740	1.072	5.641	1.9e-05	0.0015	2.2e-06	0.00016	268	342	331	194	169	84	201	321	439	218	141	97
PA14_71630	adhA	-0.669	8.095	1.9e-05	0.0015	1e-04	0.004	1208	1047	709	1515	1590	1606	914	982	945	1710	1321	1822
PA14_21220	PA14_21220	-0.877	11.872	2e-05	0.0016	6.3e-05	0.0027	17089	12391	7667	22449	23394	22393	12904	11622	10186	25331	19434	25408
PA14_68470	PA14_68470	-0.994	10.091	2.3e-05	0.0018	2.9e-08	3.5e-06	4141	3445	2657	5728	6495	8175	3128	3231	3531	6464	5395	9275
PA14_42860	PA14_42860	-1.439	9.53	2.7e-05	0.0021	4.8e-10	1e-07	2591	1692	1308	4016	4686	6468	1960	1587	1740	4533	3892	7337
PA14_33280	pvdL	0.844	12.333	3e-05	0.0023	3.2e-07	2.9e-05	24769	33081	35298	18019	19303	14577	18695	31028	46872	20332	16036	16541
PA14_45110	cysP	0.515	8.568	3.1e-05	0.0024	2e-04	0.0073	1832	2239	2199	1551	1527	1312	1382	2100	2920	1750	1269	1489
PA14_05500	PA14_05500	1.503	5.057	3.2e-05	0.0024	5e-13	1.6e-10	181	199	303	79	93	69	135	186	399	89	78	79
PA14_05320	pilG	-0.858	10.167	3.4e-05	0.0025	1.5e-06	0.00011	4860	3635	2995	6058	6734	8037	3671	3409	3980	6837	5594	9118
PA14_33590	PA14_33590	0.791	4.578	3.4e-05	0.0025	4.8e-06	0.00031	115	148	153	94	74	73	86	139	202	106	61	83
PA14_41970	PA14_41970	-1.055	9.015	3.6e-05	0.0026	2e-05	0.001	2207	1642	869	2951	3106	3754	1670	1540	1159	3330	2580	4259
PA14_22480	PA14_22480	-1.01	3.752	4.5e-05	0.0032	1.5e-06	0.00011	34	32	54	89	88	69	25	30	70	100	73	79
PA14_53590	PA14_53590	-0.522	10.228	4.6e-05	0.0032	0.00013	0.0051	4383	4830	4621	6765	5757	7348	3308	4530	6137	7633	4782	8337
PA14_34510	srpL	-0.608	6.129	5.2e-05	0.0036	9.6e-07	7.7e-05	271	252	251	387	384	406	205	236	334	437	319	461
PA14_64530	PA14_64530	1.843	2.538	5.5e-05	0.0038	6.3e-09	8.8e-07	30	53	38	12	6	14	22	50	51	14	5	16
PA14_33710	pvdO	1.055	6.153	6e-05	0.0041	2e-09	3.4e-07	347	447	546	250	215	180	260	419	722	281	179	205
PA14_58010	PA14_58010	0.536	7.813	6.1e-05	0.0041	3.5e-05	0.0016	1321	1115	1300	881	828	867	998	1046	1726	994	688	984
PA14_71720	oadA	0.665	10.72	6.1e-05	0.0041	4.4e-06	0.00029	10398	10615	8064	5653	6270	6413	7850	9956	10711	6379	5209	7276
PA14_68780	PA14_68780	-0.589	6.291	6.5e-05	0.0042	9.6e-06	0.00054	316	297	261	406	480	427	239	279	348	459	399	485
PA14_43900	PA14_43900	0.55	7.315	7.1e-05	0.0046	8.2e-05	0.0034	958	833	861	677	627	508	724	781	1144	763	521	577
PA14_16630	PA14_16630	0.599	6.208	7.3e-05	0.0047	8.1e-06	0.00048	410	411	427	319	247	256	309	385	567	359	205	291
PA14_48830	PA14_48830	-1.042	7.172	7.5e-05	0.0047	5.3e-06	0.00034	636	401	281	820	838	1059	484	376	377	926	696	1201
PA14_44470	hemN	-0.963	9.027	8.8e-05	0.0056	3.5e-07	3e-05	2175	1451	1341	2703	3135	3844	1645	1361	1783	3051	2604	4361
PA14_34750	tauD	0.8	8.142	9.4e-05	0.0058	4.1e-07	3.4e-05	1390	1987	1660	1045	1023	825	1048	1864	2205	1179	850	937
PA14_72340	gltP	-0.611	5.555	9.6e-05	0.0059	8.1e-05	0.0034	206	166	148	235	265	291	157	156	198	266	220	330
PA14_31820	hisC	0.874	3.862	0.00011	0.0068	5.5e-06	0.00035	70	92	95	52	44	46	52	86	126	58	36	52
PA14_56680	PA14_56680	-0.51	9.038	0.00012	0.0072	0.00038	0.012	2342	1916	1836	2558	3063	3054	1769	1797	2439	2887	2545	3465
PA14_33500	pvdH	0.951	8.532	0.00014	0.0082	1.2e-08	1.5e-06	1780	2238	2830	1239	1238	1065	1342	2099	3755	1398	1029	1209
PA14_44340	ccoN	-0.822	7.362	0.00014	0.0082	9.7e-07	7.7e-05	690	475	502	824	978	1144	523	445	668	930	812	1297
PA14_60280	fimU	-0.499	8.282	0.00014	0.0082	0.00021	0.0074	1110	1324	1186	1885	1630	1600	837	1242	1575	2127	1354	1816
PA14_13720	PA14_13720	-1.249	2.635	0.00016	0.0094	3.5e-05	0.0016	24	17	7	37	35	39	19	16	11	42	29	44
PA14_14340	ybiN	-0.802	4.062	0.00018	0.01	4.3e-05	0.002	69	53	45	84	95	110	53	50	61	95	79	124
PA14_34150	sfnR	0.603	8.117	0.00018	0.01	5.6e-05	0.0024	1417	1796	1490	1153	1073	871	1069	1685	1979	1300	892	989
PA14_50500	PA14_50500	-0.634	7.927	0.00018	0.01	4.6e-05	0.0021	1062	855	762	1207	1380	1568	803	802	1014	1363	1146	1778
PA14_34520	srpM	-0.707	5.758	0.00019	0.011	1.6e-05	0.00084	236	173	166	264	333	340	180	162	222	298	277	385
PA14_40390	modA	-2.282	4.759	0.00019	0.011	3.1e-17	1.3e-14	33	36	57	146	173	298	24	34	74	166	143	336
PA14_40410	modB	-1.178	2.838	0.00019	0.011	5.9e-06	0.00037	17	18	20	39	34	54	13	17	27	44	28	61
PA14_14360	PA14_14360	-0.854	8.055	0.00021	0.011	2.9e-05	0.0014	1201	852	606	1406	1576	1826	910	799	808	1587	1309	2071
PA14_60300	pilX	-0.575	6.503	0.00021	0.011	0.00014	0.0054	382	359	280	507	441	567	289	337	373	572	366	643
PA14_59840	PA14_59840	-1.19	10.263	0.00022	0.012	5.4e-09	7.7e-07	4552	3156	2815	6540	7138	10331	3439	2960	3740	7381	5929	11720
PA14_71900	PA14_71900	0.468	9.383	0.00022	0.012	0.00022	0.0077	3805	3350	3735	2698	2654	2522	2873	3142	4959	3044	2205	2862
PA14_56220	PA14_56220	-0.502	6.634	0.00023	0.012	0.00021	0.0074	425	393	335	522	520	586	322	369	446	589	432	665
PA14_19490	lsfA	0.764	11.253	0.00025	0.013	2.1e-06	0.00015	11669	17040	14451	9110	8982	7329	8807	15983	19190	10279	7462	8316
PA14_33690	pvdE	0.776	6.596	0.00026	0.013	2.1e-06	0.00015	520	498	689	392	326	279	392	467	912	442	271	317
PA14_10210	PA14_10210	0.669	4.974	0.00027	0.014	1.3e-05	0.00074	199	166	171	129	106	101	151	156	228	145	88	115
PA14_17700	rpmE	0.536	6.956	0.00029	0.014	1e-04	0.0039	797	614	650	462	466	492	603	576	864	521	387	558
PA14_02310	atsA	-0.669	4.749	0.00033	0.016	6.9e-05	0.0029	105	77	103	161	128	163	80	72	136	181	106	185
PA14_70180	rpmG	-0.477	7.07	0.00033	0.016	0.00033	0.011	545	529	499	735	647	805	412	496	663	829	537	913
PA14_25660	fabG	-0.879	8.817	0.00034	0.017	2.9e-07	2.6e-05	1775	1353	1332	2266	2572	3363	1342	1269	1770	2558	2136	3815
PA14_38220	PA14_38220	0.451	9.462	0.00034	0.017	0.001	0.028	3611	4005	3828	3156	2782	2435	2725	3757	5083	3561	2311	2763
PA14_58040	PA14_58040	0.662	9.348	0.00037	0.018	6.6e-05	0.0028	3246	3611	4357	2642	2597	1848	2449	3387	5784	2981	2158	2098
PA14_09260	pchR	0.44	8.003	0.00039	0.019	0.00093	0.026	1267	1371	1503	1057	1070	928	956	1286	1995	1193	889	1053
PA14_20070	PA14_20070	0.606	5.54	0.00044	0.021	3.3e-05	0.0016	290	272	222	189	165	158	220	255	296	213	137	180
PA14_44970	moaA2	0.558	8.739	0.00044	0.021	0.00036	0.012	2106	2657	2384	1717	1837	1301	1589	2492	3166	1937	1527	1477
PA14_05540	mexB	0.469	10.35	0.00046	0.022	0.00057	0.017	7821	6761	6720	4896	4790	5704	5905	6341	8924	5525	3979	6471
PA14_13730	narL	-0.769	5.889	0.00047	0.022	1.6e-05	0.00085	243	215	153	290	342	408	185	202	206	328	284	462
PA14_06860	PA14_06860	-0.755	4.099	0.00048	0.022	0.00035	0.011	63	72	39	87	110	96	48	68	54	98	92	109
PA14_17570	PA14_17570	-0.609	7.95	5e-04	0.023	0.00013	0.0049	1072	930	748	1233	1349	1611	811	872	996	1392	1120	1827
PA14_36580	glgB	0.844	3.667	0.00053	0.024	6.3e-05	0.0027	61	88	75	51	39	35	45	83	99	57	32	40
PA14_20030	hasD	0.88	6.88	0.00055	0.025	6.7e-07	5.5e-05	756	828	561	462	402	301	571	777	748	521	334	342
PA14_33510	PA14_33510	1.181	6.256	0.00055	0.025	7.9e-10	1.5e-07	342	501	636	227	230	196	256	470	841	256	191	223
PA14_53840	PA14_53840	0.408	11.772	0.00055	0.025	0.0023	0.051	18498	16823	20718	14243	14331	13661	13963	15779	27511	16072	11905	15500
PA14_10140	fepG	0.717	4.275	0.00058	0.026	8.6e-05	0.0035	101	129	101	77	71	53	76	121	135	87	59	61
PA14_02550	mdcA	0.764	7.582	0.00062	0.027	7.3e-06	0.00044	873	1284	1221	677	766	548	657	1205	1621	764	637	623
PA14_36730	PA14_36730	0.711	4.292	0.00063	0.027	8.7e-06	5e-04	120	109	107	73	72	60	91	102	142	82	60	68
PA14_59790	pvrR	-1.241	9.911	0.00067	0.029	7.4e-09	1e-06	3456	2495	2086	4977	5577	8454	2612	2340	2773	5617	4632	9590
PA14_33820	pvdQ	0.813	8.538	7e-04	0.03	2.1e-06	0.00015	1767	2145	2737	1432	1284	1068	1332	2012	3632	1615	1067	1213
PA14_64540	PA14_64540	-0.497	6.541	0.00074	0.031	0.00039	0.012	396	340	345	476	459	588	300	319	458	537	381	666
PA14_24480	pelA	-0.518	6.201	0.00075	0.031	3.3e-05	0.0016	283	277	283	388	438	385	214	260	376	438	364	437
PA14_34730	PA14_34730	0.873	7.026	0.00075	0.031	9.1e-06	0.00052	613	909	840	513	477	300	461	853	1115	578	397	342
PA14_32310	PA14_32310	-0.525	9.401	0.00077	0.032	0.00087	0.024	2966	2762	2058	3509	3475	4220	2240	2591	2736	3960	2886	4788
PA14_60700	ccpR	-0.801	5.828	0.00077	0.032	1.5e-05	0.00081	254	155	170	282	336	389	194	145	227	319	279	441
PA14_33000	gcvP2	-0.654	4.578	0.00084	0.035	3.3e-05	0.0016	77	99	78	126	143	132	58	93	104	142	119	150
PA14_35790	PA14_35790	-0.431	11.12	0.00085	0.035	0.00095	0.026	8216	8977	9448	11862	11323	12730	6201	8420	12546	13385	9406	14444
PA14_30110	purB	-0.555	5.454	0.00086	0.035	8.5e-05	0.0035	186	139	169	237	249	238	141	130	224	268	207	270
PA14_56180	PA14_56180	0.424	7.799	0.00089	0.036	0.0013	0.033	1124	1209	1250	954	927	791	848	1134	1659	1076	770	898
PA14_69090	yhiI	-0.636	8.906	0.00096	0.039	5e-04	0.016	2318	1641	1318	2500	2722	2978	1753	1539	1753	2821	2261	3379
PA14_20730	flgM	0.395	9.84	0.0011	0.044	0.0019	0.045	4898	4628	5106	3693	3945	3488	3697	4341	6780	4167	3278	3958
PA14_33520	PA14_33520	0.811	8.287	0.0011	0.042	4.3e-06	0.00029	1397	1956	2229	1177	1123	881	1052	1835	2958	1328	933	1001
PA14_40010	PA14_40010	-0.503	6.256	0.0011	0.043	0.0017	0.041	317	344	223	457	399	395	240	323	299	515	331	448
PA14_28490	PA14_28490	-0.83	6.689	0.0012	0.046	7.7e-06	0.00046	443	317	279	497	602	746	337	297	372	562	500	845
PA14_34170	PA14_34170	0.604	4.686	0.0012	0.045	0.00016	0.0059	134	142	153	110	95	78	101	133	203	124	79	89
PA14_43200	PA14_43200	-0.764	4.045	0.0012	0.046	0.00016	0.0058	63	59	48	88	79	117	48	55	64	100	65	132
PA14_55000	PA14_55000	0.53	7.404	0.0012	0.045	0.00022	0.0077	841	839	1121	642	681	619	634	787	1486	725	566	703
PA14_59220	PA14_59220	0.443	9.332	0.0012	0.046	0.002	0.046	3716	3140	3576	2253	2455	2964	2806	2945	4749	2543	2039	3362
PA14_73170	glmS	-0.426	7.278	0.0012	0.045	0.00083	0.024	643	643	571	804	791	898	486	603	759	907	657	1018
PA14_37070	PA14_37070	-1.08	7.502	0.0013	0.049	2.9e-05	0.0014	828	459	341	917	1109	1424	630	430	457	1036	921	1615
PA14_24860	snr1	-0.523	5.386	0.0015	0.054	8.7e-05	0.0035	167	161	152	234	215	237	126	151	202	264	178	269
PA14_45330	ccmE	-0.482	5.849	0.0015	0.057	0.00062	0.018	232	233	206	275	301	358	175	219	274	311	250	406
PA14_02510	exbD1	-0.822	3.461	0.0016	0.058	9.3e-05	0.0037	38	27	41	55	61	73	29	25	54	62	51	82
PA14_15070	oprC	-0.65	4.943	0.0016	0.058	0.00062	0.018	104	147	82	192	163	166	78	138	111	216	135	188
PA14_23770	yafE	0.659	5.862	0.0016	0.058	0.00012	0.0045	298	303	392	260	202	168	224	284	519	292	168	191
PA14_36605	PA14_36605	0.656	4.288	0.0017	0.062	5.4e-05	0.0024	111	114	103	79	68	61	84	107	137	89	56	69
PA14_64550	PA14_64550	-0.827	3.396	0.0017	0.061	2.8e-05	0.0014	34	36	31	62	62	54	26	34	41	70	52	62
PA14_06510	bioF	0.474	5.76	0.0018	0.063	0.00076	0.022	279	294	305	219	238	177	210	276	404	247	198	202
PA14_11750	PA14_11750	0.452	6.606	0.0018	0.063	0.00023	0.0078	529	532	517	359	388	407	399	499	687	405	322	461
PA14_48570	PA14_48570	-0.739	3.786	0.0018	0.063	0.00011	0.0041	38	57	44	83	78	72	28	54	59	94	65	82
PA14_48600	PA14_48600	-0.641	4.222	0.0019	0.065	6e-04	0.018	66	76	59	95	91	126	50	71	79	107	75	142
PA14_72260	PA14_72260	-0.579	10.18	0.0019	0.067	0.0017	0.041	5589	4396	3083	5954	6784	6788	4222	4123	4098	6719	5636	7702
PA14_11810	PA14_11810	-0.471	5.726	0.002	0.07	0.00083	0.023	218	227	174	297	286	270	165	213	232	335	238	307
PA14_12450	PA14_12450	0.441	7.46	0.002	0.07	0.00086	0.024	1054	951	840	645	728	721	797	892	1117	728	605	818
PA14_19350	PA14_19350	0.43	6.441	0.002	0.07	0.00061	0.018	433	462	497	339	367	329	326	433	659	383	305	374
PA14_06180	fiuI	0.425	6.797	0.0021	0.072	0.0024	0.053	630	507	648	485	442	403	476	475	860	547	367	458
PA14_57990	PA14_57990	0.414	10.176	0.0021	0.07	0.0014	0.035	6582	6451	5541	4706	4623	4612	4969	6051	7360	5310	3840	5233
PA14_14610	yajC	-0.468	6.001	0.0022	0.073	0.00038	0.012	267	230	252	324	335	377	202	216	335	366	278	427
PA14_19540	ssuA	0.418	7.354	0.0022	0.073	6e-04	0.018	855	925	847	646	673	648	645	868	1125	729	559	735
PA14_36590	malQ	1.117	2.318	0.0022	0.073	0.00015	0.0057	24	31	33	16	17	9	18	29	43	18	14	10
PA14_68300	arcD	-0.835	10.524	0.0022	0.075	2e-04	0.0073	7195	4140	3531	7584	8516	10420	5436	3883	4693	8559	7074	11822
PA14_47400	PA14_47400	0.376	7.537	0.0023	0.075	0.0059	0.11	860	1021	1059	735	825	707	648	958	1406	830	686	803
PA14_49720	PA14_49720	1.521	3.379	0.0023	0.075	2.2e-07	2.1e-05	39	81	85	29	21	22	28	76	111	32	17	25
PA14_05330	pilH	-0.585	6.932	0.0025	0.081	0.00036	0.012	560	372	435	636	622	792	425	349	578	718	516	898
PA14_10540	fixG	-0.593	6.99	0.0025	0.081	0.00043	0.014	464	351	601	728	719	693	350	329	795	821	597	786
PA14_06920	argD	0.706	3.888	0.0027	0.086	0.0014	0.035	87	92	72	59	62	33	66	86	96	66	52	38
PA14_33570	PA14_33570	0.888	3.552	0.0027	0.086	0.00037	0.012	59	79	69	55	33	24	44	74	92	61	27	28
PA14_33760	PA14_33760	0.7	7.292	0.0027	0.086	9.5e-05	0.0038	723	920	1076	671	575	428	544	863	1426	756	478	487
PA14_38210	PA14_38210	0.43	7.656	0.0027	0.086	0.0022	0.05	1153	1143	957	911	786	715	871	1072	1272	1027	653	812
PA14_44350	ccoO	-1.13	5.519	0.0027	0.086	2.4e-06	0.00017	187	110	101	213	280	381	144	103	136	241	232	431
PA14_64050	PA14_64050	0.377	10.553	0.0027	0.086	0.0025	0.055	7700	8383	7764	6253	6160	5955	5812	7863	10311	7056	5117	6757
PA14_09130	rplQ	0.428	7.963	0.0028	0.089	0.0013	0.034	1499	1293	1229	1051	930	1007	1133	1213	1633	1186	772	1142
PA14_03800	oprE	-0.867	8.783	0.0029	0.089	3.2e-07	2.9e-05	1474	1368	1534	2165	2378	3439	1113	1283	2036	2444	1975	3901
PA14_05270	pyrR	-0.696	3.865	0.0029	0.089	9.1e-05	0.0037	53	45	53	77	92	77	40	42	70	87	77	87
PA14_09500	opmD	-0.372	8.426	0.0029	0.089	0.0092	0.15	1427	1570	1211	1916	1917	1611	1077	1473	1610	2162	1593	1829
PA14_33750	opmQ	0.772	6.409	0.0029	0.089	1.1e-05	0.00063	383	488	623	336	290	251	287	458	825	378	241	285
PA14_10200	PA14_10200	0.617	7.486	0.003	0.091	3.4e-05	0.0016	1227	931	892	615	639	732	928	873	1186	694	531	830
PA14_24530	pelE	-1.021	3.069	0.003	0.091	3e-04	0.01	33	23	18	58	58	35	26	22	25	65	49	40
PA14_33680	fpvA	0.478	9.404	0.003	0.091	0.001	0.028	3392	3270	4411	2826	2544	2580	2560	3067	5855	3188	2113	2928
PA14_58030	fumC1	0.38	11.178	0.003	0.091	0.0024	0.054	12632	12234	11960	9086	9368	9847	9536	11475	15883	10253	7782	11173
PA14_21150	PA14_21150	-1.034	2.525	0.0031	0.092	4.6e-05	0.0021	15	17	16	33	35	31	11	16	21	37	29	35
PA14_36820	PA14_36820	0.636	4.145	0.0031	0.092	8.4e-05	0.0035	102	107	91	63	67	62	77	100	121	71	56	70
PA14_46840	PA14_46840	-0.495	5.991	0.0031	0.093	0.00099	0.026	243	277	218	288	370	379	183	260	290	326	308	430
PA14_05660	PA14_05660	0.369	8.592	0.0032	0.095	0.0032	0.066	2049	1928	2129	1521	1622	1584	1547	1808	2827	1717	1348	1797
PA14_19520	ssuB	0.508	5.427	0.0032	0.093	0.0011	0.028	260	229	218	197	163	136	197	215	290	222	135	155
PA14_02520	PA14_02520	-0.703	9.942	0.0033	0.097	0.00015	0.0057	3752	4163	2602	4822	5338	6957	2833	3905	3459	5442	4434	7892
PA14_07070	PA14_07070	-0.531	4.784	0.0033	0.095	0.0015	0.038	126	100	87	134	159	156	96	94	117	152	132	177
PA14_15540	trbL	-0.623	5.356	0.0035	0.1	0.00022	0.0077	166	152	130	187	224	277	126	143	174	212	186	314
PA14_46160	PA14_46160	-0.362	9.695	0.0036	0.1	0.015	0.2	4107	3164	2920	4235	4350	4511	3102	2967	3879	4779	3614	5118
PA14_30470	PA14_30470	0.493	5.418	0.0038	0.11	0.00098	0.026	254	236	211	137	179	181	192	221	281	155	149	205
PA14_51880	oprD	-0.329	10.863	0.0038	0.11	0.017	0.22	8033	8136	7037	9848	8609	10693	6064	7631	9346	11112	7151	12132
PA14_20290	algZ	0.362	9.918	0.0039	0.11	0.0034	0.07	4972	5182	5134	4125	3945	3827	3753	4860	6817	4654	3277	4343
PA14_02730	PA14_02730	-0.47	6.226	0.0041	0.12	0.0012	0.031	257	333	285	364	387	462	193	313	379	411	321	524
PA14_30810	alkB1	-0.537	4.697	0.0041	0.12	0.0011	0.028	93	104	95	126	128	170	70	98	127	143	106	192
PA14_20480	PA14_20480	-0.429	6.206	0.0042	0.12	0.00039	0.012	289	304	287	395	395	394	218	285	381	446	328	447
PA14_23370	orfK	-0.342	10.769	0.0042	0.12	0.0092	0.15	7310	7465	6859	8816	8505	10095	5518	7002	9109	9948	7065	11454
PA14_33560	PA14_33560	0.686	5.382	0.0042	0.12	0.00031	0.01	187	245	283	167	169	110	140	230	374	188	141	126
PA14_33730	PA14_33730	0.903	6.377	0.0044	0.12	2.3e-06	0.00016	423	418	671	326	246	237	318	392	887	367	204	269
PA14_10550	cysI	-0.381	9.751	0.0045	0.12	0.0052	0.098	3608	3009	3897	4628	4603	4467	2724	2822	5174	5222	3824	5069
PA14_23440	orfL	-0.335	10.572	0.0045	0.12	0.015	0.21	6213	6992	5706	7485	7535	8839	4690	6558	7579	8446	6259	10028
PA14_40290	lasA	0.38	9.904	0.0046	0.13	0.0095	0.15	4506	4980	5732	4249	4106	3342	3400	4671	7610	4794	3411	3793
PA14_50790	yeaG	-0.444	5.633	0.0046	0.13	0.00094	0.026	191	213	182	276	244	275	144	200	242	311	202	312
PA14_58800	PA14_58800	-0.554	4.65	0.0047	0.13	0.00031	0.01	87	101	93	124	156	136	65	95	124	140	130	154
PA14_00280	hemF	-0.504	5.054	0.0048	0.13	3e-04	0.01	125	120	134	184	169	184	94	112	178	208	140	209
PA14_48810	PA14_48810	-0.776	5.823	0.0048	0.13	0.00092	0.026	284	178	120	291	328	380	218	167	163	329	272	431
PA14_30100	PA14_30100	-0.512	7.82	0.005	0.13	0.0015	0.038	1021	885	711	1066	1222	1441	772	830	946	1203	1015	1634
PA14_33720	pvdN	0.779	7.225	0.005	0.13	1.6e-05	0.00084	742	769	1136	623	448	473	559	721	1505	702	371	537
PA14_33700	pvdF	0.536	8.158	0.0051	0.13	6e-04	0.018	1286	1558	1900	1205	1046	1022	969	1461	2520	1359	869	1160
PA14_36560	PA14_36560	-0.488	5.903	0.0051	0.13	0.00095	0.026	209	253	233	340	368	269	157	237	310	384	306	306
PA14_36710	glgB	0.885	3.064	0.0051	0.13	0.00099	0.026	51	50	46	41	16	21	39	47	61	46	13	24
PA14_50750	PA14_50750	-0.811	3.226	0.0051	0.13	0.0026	0.056	44	30	20	46	52	64	34	28	28	52	43	72
PA14_43850	htpG	-0.535	9.731	0.0052	0.14	0.00061	0.018	3704	3033	3017	4161	4283	5687	2797	2845	4007	4696	3557	6452
PA14_33550	PA14_33550	0.786	4.945	0.0053	0.14	0.00014	0.0054	141	216	182	132	107	74	105	203	242	148	89	85
PA14_72500	PA14_72500	-0.403	8.423	0.0054	0.14	0.009	0.15	1621	1417	1116	1651	1857	1981	1225	1329	1484	1863	1543	2247
PA14_10170	fepB	0.423	6.444	0.0057	0.15	0.0019	0.045	479	508	411	381	353	308	362	477	547	430	293	350
PA14_24490	pelB	-0.426	6.222	0.0057	0.14	0.0012	0.03	280	324	287	395	438	365	211	304	381	446	364	415
PA14_54620	PA14_54620	-0.506	4.734	0.0059	0.15	0.0019	0.046	116	96	93	125	141	163	88	90	124	142	117	185
PA14_72510	thrB	-0.456	6.613	0.006	0.15	0.0058	0.11	477	383	296	511	493	577	362	359	395	577	409	654
PA14_20520	PA14_20520	-0.539	7.682	0.0062	0.16	0.00077	0.022	929	662	754	995	1068	1345	703	621	1002	1123	887	1525
PA14_11510	ribA	0.394	6.095	0.0066	0.16	0.0033	0.068	341	341	401	301	269	257	257	320	532	339	223	292
PA14_32830	PA14_32830	-0.392	8.851	0.0066	0.16	0.0055	0.1	1835	1677	2094	2182	2482	2695	1385	1573	2779	2463	2062	3057
PA14_69070	yhiH	-0.558	9.159	0.0066	0.16	0.0038	0.076	2861	2131	1503	2871	3250	3445	2163	1999	1999	3240	2700	3908
PA14_12910	PA14_12910	0.829	6.375	0.0068	0.17	6.3e-05	0.0027	397	625	463	335	312	189	298	587	616	377	260	216
PA14_36630	glgX	0.638	3.737	0.0069	0.17	0.0011	0.028	68	71	80	59	39	43	51	67	106	66	32	49
PA14_61060	fnr-2	0.381	7.879	0.007	0.17	0.0037	0.075	1337	1221	1179	913	900	1055	1010	1145	1566	1031	747	1196
PA14_61910	PA14_61910	-0.427	5.443	0.007	0.17	0.0055	0.1	186	191	143	204	241	251	141	179	191	231	200	284
PA14_56000	pctA	0.405	6.884	0.0071	0.17	0.0019	0.045	681	663	544	467	484	473	515	622	724	527	402	537
PA14_45910	PA14_45910	-0.743	3.191	0.0072	0.17	0.00097	0.026	35	28	28	60	47	45	27	26	38	67	39	51
PA14_28910	PA14_28910	-0.6	3.975	0.0076	0.18	0.00077	0.022	58	62	51	82	98	78	44	58	68	93	82	89
PA14_33810	pvdA	0.661	8.943	0.0078	0.19	0.00022	0.0077	2215	2703	3542	2081	1770	1501	1670	2535	4700	2347	1470	1704
PA14_42820	PA14_42820	0.52	6.076	0.0078	0.19	0.00084	0.024	439	340	334	288	274	214	333	319	444	324	228	243
PA14_08540	PA14_08540	-0.353	7.526	0.0079	0.19	0.0067	0.12	807	685	778	960	913	1026	610	642	1033	1083	758	1164
PA14_16640	PA14_16640	0.334	8.174	0.0079	0.19	0.019	0.24	1374	1465	1681	1355	1175	1056	1036	1374	2231	1528	976	1199
PA14_68040	fixR	0.653	7.247	0.0079	0.19	0.00012	0.0046	666	831	1103	575	577	502	501	779	1462	649	480	570
PA14_32280	PA14_32280	-0.334	8.025	0.008	0.19	0.0094	0.15	1095	1164	977	1354	1354	1369	827	1092	1298	1528	1125	1553
PA14_63580	fdnH	-0.662	3.61	0.008	0.19	0.00026	0.0087	41	37	47	66	66	68	31	35	62	75	55	77
PA14_68360	PA14_68360	0.31	7.928	0.008	0.19	0.024	0.27	1125	1209	1445	992	1067	990	848	1134	1917	1120	887	1124
PA14_33060	PA14_33060	0.545	4.157	0.0081	0.19	0.0022	0.05	87	98	105	57	77	67	65	92	139	65	64	76
PA14_54210	PA14_54210	-0.477	9.226	0.0081	0.19	0.004	0.079	2914	2184	1939	2975	3065	3749	2202	2048	2577	3357	2546	4253
PA14_66770	hslV	-0.485	6.405	0.0081	0.19	0.0019	0.046	397	278	316	398	462	523	301	260	420	450	384	593
PA14_33770	PA14_33770	0.739	6.25	0.0082	0.19	5.4e-05	0.0024	360	388	579	307	263	226	270	364	765	346	218	257
PA14_03680	cysT	0.335	7.346	0.0083	0.19	0.0077	0.13	796	823	924	653	697	668	600	772	1226	737	579	758
PA14_12260	PA14_12260	0.337	8.836	0.0083	0.19	0.0061	0.11	2365	2390	2410	1856	1897	1921	1785	2242	3200	2094	1576	2180
PA14_16300	PA14_16300	-0.553	4.648	0.0085	0.19	0.0045	0.089	87	126	69	143	130	138	65	119	93	161	108	157
PA14_26860	hpkR	0.366	7.614	0.0086	0.19	0.0041	0.08	1062	1082	951	833	817	751	802	1015	1264	940	679	852
PA14_21640	PA14_21640	-0.463	6.051	0.0087	0.2	0.0025	0.055	302	226	253	302	400	374	229	212	336	341	333	424
PA14_23790	leuB	0.556	5.93	0.0087	0.19	0.0016	0.04	275	337	397	257	256	175	206	316	525	290	213	199
PA14_61010	PA14_61010	-0.96	12.756	0.0088	0.2	2.1e-05	0.0011	29328	18890	17775	31425	39738	57228	22142	17717	23607	35461	33011	64932
PA14_02500	exbB1	-0.616	3.834	0.0089	0.2	0.0036	0.074	66	38	51	78	90	69	51	35	68	88	75	79
PA14_09410	phzG1	0.398	6.008	0.0089	0.2	0.0022	0.05	353	338	333	261	282	234	267	317	442	295	235	266
PA14_15030	leuA	-0.313	8.048	0.009	0.2	0.019	0.24	1227	1086	1001	1435	1283	1395	927	1019	1330	1619	1065	1583
PA14_40100	PA14_40100	-0.346	7.407	0.009	0.2	0.0043	0.084	729	703	664	878	885	899	551	659	883	991	735	1020
PA14_38180	PA14_38180	-0.353	8.396	0.0091	0.2	0.0095	0.15	1340	1372	1441	1563	1726	2016	1011	1287	1913	1764	1434	2287
PA14_12470	PA14_12470	0.416	6.05	0.0092	0.2	0.0029	0.061	388	369	303	243	288	262	294	346	404	275	240	297
PA14_33840	PA14_33840	0.559	4.432	0.0093	0.2	0.0028	0.059	93	134	125	91	84	66	69	126	166	102	70	75
PA14_39150	acpD	-1.193	1.766	0.0094	0.2	0.00043	0.014	7	9	9	19	21	18	5	8	12	21	18	20
PA14_60310	pilY1	-0.335	10.517	0.0094	0.2	0.021	0.25	6912	5879	5419	7323	7003	8634	5219	5514	7198	8263	5817	9796
PA14_58730	pilA	0.316	11.115	0.0095	0.2	0.018	0.23	10403	12704	11465	9711	9311	8749	7852	11916	15225	10958	7735	9927
PA14_09460	phzC1	0.35	7.675	0.0096	0.2	0.013	0.19	1095	1111	1009	927	898	699	827	1042	1341	1045	746	794
PA14_12920	PA14_12920	0.417	7.319	0.0096	0.2	0.0062	0.11	716	866	977	688	692	539	539	812	1296	776	575	612
PA14_44300	aer	-0.424	8.961	0.0097	0.21	0.013	0.19	2352	2179	1447	2490	2648	2881	1777	2044	1925	2810	2200	3268
PA14_09400	phzS	0.332	8.719	0.0098	0.21	0.01	0.16	2336	2109	2152	1737	1879	1627	1764	1978	2858	1960	1561	1846
PA14_16990	PA14_16990	0.336	7.491	0.01	0.22	0.013	0.19	1002	791	1023	717	742	773	757	742	1358	809	616	877
PA14_33580	PA14_33580	0.598	3.745	0.01	0.21	0.0014	0.036	63	71	82	51	46	48	47	67	108	57	38	54
PA14_33740	pvdP	0.809	8.133	0.01	0.21	2.2e-05	0.0011	1203	1579	2228	1047	945	868	906	1481	2954	1181	785	985
PA14_35780	PA14_35780	-0.329	10.924	0.01	0.21	0.014	0.2	7969	7489	8754	10209	9206	10995	6015	7024	11624	11520	7647	12475
PA14_36200	PA14_36200	0.34	8.156	0.01	0.21	0.017	0.22	1342	1401	1728	1278	1173	1084	1012	1314	2293	1442	974	1230
PA14_47120	PA14_47120	0.427	5.545	0.01	0.21	0.0018	0.043	261	229	256	206	163	184	197	215	340	232	135	209
PA14_67420	hutC	0.342	6.88	0.01	0.22	0.0076	0.13	572	635	635	500	517	439	431	596	843	564	430	498
PA14_19380	PA14_19380	-0.608	6.014	0.011	0.22	0.0025	0.055	315	236	165	311	354	425	240	221	222	351	294	481
PA14_23360	wzz	-0.307	10.995	0.011	0.23	0.025	0.28	8324	9003	8325	9849	9808	12067	6283	8444	11055	11114	8147	13691
PA14_32905	PA14_32905	0.583	5.846	0.011	0.22	0.00053	0.016	241	322	394	222	217	203	180	302	521	250	180	230
PA14_42180	PA14_42180	0.381	6.172	0.011	0.22	0.0061	0.11	384	411	347	292	330	256	290	386	462	329	275	291
PA14_45620	cheY	-0.446	7.876	0.011	0.22	0.0062	0.11	1033	1029	729	1145	1181	1474	781	965	971	1293	981	1672
PA14_45630	fliA	-0.322	8.161	0.011	0.22	0.023	0.26	1300	1206	1067	1384	1381	1696	982	1131	1418	1562	1147	1924
PA14_47130	PA14_47130	0.549	5.798	0.011	0.22	0.0038	0.076	280	325	319	269	224	140	211	305	423	302	186	160
PA14_51610	PA14_51610	-0.716	3.255	0.011	0.22	0.0011	0.028	22	35	37	45	56	57	16	33	49	51	47	65
PA14_54240	PA14_54240	-0.51	5.952	0.011	0.23	0.0036	0.074	299	226	188	311	308	395	228	212	252	351	255	447
PA14_55030	PA14_55030	0.697	3.176	0.011	0.22	0.0017	0.041	53	44	55	25	36	34	40	41	72	28	30	38
PA14_59590	PA14_59590	-0.355	8.697	0.011	0.22	0.01	0.16	1614	1769	1728	1985	2034	2520	1218	1659	2295	2240	1689	2859
PA14_59780	rcsC	-0.639	8.343	0.011	0.22	0.00055	0.017	1454	1169	939	1477	1790	2280	1100	1096	1250	1668	1487	2586
PA14_71740	accC	0.678	8.512	0.011	0.22	4.1e-05	0.0019	2447	2310	1558	1338	1234	1372	1849	2167	2072	1510	1025	1557
PA14_06090	PA14_06090	-1.779	0.751	0.012	0.23	0.00097	0.026	4	2	2	9	13	7	3	2	3	10	11	8
PA14_08190	PA14_08190	0.44	5.039	0.012	0.23	0.0082	0.14	176	179	170	146	145	97	133	168	226	164	121	111
PA14_13920	PA14_13920	0.723	3.22	0.012	0.23	0.0037	0.075	42	45	68	36	31	28	31	42	89	40	26	32
PA14_16310	PA14_16310	-0.49	4.436	0.012	0.23	0.003	0.063	87	92	69	122	107	115	66	86	93	137	89	131
PA14_23750	leuC	0.37	7.401	0.012	0.23	0.01	0.16	859	772	1039	749	700	618	648	724	1378	845	582	702
PA14_31330	PA14_31330	-0.536	5.157	0.012	0.24	0.002	0.047	158	114	133	158	200	229	120	107	177	179	166	259
PA14_36570	glgA	0.668	3.495	0.012	0.23	0.0047	0.091	53	71	62	52	40	26	39	67	83	58	33	30
PA14_46540	PA14_46540	-0.311	9.173	0.012	0.24	0.018	0.23	2369	2473	2393	2851	2762	3364	1788	2320	3178	3217	2294	3816
PA14_54960	PA14_54960	0.473	5.457	0.012	0.24	0.0032	0.066	190	231	285	178	169	165	142	217	377	201	140	187
PA14_55020	PA14_55020	0.49	4.339	0.012	0.23	0.0089	0.15	92	109	122	60	80	91	69	102	161	68	67	103
PA14_60890	glyA	-0.405	6.362	0.012	0.24	0.0023	0.051	291	324	372	439	469	404	219	304	492	495	390	459
PA14_63280	PA14_63280	-0.318	7.729	0.012	0.23	0.012	0.18	916	919	817	1086	1057	1159	692	862	1086	1226	878	1315
PA14_05630	PA14_05630	0.605	3.6	0.013	0.25	0.0078	0.13	50	67	78	40	52	39	37	63	103	45	44	44
PA14_06530	bioH	0.416	5.488	0.013	0.24	0.0022	0.05	255	234	229	193	185	159	193	219	304	217	154	181
PA14_15530	trbK	-1.004	2.539	0.013	0.25	0.001	0.027	15	20	16	26	28	47	11	19	21	30	23	53
PA14_22320	PA14_22320	-0.784	2.715	0.013	0.24	0.005	0.096	25	24	16	27	41	43	19	23	22	31	34	49
PA14_32985	gcvH2	-0.74	3.032	0.013	0.24	0.00057	0.017	21	27	33	41	49	48	15	25	43	46	41	54
PA14_40020	PA14_40020	-0.416	5.414	0.013	0.25	0.015	0.21	171	213	127	224	228	227	129	200	171	253	189	258
PA14_44390	PA14_44390	-0.559	3.848	0.013	0.24	0.0052	0.099	58	51	51	68	69	98	44	48	68	77	57	110
PA14_44520	ydgF	0.499	4.325	0.013	0.24	0.0023	0.051	111	97	116	83	80	67	84	91	154	94	67	76
PA14_44960	PA14_44960	0.549	4.558	0.013	0.25	0.0064	0.11	115	120	150	84	114	66	86	112	198	95	96	76
PA14_67400	PA14_67400	0.285	8.374	0.013	0.24	0.037	0.37	1516	1657	1940	1420	1449	1330	1143	1554	2574	1602	1204	1509
PA14_23380	orfH	-0.306	10.834	0.014	0.25	0.028	0.3	8236	7339	7364	8997	8530	10828	6218	6883	9779	10153	7085	12285
PA14_41400	PA14_41400	0.456	4.7	0.014	0.26	0.0018	0.043	127	141	146	98	99	105	95	132	193	111	82	119
PA14_43630	PA14_43630	-0.581	3.82	0.014	0.25	0.0017	0.041	48	45	59	73	70	87	36	42	78	82	58	98
PA14_55160	toxR	1.444	3.459	0.014	0.26	2.1e-05	0.0011	54	48	111	28	34	16	40	45	144	31	29	19
PA14_60320	pilE	-0.306	9.478	0.014	0.26	0.016	0.22	3081	2854	3024	3564	3507	4006	2326	2677	4016	4022	2913	4545
PA14_60480	PA14_60480	0.525	9.137	0.014	0.25	0.0025	0.055	2365	3364	3602	2225	2467	1795	1783	3155	4781	2511	2050	2037
PA14_65160	PA14_65160	0.363	7.847	0.014	0.25	0.0073	0.13	1296	1286	1056	918	895	1014	979	1206	1404	1036	743	1150
PA14_06000	clpA	-0.292	8.692	0.015	0.27	0.026	0.29	1891	1756	1576	2018	2138	2236	1428	1647	2094	2277	1776	2537
PA14_14080	estB	-0.729	2.952	0.015	0.27	0.0011	0.029	24	29	24	44	43	40	18	27	32	50	36	45
PA14_43530	PA14_43530	0.334	6.508	0.015	0.28	0.012	0.18	477	429	514	398	391	339	360	402	682	449	325	385
PA14_48800	PA14_48800	-0.341	9.606	0.015	0.27	0.015	0.21	3393	3070	3198	3830	3651	4758	2562	2879	4247	4322	3032	5398
PA14_48880	intT	-0.331	7.875	0.015	0.28	0.0072	0.13	967	963	988	1168	1263	1241	730	903	1312	1318	1049	1408
PA14_07040	yqjC	-0.509	4.417	0.016	0.28	0.0018	0.043	78	69	92	103	128	113	59	65	121	117	107	128
PA14_13140	PA14_13140	0.317	8.482	0.016	0.28	0.01	0.16	1899	1821	1852	1544	1468	1462	1434	1708	2459	1742	1219	1659
PA14_20460	PA14_20460	-0.45	4.805	0.016	0.28	0.0031	0.065	114	107	105	162	157	126	86	100	140	182	131	143
PA14_24500	pelC	-0.657	3.242	0.016	0.28	0.0016	0.039	32	38	28	53	49	51	24	36	38	60	41	58
PA14_28070	PA14_28070	0.655	4.475	0.016	0.28	0.0055	0.1	102	127	145	88	102	48	76	119	191	99	86	55
PA14_32590	dipZ2	-0.324	7.145	0.016	0.29	0.015	0.2	575	616	567	668	705	829	434	578	754	754	585	940
PA14_53600	PA14_53600	-0.311	8.59	0.016	0.28	0.013	0.19	1586	1607	1637	2022	1877	2092	1197	1507	2174	2282	1559	2374
PA14_66750	argS	-0.413	6.508	0.016	0.28	0.0081	0.14	444	326	324	429	477	549	337	306	432	485	396	622
PA14_02620	mdcH	-0.872	2.375	0.017	0.29	0.0028	0.059	17	15	14	25	23	36	13	14	19	28	19	40
PA14_05340	pilI	-0.352	6.472	0.017	0.3	0.0038	0.076	364	358	369	432	466	496	275	336	490	488	387	562
PA14_15130	PA14_15130	-0.355	5.926	0.017	0.3	0.01	0.16	239	289	218	320	313	319	180	271	291	361	260	362
PA14_33250	PA14_33250	1.178	6.585	0.017	0.29	8.7e-06	5e-04	350	611	896	297	318	204	261	573	1185	335	265	232
PA14_33830	PA14_33830	0.474	8.997	0.017	0.3	0.0038	0.076	2136	2923	3283	2181	2035	1790	1610	2742	4358	2461	1691	2032
PA14_54830	PA14_54830	-0.46	6.552	0.017	0.3	0.0026	0.057	304	336	462	505	531	485	228	315	611	570	441	551
PA14_71650	aspA	0.276	9.934	0.017	0.29	0.033	0.34	4807	4680	5570	4131	4218	4084	3628	4389	7395	4662	3504	4634
PA14_17110	uppS	0.316	7.282	0.018	0.31	0.018	0.23	753	868	797	706	671	566	568	814	1058	796	558	643
PA14_23430	PA14_23430	-0.374	10.354	0.018	0.31	0.013	0.19	5089	6242	4690	6409	6420	7936	3841	5855	6229	7232	5333	9004
PA14_36850	PA14_36850	0.565	3.675	0.018	0.3	0.0025	0.055	65	68	73	52	48	39	49	64	96	59	40	45
PA14_48560	PA14_48560	-0.494	4.145	0.018	0.31	0.0047	0.091	66	78	59	90	89	104	50	73	79	102	74	118
PA14_20850	slyA	0.329	6.784	0.019	0.31	0.022	0.26	475	601	641	478	474	417	357	564	850	539	394	474
PA14_24690	dacB	0.33	6.905	0.019	0.31	0.0057	0.1	633	611	625	510	501	477	478	573	830	575	416	541
PA14_25980	aroF	-0.355	6.907	0.019	0.32	0.017	0.22	484	567	426	726	569	591	365	532	567	818	472	671
PA14_65380	PA14_65380	-0.453	4.494	0.019	0.31	0.0064	0.11	94	85	83	113	105	138	71	80	111	128	87	156
PA14_34600	gapB	-0.557	3.733	0.02	0.33	0.0024	0.053	50	50	45	63	73	77	38	47	60	71	61	87
PA14_40840	sohB	-0.339	8.452	0.02	0.34	0.016	0.21	1498	1426	1419	1623	1718	2148	1131	1337	1884	1832	1427	2436
PA14_19990	PA14_19990	0.399	4.769	0.021	0.35	0.016	0.21	131	125	173	106	111	110	98	117	228	120	92	125
PA14_30180	idh	0.284	7.531	0.021	0.34	0.029	0.31	869	928	1052	759	798	784	655	870	1396	857	663	890
PA14_40050	PA14_40050	-0.383	5.315	0.021	0.34	0.019	0.24	151	197	133	202	194	229	114	185	178	228	161	260
PA14_64480	osmE	0.331	7.03	0.021	0.34	0.0085	0.14	699	654	689	573	498	552	528	613	915	646	413	626
PA14_60810	nfxB	-0.691	4.503	0.022	0.36	0.0053	0.099	122	59	59	119	122	146	95	55	80	135	101	165
PA14_62960	dnaJ	-0.34	8.663	0.022	0.36	0.027	0.29	1951	1681	1393	1877	2116	2366	1474	1577	1852	2119	1758	2684
PA14_66460	PA14_66460	-0.458	8.481	0.022	0.36	0.016	0.22	1895	1341	992	1838	1979	1991	1434	1258	1321	2074	1644	2259
PA14_67050	PA14_67050	-0.377	5.741	0.022	0.36	0.0046	0.089	208	195	243	284	264	294	157	183	321	320	219	333
PA14_73310	atpB	-0.286	8.187	0.022	0.36	0.033	0.34	1347	1098	1237	1535	1384	1571	1018	1030	1643	1732	1149	1782
PA14_08380	PA14_08380	0.353	5.647	0.023	0.37	0.0088	0.15	249	253	279	185	207	221	188	237	370	209	172	251
PA14_30550	ssuA	0.379	6.234	0.023	0.37	0.013	0.19	347	455	386	324	340	251	261	427	513	365	283	286
PA14_48060	aprA	-0.318	10.587	0.023	0.37	0.018	0.23	6130	5916	7193	7455	8283	8256	4627	5549	9551	8413	6881	9367
PA14_49310	PA14_49310	-0.493	8.146	0.023	0.37	0.0047	0.091	801	1393	1105	1442	1606	1596	602	1307	1467	1627	1334	1811
PA14_57020	groES	-0.425	9.669	0.023	0.37	0.006	0.11	3643	2984	3136	3670	4215	5222	2751	2799	4165	4142	3501	5924
PA14_66790	hslU	-0.55	7.493	0.023	0.37	0.0024	0.054	845	659	547	811	959	1231	640	618	728	916	796	1396
PA14_72390	kinB	0.325	6.842	0.023	0.37	0.0064	0.11	599	603	585	488	466	472	452	566	777	550	387	536
EBG00001225152	tRNA	1.844	0.532	0.024	0.37	0.004	0.079	8	6	8	2	3	1	6	6	10	2	3	1
PA14_00560	exoT	0.323	6.749	0.024	0.38	0.014	0.2	607	540	530	406	494	441	459	506	705	458	411	501
PA14_05850	PA14_05850	-0.418	4.619	0.024	0.38	0.011	0.17	108	95	89	149	117	121	82	89	119	168	97	137
PA14_29360	pfeS	0.275	7.702	0.024	0.38	0.042	0.4	1005	1074	1116	905	971	767	758	1007	1482	1021	807	871
PA14_40040	PA14_40040	-0.441	7.215	0.024	0.37	0.022	0.26	704	680	384	799	730	870	533	638	514	902	606	987
PA14_61600	PA14_61600	0.282	9.233	0.024	0.38	0.039	0.38	2843	3494	2939	2624	2678	2327	2145	3277	3903	2961	2225	2641
PA14_03620	PA14_03620	0.999	1.762	0.025	0.39	0.0025	0.055	20	17	20	10	12	7	15	16	26	11	10	8
PA14_05130	PA14_05130	-0.399	5.734	0.025	0.39	0.021	0.25	275	202	166	274	268	303	210	189	223	309	222	344
PA14_16250	lasB	-0.291	10.891	0.025	0.39	0.025	0.28	7298	8407	8287	9712	9361	10284	5508	7885	11004	10959	7776	11668
PA14_24210	PA14_24210	0.339	6.252	0.025	0.38	0.018	0.23	385	452	356	333	339	270	290	424	474	376	282	307
PA14_53070	hpd	-0.419	6.113	0.025	0.38	0.0048	0.092	250	270	304	347	319	436	188	253	402	392	264	494
PA14_57960	ptsN	0.318	7.457	0.025	0.38	0.014	0.2	1028	815	893	726	726	740	777	764	1186	819	603	840
PA14_10820	PA14_10820	0.296	7.812	0.026	0.39	0.016	0.21	1155	1189	1134	913	966	954	872	1115	1506	1030	803	1082
PA14_12740	PA14_12740	-0.376	7.408	0.026	0.39	0.014	0.2	738	759	578	763	891	1037	558	712	769	862	740	1176
PA14_20000	PA14_20000	0.496	6.65	0.026	0.39	0.0032	0.066	582	615	452	463	403	302	440	577	602	522	335	344
PA14_23410	orfJ	-0.274	11.041	0.026	0.39	0.031	0.33	9302	8662	8839	10252	10697	11456	7022	8124	11738	11569	8886	12998
PA14_30050	aceA	-0.325	6.799	0.026	0.39	0.018	0.23	483	388	513	587	541	607	365	364	680	662	449	688
PA14_44920	PA14_44920	-0.287	7.825	0.026	0.39	0.037	0.37	1004	932	930	1068	1078	1347	758	874	1235	1205	895	1528
PA14_53470	ackA	-0.43	6.651	0.026	0.39	0.017	0.22	533	368	299	516	526	571	405	345	400	583	437	648
PA14_55960	pctC	0.356	6.509	0.026	0.39	0.0091	0.15	511	525	399	367	367	384	386	493	532	414	305	436
PA14_56690	feoA	-0.326	6.868	0.026	0.39	0.016	0.22	525	413	513	620	641	558	397	387	680	700	533	633
PA14_12960	PA14_12960	-0.353	5.465	0.027	0.41	0.013	0.19	200	161	178	249	211	226	152	151	236	281	175	256
PA14_46550	PA14_46550	-0.286	8.056	0.027	0.4	0.027	0.3	1097	1152	1116	1312	1279	1511	828	1081	1482	1481	1062	1714
PA14_18110	mmsR	-0.464	4.161	0.028	0.41	0.011	0.17	68	64	75	102	76	107	51	60	99	115	62	121
PA14_20250	PA14_20250	-0.801	2.366	0.028	0.41	0.0029	0.062	16	18	14	25	29	30	12	17	19	28	24	34
PA14_32540	PA14_32540	-0.442	4.308	0.028	0.41	0.02	0.24	89	78	65	85	106	122	68	73	87	96	88	138
PA14_35210	PA14_35210	-0.727	2.724	0.028	0.42	0.014	0.2	32	19	15	32	44	32	25	18	21	36	37	37
PA14_42640	pscT	1.357	0.943	0.028	0.41	0.0059	0.11	11	15	8	3	5	5	8	14	11	3	4	6
PA14_57540	PA14_57540	-0.267	7.319	0.028	0.41	0.049	0.43	772	645	617	847	749	847	584	605	820	956	622	961
PA14_00710	osmC	0.368	5.924	0.029	0.43	0.021	0.25	276	347	329	284	261	194	207	326	437	320	217	221
PA14_03870	spuA	0.312	6.175	0.029	0.43	0.014	0.2	340	377	397	296	301	303	256	354	527	334	250	344
PA14_33600	PA14_33600	0.761	7.37	0.029	0.42	0.00052	0.016	650	944	1321	648	628	443	488	885	1750	731	522	504
PA14_52670	aruD	0.296	9.927	0.029	0.42	0.025	0.28	5080	5503	4495	4267	4101	3913	3835	5162	5970	4815	3407	4440
PA14_54070	PA14_54070	0.36	5.353	0.029	0.42	0.026	0.29	179	231	226	181	181	135	134	217	299	204	151	154
PA14_20610	lecB	0.267	9.226	0.03	0.43	0.039	0.38	3167	2729	3291	2510	2542	2585	2391	2559	4369	2832	2112	2933
PA14_37610	PA14_37610	-0.514	3.795	0.03	0.43	0.0071	0.12	55	53	49	66	90	69	42	50	65	75	75	79
PA14_46520	PA14_46520	-0.248	9.087	0.03	0.43	0.069	0.52	2473	2294	2216	2811	2409	3071	1867	2152	2943	3172	2000	3484
PA14_56240	pykA	-0.286	6.968	0.03	0.44	0.027	0.29	562	532	487	613	632	680	425	499	647	692	525	771
PA14_21280	PA14_21280	-0.273	7.36	0.031	0.45	0.046	0.42	765	720	604	760	888	873	578	675	804	858	738	990
PA14_16160	PA14_16160	-0.354	5.167	0.032	0.45	0.018	0.23	160	144	134	187	167	202	121	135	179	211	138	229
PA14_24550	pelF	-0.437	4.405	0.032	0.46	0.0048	0.092	80	78	88	110	103	120	60	73	116	124	85	136
PA14_28600	PA14_28600	-0.348	9.036	0.032	0.46	0.018	0.23	1926	2431	2132	2894	3034	2335	1453	2280	2832	3265	2521	2650
PA14_62050	PA14_62050	-0.334	5.793	0.032	0.46	0.02	0.24	218	240	227	262	261	340	164	225	302	296	216	385
PA14_62990	grpE	-0.45	7.737	0.032	0.46	0.0054	0.1	967	733	830	957	1101	1395	731	687	1102	1081	914	1582
PA14_24510	pelD	-0.409	4.849	0.033	0.47	0.011	0.17	94	136	113	135	169	153	70	128	150	153	141	174
PA14_25840	PA14_25840	-0.325	6.277	0.033	0.46	0.012	0.18	322	294	344	380	385	438	243	276	456	429	320	497
PA14_59120	PA14_59120	-0.419	5.017	0.033	0.46	0.013	0.19	135	129	122	134	180	201	102	121	162	152	150	227
PA14_61840	vapI	-0.366	8.09	0.033	0.47	0.015	0.21	1169	1175	1001	1270	1307	1730	883	1102	1330	1434	1085	1962
PA14_69640	cyaY	0.269	7.498	0.033	0.46	0.038	0.37	853	984	933	710	841	750	643	923	1239	802	699	851
PA14_06570	bioD	0.416	4.516	0.034	0.48	0.012	0.18	134	117	113	88	106	79	102	110	150	99	89	90
PA14_22620	cyaB	-0.332	5.61	0.034	0.47	0.014	0.2	223	194	185	256	255	244	169	182	247	289	212	277
PA14_36650	PA14_36650	0.662	3.155	0.034	0.47	0.011	0.17	44	63	42	38	35	21	33	59	56	43	29	24
PA14_38340	PA14_38340	0.313	6.585	0.034	0.47	0.013	0.19	511	506	470	421	411	365	386	475	625	475	342	414
PA14_40630	yhgI	0.253	9.216	0.034	0.47	0.045	0.41	2820	3124	3138	2394	2625	2601	2128	2930	4167	2702	2181	2951
PA14_58570	piuA	-0.419	6.178	0.034	0.48	0.016	0.22	373	256	239	369	346	442	284	240	319	417	287	501
PA14_65000	azu	-0.25	8.767	0.034	0.47	0.075	0.54	2094	1720	1776	2113	2049	2482	1582	1613	2359	2384	1702	2816
PA14_02560	mdcB	0.996	1.658	0.035	0.48	0.004	0.079	16	19	16	8	8	9	12	18	21	9	7	10
PA14_17710	PA14_17710	0.479	5.19	0.035	0.48	0.0052	0.098	239	191	166	124	169	135	182	179	222	140	141	153
PA14_23450	orfM	-0.243	9.232	0.035	0.48	0.08	0.55	2602	2869	2269	2844	2953	3360	1964	2691	3015	3210	2453	3812
PA14_33540	PA14_33540	0.458	5.785	0.035	0.48	0.0075	0.13	217	327	345	217	233	199	162	307	456	245	194	226
PA14_39540	PA14_39540	-0.283	6.912	0.035	0.48	0.064	0.5	589	533	403	576	624	652	446	500	537	650	518	740
PA14_48640	PA14_48640	-0.873	2.514	0.035	0.48	0.0053	0.099	6	24	20	37	30	27	4	23	26	42	25	31
PA14_49960	PA14_49960	-0.37	4.914	0.035	0.48	0.017	0.22	142	110	113	169	153	146	108	103	150	190	127	166
PA14_55620	PA14_55620	-0.373	5.214	0.035	0.48	0.0053	0.1	138	152	155	195	193	192	104	143	206	220	160	218
PA14_62940	dapB	-0.249	8.296	0.035	0.48	0.067	0.51	1414	1440	1179	1492	1570	1728	1068	1351	1567	1684	1304	1960
PA14_23390	orfE	-0.27	12.608	0.036	0.49	0.041	0.39	26136	25264	28189	30322	30635	34982	19729	23696	37433	34216	25449	39692
PA14_37410	PA14_37410	0.396	4.672	0.036	0.49	0.026	0.29	110	145	144	121	98	85	82	136	190	136	81	97
PA14_53450	PA14_53450	-0.342	6.469	0.036	0.49	0.019	0.24	384	378	330	406	425	550	290	355	439	459	353	623
PA14_12730	PA14_12730	-1.013	1.613	0.037	0.49	0.0078	0.13	11	5	7	11	19	19	9	5	10	13	16	21
PA14_19310	PA14_19310	-0.283	8.783	0.037	0.5	0.074	0.54	2144	2018	1421	2173	2299	2317	1620	1893	1890	2452	1910	2629
PA14_27230	PA14_27230	-0.458	3.796	0.037	0.5	0.033	0.34	59	61	40	75	61	80	45	57	55	85	50	91
PA14_63330	PA14_63330	0.415	4.493	0.037	0.49	0.012	0.18	124	118	113	100	96	70	94	111	150	113	80	80
PA14_02630	mdcL	-0.384	4.617	0.038	0.5	0.024	0.28	96	120	79	126	129	128	72	113	106	142	107	145
PA14_20470	PA14_20470	-0.404	4.443	0.038	0.5	0.013	0.19	86	92	80	121	98	120	65	86	107	136	81	136
PA14_25810	PA14_25810	-0.357	5.124	0.038	0.5	0.026	0.29	151	151	125	150	202	194	114	142	167	170	168	220
PA14_35160	PA14_35160	-0.574	4.326	0.038	0.5	0.0076	0.13	86	67	67	121	76	130	66	63	90	136	62	147
PA14_42450	popB	0.323	6.251	0.038	0.51	0.013	0.19	436	394	356	306	337	305	330	370	474	345	280	346
PA14_45940	lasI	-0.28	8.086	0.038	0.51	0.027	0.3	1145	1078	1220	1374	1340	1469	864	1011	1620	1550	1113	1666
PA14_06890	PA14_06890	0.334	5.82	0.039	0.51	0.0095	0.15	297	299	287	260	217	221	224	280	381	293	180	251
PA14_13110	PA14_13110	0.304	6.467	0.039	0.51	0.018	0.23	493	423	450	389	385	333	373	397	598	439	320	378
PA14_15120	PA14_15120	-0.384	4.858	0.039	0.51	0.006	0.11	105	121	121	148	146	162	79	114	161	167	121	184
PA14_38825	pqqA	0.335	5.582	0.039	0.51	0.011	0.17	249	242	253	218	188	183	188	227	336	246	156	208
PA14_40030	PA14_40030	-0.392	5.832	0.039	0.51	0.035	0.36	284	247	157	291	279	331	216	232	212	329	231	375
PA14_64620	PA14_64620	0.679	5.987	0.039	0.51	0.0059	0.11	265	354	467	276	267	134	198	332	617	311	223	153
PA14_33270	pvdG	0.829	7.415	0.04	0.51	0.00058	0.017	660	945	1451	682	615	422	495	886	1922	769	511	480
PA14_45340	PA14_45340	-1.632	0.473	0.04	0.52	0.004	0.079	0	3	3	8	7	7	0	3	4	9	6	8
PA14_52570	rsmA	-0.517	12.552	0.04	0.52	0.0023	0.051	23755	23296	22385	25407	32065	41888	17932	21850	29727	28670	26637	47526
PA14_53480	pta	-0.357	7.684	0.04	0.52	0.032	0.33	1063	796	674	961	1122	1158	805	746	897	1085	932	1314
PA14_56670	PA14_56670	-0.382	5.489	0.04	0.52	0.035	0.36	237	171	137	251	224	231	181	160	184	283	186	262
PA14_60080	PA14_60080	-0.267	9.807	0.04	0.52	0.053	0.46	3785	3993	3649	4124	4328	5297	2857	3745	4846	4654	3595	6009
PA14_66490	ynfL	0.567	3.135	0.04	0.52	0.013	0.19	49	42	52	39	34	23	37	39	68	44	28	27
PA14_27640	rebB2	0.816	2.096	0.041	0.52	0.004	0.079	23	26	21	13	12	13	17	24	28	15	10	15
PA14_27210	efp	-0.373	7.513	0.042	0.53	0.013	0.19	674	644	910	896	992	1002	508	604	1206	1011	824	1137
PA14_27920	vacJ	0.253	7.783	0.042	0.53	0.073	0.54	1051	997	1310	965	977	878	793	935	1737	1089	812	996
PA14_52640	PA14_52640	0.288	7.369	0.042	0.53	0.026	0.29	865	817	866	688	618	779	653	766	1150	776	513	883
PA14_34720	PA14_34720	0.613	6.189	0.043	0.54	0.0033	0.068	271	433	528	260	317	230	202	406	698	293	264	261
PA14_70590	PA14_70590	-0.33	5.953	0.043	0.54	0.018	0.23	211	278	275	312	307	344	158	261	364	352	255	390
PA14_06160	fiuA	0.269	6.734	0.044	0.55	0.04	0.38	546	493	588	414	469	468	412	462	780	468	390	531
PA14_55320	PA14_55320	-0.955	1.676	0.044	0.55	0.0073	0.13	10	8	8	13	18	20	8	7	11	15	15	22
PA14_16290	PA14_16290	-0.36	4.705	0.045	0.56	0.034	0.35	132	92	95	137	135	134	101	86	127	155	112	152
PA14_35530	bkdA1	-0.424	4.904	0.045	0.56	0.014	0.2	94	143	117	141	151	183	70	134	155	160	125	207
PA14_42440	popD	0.323	5.734	0.045	0.56	0.0097	0.16	292	267	269	217	224	220	221	250	358	245	186	250
PA14_58690	PA14_58690	0.277	9.639	0.045	0.56	0.039	0.38	4360	4200	3719	3075	3365	3696	3292	3939	4940	3470	2795	4193
PA14_72640	PA14_72640	0.31	6.143	0.045	0.56	0.02	0.25	397	322	378	317	273	293	300	302	501	357	226	333
PA14_03090	PA14_03090	-0.295	6.69	0.046	0.56	0.023	0.27	383	483	429	538	532	520	288	453	570	607	442	590
PA14_09490	phzM	0.239	9.139	0.046	0.56	0.062	0.5	2628	2948	2998	2541	2428	2298	1983	2765	3980	2867	2017	2608
PA14_11320	PA14_11320	0.409	4.086	0.046	0.57	0.035	0.36	86	86	94	59	86	58	65	81	124	67	72	66
PA14_16610	PA14_16610	-0.421	4.229	0.046	0.56	0.0083	0.14	70	76	72	92	95	105	53	71	96	104	79	119
PA14_17900	metR	0.279	6	0.046	0.56	0.05	0.44	302	297	380	289	265	254	227	278	503	326	220	289
PA14_23400	PA14_23400	-0.246	12.919	0.046	0.56	0.059	0.49	34955	31271	33387	36730	39274	42166	26387	29330	44336	41446	32626	47843
PA14_31350	PA14_31350	-0.278	9.278	0.046	0.56	0.033	0.34	2416	2626	2840	2963	3208	3389	1823	2463	3770	3344	2665	3845
PA14_54090	PA14_54090	-0.53	3.241	0.046	0.57	0.025	0.28	31	41	32	58	38	54	23	39	43	65	31	61
PA14_60790	PA14_60790	-0.288	6.644	0.046	0.56	0.028	0.3	412	418	429	462	494	581	311	392	569	522	410	659
PA14_09090	rpsK	0.301	6.667	0.047	0.57	0.019	0.24	574	481	519	426	393	456	434	451	689	481	326	517
PA14_44610	recR	0.456	3.688	0.047	0.57	0.022	0.26	58	62	82	51	51	48	43	58	107	57	42	54
PA14_71230	PA14_71230	-0.692	2.519	0.047	0.57	0.012	0.18	21	13	21	30	24	35	16	12	28	34	20	39
PA14_06940	PA14_06940	0.834	1.952	0.048	0.58	0.011	0.17	22	23	19	9	8	19	17	22	25	10	6	21
PA14_20080	PA14_20080	0.425	4.036	0.048	0.58	0.021	0.25	82	83	91	74	67	51	62	78	120	83	56	58
PA14_48590	PA14_48590	-0.517	3.263	0.048	0.58	0.022	0.26	39	38	30	50	41	60	30	36	41	57	34	68
PA14_07370	PA14_07370	0.317	5.252	0.049	0.59	0.038	0.37	162	211	212	168	153	151	121	198	281	189	127	171
PA14_21900	PA14_21900	-0.368	4.652	0.049	0.59	0.026	0.29	106	102	97	112	124	156	80	96	129	127	103	176
PA14_59850	PA14_59850	-0.622	2.814	0.049	0.59	0.0069	0.12	22	26	25	32	41	40	16	24	33	36	34	45
PA14_00190	fmt	0.426	4.065	0.05	0.59	0.01	0.16	85	88	87	66	70	60	64	83	116	74	58	68
PA14_12900	PA14_12900	-0.283	6.43	0.05	0.59	0.028	0.3	355	357	375	485	391	447	268	335	498	547	324	507
PA14_48530	PA14_48530	-0.731	2.32	0.05	0.6	0.0092	0.15	10	20	17	24	31	26	7	19	23	27	26	30
PA14_51470	cupC1	-0.413	4.264	0.05	0.59	0.012	0.18	84	68	74	93	111	97	64	64	98	105	93	110
PA14_11000	hpaA	0.521	3.308	0.051	0.6	0.0095	0.15	51	53	55	42	29	39	38	50	73	47	24	44
PA14_52660	aruB	0.251	10.169	0.051	0.6	0.043	0.4	5816	6104	5663	4793	4916	5065	4390	5725	7520	5408	4084	5747
PA14_66440	metY	-0.307	5.746	0.051	0.6	0.019	0.24	242	218	209	268	294	262	183	204	278	303	245	298
PA14_72300	PA14_72300	-0.302	5.786	0.051	0.6	0.025	0.29	215	256	216	307	270	270	162	240	288	346	224	306
PA14_44690	PA14_44690	0.252	6.571	0.053	0.62	0.061	0.5	445	494	506	398	455	363	335	463	671	449	379	412
PA14_56990	PA14_56990	0.338	5.269	0.053	0.62	0.021	0.25	203	192	205	185	137	151	153	180	272	208	113	172
PA14_50800	pdxH	-0.329	5.556	0.054	0.64	0.012	0.18	173	205	202	245	253	233	130	192	268	277	210	265
PA14_52740	argR	0.261	7.411	0.054	0.64	0.034	0.35	830	936	837	721	739	712	626	878	1112	814	614	808
PA14_19140	pheC	-0.267	7.173	0.055	0.64	0.033	0.34	573	640	624	790	693	728	432	600	828	891	575	826
PA14_23800	asd	0.33	7.435	0.055	0.64	0.03	0.32	791	791	1117	725	742	682	596	742	1480	818	617	774
PA14_28050	PA14_28050	0.242	9.367	0.055	0.64	0.079	0.55	3209	3640	3201	3083	2962	2455	2422	3414	4251	3478	2461	2786
PA14_59520	PA14_59520	-0.733	2.261	0.055	0.64	0.019	0.23	9	21	14	27	20	27	6	20	19	30	16	31
PA14_71820	yegQ	-0.338	4.914	0.055	0.64	0.022	0.26	136	119	116	147	151	169	103	112	155	166	125	192
PA14_02390	PA14_02390	0.307	5.603	0.056	0.65	0.019	0.24	238	272	238	198	212	196	179	255	317	223	176	222
PA14_40910	PA14_40910	-0.35	4.852	0.056	0.65	0.012	0.18	123	114	116	159	149	141	93	107	154	179	124	160
PA14_55740	chrA	0.778	1.954	0.056	0.65	0.036	0.36	19	18	24	14	16	6	14	17	32	16	14	7
PA14_55790	PA14_55790	0.394	8.844	0.056	0.65	0.011	0.17	2637	2786	1915	1883	1951	1748	1991	2613	2546	2125	1621	1984
PA14_60190	clpB	-0.405	11.437	0.056	0.65	0.023	0.27	13221	11533	8781	12222	14231	17961	9982	10817	11663	13792	11822	20378
PA14_14310	PA14_14310	-0.396	4.584	0.057	0.65	0.018	0.23	83	82	116	117	118	139	62	77	153	132	98	157
PA14_23950	PA14_23950	0.271	6.737	0.057	0.65	0.027	0.3	533	567	532	471	456	425	402	532	707	531	379	483
PA14_30490	PA14_30490	0.359	5.02	0.057	0.65	0.024	0.27	172	182	154	117	118	159	130	171	205	132	98	180
PA14_64560	PA14_64560	-0.42	4.105	0.057	0.65	0.021	0.25	70	64	67	101	98	70	53	60	89	114	82	80
PA14_67210	PA14_67210	-0.333	6.615	0.057	0.65	0.026	0.29	442	387	387	437	478	614	334	363	515	494	397	696
PA14_10350	PA14_10350	0.42	7.484	0.058	0.66	0.019	0.23	748	915	1207	719	834	593	563	858	1600	811	694	674
PA14_13960	PA14_13960	-0.378	4.187	0.058	0.66	0.056	0.47	78	76	65	100	72	109	59	71	87	113	59	123
PA14_28580	PA14_28580	-0.518	3.298	0.058	0.66	0.0087	0.15	33	32	43	49	53	56	25	30	56	55	44	63
PA14_38860	exaA	1.083	3.977	0.058	0.66	0.00051	0.016	124	125	47	42	59	38	95	118	66	48	50	44
PA14_56070	mvaT	0.215	10.52	0.058	0.66	0.11	0.64	6382	8022	7767	6539	6429	6135	4816	7524	10313	7378	5341	6961
PA14_23830	fimV	-0.254	9.619	0.059	0.66	0.079	0.55	3759	3254	3063	3617	3782	4617	2839	3052	4069	4082	3141	5238
PA14_40790	PA14_40790	-0.418	3.947	0.059	0.66	0.024	0.27	54	68	59	90	67	85	40	64	79	101	55	96
PA14_63210	PA14_63210	-0.228	8.731	0.059	0.66	0.095	0.59	1835	2002	1661	2356	2131	1952	1385	1878	2207	2658	1770	2215
PA14_68330	arcA	-0.527	7.779	0.059	0.66	0.02	0.25	1183	788	552	992	1182	1464	897	739	737	1120	982	1660
PA14_12050	PA14_12050	0.296	5.765	0.06	0.67	0.031	0.33	251	310	272	248	222	209	189	291	362	280	184	238
PA14_13740	narX	-0.257	7.241	0.06	0.67	0.037	0.37	640	660	632	725	764	819	483	619	840	818	635	929
PA14_46530	PA14_46530	-0.396	8.706	0.06	0.67	0.013	0.19	1384	1603	2074	2025	2211	2425	1043	1503	2751	2285	1837	2751
PA14_63100	PA14_63100	-0.362	4.413	0.06	0.67	0.037	0.37	103	80	75	105	107	116	79	75	100	119	89	131
PA14_66350	PA14_66350	-0.93	4.374	0.06	0.67	0.00017	0.0063	64	69	64	78	179	118	48	65	85	89	151	134
PA14_05960	cspB	0.202	10.365	0.061	0.67	0.14	0.69	6060	6150	7613	5752	5689	5798	4574	5768	10108	6490	4726	6579
PA14_14010	PA14_14010	0.353	5.31	0.061	0.67	0.027	0.3	213	239	169	153	183	149	161	224	226	173	153	169
PA14_28410	PA14_28410	0.468	3.59	0.061	0.67	0.0094	0.15	70	63	59	48	42	47	53	59	79	54	35	53
PA14_39980	qscR	-0.388	6.012	0.061	0.67	0.025	0.29	238	338	205	304	355	362	179	318	274	344	295	411
PA14_57910	PA14_57910	0.307	5.523	0.061	0.67	0.039	0.38	260	195	253	210	182	180	197	183	335	237	151	204
PA14_04000	PA14_04000	-0.542	3.079	0.062	0.68	0.018	0.23	30	27	33	54	43	36	23	25	44	60	36	41
PA14_08590	PA14_08590	-2.058	0.086	0.062	0.68	0.013	0.19	1	1	1	4	5	4	1	1	1	5	4	5
PA14_21410	phoA	1.46	0.476	0.062	0.67	0.011	0.17	6	12	5	2	1	5	4	11	7	2	1	5
PA14_38800	pqqC	0.313	5.378	0.062	0.68	0.015	0.2	216	209	216	181	166	168	163	196	287	204	138	191
PA14_48490	PA14_48490	-0.541	2.967	0.062	0.68	0.036	0.36	28	37	21	49	43	32	21	35	29	55	36	37
PA14_34180	msuE	1.329	0.825	0.063	0.68	0.01	0.16	10	9	7	3	1	5	8	8	9	3	1	6
PA14_49520	pyoS3A	0.22	10.664	0.063	0.68	0.12	0.65	7289	7857	9397	6498	7044	7529	5501	7369	12477	7333	5852	8542
PA14_55635	PA14_55635	-5.621	0.004	0.063	0.68	0.00013	0.005	0	0	0	4	0	13	0	0	0	5	0	14
PA14_58440	PA14_58440	-0.335	4.804	0.063	0.68	0.025	0.29	116	126	100	134	143	153	88	118	134	151	119	173
PA14_59440	PA14_59440	-0.464	4.111	0.063	0.68	0.018	0.23	56	77	64	69	102	103	42	72	85	78	85	116
PA14_17370	yedE	-0.36	5.547	0.064	0.68	0.042	0.4	250	159	162	236	230	265	191	149	217	266	191	300
PA14_18640	PA14_18640	-0.493	4.64	0.064	0.68	0.012	0.18	92	115	80	141	163	101	69	108	108	159	136	115
PA14_28450	eco	-0.313	5.383	0.064	0.68	0.021	0.25	172	165	179	201	205	236	130	155	237	227	170	267
PA14_28610	PA14_28610	0.316	5.97	0.064	0.68	0.043	0.4	341	346	286	291	286	205	258	325	381	328	238	233
PA14_46660	PA14_46660	-0.501	3.568	0.064	0.68	0.014	0.2	34	38	57	54	69	63	25	36	74	61	58	72
PA14_49030	PA14_49030	-0.247	9.142	0.064	0.68	0.058	0.48	2229	2435	2587	2886	2655	3066	1682	2284	3435	3257	2205	3479
PA14_01730	PA14_01730	-0.216	8.274	0.065	0.69	0.14	0.69	1513	1398	1111	1436	1572	1662	1143	1311	1478	1621	1306	1885
PA14_02330	atsC	-0.536	3.046	0.065	0.69	0.015	0.2	29	29	31	45	37	47	22	27	41	51	30	53
PA14_08180	PA14_08180	0.472	5.484	0.065	0.69	0.0056	0.1	286	265	179	180	183	162	217	249	240	203	152	184
PA14_17930	glpD	0.328	7.097	0.065	0.69	0.042	0.4	629	640	865	631	596	475	474	600	1146	712	495	540
PA14_21340	fadD2	-0.244	6.996	0.065	0.69	0.078	0.55	548	529	560	663	549	727	414	496	744	748	455	824
PA14_41590	cmpX	0.207	8.384	0.065	0.69	0.12	0.64	1546	1628	1853	1425	1536	1397	1166	1527	2459	1608	1276	1585
PA14_43580	PA14_43580	0.404	3.909	0.065	0.69	0.049	0.43	68	90	74	58	73	46	51	85	99	66	61	53
PA14_04010	PA14_04010	-0.269	6.416	0.066	0.69	0.043	0.4	404	315	366	448	446	412	306	295	486	505	371	468
PA14_35850	PA14_35850	-0.216	8.63	0.066	0.69	0.11	0.62	1809	1742	1597	1875	1886	2215	1366	1634	2122	2116	1566	2513
PA14_48890	PA14_48890	-0.323	5.052	0.066	0.69	0.024	0.27	140	129	138	163	159	186	106	121	183	184	132	211
PA14_59210	PA14_59210	-0.464	3.512	0.066	0.69	0.016	0.22	47	44	40	55	66	59	36	41	53	62	55	67
PA14_04650	pfpI	0.319	4.897	0.067	0.69	0.035	0.35	142	147	165	131	127	108	107	138	219	148	106	123
PA14_28800	PA14_28800	-0.277	6.807	0.067	0.69	0.027	0.3	435	491	491	530	593	597	328	461	651	598	493	677
PA14_32860	PA14_32860	-0.373	4.465	0.067	0.7	0.012	0.18	81	87	95	112	112	119	61	82	125	126	93	135
PA14_68370	cysQ	0.247	7.023	0.067	0.7	0.065	0.5	618	701	660	607	569	492	466	658	876	685	473	559
PA14_70640	rubA1	-0.409	3.996	0.067	0.69	0.022	0.26	54	73	59	89	81	78	40	69	79	100	67	89
PA14_12970	tauD	-0.344	4.697	0.068	0.7	0.023	0.27	113	100	102	146	135	120	86	94	136	164	112	136
PA14_29660	PA14_29660	-0.421	3.67	0.068	0.7	0.057	0.48	61	52	35	64	70	62	47	49	48	72	58	71
PA14_54410	mucB	0.249	8.174	0.068	0.7	0.045	0.41	1503	1525	1376	1221	1264	1220	1135	1430	1828	1378	1050	1384
PA14_13030	cioA	0.34	8.323	0.069	0.71	0.035	0.36	1247	1850	1922	1318	1335	1313	939	1735	2551	1487	1109	1490
PA14_43050	PA14_43050	-0.212	11.936	0.069	0.71	0.13	0.68	18615	16900	15508	17311	20859	20916	14053	15851	20595	19534	17328	23732
PA14_62540	cbrB	0.233	8.859	0.07	0.71	0.062	0.5	2311	2465	2269	1965	2064	1965	1744	2312	3014	2217	1715	2230
PA14_70160	bioA	0.309	5.037	0.07	0.71	0.032	0.34	163	162	177	140	145	122	123	152	235	158	121	139
PA14_16360	PA14_16360	-0.52	3.085	0.071	0.73	0.012	0.18	31	30	32	42	47	45	23	28	43	48	39	51
PA14_17030	dapC	-0.291	5.27	0.071	0.73	0.042	0.4	169	166	149	205	178	206	128	156	198	231	147	234
PA14_33290	PA14_33290	-0.285	7.162	0.071	0.73	0.044	0.41	520	613	674	807	747	650	391	575	894	910	621	738
PA14_33870	PA14_33870	-0.39	4.898	0.071	0.73	0.021	0.25	101	100	154	152	154	162	75	94	202	172	128	184
PA14_06875	PA14_06875	-0.344	8.183	0.072	0.73	0.043	0.4	1495	1107	996	1336	1439	1790	1131	1038	1324	1508	1195	2030
PA14_36310	hcnC	0.226	9.246	0.073	0.74	0.095	0.59	2963	3196	3039	2947	2628	2288	2236	2998	4036	3325	2183	2597
PA14_47150	cyoE	-0.362	4.609	0.073	0.74	0.022	0.26	93	84	114	121	118	137	70	79	150	137	98	155
PA14_61580	hemH	0.317	5.173	0.073	0.74	0.023	0.27	185	192	179	167	142	136	140	180	238	188	118	155
PA14_21480	PA14_21480	-0.384	5.319	0.074	0.74	0.02	0.24	149	170	160	177	190	260	112	160	213	200	157	294
PA14_28080	PA14_28080	-0.995	1.221	0.074	0.74	0.015	0.21	8	1	9	11	12	14	6	1	12	13	10	16
PA14_67680	ntrC	-0.302	5.34	0.074	0.75	0.024	0.27	170	163	172	224	200	198	128	153	228	252	166	225
PA14_35590	pslM	-1.156	0.978	0.075	0.75	0.0097	0.16	2	5	5	8	13	9	1	5	7	9	11	10
PA14_44570	PA14_44570	-0.731	2.768	0.075	0.75	0.015	0.21	27	18	23	34	26	53	21	17	30	38	21	59
PA14_45120	PA14_45120	0.355	4.64	0.075	0.75	0.02	0.24	149	118	122	95	97	111	113	111	163	107	80	126
PA14_61870	PA14_61870	-0.245	6.259	0.075	0.75	0.063	0.5	357	334	291	404	382	373	270	313	387	456	317	423
EBG00001225092	tRNA	0.634	2.735	0.076	0.75	0.028	0.3	35	31	41	35	14	19	26	29	54	39	11	22
PA14_13590	PA14_13590	0.716	2.071	0.076	0.75	0.015	0.21	22	21	22	14	13	12	17	20	29	16	11	14
PA14_14710	PA14_14710	0.507	7.784	0.076	0.76	0.016	0.21	793	1286	1551	825	1018	710	596	1206	2056	931	847	806
PA14_34830	PA14_34830	0.248	6.926	0.076	0.75	0.054	0.46	624	605	622	573	519	467	471	567	826	646	431	530
PA14_46140	PA14_46140	0.736	1.99	0.076	0.76	0.019	0.24	21	23	18	11	15	11	16	22	24	12	13	13
PA14_13190	PA14_13190	0.343	7.327	0.077	0.76	0.022	0.26	976	686	859	654	597	735	738	643	1140	738	495	833
PA14_19510	ssuC	0.299	5.008	0.077	0.76	0.085	0.56	158	167	167	152	151	98	119	157	221	171	126	112
PA14_10360	PA14_10360	0.293	14.257	0.078	0.77	0.075	0.54	80119	105309	117654	80641	94244	72465	60477	98773	156236	90995	78291	82222
PA14_11270	oprG	-0.366	10.786	0.078	0.77	0.045	0.41	9556	6175	5959	8162	9193	10597	7217	5791	7916	9211	7637	12023
PA14_37840	PA14_37840	-0.339	4.362	0.078	0.76	0.051	0.45	90	92	72	116	93	107	68	86	96	131	77	121
EBG00001225177	Bacteria_small_SRP	0.868	1.604	0.079	0.77	0.037	0.37	10	21	17	8	13	6	7	20	22	9	11	7
PA14_33910	PA14_33910	0.409	3.592	0.079	0.77	0.066	0.51	51	61	72	54	50	36	38	57	95	61	42	41
PA14_72230	PA14_72230	0.227	8.095	0.079	0.77	0.082	0.56	1299	1526	1315	1180	1240	1117	980	1432	1747	1332	1030	1268
PA14_72930	PA14_72930	-0.24	7.429	0.079	0.78	0.064	0.5	720	715	781	839	800	979	543	671	1036	947	664	1110
PA14_06500	bioB	0.257	8.149	0.08	0.78	0.078	0.55	1479	1224	1632	1119	1158	1352	1117	1148	2165	1263	962	1533
PA14_19360	PA14_19360	0.243	6.69	0.08	0.78	0.06	0.49	508	533	525	476	457	391	383	500	697	537	380	444
PA14_60020	PA14_60020	-0.299	5.449	0.08	0.78	0.043	0.4	188	165	192	189	230	253	142	155	255	214	191	287
PA14_66875	phaF	0.237	8.328	0.08	0.78	0.053	0.46	1668	1638	1578	1369	1359	1413	1259	1536	2096	1545	1129	1603
PA14_54490	PA14_54490	-0.479	6.636	0.081	0.79	0.0054	0.1	313	412	436	577	633	412	235	387	578	651	527	468
PA14_18650	ydhD	0.214	7.871	0.082	0.79	0.14	0.69	1003	1157	1364	1024	1073	943	756	1085	1810	1156	892	1070
PA14_45470	PA14_45470	-0.546	2.854	0.082	0.79	0.014	0.2	20	27	28	34	36	42	15	25	37	38	30	47
PA14_56560	PA14_56560	0.496	3.385	0.082	0.79	0.062	0.5	45	53	64	37	53	26	33	50	84	42	45	30
PA14_02970	PA14_02970	-0.626	2.39	0.084	0.81	0.016	0.22	16	18	18	27	25	28	12	17	24	31	21	32
PA14_11240	PA14_11240	-0.359	4.444	0.084	0.81	0.033	0.34	80	81	99	132	105	99	60	76	131	148	87	113
PA14_26390	PA14_26390	0.544	2.733	0.084	0.81	0.033	0.34	25	42	36	24	23	25	18	40	48	27	19	28
PA14_49390	rrmA	0.638	2.24	0.084	0.81	0.055	0.46	18	29	26	18	20	9	13	27	34	20	17	11
PA14_63200	PA14_63200	-0.221	6.7	0.084	0.8	0.13	0.68	470	501	374	568	527	469	355	470	499	641	438	533
PA14_05970	PA14_05970	0.302	4.711	0.085	0.81	0.07	0.52	120	123	156	119	108	98	90	115	206	134	90	112
PA14_07340	PA14_07340	0.793	1.654	0.085	0.81	0.033	0.34	23	11	17	11	12	7	18	10	23	12	10	8
PA14_15770	PA14_15770	0.276	5.566	0.085	0.81	0.033	0.34	249	220	253	200	195	201	188	206	336	226	162	228
PA14_35700	PA14_35700	-0.268	8.192	0.085	0.81	0.059	0.49	1194	1284	1243	1272	1468	1742	901	1204	1651	1436	1219	1976
PA14_41870	cysB	0.234	8.708	0.085	0.81	0.063	0.5	2258	2017	2074	1773	1761	1863	1705	1892	2755	2001	1463	2114
PA14_07500	PA14_07500	0.25	7.989	0.086	0.81	0.048	0.43	1366	1316	1190	1111	1044	1099	1032	1234	1581	1254	867	1247
PA14_13970	PA14_13970	-0.296	5.636	0.086	0.81	0.04	0.38	213	173	233	230	261	271	161	162	308	260	217	307
PA14_16030	PA14_16030	-0.231	7.262	0.086	0.81	0.062	0.5	678	655	649	728	765	831	512	614	862	822	635	943
PA14_24620	PA14_24620	0.303	5.18	0.086	0.81	0.034	0.35	192	176	188	171	137	142	145	165	250	193	113	161
PA14_38350	galU	-0.24	6.809	0.086	0.81	0.068	0.51	516	424	500	553	537	608	390	397	663	624	446	690
PA14_10230	adh	-0.486	3.03	0.087	0.81	0.045	0.41	35	29	28	46	33	47	27	27	37	52	27	53
PA14_23460	orfN	-0.202	10.556	0.087	0.81	0.15	0.71	7204	6602	5866	6880	7185	8567	5439	6192	7791	7764	5968	9720
PA14_26300	PA14_26300	1.635	0.16	0.087	0.81	0.044	0.41	3	5	7	3	2	0	2	5	9	3	2	0
PA14_29560	PA14_29560	-0.414	3.665	0.087	0.81	0.031	0.33	56	40	53	70	63	65	43	37	70	79	52	74
PA14_38660	scoA	-0.362	4.437	0.087	0.81	0.034	0.35	73	87	99	96	108	130	54	82	130	109	90	147
PA14_46150	PA14_46150	0.257	6.579	0.087	0.81	0.052	0.45	454	556	449	402	399	420	342	522	597	454	331	476
PA14_60230	comL	-0.266	7.875	0.087	0.81	0.045	0.41	899	972	1118	1164	1274	1160	678	912	1483	1314	1059	1316
PA14_02020	PA14_02020	0.357	4.376	0.088	0.82	0.029	0.31	114	116	93	71	90	89	86	109	124	81	75	101
PA14_08340	trpG	0.25	5.974	0.088	0.82	0.048	0.43	308	313	332	253	280	270	232	294	440	286	233	306
PA14_14780	hscA	0.229	8.925	0.088	0.82	0.066	0.51	2447	2527	2394	2153	1991	2140	1847	2370	3180	2429	1654	2428
PA14_20600	PA14_20600	-0.252	5.858	0.088	0.82	0.083	0.56	255	256	228	257	275	345	193	240	303	291	228	391
PA14_60180	PA14_60180	-0.559	2.724	0.088	0.82	0.028	0.31	19	29	21	27	39	35	14	27	28	31	33	40
PA14_20230	nosR	0.803	1.611	0.089	0.82	0.043	0.4	21	13	15	6	14	8	16	12	20	7	12	9
PA14_33010	glyA2	-0.582	2.656	0.089	0.82	0.041	0.39	18	25	22	31	23	43	13	24	29	35	19	48
PA14_67410	PA14_67410	0.317	4.819	0.089	0.82	0.021	0.25	147	148	141	112	116	122	111	139	187	126	96	138
PA14_13000	PA14_13000	0.238	7.201	0.09	0.82	0.064	0.5	729	822	684	625	665	604	550	771	909	705	553	686
PA14_14570	PA14_14570	-1.284	0.736	0.09	0.82	0.031	0.33	3	4	2	6	7	9	2	4	3	7	6	10
PA14_21730	fecA	-0.316	4.821	0.09	0.82	0.042	0.4	110	111	125	139	126	167	83	104	166	157	104	189
PA14_25180	psrA	-0.282	9.499	0.09	0.82	0.05	0.44	2947	2922	3304	3288	3488	4375	2224	2741	4386	3711	2897	4963
PA14_28130	PA14_28130	0.449	3.421	0.09	0.82	0.02	0.24	62	53	52	44	34	43	47	50	70	49	28	49
PA14_37310	PA14_37310	-1.284	0.589	0.09	0.82	0.031	0.33	4	2	3	9	7	6	3	2	4	10	6	7
PA14_46450	aceK	-0.24	7.117	0.09	0.82	0.098	0.6	651	507	627	700	623	783	492	475	832	790	517	888
PA14_46640	PA14_46640	-0.305	5.119	0.09	0.82	0.069	0.52	166	112	155	169	165	200	126	105	205	191	137	226
PA14_49380	dapE	0.477	3.947	0.091	0.83	0.036	0.36	57	77	106	58	56	61	42	72	139	65	46	69
PA14_60960	PA14_60960	-0.184	11.302	0.091	0.82	0.17	0.74	12012	11143	10075	12155	12125	13463	9068	10451	13380	13716	10072	15275
PA14_63360	PA14_63360	1.75	0.235	0.091	0.82	0.032	0.33	5	5	4	1	1	2	4	5	5	1	1	2
PA14_10330	ompK	0.34	5.524	0.092	0.83	0.063	0.5	200	226	287	208	215	143	150	212	379	234	179	163
PA14_46180	yjiJ	1.749	0.022	0.092	0.83	0.032	0.33	4	6	4	2	1	1	3	6	5	2	1	1
PA14_63960	PA14_63960	0.379	4.112	0.092	0.83	0.024	0.28	102	83	86	76	58	71	78	78	114	86	48	81
PA14_66890	PA14_66890	0.212	6.197	0.092	0.83	0.15	0.71	328	345	424	326	344	281	247	323	562	368	286	319
PA14_04100	PA14_04100	0.213	9.009	0.093	0.83	0.086	0.56	2494	2667	2608	2337	2184	2181	1882	2502	3463	2637	1814	2475
PA14_05530	mexA	-0.239	8.282	0.093	0.83	0.062	0.5	1312	1231	1462	1598	1575	1555	990	1154	1940	1803	1308	1765
PA14_17690	PA14_17690	0.388	5.061	0.093	0.83	0.051	0.45	167	141	217	121	170	112	126	132	286	137	142	128
PA14_19470	mqoA	0.547	6.849	0.093	0.83	0.011	0.17	440	572	900	458	487	362	330	536	1190	517	405	412
PA14_24560	pelG	-0.269	5.535	0.093	0.83	0.064	0.5	202	194	189	201	232	271	153	182	251	227	193	307
PA14_32930	PA14_32930	0.445	6.068	0.093	0.83	0.026	0.29	255	420	404	306	287	199	190	394	535	345	239	227
PA14_35890	PA14_35890	-0.317	4.736	0.093	0.83	0.022	0.26	106	114	106	136	136	135	80	107	141	153	113	153
PA14_64920	PA14_64920	-0.183	10.112	0.093	0.83	0.19	0.76	5152	5222	4197	5146	5281	6108	3890	4898	5575	5807	4387	6930
PA14_02420	atsK	-1.18	0.705	0.094	0.83	0.03	0.32	3	3	5	9	6	10	2	3	6	10	5	11
PA14_36000	prpR	-0.255	5.89	0.094	0.83	0.048	0.43	252	252	252	298	276	326	190	236	335	336	229	370
PA14_36390	PA14_36390	-0.626	2.469	0.094	0.83	0.044	0.41	20	20	16	17	36	33	15	19	21	20	30	37
PA14_47750	PA14_47750	0.364	4.006	0.094	0.83	0.06	0.49	75	94	80	74	71	49	56	88	106	83	59	56
PA14_56970	PA14_56970	-0.364	3.952	0.094	0.83	0.055	0.46	67	69	50	73	79	84	51	65	67	83	66	95
PA14_06900	PA14_06900	0.936	1.203	0.095	0.83	0.037	0.37	7	15	13	9	6	3	5	14	17	10	5	4
PA14_34960	opbA	0.206	8.363	0.095	0.84	0.099	0.6	1543	1689	1718	1441	1411	1440	1164	1584	2281	1626	1172	1634
PA14_43420	PA14_43420	-0.264	5.958	0.095	0.84	0.055	0.47	234	305	248	313	333	300	176	286	330	353	277	341
PA14_00650	PA14_00650	-0.237	6.801	0.096	0.84	0.12	0.66	504	555	375	563	600	525	381	521	500	635	499	596
PA14_24180	PA14_24180	-0.243	6.439	0.096	0.84	0.046	0.42	363	374	372	472	419	422	274	351	494	532	348	479
EBG00001225027	PrrB_RsmZ	-0.73	1.812	0.097	0.84	0.026	0.29	12	8	14	19	15	22	9	7	18	21	12	25
PA14_12940	PA14_12940	-0.25	7.066	0.097	0.84	0.051	0.45	533	549	630	715	660	664	402	515	836	807	548	754
PA14_24245	PA14_24245	0.209	6.903	0.097	0.84	0.14	0.7	525	564	703	536	538	480	395	529	932	605	447	545
PA14_30830	PA14_30830	0.225	8.508	0.097	0.84	0.078	0.55	1990	1711	1810	1521	1565	1630	1503	1605	2404	1716	1300	1849
PA14_41500	PA14_41500	-0.236	6.211	0.097	0.84	0.067	0.51	335	313	305	356	354	409	253	294	405	402	294	464
PA14_71160	PA14_71160	-1.319	0.487	0.097	0.84	0.026	0.29	4	2	2	5	9	6	3	2	3	6	8	7
PA14_68660	rimK	-0.288	5.197	0.098	0.85	0.043	0.4	137	162	158	185	170	203	103	152	209	209	141	230
PA14_71890	psecoA	-0.299	4.965	0.098	0.85	0.035	0.36	139	123	129	153	165	161	105	115	171	173	137	183
PA14_11010	PA14_11010	0.483	5.099	0.099	0.85	0.021	0.25	139	162	251	151	131	113	103	152	330	170	109	129
PA14_52540	PA14_52540	-0.394	6.924	0.099	0.85	0.016	0.21	376	495	597	566	696	669	282	464	790	639	579	759
PA14_57720	cysD	0.256	8.36	0.099	0.85	0.097	0.6	1451	1512	2053	1366	1520	1317	1094	1418	2724	1542	1263	1495
PA14_08160	lys	0.262	8.428	0.1	0.87	0.06	0.49	2014	1765	1498	1452	1434	1512	1522	1655	1991	1639	1191	1715
PA14_09150	katA	-0.214	6.95	0.1	0.87	0.11	0.63	597	496	509	578	621	659	452	465	677	652	516	747
PA14_15080	PA14_15080	-0.522	4.87	0.1	0.86	0.024	0.28	78	166	87	162	143	169	57	156	117	183	118	192
PA14_16470	wspE	0.247	6.942	0.1	0.86	0.065	0.51	601	710	562	546	503	526	453	666	747	616	418	597
PA14_23680	ibpA	-0.39	10.095	0.1	0.86	0.026	0.29	5187	3668	4445	4815	5351	7260	3917	3440	5903	5434	4445	8236
PA14_31150	PA14_31150	0.257	5.793	0.1	0.86	0.049	0.44	255	305	281	234	223	247	192	286	373	264	185	280
PA14_41130	PA14_41130	-0.222	6.302	0.1	0.86	0.094	0.59	348	368	303	393	370	422	263	345	403	443	307	478
PA14_44640	PA14_44640	-0.499	2.884	0.1	0.86	0.028	0.3	29	29	25	42	41	33	22	27	33	47	34	38
PA14_47530	PA14_47530	-0.318	4.468	0.1	0.86	0.056	0.47	98	87	88	133	105	101	74	82	117	149	87	115
PA14_53810	PA14_53810	0.284	5.052	0.1	0.88	0.05	0.44	175	151	180	134	133	148	132	141	238	151	110	168
PA14_53910	pmtA	0.283	5.415	0.1	0.86	0.085	0.56	199	182	268	186	182	167	150	170	353	210	151	190
PA14_57520	sspB	-0.269	5.61	0.1	0.88	0.06	0.49	209	193	213	210	250	282	158	181	282	237	208	319
PA14_60990	radA	0.301	5.37	0.1	0.86	0.034	0.35	246	195	194	176	160	176	187	183	259	199	133	200
PA14_61300	PA14_61300	0.228	7.944	0.1	0.88	0.073	0.54	1260	1319	1151	1110	1064	1009	951	1237	1529	1252	884	1145
PA14_61660	murI	-0.241	6.502	0.1	0.86	0.05	0.44	374	394	394	443	440	491	282	370	523	500	365	557
PA14_62970	dnaK	-0.32	10.999	0.1	0.87	0.057	0.48	10317	7671	7589	9056	10044	12831	7790	7195	10079	10219	8343	14558
EBG00001225085	PhrS	1.131	1.619	0.11	0.89	0.02	0.25	6	22	21	6	12	5	4	21	27	7	10	6
EBG00001225109	P9	-0.572	2.39	0.11	0.9	0.047	0.42	23	12	20	26	27	29	18	11	26	29	22	33
PA14_02070	PA14_02070	-1.846	-0.014	0.11	0.91	0.038	0.37	1	1	1	2	7	3	1	1	1	2	6	4
PA14_02250	cheA	0.234	6.941	0.11	0.89	0.087	0.57	627	680	556	550	563	470	473	638	739	620	468	534
PA14_02450	PA14_02450	-0.213	6.459	0.11	0.9	0.095	0.59	415	372	356	435	418	468	314	349	473	491	347	531
PA14_05450	PA14_05450	0.398	3.511	0.11	0.91	0.057	0.48	52	55	66	54	33	44	39	52	87	61	27	50
PA14_08460	PA14_08460	0.278	4.945	0.11	0.88	0.061	0.5	156	137	176	127	129	132	118	128	232	143	107	150
PA14_12020	nadD	0.267	5.901	0.11	0.89	0.056	0.47	307	327	280	294	236	228	232	307	373	331	196	259
PA14_13210	PA14_13210	0.257	5.661	0.11	0.92	0.065	0.51	291	222	255	211	224	208	221	208	339	238	186	236
PA14_14270	PA14_14270	0.211	8.616	0.11	0.89	0.14	0.69	1986	2129	1797	1781	1876	1452	1499	1997	2388	2010	1559	1648
PA14_19590	ssuF	-0.369	7.37	0.11	0.91	0.052	0.45	900	486	640	795	827	994	682	455	851	898	687	1127
PA14_20720	flgN	0.218	6.628	0.11	0.89	0.12	0.65	477	511	501	473	455	354	360	479	665	533	378	402
PA14_21690	lhr1	-0.196	7.484	0.11	0.88	0.15	0.71	848	824	669	924	933	822	641	773	890	1043	775	933
PA14_26140	PA14_26140	-0.226	5.835	0.11	0.88	0.12	0.65	269	261	207	271	278	309	204	245	276	306	231	350
PA14_28760	PA14_28760	-0.232	5.813	0.11	0.89	0.11	0.64	251	239	230	268	243	332	190	224	306	303	201	376
PA14_29010	PA14_29010	0.302	4.513	0.11	0.89	0.093	0.59	92	124	131	107	85	91	68	116	173	120	70	103
PA14_33230	PA14_33230	-0.945	1.116	0.11	0.89	0.037	0.37	8	5	4	13	8	11	6	5	6	15	6	13
PA14_35010	PA14_35010	1.551	0.223	0.11	0.89	0.043	0.4	6	5	4	3	1	1	5	5	5	3	1	1
PA14_38460	gnyB	0.263	5.556	0.11	0.91	0.039	0.38	245	245	228	203	205	190	185	230	303	229	170	216
PA14_38950	PA14_38950	1.031	1.019	0.11	0.9	0.046	0.42	13	12	5	5	7	2	10	11	7	6	6	2
PA14_39210	nadR	0.741	1.677	0.11	0.88	0.046	0.42	11	21	17	13	10	8	8	20	23	14	8	9
PA14_43190	PA14_43190	-0.277	5.458	0.11	0.89	0.053	0.46	193	178	181	194	257	220	146	167	241	219	214	250
PA14_43610	PA14_43610	-0.208	7.508	0.11	0.91	0.092	0.59	791	811	768	894	890	953	597	761	1020	1009	739	1081
PA14_45680	flhA	-0.209	6.893	0.11	0.89	0.094	0.59	552	506	488	580	574	630	417	475	648	655	477	714
PA14_46110	PA14_46110	0.413	3.417	0.11	0.89	0.034	0.35	50	60	56	42	44	39	37	56	74	47	37	44
PA14_51340	mvfR	0.238	6.437	0.11	0.9	0.063	0.5	460	407	446	344	355	413	348	382	592	389	295	468
PA14_53640	PA14_53640	1.135	0.824	0.11	0.9	0.026	0.29	10	6	7	4	3	4	8	6	10	4	2	5
PA14_59180	PA14_59180	-0.371	3.703	0.11	0.89	0.08	0.55	57	46	53	73	50	76	43	43	70	82	41	86
PA14_59190	PA14_59190	-0.225	9.987	0.11	0.92	0.084	0.56	4018	4412	4721	4779	5252	5341	3032	4138	6268	5393	4363	6060
PA14_59430	PA14_59430	-0.415	5.803	0.11	0.89	0.014	0.2	184	209	271	273	256	360	138	196	358	308	212	407
PA14_60870	morA	0.203	7.62	0.11	0.88	0.11	0.62	971	948	1034	881	883	803	733	889	1373	994	734	911
PA14_61150	PA14_61150	0.264	5.856	0.11	0.92	0.056	0.47	317	315	251	226	266	243	240	296	335	255	221	276
PA14_65040	PA14_65040	-0.217	6.846	0.11	0.88	0.085	0.56	488	535	466	565	552	611	368	502	619	638	458	693
PA14_67170	PA14_67170	0.451	3.083	0.11	0.91	0.042	0.4	46	36	46	26	35	34	35	34	61	30	29	38
PA14_69060	yhhJ	-0.252	8.423	0.11	0.89	0.13	0.67	1740	1530	1131	1579	1698	1961	1315	1435	1504	1782	1410	2224
PA14_69450	hemC	0.208	7.703	0.11	0.91	0.1	0.61	984	1111	1037	948	905	859	742	1042	1377	1069	752	975
PA14_69760	PA14_69760	0.673	1.936	0.11	0.89	0.037	0.37	16	21	22	11	13	13	12	20	29	13	11	15
PA14_72820	PA14_72820	0.292	4.941	0.11	0.9	0.049	0.43	159	156	154	109	125	148	120	146	205	124	104	167
PA14_02260	cheY	0.197	8.339	0.12	0.93	0.12	0.66	1529	1637	1688	1470	1325	1440	1154	1535	2241	1659	1100	1634
PA14_02870	PA14_02870	0.368	3.63	0.12	0.92	0.065	0.5	59	57	72	52	50	44	44	53	95	59	42	50
PA14_05360	pilJ	-0.18	8.792	0.12	0.92	0.2	0.76	2149	1796	1892	2058	2065	2487	1623	1684	2513	2323	1715	2821
PA14_06300	PA14_06300	0.218	5.797	0.12	0.93	0.13	0.68	268	257	309	252	260	208	202	241	409	284	216	237
PA14_07770	ostA	-0.192	9.269	0.12	0.92	0.15	0.71	2845	2441	2806	3058	2810	3372	2148	2289	3726	3451	2334	3825
PA14_08450	PA14_08450	0.254	5.233	0.12	0.93	0.068	0.51	187	180	200	160	168	150	141	169	265	180	140	170
PA14_08560	tyrZ	0.177	9.001	0.12	0.92	0.17	0.73	2372	2525	2736	2164	2301	2291	1790	2368	3633	2442	1912	2599
PA14_08940	rpsQ	0.263	5.851	0.12	0.92	0.038	0.37	313	293	273	247	226	257	237	275	363	279	187	291
PA14_09920	PA14_09920	-0.799	1.492	0.12	0.92	0.04	0.39	7	10	7	11	18	13	5	9	10	13	15	15
PA14_10340	cvaB	0.29	7.196	0.12	0.92	0.076	0.55	583	768	909	675	628	547	438	720	1204	761	522	621
PA14_14770	hscB	0.226	8.032	0.12	0.93	0.14	0.69	1083	1425	1451	1254	1134	1000	816	1337	1925	1414	942	1135
PA14_19670	PA14_19670	-0.404	3.455	0.12	0.92	0.037	0.36	48	40	41	52	62	56	37	37	55	59	52	64
PA14_23290	hisC2	0.199	6.538	0.12	0.92	0.13	0.67	427	451	510	394	429	389	322	423	676	445	357	442
PA14_23340	himD	-0.299	10.52	0.12	0.94	0.062	0.5	6702	6115	5688	6507	6776	9481	5060	5735	7555	7343	5628	10756
PA14_25110	topA	-0.203	8.723	0.12	0.92	0.17	0.74	2158	1640	1722	2014	1972	2365	1631	1538	2287	2273	1638	2683
PA14_27590	PA14_27590	0.2	7.2	0.12	0.94	0.16	0.73	652	670	880	634	642	643	491	628	1166	716	533	729
PA14_27930	PA14_27930	0.239	6.329	0.12	0.93	0.056	0.47	439	383	398	370	334	329	332	359	529	417	277	373
PA14_28190	PA14_28190	-0.909	1.133	0.12	0.92	0.048	0.43	8	4	6	7	11	16	6	4	8	8	9	18
PA14_30760	PA14_30760	-0.287	4.656	0.12	0.92	0.07	0.52	105	116	95	118	122	144	79	109	127	133	101	163
PA14_31700	pgsA	0.23	6.934	0.12	0.92	0.13	0.68	555	613	682	617	532	429	418	575	904	695	442	488
PA14_34490	PA14_34490	-0.329	5.185	0.12	0.92	0.057	0.48	156	151	141	233	184	146	118	142	188	262	153	166
PA14_37690	PA14_37690	-0.169	9.611	0.12	0.92	0.22	0.79	3588	3826	2928	3732	3891	4006	2709	3589	3890	4211	3232	4545
PA14_37710	fusA2	-0.184	9.581	0.12	0.92	0.16	0.72	3393	3433	3246	3666	3538	4237	2561	3220	4311	4137	2939	4807
PA14_39480	PA14_39480	-0.179	9.236	0.12	0.92	0.18	0.74	2706	2741	2499	2884	2761	3348	2043	2571	3319	3254	2293	3798
PA14_40880	PA14_40880	-0.513	4.591	0.12	0.92	0.013	0.19	106	70	99	113	171	110	81	65	131	128	143	125
PA14_48090	aprF	-0.22	10.436	0.12	0.92	0.093	0.59	5487	6068	6433	6512	7040	7399	4141	5691	8542	7348	5848	8395
PA14_48390	yeaM	0.533	2.608	0.12	0.92	0.039	0.38	38	28	29	30	18	17	29	26	39	33	15	19
PA14_50650	PA14_50650	0.364	5.073	0.12	0.92	0.033	0.34	206	171	150	165	122	119	157	160	200	186	101	136
PA14_51220	PA14_51220	-0.227	6.483	0.12	0.93	0.064	0.5	393	361	399	439	431	480	297	338	530	495	358	544
PA14_53420	btuE	0.194	8.844	0.12	0.92	0.12	0.66	2202	2396	2291	1952	2075	1995	1662	2247	3043	2203	1724	2264
PA14_54730	PA14_54730	-0.805	1.448	0.12	0.92	0.033	0.34	4	11	8	14	18	10	3	10	11	16	15	12
PA14_55340	exbD2	1.66	-0.024	0.12	0.92	0.035	0.36	7	5	1	2	1	1	6	5	2	2	1	1
PA14_57560	PA14_57560	-0.249	6.487	0.12	0.93	0.12	0.65	474	335	339	447	409	505	360	314	451	504	339	573
PA14_58420	PA14_58420	-0.257	5.398	0.12	0.92	0.059	0.49	176	177	182	215	191	232	133	166	241	243	158	263
PA14_59560	PA14_59560	-0.562	2.402	0.12	0.92	0.043	0.4	13	22	20	35	25	23	9	21	27	39	21	26
PA14_59770	rcsB	-0.256	5.175	0.12	0.93	0.096	0.6	162	158	139	157	184	205	123	148	185	178	153	232
PA14_64490	PA14_64490	0.345	3.982	0.12	0.92	0.051	0.45	75	76	89	62	56	71	56	71	117	70	46	80
PA14_64930	PA14_64930	0.239	7.169	0.12	0.93	0.099	0.6	706	824	654	692	629	529	533	773	870	780	523	601
PA14_65170	rpsR	0.243	6.389	0.12	0.92	0.047	0.43	425	435	411	378	326	369	321	408	546	426	270	418
PA14_66140	PA14_66140	0.222	6.916	0.12	0.92	0.084	0.56	616	620	586	561	534	467	465	582	778	633	444	530
PA14_71070	PA14_71070	-0.231	5.778	0.12	0.92	0.09	0.58	241	254	210	266	263	296	182	238	280	300	218	335
PA14_01330	PA14_01330	0.18	8.151	0.13	0.97	0.2	0.76	1209	1605	1424	1246	1288	1209	911	1506	1891	1406	1070	1372
PA14_10160	fepD	0.326	4.777	0.13	0.95	0.088	0.57	130	163	131	124	134	81	98	153	175	140	112	93
PA14_10320	PA14_10320	0.32	5.065	0.13	0.96	0.088	0.57	161	134	217	136	152	123	121	125	286	154	127	140
PA14_10570	hpcH	0.598	2.08	0.13	0.96	0.11	0.63	21	20	21	15	21	6	16	19	28	17	18	7
PA14_11170	PA14_11170	0.262	5.008	0.13	0.96	0.093	0.59	158	168	162	150	146	111	119	158	215	169	122	127
PA14_14110	pcs	0.216	6.135	0.13	0.96	0.12	0.66	355	354	346	310	345	255	268	332	460	350	287	290
PA14_15160	PA14_15160	0.332	4.047	0.13	0.97	0.041	0.39	84	91	80	72	65	64	63	85	107	81	54	73
PA14_15230	xseA	0.302	4.315	0.13	0.96	0.075	0.54	94	108	99	77	94	75	71	101	132	87	79	85
PA14_16340	PA14_16340	-0.229	5.422	0.13	0.97	0.11	0.64	189	192	169	223	187	231	143	180	225	251	155	262
PA14_16680	PA14_16680	0.186	8.415	0.13	0.96	0.15	0.71	1581	1816	1703	1400	1539	1544	1193	1703	2261	1580	1279	1752
PA14_20140	fpr	0.223	7.999	0.13	0.95	0.15	0.7	1223	1099	1541	1068	1237	1007	923	1030	2044	1205	1028	1143
PA14_23420	PA14_23420	-0.175	11.293	0.13	0.96	0.21	0.78	10850	12352	9926	11662	11817	13926	8190	11586	13183	13160	9816	15800
PA14_25970	cobN	0.243	6.778	0.13	0.95	0.064	0.5	582	596	491	507	454	448	440	559	654	572	377	508
PA14_27020	mttC	0.306	4.285	0.13	0.96	0.078	0.55	86	115	97	79	88	76	64	108	129	89	73	86
PA14_27780	yadH	-0.25	5.104	0.13	0.97	0.091	0.58	160	140	139	169	159	190	121	131	185	191	132	215
PA14_28770	PA14_28770	-0.266	7.73	0.13	0.95	0.071	0.53	867	921	914	996	939	1314	654	864	1213	1124	779	1490
PA14_28870	PA14_28870	-0.3	6.022	0.13	0.96	0.076	0.55	315	269	232	297	291	413	239	252	310	336	241	468
PA14_29300	PA14_29300	0.42	3.222	0.13	0.95	0.046	0.42	44	50	48	37	37	32	33	47	64	42	31	37
PA14_30380	PA14_30380	0.344	4.1	0.13	0.96	0.071	0.53	102	90	73	73	79	56	78	84	98	82	66	64
PA14_31840	PA14_31840	-0.312	4.675	0.13	0.95	0.075	0.54	117	98	100	137	153	102	89	92	133	154	128	116
PA14_36660	PA14_36660	0.512	2.485	0.13	0.96	0.1	0.61	28	25	32	25	24	11	21	23	42	28	20	13
PA14_36860	PA14_36860	0.306	4.32	0.13	0.95	0.078	0.55	109	92	104	86	93	68	83	86	138	97	78	78
PA14_37400	PA14_37400	-0.546	2.395	0.13	0.97	0.053	0.46	19	18	17	30	23	25	14	17	23	34	19	28
PA14_38430	gnyR	-0.313	3.998	0.13	0.97	0.11	0.63	78	60	59	87	69	86	60	56	79	98	57	97
PA14_41340	PA14_41340	-0.456	7.266	0.13	0.97	0.012	0.18	478	538	801	699	907	888	359	504	1060	789	754	1007
PA14_42050	PA14_42050	-0.407	3.306	0.13	0.95	0.051	0.45	42	37	37	45	51	58	32	35	49	51	42	65
PA14_44510	PA14_44510	-0.322	4.861	0.13	0.95	0.072	0.53	134	110	113	131	128	186	102	103	151	148	106	210
PA14_47600	PA14_47600	-0.411	3.311	0.13	0.97	0.035	0.35	35	37	41	49	56	47	26	35	54	55	47	54
PA14_47690	cobQ	0.301	4.994	0.13	0.95	0.074	0.54	149	195	146	151	136	111	112	183	195	170	113	126
PA14_48780	PA14_48780	0.224	6.359	0.13	0.97	0.064	0.5	404	431	403	372	348	340	305	404	536	419	289	386
PA14_49780	PA14_49780	0.555	2.33	0.13	0.95	0.034	0.35	30	24	26	19	18	17	23	22	34	21	15	19
PA14_51430	pqsA	-0.2	9.052	0.13	0.96	0.11	0.64	2300	2196	2441	2843	2531	2596	1736	2060	3241	3208	2102	2946
PA14_54720	PA14_54720	-0.775	1.442	0.13	0.95	0.031	0.33	7	7	10	10	16	17	5	7	13	12	13	19
PA14_56450	PA14_56450	0.389	3.574	0.13	0.96	0.04	0.39	72	59	56	52	42	46	55	55	75	59	35	52
PA14_57030	PA14_57030	-0.202	6.481	0.13	0.95	0.13	0.68	431	388	346	410	453	474	326	364	461	463	376	538
PA14_59880	PA14_59880	-1.258	0.394	0.13	0.96	0.036	0.36	1	0	6	9	4	6	1	0	7	10	3	7
PA14_61940	PA14_61940	-0.255	4.939	0.13	0.96	0.099	0.6	145	135	108	151	153	156	110	127	145	170	127	177
PA14_63530	selB	0.263	5.325	0.13	0.96	0.092	0.58	217	212	182	185	188	136	164	199	243	208	157	155
PA14_65310	hfq	-0.174	11.659	0.13	0.96	0.21	0.77	15060	14079	13562	14135	15903	18138	11369	13205	18010	15950	13211	20580
PA14_69430	hemX	0.215	7.091	0.13	0.97	0.08	0.55	689	680	684	604	557	607	520	638	909	682	462	689
PA14_72490	polA	0.184	7.417	0.13	0.95	0.15	0.71	790	822	935	774	748	723	596	771	1241	873	621	821
PA14_01810	PA14_01810	-0.317	3.993	0.14	1	0.099	0.6	67	74	52	73	83	83	51	70	70	83	69	94
PA14_02680	aldH	-0.499	2.535	0.14	0.98	0.087	0.57	24	21	19	35	22	31	18	20	25	39	18	35
PA14_03350	PA14_03350	-0.203	7.084	0.14	1	0.1	0.62	567	629	572	648	685	703	428	590	760	731	569	798
PA14_03560	PA14_03560	0.665	1.696	0.14	1	0.098	0.6	10	15	22	7	11	12	7	14	28	8	9	14
PA14_06250	PA14_06250	-0.281	4.407	0.14	1	0.11	0.63	90	104	71	102	109	109	68	98	96	115	91	124
PA14_06710	nirD	-1.581	-0.093	0.14	0.99	0.052	0.45	2	1	1	3	7	3	2	1	1	3	6	4
PA14_08270	PA14_08270	0.204	9.011	0.14	0.99	0.11	0.62	2763	2611	2388	2159	2310	2268	2086	2449	3172	2436	1919	2573
PA14_09710	aldH	-0.525	2.414	0.14	1	0.055	0.47	16	24	16	27	33	23	12	23	22	30	28	26
PA14_12060	pbpA	0.185	6.875	0.14	0.99	0.18	0.75	545	546	655	575	496	467	411	512	869	648	412	530
PA14_16180	PA14_16180	0.219	7.74	0.14	1	0.09	0.58	1088	1160	980	932	871	968	821	1088	1302	1052	723	1098
PA14_16260	PA14_16260	0.199	9.117	0.14	1	0.12	0.65	2854	2884	2595	2523	2454	2283	2155	2705	3447	2847	2039	2591
PA14_21290	PA14_21290	0.255	5.34	0.14	0.98	0.075	0.54	196	228	188	182	178	153	148	214	250	205	148	174
PA14_21570	PA14_21570	0.362	3.628	0.14	1	0.13	0.68	45	68	73	52	55	39	33	64	96	59	46	45
PA14_23850	trpF	0.181	9.211	0.14	1	0.22	0.79	2422	3096	3324	2641	2774	2386	1827	2904	4412	2980	2305	2708
PA14_27560	PA14_27560	0.251	4.953	0.14	0.99	0.089	0.58	154	140	172	137	134	122	116	131	228	155	111	139
PA14_31750	PA14_31750	0.441	3.024	0.14	1	0.04	0.38	45	50	33	34	28	31	34	47	45	38	23	35
PA14_33110	PA14_33110	0.36	3.55	0.14	1	0.076	0.55	52	71	56	50	51	39	39	67	75	56	43	45
PA14_33900	PA14_33900	-0.221	5.674	0.14	0.98	0.15	0.71	234	226	200	301	249	216	177	212	266	339	207	246
PA14_33970	PA14_33970	0.245	6.02	0.14	0.97	0.083	0.56	386	282	318	277	276	278	293	264	423	313	229	315
PA14_34450	PA14_34450	0.264	4.874	0.14	0.99	0.068	0.52	148	148	146	122	137	111	112	139	194	138	114	126
PA14_36530	PA14_36530	0.432	2.829	0.14	1	0.1	0.61	26	36	44	30	27	24	19	34	58	34	22	27
PA14_37290	PA14_37290	-1.28	0.244	0.14	0.99	0.068	0.51	4	2	1	5	4	8	3	2	2	6	3	9
PA14_38110	ygjU	0.244	5.988	0.14	0.99	0.064	0.5	350	325	286	279	278	253	265	305	381	315	231	287
PA14_39880	phzG2	0.267	7.924	0.14	0.98	0.086	0.57	1191	1417	1115	1186	1070	837	899	1329	1482	1338	889	951
PA14_40690	PA14_40690	0.256	5.523	0.14	0.99	0.079	0.55	236	248	216	169	186	230	178	233	287	191	154	260
PA14_49560	toxA	0.406	3.155	0.14	0.99	0.071	0.53	45	42	50	42	34	28	34	39	66	47	28	32
PA14_49990	PA14_49990	0.166	9.779	0.14	1	0.25	0.82	4016	4052	4984	3976	4282	3375	3031	3800	6617	4486	3558	3830
PA14_52500	PA14_52500	0.301	5.058	0.14	0.97	0.066	0.51	195	175	143	115	143	156	148	164	191	130	119	177
PA14_53290	trxB2	-0.287	9.535	0.14	0.97	0.059	0.48	2719	3425	3244	3987	4304	3164	2051	3213	4308	4499	3576	3591
PA14_54980	PA14_54980	0.295	6.835	0.14	0.99	0.088	0.57	453	557	749	444	532	460	340	522	992	501	443	522
PA14_62730	truB	0.173	8.659	0.14	0.98	0.17	0.74	1866	1990	2159	1765	1762	1809	1408	1866	2866	1992	1464	2053
PA14_64700	PA14_64700	0.207	7.074	0.14	0.98	0.097	0.6	652	683	687	622	552	578	492	641	912	702	458	656
PA14_67350	hutU	0.269	5.357	0.14	0.98	0.046	0.42	226	214	188	171	165	182	171	201	250	193	137	206
PA14_67490	fbp	-0.217	7.122	0.14	1	0.1	0.61	583	559	662	660	672	766	440	524	878	745	558	869
PA14_68610	hslO	-0.32	4.212	0.14	0.98	0.048	0.43	72	69	84	100	87	95	54	65	111	113	72	108
PA14_68810	PA14_68810	0.279	5.039	0.14	0.98	0.067	0.51	173	160	167	161	113	137	131	150	222	181	93	155
PA14_69100	PA14_69100	-0.297	4.893	0.14	0.98	0.056	0.47	126	109	133	137	178	139	95	102	176	155	149	158
PA14_70810	pstB	-0.318	4.117	0.14	0.99	0.069	0.52	74	72	64	75	92	95	56	68	86	85	77	107
PA14_00440	trpA	0.273	5.138	0.15	1	0.077	0.55	181	209	146	150	148	144	137	196	195	169	123	163
PA14_00860	PA14_00860	0.487	2.936	0.15	1	0.076	0.54	45	49	28	31	36	20	34	46	39	35	30	23
PA14_02610	mdcG	-0.682	1.624	0.15	1	0.076	0.54	9	14	6	15	15	17	7	13	9	17	12	19
PA14_08100	PA14_08100	0.202	8.626	0.15	1	0.11	0.64	2085	2060	1791	1724	1749	1684	1574	1932	2380	1945	1453	1911
PA14_08150	gpD	0.21	9.793	0.15	1	0.12	0.67	5059	4302	4007	3592	3942	4023	3820	4035	5322	4053	3275	4565
PA14_08660	PA14_08660	-0.705	3.313	0.15	1	0.011	0.17	20	32	50	46	74	48	14	30	64	52	62	55
PA14_09160	bfrA	-0.324	4.04	0.15	1	0.063	0.5	67	57	74	77	80	93	51	53	98	87	66	105
PA14_09470	phzB1	0.207	7.376	0.15	1	0.11	0.62	899	755	842	770	677	714	679	708	1118	868	562	810
PA14_11150	PA14_11150	1.014	0.854	0.15	1	0.069	0.52	10	7	7	5	4	3	8	7	9	6	3	3
PA14_13510	PA14_13510	0.26	4.756	0.15	1	0.073	0.54	134	132	142	108	124	111	101	124	188	122	103	126
PA14_14510	yjgQ	-0.176	7.618	0.15	1	0.17	0.74	907	877	803	1040	955	925	685	823	1067	1173	793	1050
PA14_16830	PA14_16830	0.235	5.46	0.15	1	0.069	0.52	221	208	232	190	178	194	167	195	308	214	148	220
PA14_18380	algA	0.415	3.067	0.15	1	0.08	0.55	39	44	43	34	37	24	29	41	57	38	31	28
PA14_18710	pyrC	0.245	4.677	0.15	1	0.15	0.71	117	120	143	92	122	109	88	112	189	104	102	124
PA14_21540	fabH-2	0.192	7.292	0.15	1	0.11	0.64	778	757	805	679	669	701	587	710	1069	766	556	795
PA14_23320	cmk	0.197	6.577	0.15	1	0.13	0.69	421	520	484	398	414	433	317	488	642	449	344	491
PA14_24230	PA14_24230	-0.229	5.471	0.15	1	0.11	0.64	193	206	172	242	232	193	146	193	229	273	193	220
PA14_24340	PA14_24340	0.295	4.3	0.15	1	0.082	0.56	97	103	98	93	84	66	73	97	130	105	70	75
PA14_25330	nqrD	0.239	5.661	0.15	1	0.066	0.51	260	245	260	230	196	221	196	230	345	259	162	251
PA14_26210	hisP	-0.643	1.73	0.15	1	0.13	0.67	12	13	8	20	10	20	9	12	11	22	8	22
PA14_33890	aldG	-0.295	4.325	0.15	1	0.079	0.55	91	78	79	107	108	88	69	73	105	121	90	100
PA14_37120	PA14_37120	-0.25	5.608	0.15	1	0.05	0.44	199	199	222	237	263	241	150	187	294	268	219	273
PA14_37820	PA14_37820	0.337	3.604	0.15	1	0.097	0.6	54	64	67	51	55	41	40	60	88	58	46	47
PA14_38920	PA14_38920	1.002	0.646	0.15	1	0.1	0.61	8	4	11	3	6	3	6	4	14	3	5	4
PA14_44490	anr	0.188	7.459	0.15	1	0.12	0.66	885	842	899	788	776	742	668	790	1194	889	645	842
PA14_48790	PA14_48790	-0.225	6.267	0.15	1	0.09	0.58	314	342	334	431	391	337	237	321	444	486	325	383
PA14_50810	PA14_50810	0.162	8.583	0.15	1	0.22	0.79	1718	1873	2091	1742	1667	1673	1296	1757	2776	1966	1385	1898
PA14_51010	PA14_51010	0.203	8.265	0.15	1	0.13	0.67	1601	1574	1448	1210	1317	1488	1209	1476	1924	1366	1094	1688
PA14_51450	cupC3	-0.191	8.602	0.15	1	0.14	0.69	1609	1802	1683	1806	1969	2041	1214	1690	2235	2038	1636	2315
PA14_54130	PA14_54130	-0.27	4.692	0.15	1	0.083	0.56	117	98	109	129	117	143	89	92	145	146	97	162
PA14_57060	PA14_57060	0.198	6.104	0.15	1	0.17	0.74	325	302	398	317	275	303	245	283	527	357	228	344
PA14_59700	PA14_59700	0.663	1.761	0.15	1	0.072	0.53	14	13	22	10	7	13	10	12	28	11	6	15
PA14_61750	ipk	-0.328	7.627	0.15	1	0.043	0.4	607	902	947	992	1110	982	456	846	1256	1120	923	1115
PA14_62870	rrmJ	-0.336	9.286	0.15	1	0.053	0.46	2942	2428	2385	2536	3113	4138	2222	2277	3168	2863	2586	4694
PA14_63850	lpd3	0.236	5.413	0.15	1	0.082	0.56	227	201	212	171	197	176	172	188	282	193	164	200
PA14_64880	braE	0.269	5.027	0.15	1	0.086	0.57	162	194	142	146	142	125	122	182	190	164	118	142
PA14_66240	waaC	-0.15	7.79	0.15	1	0.29	0.84	1056	1046	844	1089	996	1180	798	981	1123	1229	827	1339
PA14_68210	rmlC	-0.172	8.941	0.15	1	0.19	0.75	2105	2320	2064	2327	2336	2650	1589	2176	2742	2626	1940	3006
PA14_68570	PA14_68570	0.249	5.107	0.15	1	0.067	0.51	168	178	172	143	149	145	127	167	229	161	124	165
PA14_68740	argA	0.182	6.221	0.15	1	0.21	0.77	318	370	419	352	333	293	239	347	555	397	277	333
PA14_72580	znuC	0.302	4.248	0.15	1	0.11	0.63	104	100	86	75	98	63	79	94	115	85	82	72
PA14_73190	glmR	-0.292	4.541	0.15	1	0.054	0.46	86	103	100	128	117	110	64	97	132	144	97	125
PA14_01120	PA14_01120	-0.364	3.36	0.16	1	0.091	0.58	48	41	35	54	51	52	37	38	47	61	42	59
PA14_02470	pntB	-0.184	6.678	0.16	1	0.16	0.73	466	437	438	490	459	572	352	410	582	553	381	648
PA14_04930	rpoH	-0.2	10.311	0.16	1	0.12	0.65	5148	5417	6040	6461	6297	6324	3885	5081	8020	7290	5231	7176
PA14_05580	PA14_05580	0.156	8.009	0.16	1	0.24	0.8	1186	1189	1433	1122	1150	1148	895	1115	1901	1266	955	1303
PA14_05950	dbpA	0.206	5.925	0.16	1	0.13	0.67	273	324	309	275	272	240	205	304	410	310	226	273
PA14_06880	PA14_06880	-0.44	2.931	0.16	1	0.057	0.47	23	32	29	41	43	32	17	30	39	46	36	37
PA14_07900	PA14_07900	-0.321	3.88	0.16	1	0.075	0.54	55	67	56	81	68	73	41	63	75	91	56	83
PA14_10710	PA14_10710	-0.235	6.505	0.16	1	0.085	0.56	321	426	415	447	478	447	241	400	551	505	397	507
PA14_10960	PA14_10960	0.696	1.581	0.16	1	0.072	0.53	18	9	16	11	10	6	14	8	21	12	8	7
PA14_11340	trx-1	-0.239	6.73	0.16	1	0.12	0.66	532	374	459	466	558	586	403	350	610	526	464	665
PA14_14220	PA14_14220	-0.258	5.08	0.16	1	0.069	0.52	137	132	157	167	160	184	103	124	208	189	133	208
PA14_16150	PA14_16150	0.233	5.998	0.16	1	0.073	0.54	319	353	295	290	253	277	241	331	392	327	210	314
PA14_16270	PA14_16270	0.21	5.327	0.16	1	0.18	0.75	200	175	224	185	189	147	151	164	296	208	157	167
PA14_17550	PA14_17550	-0.198	7.773	0.16	1	0.21	0.77	1121	970	769	993	1060	1226	848	910	1023	1121	880	1390
PA14_18750	gloA1	0.211	7.53	0.16	1	0.19	0.76	761	929	1088	801	917	684	573	871	1443	904	763	777
PA14_19580	ssuB	-0.246	4.978	0.16	1	0.13	0.69	138	137	125	186	157	131	104	129	166	209	130	149
PA14_19960	PA14_19960	-0.234	5.527	0.16	1	0.085	0.56	208	178	205	217	225	252	157	167	272	245	187	286
PA14_20780	PA14_20780	-0.16	9.174	0.16	1	0.21	0.78	2700	2673	2291	2756	2878	2929	2039	2507	3043	3110	2391	3323
PA14_22600	grtA	0.499	2.431	0.16	1	0.074	0.54	28	28	27	16	24	19	21	26	36	18	20	22
PA14_22640	PA14_22640	0.249	5.02	0.16	1	0.083	0.56	176	153	163	139	145	128	133	143	216	157	121	146
PA14_24430	moxR	0.166	6.882	0.16	1	0.25	0.81	502	593	651	557	545	457	378	556	863	628	453	519
PA14_24640	pyrD	0.198	5.675	0.16	1	0.21	0.77	207	256	294	222	237	204	155	240	389	251	197	232
PA14_24810	PA14_24810	-1.337	0.21	0.16	1	0.06	0.49	3	1	2	4	9	3	2	1	3	5	8	3
PA14_26980	PA14_26980	0.432	3.213	0.16	1	0.097	0.6	40	53	48	50	32	23	30	50	64	56	26	27
PA14_27620	PA14_27620	-0.537	4.583	0.16	1	0.016	0.21	63	75	130	111	147	132	46	70	170	126	123	150
PA14_29640	fhp	0.367	5.163	0.16	1	0.043	0.4	167	241	155	139	165	133	125	227	208	157	138	151
PA14_30450	PA14_30450	0.214	5.851	0.16	1	0.091	0.58	275	304	288	236	262	249	207	285	382	267	218	283
PA14_31500	PA14_31500	-0.23	5.308	0.16	1	0.092	0.58	163	183	162	205	188	202	123	172	215	231	156	229
PA14_32500	PA14_32500	0.171	6.624	0.16	1	0.23	0.8	430	513	515	450	477	370	324	481	683	508	397	421
PA14_33380	PA14_33380	-1.177	0.359	0.16	1	0.078	0.55	1	2	4	7	5	6	1	2	5	8	4	7
PA14_35730	PA14_35730	-0.261	5.368	0.16	1	0.077	0.55	138	184	197	208	200	217	103	173	260	235	166	246
PA14_36760	PA14_36760	0.487	2.526	0.16	1	0.042	0.4	29	31	29	18	18	26	22	29	38	21	15	29
PA14_37910	PA14_37910	0.461	2.669	0.16	1	0.061	0.5	31	31	34	27	23	20	23	29	45	30	19	23
PA14_37990	PA14_37990	0.659	2.261	0.16	1	0.081	0.56	13	27	33	20	17	10	9	25	43	22	14	12
PA14_38900	exaE	-0.519	2.285	0.16	1	0.099	0.6	22	20	11	25	25	25	17	19	16	28	21	28
PA14_39130	ybiT	0.18	7.265	0.16	1	0.22	0.79	680	702	905	637	750	634	512	658	1199	719	624	720
PA14_40430	PA14_40430	0.162	7.691	0.16	1	0.22	0.79	952	998	1111	963	954	822	718	936	1474	1086	793	933
PA14_42350	pscC	0.221	5.409	0.16	1	0.1	0.62	194	219	222	170	188	189	146	205	294	192	156	214
PA14_47390	PA14_47390	0.195	8.332	0.16	1	0.12	0.66	1645	1687	1499	1411	1447	1362	1242	1582	1991	1592	1202	1546
PA14_48210	PA14_48210	0.557	2.129	0.16	1	0.073	0.54	20	22	25	23	9	13	15	21	33	26	7	15
PA14_49500	PA14_49500	0.346	3.662	0.16	1	0.057	0.47	67	63	62	59	46	46	51	59	83	66	38	52
PA14_49510	pyoS3I	0.143	11.009	0.16	1	0.3	0.85	9232	9815	11353	8388	9289	9854	6968	9206	15075	9466	7717	11180
PA14_51350	phnB	-0.155	8.202	0.16	1	0.23	0.8	1407	1320	1184	1462	1388	1503	1063	1238	1574	1650	1153	1705
PA14_53260	PA14_53260	0.219	5.701	0.16	1	0.12	0.65	262	244	273	252	223	195	198	229	362	284	185	222
PA14_55390	PA14_55390	-0.719	1.473	0.16	1	0.055	0.46	6	7	12	15	12	15	4	7	15	17	10	17
PA14_58220	PA14_58220	0.334	3.67	0.16	1	0.062	0.5	66	64	65	49	56	50	50	60	86	55	47	57
PA14_58750	pilB	-0.162	9.121	0.16	1	0.24	0.8	2501	2523	2359	2527	2555	3176	1888	2366	3133	2852	2122	3603
PA14_64690	PA14_64690	0.252	6.753	0.16	1	0.11	0.62	552	583	505	551	468	358	417	547	672	621	389	407
PA14_64940	PA14_64940	0.261	9.313	0.16	1	0.079	0.55	3297	3766	2684	2928	2725	2478	2489	3533	3567	3304	2264	2812
PA14_65400	yjeS	0.211	6.31	0.16	1	0.11	0.62	397	419	375	364	363	301	300	393	498	411	302	342
PA14_66960	tatA	-0.169	6.799	0.16	1	0.23	0.79	513	514	441	556	480	611	388	482	587	627	398	693
PA14_67190	PA14_67190	-0.242	5.064	0.16	1	0.12	0.66	132	148	145	161	145	196	99	139	193	182	120	222
PA14_67710	trmH	0.43	2.882	0.16	1	0.067	0.51	43	32	37	27	32	25	33	30	49	30	27	28
PA14_70670	glcF	-0.691	1.542	0.16	1	0.095	0.59	9	13	6	17	17	10	7	12	8	19	14	12
EBG00001225120	tRNA	-0.308	4.09	0.17	1	0.079	0.55	75	58	76	79	87	95	57	54	101	89	72	107
PA14_00550	PA14_00550	0.296	4.03	0.17	1	0.1	0.62	78	89	78	58	80	63	59	84	104	66	67	72
PA14_01130	PA14_01130	0.382	3.202	0.17	1	0.051	0.45	49	49	43	38	34	35	37	46	58	43	28	40
PA14_03880	spuB	0.198	6.932	0.17	1	0.13	0.67	607	605	615	501	489	601	458	567	817	566	406	681
PA14_04850	PA14_04850	0.297	4.172	0.17	1	0.13	0.67	78	100	96	95	64	64	58	94	127	106	53	73
PA14_09440	phzE1	0.189	9.689	0.17	1	0.13	0.68	4293	4083	3979	3533	3480	3822	3241	3830	5285	3987	2891	4336
PA14_10260	acoA	-0.793	1.134	0.17	1	0.073	0.53	5	8	5	12	11	10	4	8	7	14	9	11
PA14_13750	narK1	-0.7	1.49	0.17	1	0.094	0.59	8	12	6	12	11	17	6	11	8	14	9	19
PA14_17350	PA14_17350	-0.265	4.601	0.17	1	0.081	0.56	98	113	94	116	122	129	74	106	126	131	101	146
PA14_19160	rarD	-0.26	4.636	0.17	1	0.077	0.55	107	104	100	130	121	122	81	98	133	146	100	138
PA14_20270	rhlG	-0.57	2.063	0.17	1	0.055	0.46	15	14	13	20	24	18	11	13	18	23	20	21
PA14_22220	PA14_22220	-0.858	1.049	0.17	1	0.077	0.55	3	7	5	12	9	9	2	7	7	13	7	10
PA14_24410	PA14_24410	0.842	0.993	0.17	1	0.099	0.6	12	11	8	8	8	1	9	10	11	9	7	1
PA14_26400	PA14_26400	0.913	0.964	0.17	1	0.065	0.51	10	11	6	4	6	3	8	10	8	5	5	4
PA14_26485	PA14_26485	0.204	5.409	0.17	1	0.17	0.74	202	190	237	181	199	169	152	178	314	204	166	192
PA14_27120	PA14_27120	-0.296	4.804	0.17	1	0.064	0.5	97	107	142	144	155	130	72	100	187	162	129	148
PA14_27700	PA14_27700	0.786	1.233	0.17	1	0.084	0.56	13	8	13	6	8	5	10	7	17	7	7	6
PA14_28670	rpmI	0.19	8.551	0.17	1	0.13	0.68	1957	1804	1852	1702	1538	1682	1478	1692	2460	1920	1277	1908
PA14_29260	PA14_29260	-0.236	6.101	0.17	1	0.067	0.51	276	270	331	338	357	341	208	253	438	382	297	387
PA14_30200	cspD	-0.183	9.278	0.17	1	0.14	0.69	2717	2604	2845	3027	3064	3182	2051	2442	3778	3416	2545	3610
PA14_30400	dsrE	0.285	4.626	0.17	1	0.082	0.56	138	135	103	107	112	89	105	127	138	121	93	101
PA14_31810	tpx	0.194	6.322	0.17	1	0.13	0.67	410	361	421	353	359	332	310	338	559	398	298	377
PA14_32520	PA14_32520	0.214	6.499	0.17	1	0.084	0.56	482	467	413	378	394	399	364	438	549	427	327	453
PA14_34840	PA14_34840	0.19	10.281	0.17	1	0.18	0.74	6331	6786	5515	5882	5661	4784	4779	6365	7325	6637	4703	5429
PA14_35300	PA14_35300	0.296	3.984	0.17	1	0.09	0.58	75	78	85	69	66	59	56	73	112	78	55	67
PA14_36190	PA14_36190	-0.527	2.293	0.17	1	0.08	0.55	20	17	14	22	27	23	15	16	19	25	23	26
PA14_39420	PA14_39420	0.545	2.149	0.17	1	0.07	0.53	24	19	23	17	10	18	18	18	31	19	8	20
PA14_39800	PA14_39800	0.232	6.03	0.17	1	0.098	0.6	377	287	321	285	253	298	286	269	427	322	210	338
PA14_43070	hcpD	-0.42	2.911	0.17	1	0.06	0.49	31	26	29	37	40	38	24	24	38	42	33	43
PA14_43310	PA14_43310	-0.297	4.963	0.17	1	0.075	0.54	112	123	150	188	155	133	84	115	198	211	129	151
PA14_45850	PA14_45850	-0.574	2.081	0.17	1	0.049	0.43	9	15	18	22	25	17	6	14	23	25	21	19
PA14_46510	PA14_46510	-0.155	8.992	0.17	1	0.25	0.82	2397	2199	2172	2348	2330	2853	1810	2062	2885	2650	1935	3236
PA14_46810	PA14_46810	0.264	4.875	0.17	1	0.1	0.62	142	171	129	140	125	104	107	161	173	157	104	118
PA14_50670	PA14_50670	0.18	6.79	0.17	1	0.22	0.79	469	534	641	519	504	431	353	501	849	585	419	490
PA14_51230	PA14_51230	-0.296	6.542	0.17	1	0.053	0.46	362	335	470	423	467	545	273	314	622	478	388	618
PA14_53340	PA14_53340	-0.348	3.999	0.17	1	0.077	0.55	56	52	81	75	73	96	42	49	106	85	60	108
PA14_53700	PA14_53700	0.27	4.426	0.17	1	0.082	0.56	100	109	112	85	87	95	75	102	149	96	72	108
PA14_54260	yecO	-0.421	2.798	0.17	1	0.11	0.64	34	26	21	35	39	32	26	24	29	40	33	36
PA14_56280	PA14_56280	-0.149	7.758	0.17	1	0.28	0.83	1074	987	819	1073	1076	1042	812	926	1089	1211	894	1182
PA14_57820	PA14_57820	-0.285	7.699	0.17	1	0.058	0.48	774	788	1063	961	1080	1161	583	739	1409	1085	897	1317
PA14_58860	PA14_58860	0.397	2.929	0.17	1	0.11	0.64	44	29	43	26	36	28	34	27	57	29	30	32
PA14_61920	PA14_61920	-0.213	5.472	0.17	1	0.13	0.67	196	209	169	210	225	228	148	196	226	237	187	259
PA14_65300	hflX	-0.163	10.288	0.17	1	0.25	0.81	5845	5727	5002	5495	5997	7067	4413	5372	6644	6201	4982	8018
PA14_65605	parC	-0.242	9.01	0.17	1	0.096	0.59	1933	2233	2467	2314	2558	2974	1458	2094	3275	2612	2125	3374
PA14_68070	PA14_68070	-0.156	9.304	0.17	1	0.27	0.83	2797	3034	2568	3269	2657	3427	2111	2846	3411	3689	2206	3888
PA14_69820	PA14_69820	0.458	2.531	0.17	1	0.13	0.68	32	18	36	18	19	25	24	17	47	21	16	28
PA14_71260	PA14_71260	0.393	3.358	0.17	1	0.063	0.5	65	52	41	43	36	40	50	49	56	48	30	45
PA14_71750	PA14_71750	0.249	4.341	0.17	1	0.21	0.78	92	90	118	91	98	66	69	84	155	102	82	75
PA14_72210	PA14_72210	-0.327	3.816	0.17	1	0.083	0.56	48	58	61	82	64	65	36	54	81	92	53	74
PA14_72560	np20	0.197	6.619	0.17	1	0.11	0.64	463	521	486	445	427	411	349	489	646	502	355	467
PA14_72620	abc	0.324	5.494	0.17	1	0.097	0.6	197	192	307	190	215	154	148	180	404	214	179	175
EBG00001225094	P11	-0.737	1.717	0.18	1	0.055	0.47	9	8	12	9	17	24	7	7	16	10	14	27
PA14_00630	PA14_00630	-0.22	7.25	0.18	1	0.11	0.62	623	603	744	678	818	802	470	565	987	766	680	910
PA14_02150	PA14_02150	0.255	4.328	0.18	1	0.18	0.74	80	101	117	92	73	86	59	95	154	104	60	97
PA14_02910	PA14_02910	0.311	3.961	0.18	1	0.072	0.53	88	82	69	66	67	59	67	77	93	74	56	67
PA14_03070	pobR	0.204	5.206	0.18	1	0.2	0.76	156	194	199	167	172	141	117	182	263	188	143	160
PA14_04180	PA14_04180	0.38	3.098	0.18	1	0.091	0.58	38	44	45	27	35	36	28	41	60	31	29	41
PA14_04630	ilvD	0.183	6.723	0.18	1	0.18	0.75	560	450	564	492	471	424	423	422	748	555	391	482
PA14_04830	PA14_04830	0.26	4.592	0.18	1	0.092	0.58	123	132	110	98	112	95	93	124	147	111	93	108
PA14_05010	PA14_05010	-0.332	3.743	0.18	1	0.059	0.49	48	49	61	68	63	70	36	46	80	77	52	79
PA14_06800	PA14_06800	1.654	-0.326	0.18	1	0.095	0.59	5	3	2	0	2	1	4	3	3	0	2	1
PA14_10110	PA14_10110	1.236	0.572	0.18	1	0.088	0.57	2	9	7	2	2	4	1	9	9	2	2	4
PA14_11530	PA14_11530	0.174	6.26	0.18	1	0.23	0.8	313	423	397	313	357	337	235	397	527	354	297	382
PA14_11890	PA14_11890	0.257	7.834	0.18	1	0.086	0.57	1263	1290	936	1010	1026	882	954	1210	1245	1140	853	1001
PA14_14450	PA14_14450	0.305	3.908	0.18	1	0.077	0.55	78	67	79	63	58	61	59	63	105	71	48	69
PA14_15810	glmS	0.459	2.61	0.18	1	0.062	0.5	35	28	28	27	18	20	27	26	38	30	15	23
PA14_20060	PA14_20060	-0.479	2.924	0.18	1	0.051	0.45	21	31	32	34	52	32	15	29	42	39	44	37
PA14_25920	cobM	0.32	3.731	0.18	1	0.069	0.52	70	63	66	55	55	49	53	59	88	62	46	56
PA14_26600	PA14_26600	0.155	7.049	0.18	1	0.27	0.83	572	658	724	640	592	525	431	617	960	722	492	596
PA14_27270	PA14_27270	-0.354	3.284	0.18	1	0.12	0.66	44	39	33	46	45	56	34	37	44	52	37	63
PA14_29060	PA14_29060	0.241	5.079	0.18	1	0.14	0.7	149	201	159	160	149	123	112	189	212	180	124	140
PA14_31450	PA14_31450	0.24	4.993	0.18	1	0.09	0.58	149	169	161	145	133	129	112	159	214	163	110	147
PA14_31620	PA14_31620	0.38	3.104	0.18	1	0.1	0.61	48	37	44	28	39	33	37	35	58	32	33	37
PA14_32300	PA14_32300	-0.453	2.63	0.18	1	0.069	0.52	21	24	21	27	36	29	16	23	28	31	30	33
PA14_35760	PA14_35760	-0.165	12.039	0.18	1	0.23	0.79	18038	19109	18622	18936	19833	23745	13616	17923	24729	21368	16475	26941
PA14_36010	PA14_36010	-0.327	4.828	0.18	1	0.068	0.51	109	123	116	109	147	181	82	115	154	124	122	204
PA14_36690	ybhO	0.463	2.602	0.18	1	0.078	0.55	36	30	25	20	26	19	28	28	34	23	22	22
PA14_36700	PA14_36700	0.749	1.323	0.18	1	0.06	0.49	15	15	7	8	6	7	12	14	10	9	5	8
PA14_37030	cupA3	-0.761	1.26	0.18	1	0.083	0.56	8	7	5	13	13	8	6	7	7	15	11	9
PA14_37140	PA14_37140	0.398	3.017	0.18	1	0.087	0.57	40	46	36	32	36	24	30	43	48	36	30	28
PA14_37915	PA14_37915	-0.818	0.991	0.18	1	0.081	0.56	5	7	4	12	9	10	4	7	6	13	7	11
PA14_39580	rimJ	0.434	2.686	0.18	1	0.063	0.5	36	33	31	26	25	22	27	31	41	29	21	25
PA14_39710	nrdG	-1.389	0.274	0.18	1	0.066	0.51	1	0	3	5	5	3	1	0	4	6	4	4
PA14_45290	ccmH	-0.233	5.059	0.18	1	0.11	0.62	146	139	142	155	160	185	110	130	189	175	133	210
PA14_45780	fliO	0.407	4.101	0.18	1	0.072	0.53	100	95	74	92	65	45	76	89	100	103	54	52
PA14_48610	PA14_48610	-0.431	2.705	0.18	1	0.12	0.67	27	29	17	35	31	30	21	27	23	39	26	34
PA14_48870	ydaO	-0.222	6.403	0.18	1	0.078	0.55	349	334	408	410	437	429	263	313	541	463	363	487
PA14_49250	napA	-0.164	6.935	0.18	1	0.21	0.78	560	568	488	613	558	637	423	533	649	692	463	722
PA14_50000	PA14_50000	0.295	4.526	0.18	1	0.13	0.68	105	91	151	100	92	92	79	85	198	113	76	105
PA14_53010	phhC	-0.24	5.112	0.18	1	0.098	0.6	142	139	158	191	155	173	107	130	209	215	128	196
PA14_53430	slyD	0.172	10.594	0.18	1	0.26	0.82	6255	7773	8982	6550	7455	6415	4720	7291	11926	7391	6194	7279
PA14_55540	PA14_55540	0.312	3.672	0.18	1	0.12	0.67	53	68	71	57	53	47	39	64	94	64	44	53
PA14_57640	PA14_57640	-0.288	4.071	0.18	1	0.11	0.62	77	63	67	74	83	95	59	59	89	84	69	107
PA14_59410	PA14_59410	-0.331	3.721	0.18	1	0.083	0.56	51	45	63	69	58	73	38	42	83	78	48	83
PA14_63460	PA14_63460	-0.434	2.806	0.18	1	0.085	0.56	28	17	32	35	30	40	21	16	42	39	25	45
PA14_63820	PA14_63820	-0.586	1.906	0.18	1	0.053	0.46	13	9	15	18	20	18	10	8	19	20	17	20
PA14_64390	ureC	-0.267	4.572	0.18	1	0.067	0.51	94	104	99	120	125	115	71	98	132	135	104	131
PA14_64460	psiF	0.186	7.848	0.18	1	0.16	0.72	1180	1166	1094	1095	1035	894	891	1094	1453	1235	860	1015
PA14_68560	drgA	0.282	4.241	0.18	1	0.09	0.58	92	109	87	76	85	75	69	102	116	86	71	85
PA14_69030	PA14_69030	0.199	6.102	0.18	1	0.1	0.61	334	343	347	304	302	287	252	322	461	343	251	326
PA14_69520	PA14_69520	-0.158	7.592	0.18	1	0.26	0.82	912	874	771	893	861	1096	689	820	1025	1008	715	1243
PA14_69780	PA14_69780	-0.211	6.696	0.18	1	0.15	0.71	472	440	434	471	457	629	357	413	577	532	379	713
PA14_69900	PA14_69900	-0.174	7.583	0.18	1	0.16	0.72	839	885	804	955	946	948	633	830	1068	1078	786	1076
PA14_01560	phnA	-0.283	4.354	0.19	1	0.068	0.51	75	91	88	105	112	94	56	85	116	118	93	107
PA14_01870	PA14_01870	-0.276	4.382	0.19	1	0.06	0.49	84	83	93	109	107	100	63	78	123	123	89	114
PA14_02230	cheW	0.242	5.506	0.19	1	0.09	0.58	232	262	192	193	183	201	175	246	257	218	152	228
PA14_03330	PA14_03330	0.345	3.433	0.19	1	0.078	0.55	52	62	49	41	41	45	39	58	65	46	34	51
PA14_06170	fiuR	0.185	7.573	0.19	1	0.16	0.72	1018	923	903	888	864	750	769	866	1200	1002	718	851
PA14_06310	PA14_06310	0.173	7.344	0.19	1	0.15	0.71	804	773	837	717	715	710	607	725	1111	809	594	806
PA14_07600	folK	-0.268	4.252	0.19	1	0.1	0.61	88	74	77	92	94	101	67	69	103	104	78	114
PA14_08250	PA14_08250	0.211	7.311	0.19	1	0.11	0.63	902	794	694	696	692	675	682	745	923	785	575	766
PA14_11690	ppa	-0.281	4.66	0.19	1	0.077	0.55	97	90	125	132	136	115	73	84	165	149	113	131
PA14_18310	PA14_18310	-0.422	2.731	0.19	1	0.099	0.6	30	22	23	29	40	32	23	21	31	33	34	36
PA14_21120	PA14_21120	0.664	2.97	0.19	1	0.029	0.31	63	28	38	31	30	20	49	26	51	35	25	23
PA14_24445	gdhB	0.181	12.163	0.19	1	0.15	0.71	23387	23407	21706	20144	19255	21026	17654	21954	28825	22731	15995	23857
PA14_24770	PA14_24770	0.185	7.587	0.19	1	0.14	0.69	1017	911	945	881	816	828	768	854	1255	994	678	940
PA14_36270	PA14_36270	0.291	7.135	0.19	1	0.12	0.67	545	668	950	544	690	535	409	626	1258	614	574	607
PA14_36840	glgP	0.291	3.999	0.19	1	0.15	0.7	78	64	95	77	52	65	59	60	125	86	43	74
PA14_37080	PA14_37080	-0.606	3.694	0.19	1	0.14	0.7	78	46	15	46	84	86	62	43	23	53	70	97
PA14_38330	gor	0.182	9.198	0.19	1	0.15	0.7	2966	3093	2710	2598	2548	2583	2239	2901	3600	2931	2117	2931
PA14_38730	yhhS	0.37	3.801	0.19	1	0.14	0.69	51	68	93	57	66	43	37	64	121	64	55	49
PA14_39500	PA14_39500	0.269	4.655	0.19	1	0.17	0.74	111	112	157	124	108	85	83	105	206	139	90	97
PA14_39720	PA14_39720	0.757	1.218	0.19	1	0.1	0.61	11	17	6	6	8	5	8	16	9	7	7	6
PA14_43690	fabB	0.143	8.226	0.19	1	0.28	0.83	1390	1400	1618	1296	1409	1291	1049	1313	2148	1463	1171	1465
PA14_44950	ygfU	-0.401	3.02	0.19	1	0.084	0.56	29	30	34	44	51	30	22	28	45	50	43	34
PA14_50880	PA14_50880	-0.136	11.86	0.19	1	0.31	0.86	17151	17772	14842	18127	17313	19250	12947	16669	19711	20455	14382	21842
PA14_55430	hxcS	1.01	0.524	0.19	1	0.11	0.62	7	10	4	4	5	2	5	9	6	4	4	2
PA14_57650	PA14_57650	-0.249	5.616	0.19	1	0.079	0.55	190	184	249	238	260	247	143	172	329	269	216	280
PA14_58790	PA14_58790	-0.467	2.467	0.19	1	0.099	0.6	23	14	22	22	28	33	18	13	29	25	23	37
PA14_62450	trmA	-0.223	4.929	0.19	1	0.18	0.75	160	112	118	142	157	153	122	105	157	160	131	174
PA14_65250	hisX	0.178	7.69	0.19	1	0.16	0.73	1096	938	1044	935	914	872	828	880	1386	1055	759	990
PA14_67065	mdoH	0.206	8.118	0.19	1	0.13	0.67	1579	1337	1265	1263	1142	1218	1193	1254	1681	1425	948	1382
PA14_67140	PA14_67140	-0.783	1.039	0.19	1	0.086	0.57	5	6	6	11	9	12	4	6	8	12	7	13
PA14_67240	hutG	0.23	5.265	0.19	1	0.092	0.58	200	200	178	168	168	155	151	188	237	190	140	176
PA14_68380	nudE	0.149	6.926	0.19	1	0.29	0.84	519	597	672	564	555	498	391	560	891	636	461	565
PA14_68970	PA14_68970	-0.214	5.587	0.19	1	0.095	0.59	202	212	207	255	235	230	152	199	275	288	195	261
PA14_69310	PA14_69310	0.21	6.291	0.19	1	0.19	0.76	319	416	437	376	362	277	239	390	579	424	301	315
PA14_71780	PA14_71780	0.135	8.125	0.19	1	0.32	0.87	1240	1339	1521	1243	1350	1144	935	1256	2019	1403	1122	1298
PA14_72460	cc4	-0.21	7.436	0.19	1	0.11	0.63	712	711	825	902	930	772	537	667	1094	1018	773	876
PA14_72810	PA14_72810	0.276	4.13	0.19	1	0.1	0.62	80	90	91	72	78	67	60	84	120	81	65	76
PA14_73200	PA14_73200	-0.194	6.224	0.19	1	0.15	0.71	321	341	312	326	368	419	242	320	415	368	306	475
PA14_00050	gyrB	0.176	8.53	0.2	1	0.18	0.75	1974	1691	1845	1534	1566	1775	1491	1586	2450	1731	1301	2014
PA14_01780	PA14_01780	-0.273	4.341	0.2	1	0.13	0.68	72	102	77	108	112	85	54	96	103	122	93	97
PA14_01790	PA14_01790	0.37	2.994	0.2	1	0.14	0.7	43	38	40	32	41	22	33	36	53	36	35	25
PA14_02220	PA14_02220	0.198	7.576	0.2	1	0.13	0.68	1014	1016	833	843	832	820	766	953	1108	951	691	930
PA14_07355	PA14_07355	0.286	4.155	0.2	1	0.093	0.59	101	77	92	80	64	76	77	72	122	90	53	86
PA14_07450	PA14_07450	-0.265	4.775	0.2	1	0.092	0.58	113	92	138	137	136	141	85	86	182	155	113	160
PA14_08260	PA14_08260	0.194	8.815	0.2	1	0.15	0.71	2534	2208	2013	1873	1972	2057	1914	2071	2675	2114	1638	2334
PA14_08300	JF1	0.189	11.445	0.2	1	0.17	0.74	15585	13287	12866	11344	11863	13408	11766	12462	17086	12801	9855	15213
PA14_08990	rpsH	-0.254	9.306	0.2	1	0.086	0.57	2323	2562	3220	2930	3439	3301	1752	2403	4273	3307	2857	3745
PA14_11370	PA14_11370	-0.54	2.116	0.2	1	0.073	0.54	9	14	19	24	22	17	6	13	25	27	18	20
PA14_14160	PA14_14160	0.234	4.945	0.2	1	0.099	0.6	151	163	147	142	131	119	114	153	196	160	109	135
PA14_14480	PA14_14480	0.244	4.474	0.2	1	0.16	0.73	98	124	110	97	107	78	73	116	146	109	89	89
PA14_15480	merR	-0.177	7.729	0.2	1	0.18	0.75	848	1045	900	1088	1076	992	639	980	1195	1228	894	1126
PA14_16910	PA14_16910	0.188	6.376	0.2	1	0.12	0.65	394	432	411	372	356	357	297	405	546	420	296	405
PA14_18020	PA14_18020	-0.147	7.423	0.2	1	0.27	0.83	831	766	690	929	794	805	628	718	917	1048	659	914
PA14_22120	PA14_22120	-0.278	5.173	0.2	1	0.083	0.56	137	138	174	147	197	203	103	129	230	167	164	230
PA14_24920	PA14_24920	0.28	3.958	0.2	1	0.16	0.72	87	59	89	63	60	70	66	55	117	71	50	79
PA14_25930	PA14_25930	1.005	0.593	0.2	1	0.14	0.7	4	6	9	4	2	4	3	6	11	4	2	4
PA14_27480	htpX	-0.14	8.121	0.2	1	0.31	0.86	1353	1246	1123	1271	1294	1532	1022	1169	1492	1434	1075	1738
PA14_28520	PA14_28520	-0.329	3.571	0.2	1	0.17	0.74	59	44	41	74	60	44	45	41	55	83	50	51
PA14_29150	PA14_29150	-0.238	4.642	0.2	1	0.13	0.67	113	111	94	133	123	117	86	104	126	150	102	133
PA14_31060	PA14_31060	0.141	8.55	0.2	1	0.32	0.87	1570	1799	2147	1707	1694	1603	1184	1687	2849	1926	1407	1819
PA14_38090	PA14_38090	0.225	5.054	0.2	1	0.15	0.71	149	191	158	157	142	127	112	179	210	177	118	144
PA14_38410	amrB	0.208	5.431	0.2	1	0.11	0.63	208	214	219	184	192	180	157	201	290	208	160	204
PA14_41820	pabB	0.189	6.421	0.2	1	0.13	0.68	433	413	431	344	363	413	327	387	572	388	301	468
PA14_42380	exsD	0.163	6.464	0.2	1	0.28	0.83	375	446	482	399	440	328	282	418	639	450	366	373
PA14_44290	acnA	0.175	8.705	0.2	1	0.16	0.72	2106	2064	2044	1907	1775	1823	1590	1936	2714	2152	1474	2068
PA14_45070	PA14_45070	0.345	3.23	0.2	1	0.11	0.62	40	49	50	34	38	38	30	46	66	39	32	43
PA14_46650	PA14_46650	-0.438	2.413	0.2	1	0.21	0.78	28	20	12	21	31	28	22	19	17	24	26	32
PA14_46990	PA14_46990	-0.19	5.491	0.2	1	0.18	0.75	215	199	174	240	216	212	163	187	232	270	179	241
PA14_47340	PA14_47340	0.194	5.811	0.2	1	0.16	0.72	258	287	289	276	234	220	194	269	384	311	194	250
PA14_47730	cobD	0.304	3.825	0.2	1	0.1	0.61	72	78	67	70	57	47	54	73	89	79	47	54
PA14_48540	PA14_48540	-0.494	2.553	0.2	1	0.11	0.62	14	33	15	31	30	26	10	31	21	35	25	30
PA14_48760	ycaC	0.224	5.773	0.2	1	0.091	0.58	309	261	252	248	222	231	234	245	336	280	184	262
PA14_48860	PA14_48860	-0.241	4.857	0.2	1	0.12	0.65	107	129	130	164	131	138	80	121	172	185	108	157
PA14_51520	spcU	-0.246	9.161	0.2	1	0.1	0.61	2150	2540	2661	2535	2750	3436	1622	2382	3533	2861	2284	3898
PA14_52040	purM	-0.198	5.618	0.2	1	0.13	0.68	231	205	203	237	242	251	175	192	270	268	201	285
PA14_53670	PA14_53670	-0.244	9.35	0.2	1	0.11	0.63	2760	2866	2767	2800	3045	4090	2083	2688	3674	3160	2529	4640
PA14_57210	argJ	0.173	7.397	0.2	1	0.17	0.74	812	868	825	799	744	680	613	814	1096	901	618	772
PA14_57360	ftsW	-0.173	8.228	0.2	1	0.25	0.81	1440	1378	1142	1319	1410	1733	1088	1293	1518	1489	1171	1966
PA14_58410	PA14_58410	-0.205	5.442	0.2	1	0.14	0.69	192	182	187	232	192	221	145	171	249	262	159	251
PA14_60010	PA14_60010	-1.238	0.265	0.2	1	0.082	0.56	1	3	1	6	6	3	1	3	2	7	5	3
PA14_60070	PA14_60070	-0.162	8.374	0.2	1	0.21	0.77	1426	1495	1472	1582	1537	1797	1076	1402	1955	1785	1276	2039
PA14_60850	mexC	-0.433	2.563	0.2	1	0.1	0.61	19	26	22	32	23	34	14	24	29	36	19	38
PA14_61670	moeB	0.273	5.448	0.2	1	0.087	0.57	230	248	188	222	164	163	174	233	251	250	136	185
PA14_61790	pth	-0.248	4.758	0.2	1	0.19	0.76	144	94	105	147	114	143	110	88	140	166	94	162
PA14_63290	phaJ3	-0.67	1.428	0.2	1	0.087	0.57	10	6	8	16	11	12	8	6	11	18	9	14
PA14_64720	opdK	0.283	4.487	0.2	1	0.085	0.56	135	104	103	93	81	103	103	97	137	105	67	117
PA14_67720	secB	0.22	5.043	0.2	1	0.12	0.65	155	161	176	146	132	146	117	151	233	165	109	165
PA14_68820	gspE	-0.158	8.044	0.2	1	0.21	0.77	1222	1176	1105	1235	1326	1346	923	1103	1468	1394	1102	1527
PA14_69220	ppx	-0.161	7.126	0.2	1	0.25	0.82	669	566	614	640	633	794	506	531	815	722	525	900
PA14_70680	glcE	-0.886	0.908	0.2	1	0.11	0.63	5	5	3	12	7	5	4	5	4	13	6	6
PA14_71410	PA14_71410	-0.318	3.651	0.2	1	0.075	0.54	47	55	49	60	66	63	35	52	65	68	55	71
PA14_72800	rosB	0.216	5.409	0.2	1	0.095	0.59	207	222	208	181	176	191	156	208	276	204	146	216
PA14_01390	PA14_01390	0.202	5.493	0.21	1	0.22	0.79	200	195	273	211	202	170	150	183	360	238	168	193
PA14_01540	PA14_01540	0.356	3.189	0.21	1	0.093	0.59	55	39	44	33	35	39	42	36	59	37	29	44
PA14_02850	pcaC	0.287	3.982	0.21	1	0.12	0.66	77	84	75	55	58	80	58	79	100	62	48	90
PA14_03010	PA14_03010	-0.219	5.098	0.21	1	0.14	0.7	158	132	149	159	162	190	120	124	198	180	134	215
PA14_03410	PA14_03410	-0.523	2.098	0.21	1	0.067	0.51	12	12	20	18	27	20	9	11	26	21	23	23
PA14_03940	spuF	-0.149	6.387	0.21	1	0.32	0.87	431	368	314	419	364	446	327	345	418	473	302	506
PA14_07530	dnaG	-0.164	8.597	0.21	1	0.24	0.8	1754	1636	1738	1714	1805	2224	1324	1534	2308	1935	1499	2523
PA14_08030	PA14_08030	0.188	9.323	0.21	1	0.17	0.74	3643	3054	2888	2622	2790	2998	2751	2864	3836	2959	2318	3401
PA14_13410	PA14_13410	-0.159	7.109	0.21	1	0.24	0.81	661	569	595	621	653	764	500	534	791	701	542	866
PA14_16590	PA14_16590	0.169	6.025	0.21	1	0.23	0.79	307	289	367	306	277	275	231	271	486	345	230	312
PA14_20960	PA14_20960	0.208	5.996	0.21	1	0.12	0.66	332	346	278	276	293	258	251	325	371	311	244	293
PA14_22050	htrB	0.193	5.648	0.21	1	0.25	0.81	216	237	291	222	253	179	162	222	385	250	211	204
PA14_23670	PA14_23670	0.266	3.905	0.21	1	0.18	0.75	62	76	83	65	65	56	46	71	110	73	54	64
PA14_26150	PA14_26150	0.297	3.749	0.21	1	0.11	0.64	63	73	64	54	62	47	47	69	85	61	52	54
PA14_26240	hisJ	-1.588	-0.119	0.21	1	0.19	0.75	2	1	0	1	6	4	2	1	0	1	5	4
PA14_28510	PA14_28510	0.47	2.217	0.21	1	0.16	0.73	23	23	24	11	25	16	17	22	32	13	21	18
PA14_28570	endA	-0.654	1.505	0.21	1	0.077	0.55	6	11	9	17	14	9	4	10	12	19	12	11
PA14_28660	infC	0.155	10.071	0.21	1	0.24	0.81	5421	4751	5752	4812	4434	5055	4092	4456	7637	5430	3683	5735
PA14_29090	potF4	0.337	3.094	0.21	1	0.23	0.8	40	41	45	33	46	22	30	38	59	37	39	25
PA14_32380	oprN	0.299	3.604	0.21	1	0.14	0.7	55	59	67	53	53	42	41	55	88	60	44	48
PA14_37350	PA14_37350	-1.148	0.474	0.21	1	0.082	0.56	2	5	2	12	5	3	1	5	3	13	4	4
PA14_40300	PA14_40300	0.201	5.404	0.21	1	0.17	0.74	190	226	212	204	186	157	143	212	282	230	155	179
PA14_41030	PA14_41030	0.179	6.241	0.21	1	0.15	0.71	350	389	383	342	329	322	264	365	508	386	273	365
PA14_41650	estX	-0.357	3.159	0.21	1	0.083	0.56	27	39	38	47	43	45	20	37	50	53	36	51
PA14_42010	PA14_42010	-0.176	6.466	0.21	1	0.16	0.73	397	373	390	433	400	475	300	350	518	489	332	539
PA14_43320	glsA	-0.278	3.886	0.21	1	0.18	0.75	72	56	57	86	75	61	55	52	76	97	62	70
PA14_43940	sucD	0.176	9.242	0.21	1	0.16	0.72	3195	2938	2892	2678	2560	2746	2412	2756	3841	3022	2126	3116
PA14_44150	yijF	0.241	4.769	0.21	1	0.12	0.64	154	133	124	113	131	104	117	125	166	128	109	118
PA14_49690	PA14_49690	0.693	1.341	0.21	1	0.11	0.63	8	13	13	5	7	9	6	12	17	6	6	10
PA14_50480	flgB	0.175	6.682	0.21	1	0.15	0.71	511	485	527	434	445	470	386	455	699	490	370	533
PA14_51020	PA14_51020	0.217	5.554	0.21	1	0.095	0.59	259	232	216	204	203	199	196	218	288	230	169	226
PA14_51070	opdD	-0.319	3.4	0.21	1	0.15	0.7	46	50	33	54	51	54	35	47	45	61	42	61
PA14_51570	PA14_51570	-0.165	9.25	0.21	1	0.26	0.82	2873	2773	2420	2643	2886	3513	2169	2601	3215	2983	2397	3985
PA14_53300	PA14_53300	-0.344	3.36	0.21	1	0.078	0.55	34	39	46	50	47	56	25	37	60	56	39	63
PA14_54930	PA14_54930	0.21	5.785	0.21	1	0.11	0.64	297	253	274	231	217	262	225	237	364	261	180	297
PA14_56010	pctB	-0.163	5.976	0.21	1	0.26	0.82	305	272	255	325	268	334	231	255	339	366	222	379
PA14_57580	rpsI	-0.189	10.358	0.21	1	0.17	0.74	5501	5093	6638	6407	6438	6803	4152	4777	8813	7230	5348	7719
PA14_57830	PA14_57830	0.182	7.389	0.21	1	0.13	0.68	855	843	798	733	716	750	646	791	1060	827	595	851
PA14_62230	PA14_62230	-0.185	5.58	0.21	1	0.19	0.75	223	211	191	238	217	253	169	198	255	268	180	287
PA14_62260	PA14_62260	0.205	4.97	0.21	1	0.26	0.82	148	129	188	122	153	130	111	121	248	138	128	148
PA14_62890	PA14_62890	0.192	7.583	0.21	1	0.14	0.7	967	1006	895	817	767	925	730	944	1189	922	637	1049
PA14_63750	PA14_63750	-0.377	2.994	0.21	1	0.078	0.55	30	30	30	38	44	36	23	28	40	43	37	41
PA14_64610	PA14_64610	0.294	5.719	0.21	1	0.14	0.7	202	243	361	214	253	192	151	228	476	242	211	218
PA14_66830	phaD	-0.18	7.171	0.21	1	0.15	0.71	593	686	614	704	738	705	447	644	816	794	613	800
PA14_67820	PA14_67820	-0.35	3.292	0.21	1	0.1	0.62	41	33	41	56	52	39	31	31	54	63	43	45
PA14_68350	arcC	-0.26	6.166	0.21	1	0.18	0.75	369	331	215	312	341	441	280	311	289	353	283	500
PA14_69350	PA14_69350	0.185	7.346	0.21	1	0.13	0.69	833	857	740	720	716	700	629	804	984	812	595	794
PA14_69480	algZ	-0.159	8.881	0.21	1	0.27	0.83	2305	2061	1890	2063	2229	2691	1741	1933	2511	2329	1851	3053
PA14_72200	prfH	0.418	2.587	0.21	1	0.14	0.7	26	27	37	26	22	20	19	25	48	29	18	23
PA14_02340	atsB	-0.41	2.571	0.22	1	0.17	0.74	30	22	17	32	35	24	23	21	23	36	29	27
PA14_05860	PA14_05860	0.211	5.525	0.22	1	0.11	0.62	250	220	219	193	199	201	189	206	291	218	165	228
PA14_07860	PA14_07860	-0.253	3.965	0.22	1	0.23	0.8	80	60	58	71	70	92	61	56	78	80	58	104
PA14_08130	gpU	0.2	9.314	0.22	1	0.16	0.72	3669	3173	2721	2656	2904	2764	2771	2976	3615	2997	2413	3136
PA14_11070	cupB2	-0.457	2.28	0.22	1	0.12	0.67	15	22	16	18	26	29	11	21	22	21	22	33
PA14_12300	PA14_12300	0.16	6.894	0.22	1	0.19	0.76	563	589	606	511	553	511	425	552	804	577	460	580
PA14_13130	PA14_13130	0.14	8.952	0.22	1	0.28	0.84	2206	2455	2629	2294	2127	2194	1664	2303	3490	2588	1767	2490
PA14_15580	PA14_15580	-0.134	9.011	0.22	1	0.33	0.87	2503	2174	2234	2392	2304	2884	1890	2039	2967	2699	1913	3272
PA14_17720	PA14_17720	-0.19	5.647	0.22	1	0.15	0.7	226	224	204	242	248	254	171	210	271	273	206	288
PA14_18150	acsL	0.205	5.824	0.22	1	0.15	0.7	258	330	258	264	234	235	194	310	344	298	194	267
PA14_18740	argG	0.154	6.139	0.22	1	0.27	0.82	312	327	396	298	322	313	235	307	524	337	268	355
PA14_21940	PA14_21940	0.333	3.47	0.22	1	0.18	0.75	44	48	74	42	40	50	32	45	97	48	33	57
PA14_22020	minD	-0.188	6.95	0.22	1	0.15	0.7	529	498	590	600	597	646	399	467	783	677	496	733
PA14_22720	PA14_22720	0.363	3.007	0.22	1	0.085	0.56	46	37	40	31	31	33	35	35	53	35	26	37
PA14_25130	PA14_25130	-0.166	7.309	0.22	1	0.21	0.77	645	757	692	740	738	870	486	710	919	835	613	987
PA14_29750	PA14_29750	-0.319	3.467	0.22	1	0.095	0.59	38	46	48	56	49	60	28	43	63	63	40	68
PA14_35520	bkdA2	-0.259	4.21	0.22	1	0.12	0.65	74	88	70	88	100	92	56	83	94	99	83	104
PA14_35880	PA14_35880	-0.19	5.871	0.22	1	0.18	0.75	252	280	232	248	313	311	190	263	309	280	260	353
PA14_40150	PA14_40150	-0.622	1.571	0.22	1	0.099	0.6	3	13	11	17	14	11	2	12	14	19	12	13
PA14_40520	PA14_40520	-1.28	-0.04	0.22	1	0.1	0.61	4	1	1	5	6	2	3	1	1	6	5	2
PA14_41740	PA14_41740	-0.2	5.722	0.22	1	0.12	0.66	210	248	227	253	260	274	158	233	301	286	216	311
PA14_45170	PA14_45170	-0.421	2.558	0.22	1	0.1	0.61	21	23	22	33	28	28	16	22	29	37	23	32
PA14_46270	PA14_46270	-0.214	4.621	0.22	1	0.23	0.8	115	118	82	129	119	114	87	111	111	145	99	130
PA14_52560	PA14_52560	-0.29	10.473	0.22	1	0.061	0.5	5192	5811	6969	6563	8570	6842	3918	5450	9253	7406	7120	7764
PA14_53820	PA14_53820	0.155	9.692	0.22	1	0.23	0.8	4171	4001	4077	3331	3702	3971	3149	3753	5414	3759	3075	4505
PA14_54570	PA14_54570	-0.37	2.691	0.22	1	0.25	0.81	30	31	16	30	29	37	23	29	22	34	24	42
PA14_56380	PA14_56380	0.267	3.883	0.22	1	0.16	0.73	67	77	76	61	72	52	50	72	101	69	60	59
PA14_59290	pilQ2	-0.494	2.181	0.22	1	0.13	0.67	12	15	18	26	14	25	9	14	24	29	11	28
PA14_59470	PA14_59470	-0.225	6.016	0.22	1	0.12	0.67	251	262	317	294	301	377	189	246	419	332	250	427
PA14_60090	PA14_60090	-0.174	8.057	0.22	1	0.22	0.78	1007	1328	1175	1236	1298	1427	759	1246	1560	1395	1078	1619
PA14_61180	PA14_61180	0.322	3.937	0.22	1	0.18	0.74	70	58	103	68	66	51	52	54	134	77	55	58
PA14_61270	PA14_61270	0.168	5.628	0.22	1	0.26	0.82	228	212	288	218	219	214	172	199	380	246	182	243
PA14_62130	ilvC	0.16	8.099	0.22	1	0.2	0.77	1309	1408	1346	1292	1192	1152	988	1321	1787	1458	990	1307
PA14_62560	pcnB	-0.201	6.406	0.22	1	0.1	0.61	350	349	404	405	431	435	264	327	535	457	358	493
PA14_63310	smtA	-0.478	2.296	0.22	1	0.084	0.56	14	13	24	26	25	22	10	12	31	29	21	25
PA14_64360	yncA	-0.511	2.284	0.22	1	0.1	0.62	11	15	22	30	16	24	8	14	29	34	13	27
PA14_64820	vanR	0.23	4.744	0.22	1	0.14	0.7	129	140	132	133	111	97	97	131	176	150	92	111
PA14_65030	PA14_65030	-0.163	6.184	0.22	1	0.22	0.79	339	337	285	351	347	375	256	316	380	396	288	425
PA14_66060	rfaE	0.166	7.499	0.22	1	0.17	0.74	882	921	878	823	797	770	666	864	1166	929	662	874
PA14_68430	fdhD	0.815	0.93	0.22	1	0.13	0.68	8	13	6	3	7	4	6	12	8	4	6	5
PA14_72630	yaeE	0.15	5.872	0.22	1	0.33	0.87	259	265	333	261	287	228	195	248	440	294	239	259
PA14_72900	PA14_72900	-0.148	8.205	0.22	1	0.25	0.81	1322	1385	1224	1371	1442	1540	998	1299	1626	1547	1198	1747
EBG00001225030	P1	-0.398	4.221	0.23	1	0.084	0.56	66	80	75	94	65	130	49	75	99	106	53	147
PA14_01670	PA14_01670	-0.338	3.066	0.23	1	0.22	0.78	35	41	22	43	45	35	27	39	30	48	38	40
PA14_03180	PA14_03180	-0.157	6.164	0.23	1	0.28	0.83	326	333	292	331	314	411	246	312	388	374	260	466
PA14_04750	fdx1	0.127	7.234	0.23	1	0.37	0.9	630	754	818	707	705	606	474	707	1085	798	586	688
PA14_05110	PA14_05110	-0.172	6.071	0.23	1	0.21	0.78	321	285	280	370	330	296	243	267	372	417	274	336
PA14_06720	nirF	-0.584	1.61	0.23	1	0.16	0.73	9	12	8	10	12	22	7	11	11	11	10	24
PA14_07290	ygjP	0.288	4.356	0.23	1	0.18	0.75	96	75	135	86	88	78	72	70	177	97	73	89
PA14_07800	djlA	0.175	6.46	0.23	1	0.18	0.75	449	458	401	359	434	366	339	430	533	405	361	416
PA14_10370	choS	-0.227	6.62	0.23	1	0.11	0.63	344	441	481	481	538	468	258	414	637	543	447	531
PA14_10480	PA14_10480	0.377	2.878	0.23	1	0.11	0.63	36	45	31	26	25	33	27	42	42	30	21	37
PA14_11740	PA14_11740	0.211	5.889	0.23	1	0.14	0.69	310	330	250	273	261	232	234	310	333	308	217	264
PA14_12980	PA14_12980	0.181	8.409	0.23	1	0.17	0.74	1722	1854	1498	1542	1454	1477	1300	1739	1991	1740	1208	1676
PA14_13350	PA14_13350	-0.142	6.991	0.23	1	0.31	0.86	647	511	537	626	577	665	490	479	714	706	479	754
PA14_13610	PA14_13610	0.443	2.376	0.23	1	0.091	0.58	28	27	23	21	17	18	21	25	31	24	14	20
PA14_17760	ada	0.234	4.423	0.23	1	0.15	0.71	94	116	110	99	88	85	70	109	146	112	73	97
PA14_18275	fruA	0.255	4.074	0.23	1	0.19	0.76	81	94	76	66	88	57	61	88	102	75	74	65
PA14_19390	PA14_19390	0.348	2.988	0.23	1	0.16	0.72	47	30	43	30	35	30	36	28	57	34	29	34
PA14_20640	PA14_20640	-0.441	2.421	0.23	1	0.11	0.62	12	23	23	27	25	28	8	22	30	30	21	32
PA14_24360	PA14_24360	0.193	5.281	0.23	1	0.17	0.74	191	189	196	168	183	154	144	177	260	190	152	175
PA14_25000	slt	0.163	6.797	0.23	1	0.2	0.77	581	507	558	476	522	473	439	475	741	537	434	537
PA14_25420	PA14_25420	0.203	5.42	0.23	1	0.13	0.67	227	198	212	185	189	180	172	186	282	209	157	204
PA14_29120	PA14_29120	0.196	5.611	0.23	1	0.15	0.71	236	240	250	242	187	204	178	225	332	272	155	232
PA14_29290	PA14_29290	0.557	1.779	0.23	1	0.11	0.64	12	18	17	14	6	11	9	17	23	16	5	13
PA14_29730	PA14_29730	0.226	4.999	0.23	1	0.11	0.63	169	154	157	146	126	138	128	144	209	164	104	156
PA14_31180	PA14_31180	0.209	5.041	0.23	1	0.17	0.74	160	162	169	121	141	164	121	152	224	137	117	185
PA14_35500	bkdB	-0.237	4.904	0.23	1	0.19	0.76	116	165	100	142	149	157	87	155	135	160	124	178
PA14_37210	PA14_37210	-0.552	1.724	0.23	1	0.15	0.71	12	16	6	13	19	17	9	15	9	15	16	19
PA14_37640	PA14_37640	0.842	0.856	0.23	1	0.14	0.7	10	7	6	5	6	2	8	7	8	6	5	2
PA14_39180	PA14_39180	-0.41	2.528	0.23	1	0.16	0.72	28	16	21	30	26	30	22	15	28	34	21	34
PA14_42220	PA14_42220	0.148	6.908	0.23	1	0.33	0.87	518	587	663	496	629	474	390	551	879	560	524	538
PA14_43440	PA14_43440	0.536	1.707	0.23	1	0.18	0.75	11	13	23	12	11	10	8	12	29	14	9	11
PA14_43910	PA14_43910	-0.347	2.979	0.23	1	0.18	0.74	36	25	31	44	29	42	28	23	41	49	24	48
PA14_47500	sseA	-0.28	3.83	0.23	1	0.11	0.62	58	56	61	77	69	67	44	52	81	87	57	76
PA14_49210	napE	-0.188	6.345	0.23	1	0.12	0.67	331	377	353	391	423	397	249	354	469	441	352	450
PA14_49270	napc	-0.311	3.419	0.23	1	0.14	0.7	49	42	40	47	52	62	37	39	54	53	43	70
PA14_49330	PA14_49330	-0.222	4.368	0.23	1	0.22	0.79	105	85	75	98	97	111	80	80	101	111	80	126
PA14_49750	PA14_49750	0.266	5.971	0.23	1	0.17	0.74	254	360	339	309	298	187	190	338	450	348	248	213
PA14_52140	yaiL	-0.184	7.388	0.23	1	0.14	0.69	692	730	775	778	869	853	522	685	1029	878	722	968
PA14_52840	dctP	-0.471	2.202	0.23	1	0.11	0.64	20	10	20	27	21	21	15	9	26	30	17	24
PA14_54340	PA14_54340	0.162	8.286	0.23	1	0.19	0.76	1584	1542	1504	1318	1386	1433	1196	1446	1998	1487	1151	1626
PA14_54690	ywnB	-0.334	3.214	0.23	1	0.11	0.62	35	39	35	50	49	39	26	37	47	56	41	45
PA14_54810	PA14_54810	-0.178	6.018	0.23	1	0.22	0.79	314	244	289	292	308	357	238	229	384	330	256	405
PA14_56170	PA14_56170	0.218	5.431	0.23	1	0.11	0.63	230	227	190	198	182	174	174	213	254	223	151	198
PA14_57010	groEL	-0.16	12.146	0.23	1	0.29	0.84	23083	19068	18003	20205	21065	25931	17426	17884	23909	22800	17499	29422
PA14_58870	ndh	-0.145	7.354	0.23	1	0.27	0.83	751	795	635	818	817	774	567	746	845	923	679	878
PA14_59390	PA14_59390	-0.152	11.251	0.23	1	0.22	0.79	10908	10844	10706	11372	12225	12470	8234	10171	14217	12833	10156	14149
PA14_59690	PA14_59690	0.356	2.99	0.23	1	0.1	0.61	40	43	37	36	32	25	30	40	50	40	27	29
PA14_60330	lytB	0.182	6.418	0.23	1	0.14	0.69	439	424	410	399	377	346	332	398	545	450	313	393
PA14_63080	lldP	-0.201	5.735	0.23	1	0.19	0.76	255	225	213	214	297	285	193	211	283	242	247	323
PA14_66600	aroB	-0.169	6.904	0.23	1	0.18	0.75	509	516	552	591	539	644	384	484	733	667	447	730
PA14_69420	hemY	0.17	8.168	0.23	1	0.17	0.74	1456	1469	1351	1265	1245	1289	1099	1378	1795	1428	1034	1463
PA14_69740	PA14_69740	0.545	1.817	0.23	1	0.11	0.64	15	21	14	11	13	11	11	20	19	12	11	12
PA14_69850	betT	0.189	6.494	0.23	1	0.13	0.67	468	447	430	427	375	376	354	419	571	481	311	427
PA14_73020	PA14_73020	0.54	1.815	0.23	1	0.15	0.7	12	21	16	9	14	11	9	20	21	10	12	13
PA14_73120	PA14_73120	-0.178	7.027	0.23	1	0.15	0.71	562	561	591	615	654	671	424	526	784	694	543	761
PA14_73320	atpI	-0.369	8.72	0.23	1	0.045	0.41	1252	1658	2255	1981	2329	2362	943	1555	2991	2236	1935	2680
PA14_73400	thdF	0.173	5.69	0.23	1	0.21	0.77	243	232	286	226	224	227	183	217	378	255	186	257
EBG00001225034	P26	-0.216	4.918	0.24	1	0.2	0.77	135	130	124	122	146	183	102	122	165	138	121	207
PA14_01520	PA14_01520	-0.379	2.672	0.24	1	0.18	0.74	31	16	27	35	28	33	24	15	35	39	23	37
PA14_03760	PA14_03760	-0.346	3.275	0.24	1	0.24	0.81	53	36	28	46	39	61	41	34	38	52	32	69
PA14_04110	serA	-0.201	5.366	0.24	1	0.16	0.72	188	154	193	200	194	220	142	144	255	226	161	249
PA14_07840	uhpA	0.176	5.849	0.24	1	0.2	0.76	269	308	277	261	275	222	203	289	368	294	229	252
PA14_08140	XR2	0.183	7.04	0.24	1	0.19	0.75	748	623	593	516	608	604	566	584	788	583	505	685
PA14_10990	hpaC	0.83	0.781	0.24	1	0.14	0.7	7	4	11	7	3	3	5	4	14	8	2	3
PA14_11920	PA14_11920	0.461	2.125	0.24	1	0.13	0.67	25	18	23	19	17	12	19	17	30	21	14	14
PA14_13370	PA14_13370	-0.201	5.127	0.24	1	0.24	0.81	148	158	144	198	132	185	112	148	192	223	109	210
PA14_13460	fecI	0.273	4.859	0.24	1	0.17	0.74	165	120	158	142	138	86	125	112	209	160	115	99
PA14_13490	PA14_13490	-0.356	3.045	0.24	1	0.1	0.61	29	28	37	43	45	34	22	26	48	48	38	39
PA14_16450	wspC	0.2	6.005	0.24	1	0.13	0.68	323	357	279	285	273	274	244	335	372	322	227	311
PA14_20530	PA14_20530	-0.273	7.585	0.24	1	0.096	0.6	826	784	827	773	924	1247	624	735	1098	873	767	1414
PA14_22250	PA14_22250	0.567	1.526	0.24	1	0.18	0.75	12	10	20	9	10	11	9	9	26	10	8	12
PA14_22410	PA14_22410	-0.189	5.327	0.24	1	0.16	0.73	189	173	162	199	199	196	143	162	216	225	165	223
PA14_25520	PA14_25520	0.393	2.675	0.24	1	0.1	0.61	39	33	27	24	24	26	30	31	36	27	20	29
PA14_25820	PA14_25820	-0.296	3.58	0.24	1	0.11	0.63	48	48	50	65	57	57	36	45	66	73	47	65
PA14_25940	PA14_25940	0.244	7.369	0.24	1	0.17	0.74	654	971	888	828	742	553	492	911	1179	934	617	628
PA14_27990	PA14_27990	-0.16	7.724	0.24	1	0.21	0.78	903	949	949	967	1011	1150	681	890	1260	1092	840	1304
PA14_28340	PA14_28340	-0.24	4.848	0.24	1	0.1	0.61	116	106	143	138	147	149	87	99	189	156	122	169
PA14_33200	PA14_33200	0.933	0.567	0.24	1	0.15	0.71	4	9	5	1	5	4	3	9	7	1	4	5
PA14_34880	PA14_34880	-0.181	6.796	0.24	1	0.22	0.79	576	418	464	562	604	487	436	392	617	634	502	553
PA14_36020	PA14_36020	-0.264	4.059	0.24	1	0.11	0.62	71	61	76	83	81	86	54	57	100	94	67	98
PA14_39440	PA14_39440	-0.271	4.903	0.24	1	0.19	0.76	161	112	105	188	120	146	123	105	141	211	99	166
PA14_41010	PA14_41010	0.181	9.641	0.24	1	0.18	0.75	4240	4223	3457	3373	3427	3712	3201	3961	4593	3806	2847	4211
PA14_41880	PA14_41880	0.164	8.949	0.24	1	0.21	0.77	2590	2449	2298	2010	2206	2331	1956	2297	3053	2269	1833	2644
PA14_42700	alkA	0.225	4.103	0.24	1	0.29	0.84	76	81	95	73	89	56	57	76	125	82	75	64
PA14_42790	PA14_42790	-0.18	5.972	0.24	1	0.15	0.7	275	269	276	309	296	323	208	252	366	349	246	366
PA14_44650	PA14_44650	-0.174	6.404	0.24	1	0.19	0.76	330	398	384	426	375	452	248	373	509	481	311	513
PA14_45770	fliP	0.205	5.997	0.24	1	0.12	0.67	348	327	284	259	269	302	263	307	378	292	223	342
PA14_47720	cobC	0.336	3.064	0.24	1	0.15	0.71	36	47	41	38	36	24	27	44	54	43	30	28
PA14_51690	PA14_51690	0.125	8.38	0.24	1	0.35	0.88	1456	1659	1764	1387	1537	1553	1098	1556	2342	1565	1277	1762
PA14_52690	aruG	0.166	9.578	0.24	1	0.19	0.76	3846	4058	3457	3502	3367	3254	2903	3806	4592	3951	2797	3692
PA14_55880	PA14_55880	0.295	7.99	0.24	1	0.064	0.5	1566	1365	1005	1128	1065	1012	1184	1280	1338	1273	885	1149
PA14_58270	PA14_58270	-0.146	7.462	0.24	1	0.24	0.81	789	816	742	852	826	917	596	765	986	961	686	1040
PA14_58320	PA14_58320	-0.17	8.394	0.24	1	0.19	0.75	1482	1404	1555	1519	1740	1739	1119	1317	2064	1714	1446	1973
PA14_58540	PA14_58540	0.166	6.805	0.24	1	0.17	0.74	551	575	531	492	509	476	416	539	706	555	423	540
PA14_58630	speC	-0.153	7.103	0.24	1	0.28	0.83	660	531	633	662	613	751	499	498	840	747	509	852
PA14_58670	ampD	-0.233	4.732	0.24	1	0.1	0.61	110	105	123	133	130	136	83	98	163	150	108	154
PA14_59510	PA14_59510	-0.521	1.874	0.24	1	0.13	0.67	10	16	12	19	17	19	7	15	16	21	14	21
PA14_59760	cupD5	-0.58	1.568	0.24	1	0.089	0.58	11	6	12	13	18	14	8	6	16	15	15	16
PA14_61640	phr	0.228	4.306	0.24	1	0.2	0.77	99	82	109	76	91	83	75	77	144	86	76	94
PA14_62350	phuR	-0.165	7.749	0.24	1	0.26	0.82	1078	781	988	1064	971	1156	815	732	1312	1201	806	1311
PA14_65190	yjfH	0.175	7.22	0.24	1	0.19	0.76	754	793	672	720	670	574	569	744	894	812	557	652
PA14_68450	PA14_68450	0.227	4.161	0.24	1	0.22	0.79	79	81	103	78	83	67	59	76	136	88	69	76
PA14_71580	PA14_71580	0.221	5.261	0.24	1	0.11	0.64	210	186	182	160	149	184	159	174	242	181	123	208
EBG00001225088	CRISPR-DR4	0.487	2.095	0.25	1	0.13	0.68	27	24	13	13	16	16	21	23	18	15	13	18
EBG00001225115	P37	-0.2	7.424	0.25	1	0.16	0.73	728	746	767	714	838	1022	549	700	1018	807	696	1159
PA14_00130	PA14_00130	0.224	4.172	0.25	1	0.25	0.81	84	77	103	83	82	63	63	72	135	93	68	72
PA14_00490	PA14_00490	0.471	3.157	0.25	1	0.12	0.66	32	35	70	36	29	34	23	33	90	40	24	39
PA14_03285	PA14_03285	-0.163	6.72	0.25	1	0.21	0.78	465	474	452	465	516	576	351	445	601	525	429	653
PA14_03630	PA14_03630	0.302	3.385	0.25	1	0.22	0.79	49	60	45	40	56	30	37	56	61	45	47	35
PA14_05120	PA14_05120	-0.192	4.866	0.25	1	0.26	0.82	146	127	106	130	147	153	111	119	142	147	122	173
PA14_05160	PA14_05160	-0.185	6.309	0.25	1	0.15	0.71	343	326	365	351	408	420	259	306	484	396	339	476
PA14_06240	PA14_06240	-0.276	3.782	0.25	1	0.15	0.71	61	57	54	74	78	56	46	53	72	83	65	64
PA14_08010	gpV	0.168	9.144	0.25	1	0.19	0.76	3095	2689	2628	2433	2469	2584	2337	2522	3491	2746	2051	2932
PA14_12490	PA14_12490	0.202	5.634	0.25	1	0.14	0.69	276	240	228	232	218	195	209	225	304	261	181	222
PA14_12850	PA14_12850	-0.236	4.804	0.25	1	0.18	0.75	100	152	104	130	149	141	75	143	139	147	124	160
PA14_20280	PA14_20280	0.227	4.535	0.25	1	0.15	0.71	114	128	106	98	108	91	86	120	141	111	90	103
PA14_20510	PA14_20510	-0.193	7.344	0.25	1	0.16	0.72	615	692	815	759	816	854	463	649	1081	857	678	969
PA14_21370	fadD1	-0.156	8.427	0.25	1	0.22	0.79	1445	1530	1597	1689	1615	1789	1090	1435	2120	1906	1341	2030
PA14_21440	PA14_21440	-0.239	5.142	0.25	1	0.11	0.64	123	150	173	163	196	173	92	141	228	184	163	196
PA14_22740	PA14_22740	-0.299	3.791	0.25	1	0.093	0.59	43	55	66	67	74	65	32	52	87	76	62	74
PA14_23090	edaA	-0.219	4.768	0.25	1	0.19	0.76	99	134	114	157	130	117	74	126	151	177	108	133
PA14_24440	PA14_24440	-0.348	4.934	0.25	1	0.056	0.47	92	118	160	163	176	135	68	111	210	184	147	154
PA14_26060	PA14_26060	-0.225	5.276	0.25	1	0.12	0.65	159	150	185	189	220	174	120	141	245	213	183	198
PA14_26130	morB	-0.437	2.269	0.25	1	0.11	0.64	19	19	16	26	24	23	14	18	22	29	20	26
PA14_27290	PA14_27290	-0.471	2.096	0.25	1	0.13	0.67	16	14	15	22	22	18	12	13	20	25	18	21
PA14_28010	PA14_28010	-0.3	3.22	0.25	1	0.24	0.81	47	33	33	52	38	47	36	31	44	58	31	53
PA14_28710	pheT	0.18	7.471	0.25	1	0.16	0.73	959	882	803	847	761	724	725	827	1068	955	632	822
PA14_29460	qor	0.443	2.808	0.25	1	0.13	0.69	27	33	43	37	15	24	20	31	56	41	12	27
PA14_30430	PA14_30430	-0.18	5.48	0.25	1	0.2	0.77	219	175	188	229	218	210	166	164	250	258	181	239
PA14_30940	trbB	0.718	0.929	0.25	1	0.25	0.81	5	8	14	5	6	5	3	7	18	6	5	6
PA14_31950	cztS	0.338	2.965	0.25	1	0.15	0.71	34	43	41	34	34	26	25	40	54	38	28	30
PA14_32200	catR	-0.374	2.872	0.25	1	0.11	0.63	26	25	34	37	45	30	19	23	45	42	38	34
PA14_32420	PA14_32420	-0.181	6.577	0.25	1	0.14	0.69	404	420	427	454	506	461	305	394	567	513	421	523
PA14_34550	PA14_34550	1.236	-0.146	0.25	1	0.15	0.7	3	5	4	2	1	2	2	5	5	2	1	2
PA14_34770	PA14_34770	-0.146	7.269	0.25	1	0.25	0.81	749	646	660	760	750	761	566	606	877	858	623	864
PA14_36500	PA14_36500	0.438	2.345	0.25	1	0.15	0.71	23	31	21	26	16	13	17	29	29	29	13	15
PA14_38840	exaC	0.467	2.172	0.25	1	0.14	0.69	26	30	14	16	20	14	20	28	20	18	17	16
PA14_39050	braZ	0.185	5.377	0.25	1	0.28	0.83	202	200	211	204	204	132	152	188	280	230	170	151
PA14_41110	PA14_41110	0.179	5.74	0.25	1	0.16	0.72	259	260	273	223	229	248	195	244	362	252	190	281
PA14_41810	PA14_41810	0.167	8.628	0.25	1	0.19	0.76	1972	2086	1821	1738	1666	1831	1489	1957	2419	1961	1384	2077
PA14_42480	pcrG	0.342	3.048	0.25	1	0.25	0.81	29	44	50	31	43	25	21	41	66	35	36	29
PA14_42510	pcr4	-1.346	-0.136	0.25	1	0.12	0.66	1	1	2	3	4	4	1	1	2	3	3	5
PA14_43570	PA14_43570	1.101	0.283	0.25	1	0.053	0.46	10	3	4	5	1	2	8	3	6	5	1	2
PA14_43840	PA14_43840	-0.142	6.043	0.25	1	0.34	0.88	316	327	234	317	317	331	239	307	313	358	263	375
PA14_44020	sdhB	-0.134	9.729	0.25	1	0.31	0.86	3856	3757	3758	3913	3885	4680	2911	3524	4990	4416	3227	5310
PA14_44420	fixG	0.164	8.514	0.25	1	0.22	0.79	1961	1757	1704	1460	1630	1748	1481	1648	2264	1648	1354	1983
PA14_46280	PA14_46280	0.455	2.349	0.25	1	0.13	0.68	31	26	20	27	16	12	24	24	27	30	13	14
PA14_47650	cobV	-0.313	3.175	0.25	1	0.18	0.75	41	39	30	52	40	43	31	37	41	58	33	49
PA14_48550	PA14_48550	-0.786	0.87	0.25	1	0.16	0.72	5	4	4	4	8	12	4	4	6	5	7	13
PA14_48950	PA14_48950	-0.322	3.052	0.25	1	0.21	0.77	33	35	31	42	31	50	25	33	41	47	25	56
PA14_49020	PA14_49020	-0.196	9.341	0.25	1	0.17	0.74	2398	2824	3266	3108	3152	3469	1809	2649	4335	3507	2618	3936
PA14_53660	PA14_53660	-0.162	5.859	0.25	1	0.23	0.79	286	244	237	288	276	291	217	229	315	325	229	330
PA14_54660	PA14_54660	-0.279	3.696	0.25	1	0.12	0.67	55	53	52	60	72	63	42	50	69	68	60	72
PA14_55170	cat	0.243	5.294	0.25	1	0.17	0.74	175	164	251	183	144	173	131	154	331	206	119	196
PA14_57490	PA14_57490	-0.189	5.521	0.25	1	0.18	0.75	214	181	202	201	230	250	162	170	268	227	191	283
PA14_58190	gatB	-0.173	6.303	0.25	1	0.24	0.81	373	297	369	411	328	429	282	278	489	464	272	486
PA14_58550	lpxO1	-0.198	5.482	0.25	1	0.12	0.67	191	180	205	227	219	217	144	169	272	256	182	246
PA14_58760	pilC	-0.162	10.195	0.25	1	0.25	0.82	5009	5449	5090	5134	5450	6814	3781	5111	6760	5794	4527	7731
PA14_61110	PA14_61110	-0.419	2.429	0.25	1	0.15	0.7	20	24	15	21	32	26	15	23	21	24	27	30
PA14_61390	PA14_61390	-0.213	5.01	0.25	1	0.15	0.71	142	131	140	172	168	139	107	123	186	194	140	158
PA14_62380	PA14_62380	-0.162	7.012	0.25	1	0.21	0.77	585	557	565	573	649	688	442	522	750	647	539	780
PA14_63090	lldD	-0.242	3.731	0.25	1	0.3	0.84	65	58	43	71	54	68	50	54	58	80	44	77
PA14_65720	PA14_65720	0.165	6.221	0.25	1	0.19	0.76	368	340	392	319	319	344	278	319	520	360	265	390
PA14_67450	blc	-0.153	7.131	0.25	1	0.27	0.82	617	641	602	610	662	795	466	601	800	689	550	901
PA14_69110	PA14_69110	-0.206	5.06	0.25	1	0.15	0.71	139	153	138	146	175	176	105	144	184	165	146	200
PA14_73360	gidB	-0.193	5.693	0.25	1	0.19	0.76	214	205	254	257	221	291	161	192	336	290	183	330
PA14_01100	clpB	0.175	7.482	0.26	1	0.18	0.75	927	963	773	791	811	754	700	903	1028	893	674	856
PA14_01510	PA14_01510	-0.306	3.249	0.26	1	0.18	0.74	44	31	38	44	42	53	34	29	51	50	35	60
PA14_04820	PA14_04820	-0.205	5.657	0.26	1	0.12	0.66	191	218	242	244	256	252	143	204	320	276	213	286
PA14_05380	pilK	-0.137	7.51	0.26	1	0.28	0.83	812	858	762	892	848	934	613	805	1013	1007	704	1059
PA14_08430	PA14_08430	0.159	6.888	0.26	1	0.19	0.75	586	599	566	534	536	498	442	562	752	603	445	565
PA14_08740	rplJ	0.16	8.112	0.26	1	0.21	0.77	1424	1321	1353	1196	1145	1323	1075	1239	1797	1350	951	1501
PA14_11620	PA14_11620	-0.23	4.296	0.26	1	0.17	0.74	80	95	74	103	100	88	60	89	99	116	83	100
PA14_15050	PA14_15050	-0.274	6.547	0.26	1	0.074	0.54	359	344	481	435	550	449	270	322	636	491	458	510
PA14_17790	PA14_17790	-0.341	3.197	0.26	1	0.11	0.62	25	39	44	41	51	47	18	37	57	47	43	53
PA14_18230	fruR	0.223	4.451	0.26	1	0.25	0.81	81	122	117	84	105	88	60	115	155	95	88	100
PA14_18450	algI	0.354	2.827	0.26	1	0.14	0.69	35	38	32	26	33	24	26	36	43	29	28	27
PA14_18900	rnfG	-0.238	4.101	0.26	1	0.17	0.74	78	76	65	81	83	92	59	71	87	91	69	104
PA14_21760	capB	0.242	10.012	0.26	1	0.22	0.79	3561	5350	6808	4448	5014	3831	2685	5018	9037	5019	4166	4347
PA14_21910	PA14_21910	-0.244	4.165	0.26	1	0.15	0.71	67	87	71	83	94	91	50	82	95	94	78	103
PA14_23900	cvpA	-0.223	5.687	0.26	1	0.12	0.65	184	223	252	253	285	236	138	209	333	286	237	268
PA14_24330	PA14_24330	0.191	6.6	0.26	1	0.14	0.7	513	486	448	426	375	463	388	456	596	481	311	525
PA14_27190	PA14_27190	-0.694	2.042	0.26	1	0.071	0.53	2	14	22	21	19	23	1	13	28	24	16	26
PA14_27310	PA14_27310	0.213	4.455	0.26	1	0.26	0.82	101	112	112	113	100	69	76	105	149	127	83	79
PA14_28000	PA14_28000	-0.236	5.027	0.26	1	0.14	0.69	117	126	171	164	151	175	87	118	225	185	125	198
PA14_31920	opmB	-0.185	5.132	0.26	1	0.21	0.77	156	163	139	173	166	179	118	153	185	195	138	203
PA14_32270	oprD3	0.186	5.365	0.26	1	0.21	0.77	213	178	218	164	167	205	161	167	289	185	138	232
PA14_32670	PA14_32670	0.58	2.058	0.26	1	0.17	0.74	10	23	26	8	20	13	7	22	34	9	17	15
PA14_33040	gcvT2	0.203	6.165	0.26	1	0.2	0.76	365	396	312	279	380	275	276	372	416	315	317	312
PA14_34630	gnuT	0.487	1.955	0.26	1	0.16	0.73	17	16	24	14	7	20	13	15	31	16	5	22
PA14_35470	PA14_35470	-0.152	5.901	0.26	1	0.33	0.87	320	234	238	283	278	315	243	219	317	319	231	357
PA14_37430	PA14_37430	0.179	5.415	0.26	1	0.23	0.8	223	178	228	209	184	164	169	167	302	235	153	186
PA14_37580	lrp	-0.304	4.646	0.26	1	0.1	0.61	96	95	118	95	133	155	72	89	156	108	111	175
PA14_38630	atoB	-0.279	4.195	0.26	1	0.19	0.76	83	80	66	115	96	65	63	75	88	129	80	75
PA14_42540	pcr1	-0.631	1.318	0.26	1	0.086	0.56	3	7	12	11	10	15	2	7	15	13	8	17
PA14_43640	gpsA	-0.186	5.852	0.26	1	0.17	0.74	272	216	267	301	292	266	206	202	354	339	243	302
PA14_45100	muiA	-0.314	3.251	0.26	1	0.12	0.66	37	37	38	41	50	49	28	35	51	47	42	56
PA14_48280	PA14_48280	0.629	1.359	0.26	1	0.18	0.75	10	12	13	14	5	3	7	11	17	15	4	4
PA14_50890	PA14_50890	0.311	3.038	0.26	1	0.27	0.82	37	30	53	38	34	26	28	28	69	43	28	30
PA14_51630	PA14_51630	-0.411	2.359	0.26	1	0.18	0.75	21	22	15	17	31	28	16	21	20	20	26	32
PA14_53360	plcH	-0.456	2.083	0.26	1	0.16	0.73	10	18	18	19	17	27	7	17	23	22	14	30
PA14_54430	algU	-0.142	11.365	0.26	1	0.28	0.84	11477	11935	11847	11820	12649	14425	8663	11194	15732	13338	10508	16367
PA14_56160	moxR	-0.206	4.912	0.26	1	0.19	0.75	111	154	122	143	143	161	83	145	163	162	119	182
PA14_56480	PA14_56480	0.259	3.994	0.26	1	0.15	0.71	73	89	73	78	58	60	55	84	98	88	48	68
PA14_58290	PA14_58290	-1.177	8.03	0.26	1	0.0029	0.061	656	679	911	847	880	3350	494	637	1207	958	728	3796
PA14_60630	PA14_60630	0.214	4.456	0.26	1	0.2	0.77	116	90	120	93	99	91	88	84	159	105	82	103
PA14_60770	PA14_60770	-0.164	5.506	0.26	1	0.25	0.82	215	200	182	245	204	218	163	188	243	276	169	247
PA14_61520	PA14_61520	0.528	1.678	0.26	1	0.13	0.68	12	20	15	12	9	12	9	19	20	13	7	14
PA14_62280	phuV	-0.16	5.808	0.26	1	0.28	0.83	276	237	228	314	272	239	209	222	304	354	226	272
PA14_65110	alr	0.217	4.626	0.26	1	0.15	0.71	116	132	120	115	105	97	87	124	159	129	87	110
PA14_66510	ynfM	-0.318	3.149	0.26	1	0.16	0.73	43	32	32	45	45	42	33	30	43	51	37	48
PA14_66700	PA14_66700	0.169	6.664	0.26	1	0.17	0.73	527	486	491	423	448	466	398	456	652	478	372	528
PA14_68110	PA14_68110	-0.454	2.141	0.26	1	0.11	0.63	16	13	18	22	23	19	12	12	23	25	19	22
PA14_68730	gshA	-0.135	7.251	0.26	1	0.29	0.84	734	674	628	757	719	757	555	632	835	854	597	859
PA14_68840	PA14_68840	0.183	5.622	0.26	1	0.17	0.74	239	245	244	242	205	194	180	230	324	273	170	220
PA14_70480	PA14_70480	0.265	6.306	0.26	1	0.085	0.56	490	343	377	313	309	383	372	321	501	353	256	434
EBG00001225025	Bacteria_small_SRP	0.95	0.966	0.27	1	0.05	0.44	17	4	9	6	5	4	14	4	12	7	4	5
PA14_00110	tag	0.388	2.43	0.27	1	0.15	0.7	25	25	30	23	18	20	19	23	40	26	15	23
PA14_01710	ahpC	0.154	8.258	0.27	1	0.26	0.82	1692	1307	1527	1295	1318	1453	1278	1226	2028	1461	1095	1648
PA14_01980	PA14_01980	-0.164	5.802	0.27	1	0.25	0.81	250	240	242	256	245	318	189	225	322	289	203	360
PA14_02270	PA14_02270	-0.113	7.415	0.27	1	0.43	0.93	869	744	687	815	743	926	657	698	914	920	617	1050
PA14_04810	PA14_04810	-0.167	6.028	0.27	1	0.17	0.74	284	294	279	326	314	321	214	276	371	368	261	364
PA14_04940	PA14_04940	-0.188	4.929	0.27	1	0.25	0.82	142	126	125	178	140	129	108	118	167	200	116	147
PA14_06190	psfA	-0.2	4.623	0.27	1	0.26	0.82	103	116	96	146	108	107	78	109	128	164	89	122
PA14_11330	PA14_11330	0.359	2.894	0.27	1	0.19	0.75	48	29	34	23	36	28	37	27	46	26	30	32
PA14_12130	lis	0.15	9.243	0.27	1	0.22	0.79	3056	3020	2879	2699	2677	2692	2307	2833	3824	3046	2224	3054
PA14_17400	adhC	-0.145	7.426	0.27	1	0.24	0.8	785	743	763	821	814	897	593	697	1013	927	676	1018
PA14_17540	recX	0.219	4.371	0.27	1	0.2	0.77	111	92	102	83	102	78	84	86	136	94	85	89
PA14_19570	ssuC	-0.154	6.031	0.27	1	0.27	0.83	332	267	265	322	332	306	252	250	353	363	276	347
PA14_20630	PA14_20630	-0.583	1.385	0.27	1	0.12	0.65	9	5	11	10	13	16	7	5	14	11	11	18
PA14_20970	cyp23	0.169	7.739	0.27	1	0.19	0.75	1094	1127	954	963	915	944	826	1057	1268	1087	760	1071
PA14_21720	PA14_21720	0.279	3.439	0.27	1	0.25	0.81	41	56	60	55	41	34	30	53	79	62	34	39
PA14_21870	PA14_21870	-0.236	4.058	0.27	1	0.19	0.76	76	75	60	81	82	83	58	70	80	91	68	94
PA14_22530	PA14_22530	0.86	0.473	0.27	1	0.16	0.72	5	3	10	6	3	2	4	3	13	7	2	2
PA14_23470	wbpM	-0.126	9.797	0.27	1	0.33	0.87	3968	4141	3847	4139	4078	4828	2995	3884	5109	4671	3387	5477
PA14_24780	PA14_24780	-0.249	3.883	0.27	1	0.19	0.76	55	73	55	69	70	79	41	69	74	78	58	89
PA14_27180	erfK	0.164	8.205	0.27	1	0.2	0.77	1572	1446	1364	1247	1299	1364	1187	1356	1812	1407	1079	1547
PA14_28030	PA14_28030	0.209	7.248	0.27	1	0.23	0.79	599	683	1000	653	675	647	450	640	1324	737	561	734
PA14_29830	PA14_29830	-0.747	0.988	0.27	1	0.13	0.67	4	6	4	8	12	6	3	6	6	9	10	7
PA14_36060	PA14_36060	0.453	1.994	0.27	1	0.19	0.75	19	14	24	13	17	12	14	13	31	15	14	14
PA14_38420	PA14_38420	0.158	6.869	0.27	1	0.23	0.8	549	638	539	468	525	554	414	599	717	529	436	628
PA14_39330	rbsA	-0.19	4.865	0.27	1	0.22	0.79	136	126	118	164	135	131	103	118	157	185	112	149
PA14_39650	cirA	0.694	1.066	0.27	1	0.2	0.77	5	9	14	6	4	7	3	8	18	7	3	8
PA14_40930	PA14_40930	0.21	5.201	0.27	1	0.16	0.73	208	179	163	177	159	138	158	168	217	199	132	157
PA14_43520	PA14_43520	0.197	5.499	0.27	1	0.19	0.76	226	259	191	211	204	173	171	243	255	238	170	197
PA14_44580	PA14_44580	0.374	2.599	0.27	1	0.17	0.74	28	27	33	20	17	30	21	25	44	23	14	34
PA14_44880	PA14_44880	0.227	4.451	0.27	1	0.12	0.65	110	113	104	94	88	96	83	106	139	106	73	109
PA14_50030	PA14_50030	0.194	4.315	0.27	1	0.34	0.88	82	95	112	88	97	70	61	89	147	99	81	80
PA14_52510	PA14_52510	0.171	6.406	0.27	1	0.19	0.76	456	387	416	335	370	413	345	363	552	378	307	468
PA14_53370	plcR	-0.373	2.603	0.27	1	0.14	0.7	26	20	23	31	28	31	20	19	31	35	23	35
PA14_54520	opdH	0.404	2.306	0.27	1	0.16	0.73	26	17	29	19	18	19	20	16	38	21	15	21
PA14_54760	PA14_54760	0.28	3.52	0.27	1	0.14	0.69	56	60	56	54	45	42	42	56	75	61	37	48
PA14_55090	PA14_55090	-0.182	7.398	0.27	1	0.18	0.75	639	743	832	766	843	906	481	697	1103	865	700	1028
PA14_55640	sbcD	0.175	4.821	0.27	1	0.32	0.87	137	113	163	107	132	129	103	106	215	121	110	146
PA14_56520	PA14_56520	0.26	3.947	0.27	1	0.15	0.71	88	78	67	56	72	66	67	73	90	63	60	75
PA14_58330	PA14_58330	0.171	6.43	0.27	1	0.16	0.73	455	398	425	395	357	382	344	373	565	446	296	433
PA14_58600	PA14_58600	-0.171	7.141	0.27	1	0.21	0.77	586	658	618	722	771	605	442	617	821	815	641	687
PA14_58920	PA14_58920	-0.363	2.672	0.27	1	0.15	0.7	24	25	26	29	28	38	18	23	34	33	23	43
PA14_59160	PA14_59160	0.385	2.308	0.27	1	0.31	0.87	15	21	32	15	21	18	11	20	41	17	18	20
PA14_59490	PA14_59490	-0.586	1.859	0.27	1	0.13	0.67	11	8	16	12	15	26	8	7	21	14	12	29
PA14_61140	PA14_61140	-0.361	2.732	0.27	1	0.17	0.74	28	27	21	27	32	36	21	25	29	31	27	41
PA14_62600	panD	-0.526	1.799	0.27	1	0.12	0.66	13	5	15	16	19	14	10	5	19	18	16	16
PA14_63900	PA14_63900	0.221	5.901	0.27	1	0.24	0.8	225	285	386	259	287	225	168	267	510	292	239	256
PA14_65090	PA14_65090	0.146	9.186	0.27	1	0.26	0.82	2785	3122	2692	2738	2622	2408	2102	2928	3575	3089	2178	2733
PA14_66000	PA14_66000	0.228	3.993	0.27	1	0.26	0.82	70	80	86	76	75	51	52	75	113	85	63	59
PA14_67650	PA14_67650	0.415	2.356	0.27	1	0.18	0.74	31	20	24	26	16	14	24	19	32	29	13	16
PA14_68580	pckA	-0.16	7.374	0.27	1	0.2	0.76	720	690	787	815	790	850	543	647	1044	920	656	964
PA14_69770	PA14_69770	0.127	7.795	0.27	1	0.34	0.88	993	1091	1167	1078	982	918	749	1023	1549	1216	816	1042
PA14_69940	xpt	-0.354	3.716	0.27	1	0.096	0.59	36	49	71	60	67	74	26	46	92	68	56	84
PA14_69980	PA14_69980	-0.131	8.323	0.27	1	0.34	0.88	1579	1283	1428	1481	1498	1719	1193	1203	1896	1671	1244	1950
PA14_70280	argB	0.167	8.784	0.27	1	0.19	0.76	2322	2212	2017	1938	1853	2043	1753	2075	2680	2187	1539	2318
PA14_70720	ubiC	-0.383	2.538	0.27	1	0.18	0.74	25	22	18	27	34	24	19	21	25	31	29	27
EBG00001225105	P33	0.614	1.257	0.28	1	0.15	0.71	15	8	10	9	7	5	12	7	14	10	6	6
PA14_00300	plcB	-0.145	6.708	0.28	1	0.27	0.82	482	467	443	468	507	563	364	438	589	528	421	638
PA14_02640	mcdM	-0.235	4.038	0.28	1	0.18	0.75	70	68	69	81	72	91	53	64	92	91	59	103
PA14_02760	catI	-0.418	2.14	0.28	1	0.26	0.82	23	14	11	22	17	22	18	13	15	25	14	25
PA14_03030	aroQ2	-0.513	1.691	0.28	1	0.22	0.79	12	13	8	16	13	16	9	12	11	18	11	18
PA14_03300	PA14_03300	-0.256	4.377	0.28	1	0.14	0.69	75	77	106	88	113	110	56	72	139	100	94	125
PA14_03420	PA14_03420	-0.449	2.082	0.28	1	0.13	0.68	16	12	17	24	19	17	12	11	22	27	16	20
PA14_04910	ftsE	-0.158	6.251	0.28	1	0.2	0.77	342	321	343	392	353	376	258	301	455	442	293	427
PA14_05460	bioA	0.15	5.302	0.28	1	0.36	0.89	173	170	233	183	171	167	130	159	307	206	142	190
PA14_05790	PA14_05790	-0.465	1.969	0.28	1	0.14	0.7	14	10	16	16	18	22	11	9	21	18	15	25
PA14_05810	amaB	0.301	3.379	0.28	1	0.13	0.67	57	57	44	41	38	48	43	54	59	46	31	54
PA14_06320	rarD	0.181	5.032	0.28	1	0.23	0.79	155	149	175	151	144	129	117	140	231	170	120	147
PA14_07710	apaG	0.18	5.526	0.28	1	0.2	0.77	225	246	213	215	215	174	170	231	283	242	179	198
PA14_08780	rpoC	0.167	11.411	0.28	1	0.23	0.8	14918	13274	12284	11074	11453	13515	11262	12450	16314	12496	9514	15334
PA14_09900	prpL	0.171	6.927	0.28	1	0.31	0.86	501	580	720	595	576	431	377	544	954	671	479	490
PA14_11420	ribB	0.16	6.2	0.28	1	0.2	0.76	359	364	364	344	327	301	271	341	483	388	272	342
PA14_12990	PA14_12990	0.168	5.428	0.28	1	0.22	0.79	201	205	226	199	191	174	151	192	300	224	159	198
PA14_13580	PA14_13580	0.265	3.666	0.28	1	0.16	0.72	56	64	66	59	43	53	42	60	87	66	35	60
PA14_16430	wspA	0.153	7.889	0.28	1	0.22	0.79	1229	1156	1122	1011	1045	1096	928	1084	1490	1141	868	1243
PA14_18350	fmt	-0.164	5.6	0.28	1	0.22	0.79	229	219	191	230	245	237	173	205	255	260	204	269
PA14_20240	PA14_20240	0.827	1.915	0.28	1	0.054	0.46	13	34	12	10	10	13	9	32	17	11	8	15
PA14_20880	PA14_20880	0.376	2.509	0.28	1	0.18	0.75	31	19	32	22	22	20	24	18	42	25	18	23
PA14_21140	PA14_21140	-0.272	3.435	0.28	1	0.22	0.79	45	48	40	62	44	53	34	45	54	70	36	60
PA14_22370	PA14_22370	-0.143	6.791	0.28	1	0.28	0.84	514	527	436	507	590	531	388	494	580	572	491	603
PA14_24350	PA14_24350	0.569	1.361	0.28	1	0.18	0.74	11	10	16	10	10	6	8	9	21	11	8	7
PA14_24650	rmf	0.171	11.709	0.28	1	0.31	0.86	12421	17424	19992	15398	15215	13660	9374	16343	26546	17375	12640	15500
PA14_25250	gapA	-0.156	8.838	0.28	1	0.23	0.79	2001	1850	2224	2247	2221	2303	1510	1735	2952	2536	1845	2613
PA14_25390	sth	-0.121	8.493	0.28	1	0.37	0.9	1650	1709	1491	1629	1677	1965	1246	1603	1981	1839	1393	2229
PA14_25580	rluC	0.149	8.933	0.28	1	0.23	0.8	2484	2445	2290	2103	2184	2222	1875	2293	3042	2373	1814	2521
PA14_25800	PA14_25800	-0.15	6.544	0.28	1	0.22	0.79	437	406	395	448	461	463	330	381	525	506	383	525
PA14_28220	PA14_28220	-0.229	4.148	0.28	1	0.19	0.75	69	81	74	100	80	83	52	76	98	112	66	94
PA14_28895	PA14_28895	0.173	6.701	0.28	1	0.18	0.75	523	554	466	496	440	432	395	520	620	559	365	490
PA14_29020	cpo	0.145	5.862	0.28	1	0.28	0.83	267	270	312	252	274	245	201	253	413	284	228	278
PA14_29340	PA14_29340	1.288	-0.319	0.28	1	0.13	0.67	6	3	1	3	1	0	5	3	2	3	1	0
PA14_30370	PA14_30370	0.254	3.99	0.28	1	0.15	0.71	82	77	77	78	56	62	62	72	102	88	46	70
PA14_30770	PA14_30770	-0.255	3.799	0.28	1	0.15	0.71	61	57	56	66	70	71	46	53	75	75	58	80
PA14_30970	bphR	0.174	6.284	0.28	1	0.15	0.71	405	381	372	345	319	359	306	357	494	389	265	407
PA14_34970	gcd	0.15	8.721	0.28	1	0.26	0.82	2142	2138	1953	2055	1881	1680	1617	2005	2594	2318	1563	1907
PA14_35240	PA14_35240	-1.012	0.891	0.28	1	0.086	0.57	4	0	8	14	4	8	3	0	10	15	3	9
PA14_36830	PA14_36830	0.301	3.18	0.28	1	0.14	0.7	45	43	47	34	34	42	34	40	62	38	28	47
PA14_39350	rbsB	-0.162	7.225	0.28	1	0.21	0.78	644	614	719	679	721	814	486	576	954	767	599	923
PA14_39700	PA14_39700	-1.019	0.21	0.28	1	0.22	0.79	1	6	0	4	5	5	1	6	0	5	4	6
PA14_39850	PA14_39850	0.516	2.052	0.28	1	0.1	0.61	32	18	15	16	14	14	25	17	21	18	12	16
PA14_39945	phzC2	0.217	8.961	0.28	1	0.2	0.77	2247	2884	2394	2583	2232	1661	1695	2705	3180	2914	1854	1886
PA14_40800	PA14_40800	-0.341	2.985	0.28	1	0.14	0.7	29	23	40	36	40	42	22	21	52	41	33	48
PA14_44000	sucB	0.153	8.338	0.28	1	0.23	0.8	1701	1511	1571	1370	1391	1540	1285	1417	2086	1546	1155	1747
PA14_46080	PA14_46080	0.386	2.547	0.28	1	0.13	0.67	34	27	26	22	15	28	26	25	35	25	12	31
PA14_49480	PA14_49480	-0.193	9.852	0.28	1	0.21	0.77	3767	3850	4499	5329	3738	4781	2843	3611	5973	6012	3104	5425
PA14_51600	PA14_51600	-0.175	6.367	0.28	1	0.2	0.77	314	405	365	363	418	445	236	380	484	410	347	504
PA14_52380	PA14_52380	-0.243	5.338	0.28	1	0.12	0.65	138	165	210	186	212	214	103	155	277	210	176	243
PA14_54050	PA14_54050	0.233	4.295	0.28	1	0.18	0.75	105	103	85	89	92	68	80	97	114	100	77	78
PA14_55110	PA14_55110	-0.244	7.095	0.28	1	0.14	0.69	627	499	628	550	693	836	474	468	833	621	576	947
PA14_57590	rplM	-0.259	7.72	0.28	1	0.11	0.62	867	706	1115	983	1106	1130	654	662	1478	1110	919	1282
PA14_61380	PA14_61380	0.121	9.121	0.28	1	0.33	0.87	2613	2691	2844	2534	2564	2397	1972	2524	3776	2859	2130	2720
PA14_61590	PA14_61590	0.159	6.331	0.28	1	0.19	0.75	391	408	390	346	365	355	295	383	518	390	303	403
PA14_61880	rimI	0.244	3.648	0.28	1	0.26	0.82	59	55	71	45	62	51	44	51	94	51	52	58
PA14_64410	ybiI	0.138	6.223	0.28	1	0.34	0.88	349	366	380	349	374	274	263	343	504	394	311	312
PA14_64650	ureE	0.779	0.646	0.28	1	0.13	0.67	10	5	7	5	3	4	8	5	9	6	2	5
PA14_67220	PA14_67220	0.222	4.569	0.28	1	0.17	0.74	139	98	117	104	98	101	106	92	156	117	81	115
PA14_69440	hemD	0.14	7.814	0.28	1	0.26	0.82	1098	1139	1072	993	1059	951	829	1068	1424	1121	880	1079
PA14_69700	PA14_69700	0.152	6.071	0.28	1	0.25	0.81	299	354	334	292	314	284	225	332	443	330	261	322
PA14_70470	spoT	0.125	8.573	0.28	1	0.33	0.87	1817	1742	2020	1764	1677	1678	1371	1634	2682	1990	1393	1904
PA14_70600	hupA	-0.173	9.542	0.28	1	0.2	0.77	2843	3342	3652	3629	3805	3664	2145	3135	4848	4095	3161	4157
PA14_72720	dctD	0.16	5.984	0.28	1	0.2	0.77	307	312	314	278	291	268	232	293	417	314	242	304
EBG00001225051	tRNA	0.203	4.301	0.29	1	0.25	0.82	91	89	110	87	91	76	68	83	145	98	76	86
PA14_04270	PA14_04270	0.162	6.103	0.29	1	0.19	0.76	353	328	333	289	313	305	267	308	442	326	260	346
PA14_04350	PA14_04350	0.19	5.006	0.29	1	0.17	0.74	167	151	159	134	143	141	126	142	211	151	119	160
PA14_05080	metX	-0.38	2.48	0.29	1	0.15	0.71	18	21	23	31	24	25	13	20	30	35	20	29
PA14_08120	PA14_08120	0.169	11.661	0.29	1	0.23	0.8	18186	15339	14667	13206	13805	15854	13729	14387	19478	14902	11468	17988
PA14_09570	PA14_09570	0.357	2.592	0.29	1	0.15	0.71	33	32	26	23	27	20	25	30	35	26	23	23
PA14_16050	dsbC	0.129	6.827	0.29	1	0.4	0.92	493	501	666	477	565	480	371	470	882	538	470	545
PA14_16220	recJ	0.21	4.471	0.29	1	0.19	0.76	109	102	117	110	82	91	82	96	155	124	68	103
PA14_21680	PA14_21680	-0.258	3.801	0.29	1	0.29	0.84	69	63	43	54	68	86	53	59	59	62	56	97
PA14_22560	PA14_22560	0.277	3.476	0.29	1	0.17	0.74	63	53	49	47	51	38	48	50	66	53	43	43
PA14_23160	gltS	0.607	1.304	0.29	1	0.23	0.8	9	11	12	7	11	4	7	10	16	8	9	5
PA14_23310	PA14_23310	0.151	7.597	0.29	1	0.22	0.79	955	960	940	887	800	883	721	900	1249	1001	664	1002
PA14_24710	PA14_24710	-0.225	4.31	0.29	1	0.18	0.75	85	79	87	81	101	111	64	74	115	92	84	126
PA14_25305	nqrB	0.174	6.549	0.29	1	0.18	0.74	518	431	442	403	387	440	392	404	588	455	321	499
PA14_25340	nqrE	0.172	6.19	0.29	1	0.19	0.76	399	321	361	333	297	327	302	301	479	376	246	371
PA14_26500	cobH	0.31	3.114	0.29	1	0.17	0.74	42	47	39	42	34	27	32	44	52	47	28	31
PA14_26910	moxR	-0.166	6.386	0.29	1	0.18	0.75	355	388	357	394	447	396	268	364	475	445	372	449
PA14_27770	yadG	-0.198	4.536	0.29	1	0.24	0.81	114	85	99	107	105	128	87	80	131	121	87	145
PA14_28040	PA14_28040	-0.361	2.62	0.29	1	0.16	0.73	25	24	20	32	28	28	19	23	27	36	23	32
PA14_28260	PA14_28260	-0.124	7.696	0.29	1	0.35	0.89	935	971	878	955	941	1137	706	911	1167	1078	781	1289
PA14_30240	infA	-0.324	6.41	0.29	1	0.061	0.5	256	376	421	406	518	397	191	353	557	459	431	451
PA14_32940	PA14_32940	-0.21	5.726	0.29	1	0.16	0.73	211	221	251	291	291	212	159	207	333	328	242	241
PA14_34280	metQ-l	-0.867	0.435	0.29	1	0.19	0.76	3	3	4	8	4	6	2	3	5	9	3	7
PA14_34330	PA14_34330	0.243	5.381	0.29	1	0.17	0.74	202	251	175	197	196	138	152	236	234	222	163	157
PA14_34680	PA14_34680	0.35	2.736	0.29	1	0.14	0.69	37	28	32	21	24	30	28	26	43	24	20	34
PA14_35050	PA14_35050	0.767	0.82	0.29	1	0.24	0.81	4	6	10	4	6	3	3	6	13	5	5	3
PA14_36450	PA14_36450	0.276	3.552	0.29	1	0.17	0.74	58	67	51	59	46	40	44	63	69	66	38	46
PA14_38820	pqqB	0.346	2.726	0.29	1	0.15	0.71	41	28	31	27	26	25	32	26	41	30	22	28
PA14_41490	nasT	0.655	1.82	0.29	1	0.08	0.55	28	17	10	11	10	13	22	16	14	12	8	15
PA14_41510	nasA	-0.674	1.029	0.29	1	0.18	0.74	5	6	5	8	10	10	4	6	7	9	8	11
PA14_48630	PA14_48630	-0.215	4.142	0.29	1	0.22	0.79	78	82	66	87	80	94	59	77	89	98	66	106
PA14_49260	napB	-0.417	2.932	0.29	1	0.15	0.71	24	33	29	22	43	50	18	31	38	26	36	56
PA14_49810	PA14_49810	-0.253	3.984	0.29	1	0.13	0.68	60	61	75	71	82	84	45	57	99	80	68	95
PA14_51240	purC	-0.164	7.223	0.29	1	0.27	0.83	751	583	644	652	697	864	568	547	855	736	579	980
PA14_52010	PA14_52010	-0.225	4.787	0.29	1	0.14	0.69	99	123	128	123	155	135	74	115	169	139	129	153
PA14_53210	PA14_53210	0.228	4.334	0.29	1	0.19	0.75	107	101	93	102	85	68	81	95	124	115	71	78
PA14_53580	PA14_53580	0.147	6.276	0.29	1	0.34	0.88	300	387	446	357	345	323	225	363	590	403	287	367
PA14_54630	PA14_54630	-0.228	4.044	0.29	1	0.2	0.76	78	68	64	84	81	79	59	64	86	95	67	90
PA14_54820	PA14_54820	-0.299	3.483	0.29	1	0.16	0.72	44	31	58	57	57	53	33	29	76	64	47	60
PA14_54950	PA14_54950	-0.178	5.525	0.29	1	0.23	0.79	195	192	214	204	209	268	147	180	284	231	173	303
PA14_55050	PA14_55050	-0.194	9.26	0.29	1	0.18	0.75	2458	2460	3115	2747	3096	3348	1855	2307	4134	3100	2572	3798
PA14_56110	PA14_56110	-0.22	4.057	0.29	1	0.24	0.81	80	71	61	91	81	74	61	67	82	102	67	84
PA14_56750	PA14_56750	1.278	-0.268	0.29	1	0.18	0.75	4	2	4	1	1	2	3	2	5	1	1	2
PA14_58490	dppF	-0.231	4.694	0.29	1	0.21	0.77	116	123	89	123	157	106	88	116	120	139	131	121
PA14_62100	PA14_62100	0.25	4.293	0.29	1	0.16	0.72	98	114	82	90	66	89	74	107	110	101	54	101
PA14_65420	PA14_65420	-0.176	5.926	0.29	1	0.17	0.74	279	245	273	284	327	291	211	230	362	321	272	330
PA14_66120	PA14_66120	-0.106	8.214	0.29	1	0.45	0.94	1379	1414	1220	1417	1270	1629	1041	1326	1621	1599	1054	1848
PA14_66450	PA14_66450	-0.201	4.602	0.29	1	0.26	0.82	117	96	99	96	119	142	89	90	132	109	99	161
PA14_68700	ompR	0.152	5.557	0.29	1	0.3	0.84	222	222	244	219	226	176	167	208	323	247	188	200
PA14_71490	soxD	-1.44	-0.453	0.29	1	0.15	0.71	1	2	0	4	2	3	1	2	0	4	2	3
PA14_71500	soxA	0.255	3.94	0.29	1	0.15	0.71	87	78	66	74	62	56	66	73	89	83	51	64
PA14_71990	gmd	-0.103	7.986	0.29	1	0.45	0.95	1248	1163	1019	1210	1131	1341	943	1091	1354	1365	939	1521
PA14_01760	nuh	-0.174	5.114	0.3	1	0.26	0.82	176	136	141	161	177	171	134	127	188	182	147	194
PA14_04300	PA14_04300	0.129	7.973	0.3	1	0.33	0.87	1128	1364	1190	1124	1169	1077	851	1280	1581	1268	971	1222
PA14_08500	PA14_08500	0.126	6.061	0.3	1	0.39	0.91	290	310	372	271	304	318	218	291	492	306	253	361
PA14_08510	yadR	0.113	9.199	0.3	1	0.4	0.91	2544	3043	2989	2450	2675	2806	1919	2854	3969	2765	2222	3184
PA14_08570	PA14_08570	-0.563	1.412	0.3	1	0.18	0.75	8	7	9	17	11	9	6	7	12	19	9	10
PA14_12330	PA14_12330	0.145	7.769	0.3	1	0.25	0.81	1132	1001	1081	990	930	987	855	939	1436	1117	772	1120
PA14_12440	PA14_12440	0.217	6.6	0.3	1	0.17	0.74	489	559	414	484	431	342	369	525	551	546	358	389
PA14_14060	PA14_14060	0.2	4.479	0.3	1	0.21	0.77	102	118	106	87	107	92	77	111	141	98	89	105
PA14_16320	fkbP-1	-0.27	3.603	0.3	1	0.15	0.71	53	42	54	56	69	55	40	39	71	63	58	63
PA14_16410	PA14_16410	0.341	2.8	0.3	1	0.14	0.7	43	32	29	29	27	25	33	30	39	33	22	28
PA14_16800	PA14_16800	-0.176	4.968	0.3	1	0.24	0.8	143	139	128	163	145	152	108	130	170	184	120	172
PA14_20200	nosZ	0.295	3.053	0.3	1	0.2	0.77	42	37	44	25	35	41	32	35	58	29	29	46
PA14_20700	PA14_20700	0.134	6.839	0.3	1	0.28	0.83	555	535	588	527	525	478	419	502	780	595	436	543
PA14_22690	trkH	-0.228	4.483	0.3	1	0.17	0.74	93	78	111	122	113	97	70	73	146	137	94	111
PA14_24120	PA14_24120	-0.147	6.943	0.3	1	0.32	0.87	624	481	531	529	603	678	472	451	705	597	501	769
PA14_25350	nqrF	0.161	7.504	0.3	1	0.21	0.77	990	836	863	821	760	821	748	784	1146	926	631	931
PA14_28390	PA14_28390	0.541	3.983	0.3	1	0.15	0.71	63	46	145	57	78	37	46	43	188	64	66	43
PA14_28420	PA14_28420	-0.339	2.856	0.3	1	0.14	0.69	25	24	33	38	39	28	19	22	43	43	33	32
PA14_28850	PA14_28850	-0.134	9.293	0.3	1	0.36	0.9	3038	2849	2516	2777	2808	3633	2294	2672	3342	3134	2332	4121
PA14_30520	PA14_30520	-0.21	4.175	0.3	1	0.29	0.84	93	62	75	102	83	79	71	58	100	115	69	90
PA14_30600	PA14_30600	-0.31	3.007	0.3	1	0.15	0.71	31	34	32	43	44	33	23	32	42	48	37	38
PA14_31610	PA14_31610	-0.196	6.181	0.3	1	0.16	0.73	270	304	369	332	374	378	203	285	488	375	311	429
PA14_33940	PA14_33940	0.202	5.065	0.3	1	0.18	0.75	190	165	143	147	153	131	144	155	191	166	127	149
PA14_38200	ilvG	0.206	4.631	0.3	1	0.17	0.74	128	126	113	92	113	113	97	118	151	104	94	128
PA14_41050	dnaQ	0.175	5.618	0.3	1	0.18	0.74	254	248	223	218	224	200	192	233	297	246	186	227
PA14_43160	benE	0.157	6.434	0.3	1	0.22	0.79	429	432	413	426	378	338	324	405	549	480	314	384
PA14_43970	lpdG	0.15	9.952	0.3	1	0.24	0.8	5138	4899	4604	4316	4239	4641	3879	4595	6114	4870	3521	5266
PA14_44710	xdhA	0.145	6.475	0.3	1	0.28	0.83	401	490	415	383	424	375	302	460	551	432	353	426
PA14_46340	PA14_46340	0.203	4.023	0.3	1	0.35	0.88	67	72	97	81	66	59	50	67	127	91	55	67
PA14_46900	PA14_46900	-0.247	4.953	0.3	1	0.18	0.75	147	96	149	140	144	183	112	90	197	158	119	207
PA14_48330	PA14_48330	0.996	0.062	0.3	1	0.19	0.76	4	5	4	1	2	4	3	5	6	1	2	4
PA14_50360	flgK	-0.131	8.379	0.3	1	0.29	0.84	1464	1564	1431	1583	1612	1686	1105	1467	1901	1786	1339	1913
PA14_50470	flgC	0.245	4.288	0.3	1	0.15	0.71	105	111	79	85	73	88	80	104	106	96	60	100
PA14_56780	sodB	0.168	8.31	0.3	1	0.32	0.87	1194	1646	1873	1530	1445	1220	899	1544	2485	1726	1201	1385
PA14_59050	PA14_59050	0.59	1.22	0.3	1	0.14	0.7	11	11	12	9	6	7	8	10	16	10	5	8
PA14_61080	dctP	0.205	3.853	0.3	1	0.37	0.9	55	68	85	59	70	54	41	64	111	67	59	61
PA14_61360	PA14_61360	0.234	4.656	0.3	1	0.2	0.77	132	96	146	113	86	118	100	90	192	127	71	134
PA14_63390	PA14_63390	0.281	3.5	0.3	1	0.14	0.7	59	63	47	44	43	49	45	59	63	50	36	56
PA14_63910	PA14_63910	-0.413	2.148	0.3	1	0.2	0.76	21	10	18	24	19	21	16	9	24	27	16	24
PA14_65710	aspP	-0.135	7.838	0.3	1	0.28	0.83	1029	1034	995	1075	1114	1169	777	970	1322	1213	925	1326
PA14_66410	PA14_66410	0.15	6.251	0.3	1	0.22	0.79	367	372	382	341	337	333	277	349	507	385	280	378
PA14_66670	ponA	0.113	8.183	0.3	1	0.38	0.91	1297	1427	1515	1325	1340	1257	978	1338	2011	1495	1113	1427
PA14_71440	ltaA	-0.175	5.494	0.3	1	0.19	0.76	181	211	195	204	222	237	136	198	259	231	184	269
PA14_72280	citA	-0.209	4.13	0.3	1	0.26	0.82	83	73	69	80	76	100	63	68	92	91	63	113
PA14_00030	recF	0.123	7.914	0.31	1	0.37	0.9	1217	1028	1282	998	1068	1175	919	964	1702	1126	887	1333
PA14_00140	PA14_00140	-0.224	4.335	0.31	1	0.17	0.74	89	75	91	94	113	93	67	70	121	106	94	106
PA14_03163	PA14_03163	-0.115	10.442	0.31	1	0.4	0.91	6423	6075	6263	6269	6258	7794	4849	5698	8317	7074	5198	8843
PA14_03400	PA14_03400	0.456	2.361	0.31	1	0.25	0.82	20	16	38	11	23	21	15	15	49	13	19	24
PA14_05230	PA14_05230	0.169	6.659	0.31	1	0.2	0.76	524	493	480	499	387	442	396	462	638	563	321	501
PA14_12840	PA14_12840	0.13	9.194	0.31	1	0.29	0.84	2926	2810	2864	2541	2613	2703	2209	2636	3803	2867	2171	3067
PA14_13060	PA14_13060	0.18	4.777	0.31	1	0.27	0.83	124	140	138	131	127	98	93	131	183	147	106	112
PA14_17100	frr	0.154	7.139	0.31	1	0.23	0.8	755	639	687	656	587	627	571	599	913	740	487	711
PA14_19660	mioC	-0.206	4.665	0.31	1	0.17	0.74	112	96	116	129	134	113	85	90	153	145	112	128
PA14_21180	PA14_21180	0.234	4.049	0.31	1	0.17	0.74	96	75	76	75	70	63	73	70	101	84	58	72
PA14_21980	PA14_21980	-0.198	4.491	0.31	1	0.24	0.81	94	114	82	105	121	106	71	107	110	119	101	120
PA14_22400	PA14_22400	-0.22	4.495	0.31	1	0.21	0.77	81	116	92	113	128	96	60	109	122	128	107	109
PA14_25470	PA14_25470	0.163	4.898	0.31	1	0.31	0.86	128	141	166	138	130	122	96	132	219	156	108	139
PA14_26000	PA14_26000	0.196	4.42	0.31	1	0.25	0.81	91	121	101	90	100	85	68	114	135	102	83	97
PA14_29575	PA14_29575	-0.184	6.077	0.31	1	0.16	0.73	262	289	328	307	346	348	197	271	434	347	288	395
PA14_30150	trmU	0.132	6.684	0.31	1	0.29	0.84	489	486	527	462	475	436	369	456	699	521	395	495
PA14_33980	PA14_33980	0.195	5.702	0.31	1	0.18	0.75	309	233	235	205	229	243	235	218	313	232	190	275
PA14_34790	PA14_34790	-0.221	4.233	0.31	1	0.18	0.75	87	67	85	96	96	88	66	63	113	108	80	100
PA14_34940	PA14_34940	-0.499	1.566	0.31	1	0.13	0.68	8	10	12	14	16	14	6	9	16	16	13	16
PA14_38270	PA14_38270	0.161	6.378	0.31	1	0.26	0.82	426	398	403	437	347	312	322	373	535	492	288	355
PA14_38740	PA14_38740	0.218	5.425	0.31	1	0.16	0.73	240	232	175	212	173	169	182	218	234	239	143	192
PA14_40200	PA14_40200	0.164	7.007	0.31	1	0.2	0.77	680	640	587	615	536	548	514	600	781	694	445	622
PA14_40940	PA14_40940	-0.438	1.899	0.31	1	0.15	0.71	12	14	14	18	18	19	9	13	19	20	15	22
PA14_42620	pscR	0.5	1.548	0.31	1	0.2	0.77	16	11	16	9	11	11	12	10	21	10	9	12
PA14_43110	PA14_43110	-0.173	5.156	0.31	1	0.27	0.83	161	157	149	144	182	201	122	147	198	163	151	227
PA14_44500	apt	-0.242	4.188	0.31	1	0.15	0.71	77	68	84	83	110	81	58	64	111	94	92	92
PA14_45300	ccmG	-0.173	4.703	0.31	1	0.29	0.84	121	117	102	137	111	132	92	110	136	154	92	150
PA14_46580	PA14_46580	0.455	1.77	0.31	1	0.2	0.77	17	14	19	12	11	13	13	13	25	14	9	15
PA14_48500	PA14_48500	-0.327	2.779	0.31	1	0.31	0.86	36	21	23	39	24	36	28	20	31	44	19	41
PA14_48970	PA14_48970	-0.355	2.683	0.31	1	0.18	0.75	17	32	23	26	37	30	12	30	31	30	31	34
PA14_49150	PA14_49150	0.35	2.498	0.31	1	0.21	0.77	25	27	31	19	26	21	19	25	41	22	22	24
PA14_49340	pcpS	-0.306	3.041	0.31	1	0.15	0.7	33	31	33	35	44	41	25	29	44	40	37	47
PA14_50630	PA14_50630	-0.27	3.465	0.31	1	0.14	0.7	40	47	48	53	57	56	30	44	64	60	47	63
PA14_52820	dctQ	-0.18	5.188	0.31	1	0.19	0.75	160	150	165	170	177	192	121	141	219	192	147	218
PA14_53720	PA14_53720	-0.216	4.52	0.31	1	0.33	0.87	125	104	65	119	124	98	96	98	89	134	103	112
PA14_57670	trpS	0.178	4.578	0.31	1	0.3	0.85	114	98	137	97	104	109	86	92	180	110	86	124
PA14_59310	pilR2	0.287	3.152	0.31	1	0.15	0.71	49	38	44	34	35	38	37	36	58	38	29	43
PA14_59600	PA14_59600	-0.282	3.424	0.31	1	0.17	0.74	32	49	49	58	55	47	23	46	65	65	46	54
PA14_64270	PA14_64270	0.7	0.801	0.31	1	0.21	0.77	7	7	9	3	1	9	5	7	12	4	1	10
PA14_66230	waaG	-0.123	6.905	0.31	1	0.34	0.88	592	511	505	567	562	619	448	479	671	640	467	702
PA14_66270	glnE	0.103	8.443	0.31	1	0.43	0.93	1576	1624	1859	1584	1615	1513	1189	1523	2468	1787	1342	1717
PA14_70930	PA14_70930	-0.151	7.683	0.31	1	0.22	0.79	856	937	936	1026	1034	971	646	879	1242	1158	859	1102
PA14_71030	PA14_71030	-0.148	6.431	0.31	1	0.24	0.81	371	386	386	400	396	470	280	362	513	452	329	533
PA14_73420	rnpA	0.139	7.758	0.31	1	0.32	0.87	1137	903	1142	1024	876	989	859	847	1515	1155	727	1122
EBG00001225069	PrrF	1.727	5.952	0.32	1	0.013	0.19	98	93	1109	213	73	103	69	86	1454	238	59	118
PA14_00080	PA14_00080	0.107	11.107	0.32	1	0.4	0.92	10553	10223	11370	9294	10180	10366	7966	9588	15098	10488	8457	11762
PA14_01060	PA14_01060	0.244	3.633	0.32	1	0.22	0.79	61	59	63	65	47	42	46	55	84	73	39	48
PA14_01990	PA14_01990	-0.228	3.569	0.32	1	0.32	0.87	62	48	39	58	56	59	48	45	53	65	46	67
PA14_02130	PA14_02130	0.383	2.77	0.32	1	0.17	0.74	34	42	26	36	17	25	26	40	36	40	14	28
PA14_04860	yhhF	0.212	4.245	0.32	1	0.19	0.76	89	106	85	82	84	77	67	100	114	92	70	87
PA14_04950	mtgA	0.244	3.629	0.32	1	0.18	0.75	58	61	62	48	53	53	44	57	82	54	44	60
PA14_06080	creD	-0.18	4.989	0.32	1	0.25	0.81	137	128	149	164	134	169	103	120	197	185	111	192
PA14_07790	PA14_07790	0.148	6.988	0.32	1	0.28	0.83	623	699	551	523	603	563	470	656	733	591	501	639
PA14_07980	PA14_07980	0.139	9.54	0.32	1	0.32	0.87	4187	3187	3590	3156	3381	3420	3162	2989	4768	3562	2809	3880
PA14_14400	PA14_14400	-0.374	2.227	0.32	1	0.27	0.83	20	21	13	23	18	27	15	20	18	26	15	30
PA14_14440	valS	0.127	7.004	0.32	1	0.32	0.87	615	584	678	587	554	579	464	548	899	662	460	657
PA14_16040	xerD	-0.237	3.954	0.32	1	0.17	0.74	64	59	70	66	82	81	48	55	93	75	68	92
PA14_18010	glpK	0.198	4.504	0.32	1	0.19	0.75	119	102	113	97	99	96	90	96	150	109	82	109
PA14_19120	rhlR	-0.132	11.186	0.32	1	0.34	0.88	10803	9529	10913	10116	11405	12707	8155	8937	14491	11416	9474	14417
PA14_19930	PA14_19930	0.67	0.865	0.32	1	0.16	0.73	11	7	7	5	4	6	9	7	9	6	3	7
PA14_20300	phnC	-0.229	3.848	0.32	1	0.23	0.79	63	63	54	61	71	78	48	59	72	69	59	88
PA14_26540	PA14_26540	0.208	4.435	0.32	1	0.23	0.79	100	112	109	110	72	94	75	105	145	124	59	107
PA14_27630	rebB1	0.448	1.894	0.32	1	0.19	0.75	20	13	19	14	9	14	15	12	25	16	7	16
PA14_30410	yccA	-0.124	8.175	0.32	1	0.33	0.87	1368	1222	1294	1388	1379	1463	1033	1146	1718	1566	1145	1660
PA14_31280	PA14_31280	-0.192	4.728	0.32	1	0.19	0.75	118	106	118	119	131	139	89	99	156	135	109	158
PA14_31290	pa1L	-0.161	9.164	0.32	1	0.29	0.84	2256	3123	2232	2736	2947	2825	1702	2930	2965	3088	2448	3205
PA14_35000	PA14_35000	0.196	4.912	0.32	1	0.22	0.79	161	161	127	139	142	110	122	151	170	157	118	125
PA14_35270	PA14_35270	0.237	4.633	0.32	1	0.16	0.73	141	141	93	107	101	107	107	132	126	121	84	121
PA14_35460	PA14_35460	0.269	3.201	0.32	1	0.24	0.81	34	49	49	34	35	41	25	46	64	39	29	46
PA14_36870	PA14_36870	0.381	2.481	0.32	1	0.2	0.77	28	36	19	18	28	17	21	34	26	20	24	20
PA14_40670	metH	0.139	7.644	0.32	1	0.27	0.83	987	951	1002	938	817	915	745	892	1331	1058	678	1038
PA14_41960	PA14_41960	0.379	2.234	0.32	1	0.19	0.76	20	26	23	21	19	14	15	24	31	23	16	16
PA14_44120	PA14_44120	0.156	5.671	0.32	1	0.27	0.83	261	229	259	257	222	194	197	215	344	289	184	221
PA14_46480	PA14_46480	-0.484	1.677	0.32	1	0.19	0.76	13	10	10	17	18	10	10	9	13	19	15	12
PA14_50200	fleS	-0.16	5.963	0.32	1	0.22	0.79	278	261	281	334	308	275	210	245	373	376	256	313
PA14_50860	PA14_50860	-0.162	5.582	0.32	1	0.23	0.79	221	189	221	241	224	240	167	177	293	272	186	272
PA14_51740	tolR	-0.123	6.973	0.32	1	0.4	0.92	624	531	530	583	539	710	472	498	704	658	447	805
PA14_51800	ruvC	0.162	5.605	0.32	1	0.22	0.79	261	223	234	200	228	213	198	209	311	226	190	242
PA14_52240	pirS	0.134	6.74	0.32	1	0.28	0.83	532	504	528	454	499	474	402	473	701	512	415	538
PA14_52730	PA14_52730	0.223	4.008	0.32	1	0.21	0.77	71	87	78	66	61	76	53	82	104	74	50	86
PA14_52750	aotP	0.147	8.61	0.32	1	0.25	0.81	1904	2075	1787	1803	1652	1751	1437	1946	2374	2034	1372	1987
PA14_52850	PA14_52850	0.657	1.333	0.32	1	0.16	0.73	17	10	9	2	13	7	13	9	12	3	11	8
PA14_53630	PA14_53630	-0.856	0.375	0.32	1	0.17	0.74	5	2	2	4	7	5	4	2	3	5	6	6
PA14_53950	prpC	-0.171	5.093	0.32	1	0.23	0.79	151	148	148	174	156	173	114	139	197	196	129	196
PA14_56050	PA14_56050	-0.148	5.697	0.32	1	0.26	0.82	247	227	214	255	248	257	187	213	285	288	206	291
PA14_57630	PA14_57630	0.198	4.438	0.32	1	0.21	0.77	105	112	104	87	101	93	79	105	138	98	84	105
PA14_57680	PA14_57680	0.142	5.337	0.32	1	0.37	0.9	175	205	207	182	202	151	131	192	275	205	168	172
PA14_58080	PA14_58080	-0.108	8.199	0.32	1	0.43	0.93	1428	1398	1146	1343	1509	1427	1079	1311	1523	1516	1254	1619
PA14_61210	hprA	0.202	4.121	0.32	1	0.28	0.83	79	73	100	75	70	75	59	68	132	85	58	85
PA14_62880	yhbY	0.21	7.193	0.32	1	0.28	0.84	538	663	994	621	719	558	404	622	1315	701	598	634
PA14_62900	greA	0.159	7.285	0.32	1	0.23	0.8	852	743	715	628	674	765	644	697	950	709	560	867
PA14_65690	icc	0.193	4.455	0.32	1	0.2	0.77	105	105	114	98	93	93	79	98	151	110	77	106
PA14_66480	PA14_66480	0.126	6.773	0.32	1	0.31	0.86	517	510	570	489	490	486	390	478	756	552	407	551
PA14_67780	PA14_67780	0.591	1.242	0.32	1	0.18	0.74	8	15	8	8	6	6	6	14	11	9	5	7
PA14_68340	arcB	-0.281	6.978	0.32	1	0.25	0.81	768	471	355	510	610	822	584	442	475	576	506	931
PA14_68930	PA14_68930	0.218	3.959	0.32	1	0.3	0.84	66	79	82	83	59	53	49	74	109	93	49	61
PA14_69560	hcpB	0.502	1.643	0.32	1	0.17	0.74	20	10	14	9	7	14	16	9	19	10	6	16
PA14_69890	PA14_69890	0.627	4.115	0.32	1	0.041	0.39	127	122	41	61	63	65	98	115	58	69	52	74
PA14_70570	recG	-0.128	7.083	0.32	1	0.31	0.86	628	595	593	701	631	649	474	558	788	791	524	737
PA14_72070	PA14_72070	0.143	5.734	0.32	1	0.3	0.85	237	264	278	259	235	213	178	248	368	292	195	242
PA14_00925	PA14_00925	0.19	5.587	0.33	1	0.25	0.81	222	279	213	232	229	165	167	262	284	261	191	188
PA14_01180	PA14_01180	0.215	4.556	0.33	1	0.18	0.75	125	133	95	103	102	97	95	125	127	116	85	110
PA14_02190	cheD	0.502	1.643	0.33	1	0.18	0.75	12	20	12	16	7	7	9	19	16	18	6	8
PA14_02580	mdcD	-0.296	3.211	0.33	1	0.29	0.84	37	46	29	61	40	35	28	43	39	68	33	40
PA14_03520	PA14_03520	0.169	5.056	0.33	1	0.24	0.81	153	178	159	141	151	145	115	167	212	159	126	164
PA14_05200	czcD	-0.12	6.086	0.33	1	0.4	0.92	341	304	267	324	311	351	258	285	356	366	258	398
PA14_06810	norC	0.399	2.136	0.33	1	0.14	0.7	25	22	17	18	15	15	19	21	23	20	12	17
PA14_07700	apaH	0.162	5.556	0.33	1	0.21	0.77	227	241	224	210	202	205	171	226	298	237	168	233
PA14_08240	PA14_08240	0.146	10.72	0.33	1	0.28	0.83	9228	7980	7695	7003	7397	8108	6967	7485	10219	7903	6145	9199
PA14_08830	tufA	0.141	9.478	0.33	1	0.26	0.82	3647	3457	3403	3236	2964	3325	2753	3242	4520	3651	2462	3773
PA14_13710	PA14_13710	0.261	3.613	0.33	1	0.35	0.89	51	56	74	47	70	36	38	52	97	53	59	41
PA14_14020	PA14_14020	0.302	4.388	0.33	1	0.13	0.68	102	141	78	90	89	82	77	133	106	101	74	93
PA14_14040	rhl	-0.115	7.946	0.33	1	0.37	0.9	1176	1100	1049	1148	1195	1255	888	1032	1394	1296	993	1424
PA14_14820	ndk	-0.152	8.23	0.33	1	0.24	0.8	1270	1237	1482	1501	1482	1451	958	1160	1966	1694	1231	1647
PA14_14900	PA14_14900	0.138	7.377	0.33	1	0.28	0.83	862	775	804	801	734	682	651	727	1068	904	610	774
PA14_17380	PA14_17380	-0.179	4.881	0.33	1	0.21	0.78	121	142	122	135	148	152	91	133	162	153	123	172
PA14_19850	PA14_19850	-0.24	3.656	0.33	1	0.29	0.84	48	67	43	70	67	49	36	63	58	79	56	56
PA14_22890	gapA	-0.231	3.865	0.33	1	0.22	0.79	61	51	70	66	63	85	46	48	92	75	52	96
PA14_26670	PA14_26670	0.275	4.846	0.33	1	0.17	0.74	126	189	122	109	148	105	94	178	163	123	124	119
PA14_28740	PA14_28740	-0.231	6.104	0.33	1	0.14	0.7	266	249	368	326	327	386	200	233	486	368	271	437
PA14_31640	PA14_31640	-0.283	3.281	0.33	1	0.21	0.77	39	33	46	35	50	59	29	31	60	40	42	66
PA14_32060	xylS	0.256	3.659	0.33	1	0.32	0.87	49	52	84	60	51	46	36	49	110	67	42	53
PA14_32390	mexF	0.271	3.32	0.33	1	0.15	0.71	53	50	46	43	35	44	40	47	62	48	29	50
PA14_33440	PA14_33440	0.174	5.045	0.33	1	0.22	0.79	174	157	154	135	155	139	132	147	205	153	129	158
PA14_34000	PA14_34000	0.203	4.865	0.33	1	0.23	0.79	151	159	125	153	118	104	114	149	167	172	98	119
PA14_34230	PA14_34230	-0.225	3.435	0.33	1	0.37	0.9	55	52	31	50	52	57	42	49	43	57	43	64
PA14_37190	ada	-0.21	3.932	0.33	1	0.29	0.84	67	67	59	86	63	72	51	63	79	97	52	82
PA14_37220	PA14_37220	-0.208	4.047	0.33	1	0.26	0.82	62	84	63	82	73	85	46	79	84	93	60	96
PA14_40220	PA14_40220	-0.381	2.276	0.33	1	0.21	0.77	13	20	20	28	20	22	9	19	26	31	16	25
PA14_40640	cti	-0.129	7.087	0.33	1	0.31	0.86	577	663	582	674	644	673	435	622	773	760	535	764
PA14_41070	PA14_41070	0.101	6.867	0.33	1	0.49	0.96	495	535	659	551	549	479	373	502	873	622	456	544
PA14_42340	pscD	0.211	4.226	0.33	1	0.22	0.79	84	110	84	76	78	85	63	103	112	86	65	96
PA14_42520	pcr3	1.347	-0.1	0.33	1	0.23	0.8	3	5	1	0	2	1	2	5	1	0	2	1
PA14_42710	PA14_42710	0.161	6.625	0.33	1	0.25	0.81	510	547	407	423	470	413	385	513	542	478	391	469
PA14_43020	PA14_43020	0.234	4.091	0.33	1	0.22	0.78	98	88	68	78	78	59	75	83	91	88	65	67
PA14_50700	phaE	0.188	5.076	0.33	1	0.18	0.75	180	162	159	160	133	144	136	152	212	180	110	164
PA14_51860	PA14_51860	0.127	7.79	0.33	1	0.32	0.87	1021	1145	1076	935	981	1053	770	1074	1429	1055	815	1194
PA14_52490	PA14_52490	0.156	7.446	0.33	1	0.22	0.79	956	835	787	731	761	819	723	783	1046	825	632	929
PA14_53550	PA14_53550	-0.211	4.714	0.33	1	0.2	0.77	86	126	122	142	133	113	64	118	161	160	111	129
PA14_54580	PA14_54580	-0.211	4.239	0.33	1	0.27	0.82	78	94	69	79	112	88	59	88	92	89	94	100
PA14_55100	PA14_55100	-0.252	4.21	0.33	1	0.2	0.76	76	63	91	73	92	111	57	59	120	83	76	125
PA14_55380	PA14_55380	0.365	2.313	0.33	1	0.24	0.81	26	18	27	15	21	19	20	17	35	17	18	22
PA14_55440	hxcR	-0.255	3.711	0.33	1	0.18	0.75	52	53	55	63	79	52	39	50	73	71	66	59
PA14_56100	PA14_56100	0.334	2.474	0.33	1	0.27	0.82	24	30	28	24	27	15	18	28	37	27	23	17
PA14_57220	secA	-0.119	10.713	0.33	1	0.37	0.9	7772	7186	7650	7518	7962	9069	5867	6740	10159	8484	6614	10289
PA14_58450	dppC	-0.277	3.023	0.33	1	0.28	0.83	39	35	27	40	36	43	30	33	36	45	30	49
PA14_60130	PA14_60130	0.143	8.401	0.33	1	0.37	0.9	1342	1549	2086	1519	1487	1503	1011	1453	2767	1714	1235	1705
PA14_61820	ychF	0.154	6.125	0.33	1	0.21	0.77	342	358	329	302	300	322	258	336	438	341	249	365
PA14_62910	carB	0.132	9.059	0.33	1	0.29	0.84	2707	2490	2636	2440	2244	2463	2044	2335	3500	2753	1864	2794
PA14_63250	yfcY	-0.166	5.464	0.33	1	0.21	0.77	190	187	203	205	208	237	143	175	269	232	173	268
PA14_65570	PA14_65570	0.119	7.084	0.33	1	0.35	0.89	639	640	701	634	627	564	482	600	930	715	521	640
PA14_66220	waaP	-0.142	6.181	0.33	1	0.26	0.82	330	316	320	373	339	352	249	296	425	421	281	399
PA14_68000	PA14_68000	0.175	4.805	0.33	1	0.28	0.84	154	109	146	111	129	123	117	102	193	125	107	140
PA14_73220	glmU	0.114	7.218	0.33	1	0.37	0.9	706	679	784	682	691	634	533	637	1040	770	574	720
EBG00001225049	CrcZ	1.448	8.621	0.34	1	0.017	0.22	1999	5712	398	1582	834	559	1507	5360	536	1782	692	636
PA14_00020	dnaN	0.144	7.723	0.34	1	0.26	0.82	1126	983	1004	907	898	1010	851	922	1334	1024	746	1146
PA14_00450	trpB	-0.147	4.689	0.34	1	0.45	0.95	130	114	96	137	103	132	99	107	128	154	85	150
PA14_01300	coxA	-0.11	9.296	0.34	1	0.49	0.96	3254	2995	2245	2891	2856	3416	2458	2809	2984	3262	2372	3875
PA14_02900	pcaK	-0.335	2.487	0.34	1	0.26	0.82	26	17	21	33	25	22	20	16	28	37	21	25
PA14_03670	cysW	0.138	6.524	0.34	1	0.28	0.83	435	437	477	426	370	429	328	410	633	481	307	487
PA14_04250	PA14_04250	0.37	2.216	0.34	1	0.25	0.81	20	17	27	15	16	20	15	16	35	17	13	22
PA14_05390	chpA	0.129	10.013	0.34	1	0.3	0.84	5216	5128	4821	4740	4631	4493	3938	4810	6403	5349	3847	5098
PA14_05770	dhT	-0.232	3.829	0.34	1	0.21	0.77	62	48	68	77	65	67	47	45	89	87	54	76
PA14_06070	creC	-0.164	5.362	0.34	1	0.23	0.8	168	194	177	213	198	193	126	182	235	240	164	219
PA14_06620	PA14_06620	-0.273	4.377	0.34	1	0.13	0.68	82	78	97	97	132	84	62	73	128	110	111	96
PA14_08880	rplB	0.137	7.987	0.34	1	0.28	0.84	1307	1179	1243	1111	1059	1219	987	1106	1651	1254	879	1383
PA14_09100	rpsD	0.15	8.042	0.34	1	0.24	0.81	1368	1287	1236	1188	1066	1250	1033	1207	1642	1340	885	1418
PA14_09740	yaaU	-0.393	2.51	0.34	1	0.24	0.81	21	17	24	31	15	36	16	16	32	35	12	40
PA14_09890	ppiC2	0.168	5.171	0.34	1	0.23	0.8	190	165	173	161	162	146	144	155	230	182	135	166
PA14_09990	PA14_09990	-0.331	2.961	0.34	1	0.17	0.74	18	37	36	33	44	40	13	35	47	38	37	45
PA14_11600	PA14_11600	0.485	1.555	0.34	1	0.22	0.79	10	18	13	8	6	14	7	17	17	9	5	16
PA14_13300	PA14_13300	-0.448	1.764	0.34	1	0.16	0.72	12	9	14	16	16	16	9	8	18	18	13	18
PA14_14000	PA14_14000	0.167	5.344	0.34	1	0.25	0.81	198	207	195	155	172	206	149	194	259	175	143	233
PA14_15350	PA14_15350	-0.141	8.661	0.34	1	0.32	0.87	1812	1687	1905	1789	1846	2325	1368	1582	2529	2019	1533	2637
PA14_17980	glpF	0.102	8.707	0.34	1	0.47	0.95	1803	2275	1999	1876	2061	1726	1360	2134	2655	2117	1713	1959
PA14_22510	PA14_22510	0.698	0.614	0.34	1	0.32	0.87	4	8	8	3	8	2	3	8	10	4	7	2
PA14_23540	act	-0.18	5.325	0.34	1	0.2	0.77	176	154	192	208	208	177	133	144	254	235	173	201
PA14_24020	xcpT	-0.099	6.977	0.34	1	0.49	0.96	628	565	513	586	553	685	475	530	682	661	459	777
PA14_26165	PA14_26165	-0.175	5.417	0.34	1	0.26	0.82	183	191	185	167	217	248	138	179	246	189	180	281
PA14_27600	PA14_27600	-0.345	3.578	0.34	1	0.17	0.74	51	30	60	45	64	72	39	28	78	51	53	81
PA14_30990	PA14_30990	0.202	4.4	0.34	1	0.17	0.74	110	100	102	90	83	95	83	94	135	102	69	108
PA14_42150	PA14_42150	0.189	4.566	0.34	1	0.22	0.79	109	129	109	96	103	104	82	121	145	109	86	118
PA14_42270	pscJ	0.195	4.061	0.34	1	0.3	0.85	72	74	97	71	65	78	54	69	128	80	54	88
PA14_42670	PA14_42670	-0.111	7.514	0.34	1	0.38	0.91	864	820	780	890	836	934	653	769	1036	1004	694	1059
PA14_44930	PA14_44930	-0.206	4.123	0.34	1	0.22	0.79	73	79	70	83	84	87	55	74	93	94	70	99
PA14_46460	PA14_46460	-0.229	7.765	0.34	1	0.14	0.69	746	944	1118	1005	1189	1100	561	885	1482	1134	988	1248
PA14_47000	PA14_47000	-0.619	0.941	0.34	1	0.24	0.8	4	7	5	13	6	7	3	7	7	14	5	8
PA14_48020	PA14_48020	-0.167	5.009	0.34	1	0.28	0.84	125	160	135	171	141	158	94	150	179	193	117	179
PA14_50980	pac	-0.137	8.564	0.34	1	0.29	0.84	1723	1512	1823	1824	1833	1906	1301	1418	2420	2058	1523	2163
PA14_51260	PA14_51260	-0.118	6.886	0.34	1	0.39	0.91	542	508	538	599	483	639	409	476	714	676	400	724
PA14_53790	PA14_53790	-0.171	4.994	0.34	1	0.24	0.8	149	132	135	150	159	159	113	124	179	169	132	180
PA14_54470	PA14_54470	-0.298	3.148	0.34	1	0.18	0.75	27	32	44	36	41	51	20	30	57	41	34	58
PA14_55670	recB	0.146	8.053	0.34	1	0.28	0.84	1336	1434	1146	1248	1205	1085	1009	1345	1523	1408	1001	1231
PA14_58000	sodM	0.137	11.059	0.34	1	0.32	0.87	11159	10171	10080	8504	9183	10876	8424	9540	13386	9597	7628	12340
PA14_60530	PA14_60530	0.226	3.723	0.34	1	0.33	0.87	65	50	77	42	57	67	49	47	101	48	47	75
PA14_60710	gdhA	-0.148	5.868	0.34	1	0.25	0.81	274	243	256	278	289	288	207	228	340	314	240	327
PA14_65560	serB	0.095	6.809	0.34	1	0.5	0.96	490	500	629	483	529	507	369	469	833	545	440	575
PA14_67120	PA14_67120	0.179	4.649	0.34	1	0.23	0.79	117	118	133	116	101	108	88	111	176	131	84	123
PA14_67300	proX	-0.187	4.87	0.34	1	0.2	0.76	123	129	124	132	163	136	93	121	165	149	136	154
PA14_68850	gcvP1	-0.106	8.606	0.34	1	0.41	0.92	1868	1785	1618	1825	1895	1952	1411	1674	2149	2059	1574	2215
PA14_72380	algB	-0.161	5.448	0.34	1	0.23	0.79	197	176	198	216	204	219	149	165	263	244	169	248
PA14_73370	gidA	-0.14	8.441	0.34	1	0.26	0.82	1474	1516	1650	1662	1690	1764	1112	1422	2190	1875	1404	2001
PA14_00890	PA14_00890	0.195	4.8	0.35	1	0.26	0.82	139	162	114	129	134	99	105	152	153	145	112	113
PA14_00990	PA14_00990	0.085	8.432	0.35	1	0.56	0.96	1477	1590	1919	1613	1688	1402	1114	1491	2547	1820	1403	1591
PA14_01640	PA14_01640	0.294	2.771	0.35	1	0.21	0.78	36	28	37	30	27	25	27	26	49	34	22	29
PA14_04140	PA14_04140	-0.157	7.111	0.35	1	0.26	0.82	591	526	712	664	658	720	446	493	943	749	546	817
PA14_05650	PA14_05650	-0.307	2.73	0.35	1	0.2	0.77	26	24	28	26	35	36	20	22	37	30	29	41
PA14_06600	PA14_06600	0.133	8.835	0.35	1	0.3	0.85	2294	2277	2134	1889	1996	2229	1732	2136	2834	2132	1658	2529
PA14_11910	PA14_11910	0.158	5.019	0.35	1	0.28	0.84	166	142	165	140	154	132	126	133	219	158	128	150
PA14_11970	PA14_11970	-0.174	5.287	0.35	1	0.2	0.77	152	172	183	180	189	205	114	161	242	203	157	232
PA14_13800	narH	-0.217	3.456	0.35	1	0.39	0.91	47	50	39	64	38	54	36	47	52	72	31	61
PA14_16460	wspD	0.18	4.832	0.35	1	0.2	0.76	134	150	135	127	115	127	101	141	179	143	95	144
PA14_16920	sufE	-0.193	4.117	0.35	1	0.33	0.87	74	87	62	96	89	70	56	82	84	108	74	80
PA14_17960	glpK	0.141	5.876	0.35	1	0.26	0.82	280	286	295	270	254	256	211	268	392	305	211	291
PA14_19340	PA14_19340	0.15	5.726	0.35	1	0.28	0.84	255	270	253	265	238	198	192	253	336	298	198	225
PA14_19430	PA14_19430	0.189	4.299	0.35	1	0.31	0.86	100	98	90	86	100	67	76	92	120	97	84	77
PA14_22075	PA14_22075	-0.128	9.115	0.35	1	0.32	0.87	2320	2616	2506	2526	2727	2881	1751	2454	3328	2851	2265	3269
PA14_24580	PA14_24580	-0.203	4.253	0.35	1	0.21	0.77	69	89	84	99	89	91	51	84	111	112	74	103
PA14_26610	PA14_26610	-0.133	6.065	0.35	1	0.33	0.87	294	335	265	315	333	330	222	314	353	356	277	374
PA14_36980	PA14_36980	0.359	2.233	0.35	1	0.21	0.78	20	23	24	19	15	19	15	22	32	21	12	22
PA14_37380	PA14_37380	0.254	3.49	0.35	1	0.19	0.75	54	65	48	54	40	44	41	61	64	61	33	50
PA14_39060	PA14_39060	0.331	2.466	0.35	1	0.22	0.79	27	24	29	19	23	21	20	22	38	22	19	24
PA14_40180	PA14_40180	0.254	3.349	0.35	1	0.22	0.79	54	54	44	44	48	35	41	51	59	50	40	40
PA14_41430	miaE	0.151	5.109	0.35	1	0.33	0.87	156	177	172	131	166	160	117	166	228	148	138	181
PA14_42230	bglX	0.139	5.889	0.35	1	0.28	0.83	273	303	291	272	266	250	206	284	386	307	221	284
PA14_45760	fliQ	-0.231	3.452	0.35	1	0.33	0.87	56	41	40	50	50	59	43	38	54	56	41	67
PA14_50420	flgH	0.184	4.733	0.35	1	0.19	0.76	131	133	127	123	105	115	99	125	169	139	87	130
PA14_51330	nadA	0.135	7.766	0.35	1	0.28	0.84	1115	1069	1013	911	979	1021	842	1003	1346	1028	813	1158
PA14_51410	pqsC	-0.111	8.887	0.35	1	0.38	0.91	2211	2047	2133	2247	2186	2469	1669	1920	2833	2536	1816	2801
PA14_51420	pqsB	-0.118	8.772	0.35	1	0.35	0.89	1863	2064	1960	2257	2005	2128	1406	1936	2603	2547	1665	2415
PA14_52420	yliG	0.186	4.396	0.35	1	0.26	0.82	92	107	107	81	85	103	69	100	142	92	70	117
PA14_53200	PA14_53200	0.13	5.896	0.35	1	0.43	0.93	273	246	349	250	304	243	206	230	461	282	253	276
PA14_53490	PA14_53490	-0.227	4.988	0.35	1	0.23	0.8	153	119	134	122	152	200	116	111	178	138	126	226
PA14_57930	PA14_57930	-0.174	8.965	0.35	1	0.24	0.8	2052	2106	2436	2142	2403	2893	1548	1975	3234	2418	1996	3282
PA14_57940	rpoN	-0.18	10.72	0.35	1	0.23	0.8	6298	8098	7822	7390	8076	9706	4753	7596	10387	8339	6709	11012
PA14_58070	PA14_58070	-0.088	9.062	0.35	1	0.53	0.96	2647	2538	2095	2372	2500	2866	1999	2381	2784	2677	2077	3251
PA14_59240	pilL2	-0.263	3.203	0.35	1	0.22	0.79	32	44	37	50	47	39	24	41	49	56	39	45
PA14_59360	pilM2	-0.348	2.361	0.35	1	0.21	0.77	22	16	20	24	25	26	17	15	27	27	21	29
PA14_60050	PA14_60050	-0.272	5.474	0.35	1	0.14	0.7	170	181	206	190	184	300	128	170	273	215	152	339
PA14_60540	PA14_60540	0.128	6.65	0.35	1	0.3	0.84	473	510	486	443	467	435	357	478	645	500	388	494
PA14_61680	PA14_61680	-0.193	4.285	0.35	1	0.25	0.81	86	93	74	98	103	87	65	87	99	110	86	99
PA14_62030	PA14_62030	-0.175	4.867	0.35	1	0.29	0.84	106	145	129	136	128	164	79	136	171	154	106	186
PA14_62510	yadB	0.207	4.151	0.35	1	0.2	0.77	85	92	87	83	67	78	64	86	115	93	55	88
PA14_66090	PA14_66090	0.173	4.704	0.35	1	0.27	0.82	137	113	131	122	118	99	104	106	174	137	98	113
PA14_66560	gltD	-0.132	7.232	0.35	1	0.31	0.86	630	716	666	668	730	808	475	672	884	754	606	916
PA14_67940	PA14_67940	-0.574	1.422	0.35	1	0.18	0.75	10	7	7	11	20	7	8	7	10	13	17	8
PA14_71170	PA14_71170	-0.199	4.258	0.35	1	0.24	0.81	82	88	73	89	103	87	62	83	98	101	86	99
PA14_71460	glyA1	-0.374	2.186	0.35	1	0.19	0.76	15	16	20	28	19	19	11	15	26	31	16	22
PA14_71800	zwf	0.162	7.883	0.35	1	0.24	0.81	1256	1265	978	995	1016	1113	949	1187	1301	1123	844	1263
PA14_72030	PA14_72030	0.167	4.889	0.35	1	0.3	0.85	136	154	145	148	132	109	102	145	193	166	110	124
PA14_04030	PA14_04030	0.211	4.952	0.36	1	0.2	0.77	159	164	137	166	109	120	120	154	183	187	90	136
PA14_06290	glcB	-0.125	8.169	0.36	1	0.31	0.87	1313	1220	1331	1392	1387	1433	991	1144	1767	1571	1152	1626
PA14_06640	PA14_06640	-0.178	4.927	0.36	1	0.21	0.77	122	141	133	154	160	135	92	132	176	174	133	154
PA14_07250	PA14_07250	0.213	4.298	0.36	1	0.19	0.76	98	111	83	84	74	91	74	104	111	95	61	103
PA14_08020	gpW	0.128	8.46	0.36	1	0.31	0.87	1881	1611	1671	1536	1597	1590	1421	1511	2219	1733	1327	1804
PA14_08040	gpI	0.14	8.736	0.36	1	0.28	0.83	2316	2031	1935	1852	1903	1944	1749	1905	2570	2090	1581	2206
PA14_12570	PA14_12570	-0.227	3.786	0.36	1	0.2	0.76	51	57	64	65	62	75	38	53	84	73	51	85
PA14_13220	PA14_13220	-0.297	2.751	0.36	1	0.2	0.76	29	24	28	36	34	30	22	22	37	40	28	34
PA14_13340	PA14_13340	0.188	4.3	0.36	1	0.26	0.82	87	105	94	81	89	82	65	99	125	92	74	93
PA14_16110	PA14_16110	0.118	7.941	0.36	1	0.35	0.88	1262	1120	1209	1054	1147	1107	953	1050	1606	1190	953	1256
PA14_16190	PA14_16190	0.142	8.086	0.36	1	0.26	0.82	1417	1350	1237	1198	1179	1249	1070	1266	1643	1352	979	1417
PA14_16500	wspR	0.151	7.707	0.36	1	0.25	0.81	1135	1024	930	980	892	906	858	960	1236	1106	741	1028
PA14_18040	PA14_18040	-0.141	7.18	0.36	1	0.31	0.87	646	606	679	623	672	834	488	568	901	704	558	945
PA14_18120	mmsA	-0.196	4.243	0.36	1	0.23	0.8	75	92	77	86	98	94	56	86	102	97	82	107
PA14_19870	ldh	0.098	9.338	0.36	1	0.46	0.95	2981	3296	3123	2972	3200	2611	2250	3092	4147	3354	2659	2963
PA14_21520	PA14_21520	-0.203	4.161	0.36	1	0.26	0.82	77	77	76	103	91	70	58	72	101	116	76	80
PA14_23890	PA14_23890	-0.142	5.791	0.36	1	0.28	0.83	236	263	236	254	269	288	178	247	314	287	223	327
PA14_24370	PA14_24370	-0.11	6.955	0.36	1	0.41	0.92	619	544	512	568	605	631	468	510	681	641	503	716
PA14_26970	PA14_26970	0.17	6.229	0.36	1	0.27	0.83	323	451	335	336	357	293	243	423	446	379	297	333
PA14_28120	PA14_28120	-0.219	3.764	0.36	1	0.27	0.83	67	50	56	56	77	68	51	47	74	64	64	77
PA14_28810	PA14_28810	-0.113	10.2	0.36	1	0.44	0.94	5660	5303	4917	5101	5304	6762	4273	4974	6530	5756	4406	7671
PA14_33330	PA14_33330	-0.113	7.189	0.36	1	0.39	0.91	687	636	643	664	661	797	519	596	854	750	549	904
PA14_36170	PA14_36170	-0.373	2.074	0.36	1	0.29	0.84	17	14	17	27	15	19	13	13	22	30	12	22
PA14_37260	opdO	-0.676	0.704	0.36	1	0.19	0.75	3	2	8	6	8	8	2	2	10	7	7	9
PA14_37590	kynB	-0.31	2.976	0.36	1	0.17	0.74	25	26	41	36	45	34	18	24	53	41	38	39
PA14_39460	PA14_39460	-0.163	6.191	0.36	1	0.21	0.78	312	285	365	360	363	356	235	267	483	406	302	404
PA14_40070	PA14_40070	-0.155	5.821	0.36	1	0.28	0.83	221	276	248	311	280	239	166	259	329	350	233	272
PA14_41280	PA14_41280	0.234	4.041	0.36	1	0.28	0.84	82	80	83	94	68	47	62	75	110	105	56	54
PA14_44900	PA14_44900	0.123	5.704	0.36	1	0.38	0.91	222	260	275	235	245	218	167	244	364	265	204	248
PA14_45240	PA14_45240	-0.285	2.972	0.36	1	0.21	0.77	35	24	33	34	38	40	27	22	44	39	32	45
PA14_47380	hxuC	0.127	8.151	0.36	1	0.32	0.87	1514	1275	1377	1253	1280	1281	1144	1196	1829	1414	1063	1454
PA14_47520	PA14_47520	-0.153	6.413	0.36	1	0.23	0.8	356	375	396	370	433	452	268	352	525	418	360	512
PA14_50060	PA14_50060	0.157	6.401	0.36	1	0.3	0.85	350	499	396	333	404	381	263	468	526	376	336	432
PA14_51910	PA14_51910	-0.15	5.481	0.36	1	0.31	0.86	209	170	209	245	200	206	158	159	277	276	166	234
PA14_52580	lysC	0.128	7.435	0.36	1	0.3	0.85	854	813	867	775	720	822	645	762	1151	875	598	932
PA14_52610	PA14_52610	0.139	5.584	0.36	1	0.39	0.91	199	269	232	190	244	204	149	253	308	215	203	232
PA14_52790	aotJ	-0.103	8.691	0.36	1	0.42	0.93	1949	1819	1827	2140	1881	1988	1472	1706	2427	2415	1562	2256
PA14_53190	bolA	-0.164	5.164	0.36	1	0.26	0.82	154	148	166	201	163	161	116	139	220	226	135	183
PA14_53970	PA14_53970	0.19	4.94	0.36	1	0.22	0.79	145	176	135	147	114	136	109	165	180	166	94	154
PA14_54770	PA14_54770	0.297	2.492	0.36	1	0.4	0.92	23	18	37	23	21	21	17	17	48	26	17	24
PA14_55750	PA14_55750	0.369	6.715	0.36	1	0.066	0.51	633	683	344	448	416	422	479	641	461	505	345	479
PA14_57380	mraY	-0.086	8.275	0.36	1	0.53	0.96	1541	1451	1226	1417	1434	1625	1164	1361	1630	1599	1191	1843
PA14_57840	ttg2D	-0.104	6.832	0.36	1	0.44	0.94	570	492	478	566	506	578	431	461	636	639	420	656
PA14_58050	pmbA	-0.084	7.918	0.36	1	0.56	0.97	1245	1131	923	1096	1145	1254	941	1061	1227	1237	951	1422
PA14_58950	PA14_58950	-0.331	2.424	0.36	1	0.28	0.83	26	17	19	30	25	21	20	16	25	34	21	24
PA14_62010	hitB	0.17	5.794	0.36	1	0.2	0.77	300	264	256	252	210	263	227	248	340	284	174	298
PA14_63440	PA14_63440	-0.434	1.816	0.36	1	0.2	0.77	7	13	15	13	13	22	5	12	20	15	11	25
PA14_63970	PA14_63970	0.311	3.37	0.36	1	0.17	0.74	63	52	41	55	33	36	48	49	55	61	27	41
PA14_64440	bcpA	-0.13	5.877	0.36	1	0.33	0.87	280	265	239	284	281	291	212	249	318	320	233	330
PA14_66940	hisI	0.111	7.222	0.36	1	0.47	0.95	575	745	850	639	699	674	432	699	1127	721	581	765
PA14_67230	PA14_67230	-0.177	4.698	0.36	1	0.21	0.77	114	109	112	122	130	127	86	102	149	138	108	144
PA14_67380	PA14_67380	-0.235	3.582	0.36	1	0.24	0.8	53	46	49	48	66	60	40	43	65	55	55	68
PA14_67960	PA14_67960	0.408	1.832	0.36	1	0.26	0.82	16	18	17	13	17	10	12	17	23	15	14	11
PA14_67970	PA14_67970	-0.359	2.273	0.36	1	0.19	0.75	16	19	18	26	24	19	12	18	24	29	20	22
PA14_70040	dadA	-0.106	7.233	0.36	1	0.42	0.93	710	699	625	681	707	799	536	656	831	769	587	906
PA14_70630	rubA2	-0.137	5.893	0.36	1	0.32	0.87	269	250	272	275	262	332	203	234	361	310	217	376
PA14_71600	purK	-0.156	5.197	0.36	1	0.29	0.84	172	154	156	196	179	159	130	144	207	221	149	181
PA14_72780	pdxY	0.156	4.678	0.36	1	0.34	0.88	121	106	144	115	111	108	91	99	190	130	92	123
PA14_73070	pyrQ	-0.392	1.967	0.36	1	0.28	0.83	10	20	13	23	17	16	7	19	17	26	14	18
EBG00001225076	tRNA	0.265	5.563	0.37	1	0.2	0.77	281	155	282	165	200	232	213	145	373	187	166	263
PA14_02060	PA14_02060	-0.435	1.724	0.37	1	0.28	0.83	13	10	10	18	10	16	10	9	14	20	8	18
PA14_03490	PA14_03490	-0.155	4.321	0.37	1	0.47	0.95	110	80	74	93	89	108	84	75	99	105	74	122
PA14_04210	PA14_04210	-0.28	2.896	0.37	1	0.18	0.75	28	28	33	34	36	39	21	26	44	39	30	44
PA14_07280	yhiN	0.201	3.923	0.37	1	0.29	0.84	79	71	72	56	76	62	60	67	96	64	64	70
PA14_07930	gph	-0.264	3.277	0.37	1	0.23	0.79	32	36	47	57	45	39	24	34	62	64	37	45
PA14_10220	ygiM	-0.381	1.99	0.37	1	0.22	0.79	12	16	16	15	20	23	9	15	21	17	17	26
PA14_10740	PA14_10740	0.143	4.821	0.37	1	0.44	0.94	134	121	156	127	149	98	101	113	206	143	125	112
PA14_11110	cupB6	-0.334	2.322	0.37	1	0.24	0.8	19	22	17	25	27	21	14	21	23	28	23	24
PA14_11380	ybaD	0.193	5.085	0.37	1	0.39	0.91	127	157	217	147	179	112	94	147	285	166	150	128
PA14_12760	PA14_12760	0.135	5.24	0.37	1	0.36	0.9	173	179	198	172	179	152	130	168	262	194	149	173
PA14_14740	iscU	0.133	7.72	0.37	1	0.28	0.84	1058	1020	1015	957	878	984	799	957	1348	1080	729	1116
PA14_15340	guaA	0.13	7.417	0.37	1	0.28	0.83	874	803	830	776	738	775	660	753	1102	876	613	879
PA14_16480	wspF	0.122	7.498	0.37	1	0.33	0.87	833	955	853	802	810	815	628	896	1133	905	673	925
PA14_25780	ycfH	0.136	5.831	0.37	1	0.34	0.88	263	300	268	277	269	211	198	282	356	312	224	240
PA14_25910	PA14_25910	0.159	5.025	0.37	1	0.28	0.83	167	158	153	139	158	131	126	148	204	157	132	149
PA14_27850	folE	0.267	3.059	0.37	1	0.23	0.79	43	35	42	36	27	36	33	33	56	41	22	41
PA14_28980	PA14_28980	0.229	3.911	0.37	1	0.25	0.81	82	79	64	81	59	50	62	74	86	91	49	57
PA14_29160	PA14_29160	-0.118	6.615	0.37	1	0.36	0.89	459	439	417	449	460	516	347	412	554	507	382	585
PA14_33780	PA14_33780	-0.096	7.933	0.37	1	0.46	0.95	1204	1101	1014	1184	1145	1215	910	1033	1347	1336	951	1379
PA14_33880	PA14_33880	-0.197	5.768	0.37	1	0.2	0.77	189	259	257	298	283	229	141	243	340	336	235	261
PA14_35190	pbpC	-0.146	5.37	0.37	1	0.31	0.86	189	181	177	228	199	178	143	170	235	257	165	202
PA14_36070	PA14_36070	0.343	2.328	0.37	1	0.24	0.8	24	28	22	15	16	27	18	26	30	17	13	30
PA14_38040	PA14_38040	-0.195	4.173	0.37	1	0.26	0.82	82	74	75	98	91	75	62	69	100	110	76	85
PA14_39810	PA14_39810	0.215	5.329	0.37	1	0.26	0.82	198	229	175	205	192	121	149	215	233	231	160	138
PA14_41750	PA14_41750	-0.228	3.775	0.37	1	0.2	0.77	51	52	66	61	66	73	38	49	87	69	55	83
PA14_46610	PA14_46610	-0.225	3.602	0.37	1	0.23	0.8	47	56	48	63	61	53	35	53	64	71	51	60
PA14_48470	PA14_48470	-0.324	2.457	0.37	1	0.26	0.82	22	21	19	27	22	29	17	20	26	30	18	33
PA14_52930	PA14_52930	-0.175	4.911	0.37	1	0.25	0.82	136	120	135	123	159	161	103	112	179	139	132	182
PA14_55890	cpaF2	0.178	7.116	0.37	1	0.22	0.79	698	780	586	683	544	596	527	732	780	770	451	676
PA14_57470	PA14_57470	-0.14	5.844	0.37	1	0.28	0.84	243	259	259	272	255	312	183	243	344	307	211	353
PA14_58580	piuC	-0.172	6.298	0.37	1	0.2	0.77	325	310	396	374	424	368	245	291	524	422	353	418
PA14_59230	PA14_59230	0.092	8.979	0.37	1	0.49	0.96	2453	2175	2683	2137	2369	2358	1852	2040	3562	2412	1968	2675
PA14_60420	proB	0.126	7.833	0.37	1	0.34	0.88	1155	1141	1046	1081	1071	910	872	1070	1390	1220	890	1033
PA14_61550	PA14_61550	0.246	3.383	0.37	1	0.21	0.78	56	55	43	45	43	40	43	52	58	51	36	46
PA14_64140	prmA	-0.223	4.29	0.37	1	0.18	0.75	69	77	100	103	103	83	51	72	131	116	86	95
PA14_64710	PA14_64710	0.125	5.834	0.37	1	0.43	0.93	282	221	327	256	273	234	213	207	432	289	227	266
PA14_65640	PA14_65640	0.32	5.119	0.37	1	0.13	0.69	184	224	129	179	146	106	139	211	174	201	121	121
PA14_65820	PA14_65820	0.15	6.681	0.37	1	0.25	0.81	513	556	446	483	441	439	387	522	593	545	366	498
PA14_66200	wapQ	0.147	6.427	0.37	1	0.26	0.82	434	463	369	389	393	358	328	434	491	439	327	407
EBG00001225165	P34	0.454	2.168	0.38	1	0.31	0.87	15	13	37	13	19	16	11	12	47	15	16	18
PA14_00230	smf	0.456	1.506	0.38	1	0.27	0.83	13	11	14	8	11	10	10	10	19	9	9	11
PA14_04530	PA14_04530	0.158	4.86	0.38	1	0.38	0.91	127	121	174	142	112	124	95	113	229	160	93	141
PA14_05820	PA14_05820	-0.205	4.144	0.38	1	0.26	0.82	79	58	87	79	87	94	60	54	114	89	72	106
PA14_07420	PA14_07420	-0.187	4.343	0.38	1	0.29	0.84	79	105	78	89	113	97	59	99	104	101	94	110
PA14_07480	PA14_07480	0.126	9.011	0.38	1	0.36	0.89	2645	2353	2564	2180	2089	2659	1997	2207	3405	2460	1735	3016
PA14_08360	trpC	0.141	6.386	0.38	1	0.25	0.81	417	424	386	354	364	393	315	398	513	400	302	446
PA14_08840	rpsJ	-0.129	8.944	0.38	1	0.33	0.88	2144	2076	2386	2189	2396	2641	1618	1947	3167	2470	1990	2996
PA14_08920	rplP	0.131	7.664	0.38	1	0.32	0.87	1090	902	984	863	865	988	824	846	1307	974	718	1121
PA14_09680	PA14_09680	0.183	4.854	0.38	1	0.22	0.79	143	165	121	134	119	122	108	155	162	151	99	139
PA14_09970	fpvB	0.155	6.478	0.38	1	0.26	0.82	517	393	408	419	379	383	392	368	543	472	315	435
PA14_10440	opdL	-0.345	2.242	0.38	1	0.21	0.77	15	19	18	20	25	22	11	18	24	23	21	25
PA14_11760	eutC	-0.148	4.871	0.38	1	0.37	0.91	127	148	110	156	143	126	96	139	147	176	119	143
PA14_12750	PA14_12750	-0.138	5.904	0.38	1	0.29	0.84	261	277	257	265	305	305	197	260	341	299	254	346
PA14_13240	moaD	-0.313	2.473	0.38	1	0.25	0.81	26	16	23	28	29	25	20	15	31	32	24	28
PA14_18180	PA14_18180	0.523	1.212	0.38	1	0.22	0.79	11	11	10	10	5	6	8	10	13	11	4	7
PA14_19410	PA14_19410	0.127	7.281	0.38	1	0.3	0.85	767	741	767	737	646	700	579	695	1018	831	536	794
PA14_19730	PA14_19730	-0.46	5.562	0.38	1	0.043	0.4	180	155	221	187	373	206	136	145	292	212	312	234
PA14_21750	PA14_21750	0.133	6.972	0.38	1	0.28	0.84	651	608	583	573	562	544	492	570	775	646	467	617
PA14_21990	PA14_21990	0.134	6.09	0.38	1	0.29	0.84	348	328	318	307	322	277	263	308	423	346	268	315
PA14_23570	PA14_23570	-0.345	6.772	0.38	1	0.085	0.56	317	438	590	446	606	657	237	411	780	504	504	745
PA14_28150	PA14_28150	0.154	5.807	0.38	1	0.29	0.84	269	325	231	237	260	243	203	305	308	268	216	276
PA14_31100	PA14_31100	-0.282	2.807	0.38	1	0.24	0.8	29	31	25	35	36	32	22	29	34	40	30	36
PA14_32820	PA14_32820	-0.227	6.939	0.38	1	0.14	0.7	461	458	663	578	663	614	347	429	877	652	551	697
PA14_33160	PA14_33160	0.156	4.672	0.38	1	0.32	0.87	127	108	134	108	119	106	96	101	177	122	99	120
PA14_35080	arsH	-0.409	1.754	0.38	1	0.35	0.89	15	11	10	21	13	12	12	10	13	23	11	14
PA14_39360	PA14_39360	-0.114	6.383	0.38	1	0.39	0.91	403	386	332	418	421	372	305	362	442	472	350	422
PA14_39780	hvn	-0.119	6.628	0.38	1	0.45	0.94	545	407	380	441	490	512	413	382	506	498	407	581
PA14_41630	cmaX	-0.142	6.826	0.38	1	0.26	0.82	483	475	550	519	551	594	364	445	729	586	458	674
PA14_41840	cysH	0.131	5.607	0.38	1	0.45	0.94	203	208	296	224	227	197	152	195	391	253	189	224
PA14_42130	PA14_42130	0.146	5.808	0.38	1	0.27	0.83	263	299	261	275	236	232	198	281	347	310	196	263
PA14_42730	PA14_42730	0.204	5.328	0.38	1	0.18	0.75	247	179	173	181	166	170	188	168	231	204	138	193
PA14_44190	PA14_44190	-0.681	0.739	0.38	1	0.31	0.86	4	7	1	7	7	5	3	7	2	8	6	6
PA14_44530	ygdE	0.298	2.819	0.38	1	0.24	0.81	38	39	27	38	27	20	29	37	37	42	22	23
PA14_47250	PA14_47250	-0.214	3.609	0.38	1	0.29	0.84	56	49	48	65	52	59	43	46	64	73	43	67
PA14_47890	PA14_47890	-0.181	4.041	0.38	1	0.35	0.89	86	67	61	86	82	73	66	63	82	97	68	83
PA14_50050	PA14_50050	-0.493	1.308	0.38	1	0.23	0.8	7	10	8	14	15	6	5	9	11	16	13	7
PA14_52230	pirA	0.109	6.13	0.38	1	0.45	0.94	328	296	391	299	311	332	247	277	518	338	258	377
PA14_53220	fumC2	0.125	6.017	0.38	1	0.37	0.9	323	297	322	310	310	244	244	278	427	349	258	278
PA14_56660	PA14_56660	0.274	2.846	0.38	1	0.27	0.83	31	37	34	24	32	29	23	35	45	27	27	33
PA14_56840	PA14_56840	0.133	5.448	0.38	1	0.36	0.89	203	213	218	201	211	168	153	200	289	227	176	191
PA14_57800	hisG	0.154	5.914	0.38	1	0.24	0.81	325	285	278	296	254	246	246	267	370	333	211	279
PA14_58930	PA14_58930	0.619	0.833	0.38	1	0.23	0.79	9	7	7	3	1	10	7	7	10	4	1	11
PA14_59580	PA14_59580	-0.155	6.704	0.38	1	0.23	0.8	440	428	509	470	550	516	332	401	675	531	457	586
PA14_59720	cupD2	-0.923	0.109	0.38	1	0.3	0.85	6	0	1	3	6	5	5	0	2	3	5	6
PA14_62680	PA14_62680	0.111	10.812	0.38	1	0.37	0.9	8729	8740	8771	8343	7867	8082	6589	8198	11648	9414	6535	9170
PA14_63120	PA14_63120	0.153	5.07	0.38	1	0.27	0.83	162	158	170	153	141	147	122	148	226	172	117	167
PA14_64320	PA14_64320	-0.361	3.713	0.38	1	0.12	0.66	35	49	70	67	80	52	25	46	91	76	67	60
PA14_65080	ygiR	-0.114	6.649	0.38	1	0.39	0.91	479	443	428	542	473	443	362	415	569	611	393	503
PA14_67040	PA14_67040	-0.164	4.307	0.38	1	0.42	0.93	107	73	79	109	81	97	82	68	106	123	67	110
PA14_70980	betT1	-0.246	3.369	0.38	1	0.2	0.77	34	43	50	50	48	55	25	40	66	56	40	62
EBG00001225160	tRNA	0.485	1.172	0.39	1	0.31	0.86	9	5	16	8	8	6	7	5	20	9	7	7
PA14_00320	PA14_00320	-0.162	4.489	0.39	1	0.35	0.88	96	111	88	105	100	122	72	104	118	119	83	138
PA14_04870	PA14_04870	0.154	5.007	0.39	1	0.27	0.83	153	154	161	152	134	135	115	144	214	171	111	153
PA14_06060	creB	0.222	3.302	0.39	1	0.35	0.89	39	53	51	42	48	35	29	50	67	47	40	40
PA14_07110	PA14_07110	0.078	9.422	0.39	1	0.58	0.97	2864	3504	3525	3302	3284	2787	2161	3287	4680	3726	2728	3163
PA14_08520	PA14_08520	-0.119	6.928	0.39	1	0.36	0.89	559	517	560	651	557	569	422	485	744	734	462	646
PA14_15740	purL	0.119	8.245	0.39	1	0.34	0.88	1503	1449	1480	1456	1298	1326	1135	1359	1966	1643	1078	1505
PA14_17270	accA	0.101	8.904	0.39	1	0.53	0.96	1932	2179	2848	2147	2390	1955	1457	2044	3779	2423	1986	2219
PA14_19810	PA14_19810	0.267	2.898	0.39	1	0.27	0.83	31	44	33	28	29	32	23	41	44	32	24	36
PA14_22310	PA14_22310	-0.19	5.006	0.39	1	0.31	0.86	159	102	154	175	132	166	121	95	204	197	109	188
PA14_23170	hutG	-0.604	0.921	0.39	1	0.21	0.77	3	4	8	9	10	6	2	4	10	10	8	7
PA14_24400	PA14_24400	0.177	4.337	0.39	1	0.36	0.89	104	83	107	108	84	68	79	78	141	121	70	78
PA14_24420	PA14_24420	0.142	4.868	0.39	1	0.38	0.91	140	135	147	132	146	107	106	127	195	149	122	122
PA14_24570	PA14_24570	-0.225	3.195	0.39	1	0.38	0.91	49	37	29	38	49	47	38	35	40	43	41	53
PA14_26770	PA14_26770	0.113	5.275	0.39	1	0.5	0.96	167	178	214	177	190	153	125	167	283	200	158	174
PA14_28950	PA14_28950	0.221	3.723	0.39	1	0.25	0.81	73	68	54	59	60	48	56	64	73	66	50	55
PA14_29530	hplV	1.086	0.794	0.39	1	0.077	0.55	17	5	3	3	5	4	14	5	5	3	4	5
PA14_29850	nuoN	0.154	6.256	0.39	1	0.22	0.79	410	376	341	355	316	339	310	353	454	400	262	385
PA14_30280	trxB1	-0.114	6.531	0.39	1	0.38	0.91	451	397	398	481	440	425	341	372	529	543	365	482
PA14_30320	ycaJ	0.107	8.193	0.39	1	0.4	0.91	1331	1500	1426	1345	1301	1308	1004	1407	1894	1518	1081	1484
PA14_31300	PA14_31300	-0.123	5.746	0.39	1	0.38	0.91	240	244	232	257	227	294	181	229	309	290	188	333
PA14_32490	PA14_32490	-0.209	5.161	0.39	1	0.2	0.77	150	123	187	186	195	153	113	115	246	210	162	174
PA14_33260	pvdS	-0.131	7.275	0.39	1	0.34	0.88	753	577	743	727	789	754	569	541	986	821	656	856
PA14_35320	kguD	0.572	0.854	0.39	1	0.36	0.9	6	9	10	6	8	2	4	8	13	7	7	3
PA14_37090	gbsA	-0.253	3.07	0.39	1	0.28	0.84	34	41	28	40	49	35	26	39	38	45	41	40
PA14_38680	PA14_38680	0.14	5.102	0.39	1	0.38	0.91	162	161	177	171	159	126	122	151	235	192	132	144
PA14_38910	exaD	0.594	0.954	0.39	1	0.24	0.8	9	11	6	10	4	2	7	10	8	11	3	3
PA14_39470	PA14_39470	-0.101	8.884	0.39	1	0.44	0.94	2053	2310	2040	2268	2180	2415	1549	2167	2709	2559	1811	2740
PA14_40120	polB	0.127	6.411	0.39	1	0.31	0.86	407	429	407	408	382	349	307	402	541	460	317	396
PA14_42120	PA14_42120	-0.245	3.191	0.39	1	0.23	0.8	36	39	36	40	45	48	27	37	48	45	37	54
PA14_42300	pscG	0.253	3.003	0.39	1	0.3	0.85	42	30	44	34	33	32	32	28	58	38	27	36
PA14_44760	PA14_44760	0.168	4.894	0.39	1	0.22	0.79	150	153	135	128	125	135	113	144	180	144	104	153
PA14_46230	aphA	-0.326	2.334	0.39	1	0.4	0.91	28	16	15	18	23	32	22	15	21	21	19	36
PA14_47540	ompP1	0.124	8.164	0.39	1	0.33	0.87	1494	1293	1411	1281	1217	1352	1128	1213	1873	1445	1011	1534
PA14_47790	cobO	0.169	5.435	0.39	1	0.22	0.79	217	236	185	202	171	191	164	222	247	228	142	217
PA14_49080	lcaD	0.302	2.515	0.39	1	0.26	0.82	28	32	24	17	25	26	21	30	32	19	21	29
PA14_49100	yfcG	0.578	0.948	0.39	1	0.23	0.8	9	5	10	3	5	9	7	5	13	3	4	10
PA14_49180	phoP	-0.116	7.346	0.39	1	0.35	0.88	699	786	705	778	786	807	527	737	936	878	653	916
PA14_49400	PA14_49400	0.151	5.522	0.39	1	0.41	0.92	177	218	277	232	206	170	132	204	366	261	171	193
PA14_49470	nrdB	0.121	8.158	0.39	1	0.35	0.89	1449	1351	1378	1175	1232	1433	1094	1267	1830	1326	1023	1625
PA14_54010	PA14_54010	-0.145	5.296	0.39	1	0.3	0.84	171	189	161	190	204	181	129	177	214	214	170	206
PA14_54120	PA14_54120	0.39	1.775	0.39	1	0.29	0.84	21	12	17	17	13	8	16	11	23	19	11	9
PA14_55040	PA14_55040	0.311	2.688	0.39	1	0.22	0.79	36	30	28	35	17	22	28	28	37	39	14	25
PA14_55080	PA14_55080	-0.091	8.634	0.39	1	0.5	0.96	1908	1753	1743	1851	1746	2155	1441	1644	2315	2089	1450	2445
PA14_55260	PA14_55260	0.566	0.948	0.39	1	0.2	0.77	8	14	5	4	6	7	6	13	7	5	5	8
PA14_55490	hxcT	-0.47	1.375	0.39	1	0.26	0.82	8	11	7	11	15	10	6	10	10	12	13	12
PA14_57040	PA14_57040	-0.406	4.967	0.39	1	0.11	0.64	118	118	134	113	123	256	89	111	177	128	101	288
PA14_57870	PA14_57870	-0.121	5.735	0.39	1	0.38	0.91	252	240	220	250	242	280	191	225	293	282	201	317
PA14_61290	PA14_61290	-0.119	5.294	0.39	1	0.48	0.96	185	177	161	191	156	217	140	166	214	215	129	246
PA14_61500	PA14_61500	-0.119	5.722	0.39	1	0.43	0.93	235	267	203	238	248	277	177	251	271	269	206	314
PA14_64750	benK	0.287	2.668	0.39	1	0.23	0.79	31	31	31	28	24	23	23	29	41	32	20	26
PA14_65180	rpsF	0.137	7.871	0.39	1	0.32	0.87	1269	1037	1137	1073	928	1128	959	972	1510	1211	770	1279
PA14_66880	phaI	0.103	7.126	0.39	1	0.43	0.93	661	618	746	631	609	646	499	579	989	712	506	733
PA14_67560	typA	-0.11	6.641	0.39	1	0.39	0.91	449	459	435	497	440	511	339	431	578	561	365	579
PA14_67620	PA14_67620	0.48	1.938	0.39	1	0.36	0.89	14	16	24	11	24	4	10	15	31	12	21	5
PA14_69020	PA14_69020	0.09	6.562	0.39	1	0.54	0.96	386	440	535	440	429	414	290	413	708	496	356	470
PA14_69810	glnK	-0.089	11.316	0.39	1	0.51	0.96	12041	11420	11267	11554	11343	14045	9090	10711	14962	13038	9422	15935
PA14_70490	PA14_70490	0.119	6.731	0.39	1	0.34	0.88	483	534	532	469	453	505	364	501	706	529	376	573
PA14_71060	sdaB	0.148	4.571	0.39	1	0.4	0.92	102	118	125	115	113	86	76	111	165	129	94	98
PA14_72170	citM	-0.468	1.414	0.39	1	0.27	0.82	9	8	9	16	10	10	7	7	12	18	8	11
PA14_00420	PA14_00420	0.64	0.549	0.4	1	0.3	0.85	7	5	8	3	6	4	5	5	10	3	5	5
PA14_02720	PA14_02720	-0.385	1.784	0.4	1	0.3	0.85	10	16	12	16	13	20	7	15	16	18	11	22
PA14_04240	PA14_04240	0.521	1.676	0.4	1	0.16	0.72	23	16	9	11	6	15	18	15	13	12	5	17
PA14_04570	PA14_04570	-0.304	2.596	0.4	1	0.2	0.77	17	23	28	26	31	28	12	22	36	30	26	32
PA14_07090	metK	0.128	8.28	0.4	1	0.31	0.86	1567	1536	1456	1491	1297	1382	1183	1441	1934	1682	1077	1568
PA14_07200	PA14_07200	0.143	6.672	0.4	1	0.25	0.81	544	485	472	474	419	462	411	455	627	535	348	524
PA14_07690	glpE	0.246	3.095	0.4	1	0.25	0.81	46	37	42	39	32	34	35	35	56	44	26	39
PA14_07820	PA14_07820	0.103	6.546	0.4	1	0.44	0.94	405	452	494	453	407	400	305	424	655	511	338	454
PA14_08690	PA14_08690	-0.372	8.216	0.4	1	0.08	0.55	826	1134	1676	1601	1804	1297	621	1063	2221	1807	1500	1473
PA14_09115	rpoA	0.139	10.067	0.4	1	0.32	0.87	5711	5187	4900	4457	4391	5494	4312	4865	6508	5030	3647	6233
PA14_11250	PA14_11250	0.126	6.175	0.4	1	0.3	0.85	355	349	352	323	323	322	268	327	467	364	268	365
PA14_11450	nusB	0.146	5.247	0.4	1	0.27	0.83	184	187	182	156	166	177	139	175	242	176	138	201
PA14_13870	PA14_13870	0.345	2.132	0.4	1	0.3	0.85	18	19	23	17	18	13	13	18	30	19	15	15
PA14_14300	PA14_14300	-0.376	1.952	0.4	1	0.27	0.83	16	9	18	14	18	23	12	8	23	16	15	26
PA14_15700	PA14_15700	-0.186	4.393	0.4	1	0.24	0.8	80	98	93	90	113	108	60	92	123	102	94	122
PA14_17210	lpxA	0.106	8.155	0.4	1	0.42	0.93	1437	1258	1453	1210	1253	1389	1085	1180	1929	1366	1041	1576
PA14_18600	PA14_18600	0.134	4.935	0.4	1	0.41	0.92	129	141	170	140	129	135	97	132	225	158	107	153
PA14_19700	PA14_19700	-0.192	4.327	0.4	1	0.23	0.8	75	93	88	99	111	84	56	87	117	112	93	96
PA14_19910	pdhB	-0.114	5.815	0.4	1	0.5	0.96	282	282	192	290	280	246	214	265	257	327	233	279
PA14_22680	yrbE	-0.116	6.216	0.4	1	0.37	0.9	353	323	320	343	349	385	267	303	425	387	290	437
PA14_24720	PA14_24720	-0.148	4.9	0.4	1	0.31	0.87	137	135	122	138	143	154	104	127	163	156	119	175
PA14_25270	aroP1	-0.113	6.424	0.4	1	0.42	0.93	424	369	361	356	431	460	321	346	480	402	358	522
PA14_25610	maf-1	0.423	1.606	0.4	1	0.32	0.87	12	9	19	10	6	13	9	8	24	11	5	15
PA14_27680	PA14_27680	0.976	0.019	0.4	1	0.34	0.88	0	5	5	1	3	2	0	5	7	1	3	2
PA14_30890	PA14_30890	0.812	0.109	0.4	1	0.29	0.84	3	6	4	5	2	1	2	6	6	5	2	1
PA14_33990	PA14_33990	0.123	7.968	0.4	1	0.34	0.88	1250	1278	1137	1188	1135	1043	944	1199	1511	1340	943	1184
PA14_35020	PA14_35020	1.254	-0.327	0.4	1	0.28	0.83	0	2	6	1	2	1	0	2	8	1	2	1
PA14_36920	PA14_36920	-0.375	3.371	0.4	1	0.18	0.75	33	45	43	69	60	28	24	42	57	77	50	33
PA14_38970	PA14_38970	0.253	3.286	0.4	1	0.23	0.8	59	47	38	33	39	47	45	44	52	38	32	53
PA14_40620	PA14_40620	-0.238	3.193	0.4	1	0.26	0.82	32	47	34	47	43	43	24	44	46	53	36	49
PA14_41090	mltD	0.157	5.565	0.4	1	0.27	0.83	264	202	233	216	182	225	200	189	309	244	151	255
PA14_41950	PA14_41950	-0.223	3.687	0.4	1	0.22	0.79	55	43	62	58	69	61	42	40	81	66	58	69
PA14_44660	lig	0.113	7.961	0.4	1	0.37	0.9	1212	1263	1159	1050	1167	1144	915	1185	1539	1185	970	1298
PA14_45710	PA14_45710	0.141	5.098	0.4	1	0.33	0.87	153	174	173	165	147	142	115	163	229	186	122	161
PA14_46070	gbuA	0.267	2.77	0.4	1	0.29	0.84	33	35	31	19	31	33	25	33	42	22	26	37
PA14_46220	potF	0.232	3.534	0.4	1	0.27	0.82	68	47	55	40	42	60	52	44	73	46	35	68
PA14_49590	PA14_49590	-0.196	4.257	0.4	1	0.22	0.78	76	77	91	98	102	83	57	72	120	110	85	94
PA14_50950	PA14_50950	0.249	5.51	0.4	1	0.38	0.91	136	245	307	210	246	120	100	230	405	237	206	138
PA14_53510	ycbL	0.187	3.989	0.4	1	0.31	0.86	79	66	86	76	61	66	60	62	113	86	50	75
PA14_53570	PA14_53570	-0.177	4.681	0.4	1	0.33	0.87	131	93	110	100	133	143	100	87	146	114	111	162
PA14_53680	PA14_53680	0.238	3.118	0.4	1	0.26	0.82	47	38	42	32	41	36	36	36	56	36	34	41
PA14_53920	PA14_53920	-0.235	3.362	0.4	1	0.22	0.79	40	37	50	49	49	53	30	35	65	55	41	60
PA14_55180	migA	0.129	7.881	0.4	1	0.46	0.95	974	977	1501	1015	1179	966	734	916	1989	1145	980	1096
PA14_55220	PA14_55220	0.26	3.165	0.4	1	0.26	0.82	55	45	33	40	40	30	42	42	45	45	33	34
PA14_57530	sspA	-0.144	5.378	0.4	1	0.31	0.87	193	168	188	182	199	225	146	157	250	206	165	255
PA14_60100	dtd	-0.118	8.444	0.4	1	0.42	0.93	1454	1746	1488	1570	1539	1978	1097	1638	1977	1772	1278	2243
PA14_60260	pilR	-0.099	6.726	0.4	1	0.46	0.95	496	517	419	493	508	530	375	485	558	557	422	601
PA14_61560	PA14_61560	-0.279	2.728	0.4	1	0.31	0.87	34	20	24	25	36	33	26	19	32	29	30	37
PA14_64200	purH	-0.116	6.269	0.4	1	0.47	0.95	400	305	330	391	309	418	303	286	439	441	256	474
PA14_65050	PA14_65050	0.201	3.771	0.4	1	0.25	0.82	69	61	69	57	57	59	52	57	91	64	47	67
PA14_67975	PA14_67975	-0.132	5.766	0.4	1	0.32	0.87	249	227	249	272	245	277	188	213	331	307	203	314
PA14_69840	PA14_69840	0.24	3.28	0.4	1	0.22	0.79	50	52	42	46	34	40	38	49	56	52	28	45
PA14_71510	soxG	-0.446	1.497	0.4	1	0.3	0.85	10	10	7	18	12	7	8	9	10	20	10	8
PA14_00290	aroE	-0.197	3.748	0.41	1	0.29	0.84	58	60	52	71	68	55	44	56	70	80	57	63
PA14_01680	PA14_01680	-0.539	1.032	0.41	1	0.32	0.87	8	7	3	6	12	9	6	7	5	7	10	10
PA14_02380	PA14_02380	-0.3	2.324	0.41	1	0.38	0.91	27	16	16	25	20	27	21	15	22	28	16	30
PA14_03650	cysA	-0.097	7.914	0.41	1	0.44	0.94	1088	1134	1048	1172	1102	1223	821	1064	1392	1322	915	1387
PA14_03855	PA14_03855	-0.18	4.141	0.41	1	0.31	0.86	79	65	83	96	77	85	60	61	110	108	64	96
PA14_04020	PA14_04020	-0.214	3.991	0.41	1	0.27	0.83	71	51	78	62	86	86	54	48	103	71	72	97
PA14_05990	emrA	-0.133	4.792	0.41	1	0.44	0.94	134	130	103	144	128	128	102	122	138	162	106	145
PA14_08350	trpD	0.126	8.424	0.41	1	0.33	0.87	1792	1677	1562	1426	1520	1663	1353	1573	2075	1609	1263	1886
PA14_11790	PA14_11790	-0.234	4.312	0.41	1	0.23	0.79	82	59	108	92	96	107	62	55	142	104	80	121
PA14_12650	PA14_12650	0.401	1.677	0.41	1	0.33	0.87	15	16	13	7	15	11	11	15	18	8	13	13
PA14_13780	narG	-0.288	2.593	0.41	1	0.26	0.82	24	20	27	25	29	34	18	19	35	28	24	38
PA14_15430	tnpR	0.134	4.89	0.41	1	0.39	0.91	123	151	155	134	135	125	92	142	205	151	112	142
PA14_15520	trbJ	-0.183	4.298	0.41	1	0.24	0.8	76	80	95	102	91	94	57	75	125	115	75	107
PA14_21810	PA14_21810	-0.507	2.658	0.41	1	0.13	0.68	9	24	33	41	34	21	6	23	42	46	28	24
PA14_23260	gyrA	0.075	9.922	0.41	1	0.6	0.97	4368	4107	5505	4313	4504	4454	3297	3852	7308	4867	3742	5054
PA14_25090	foaB	0.119	7.521	0.41	1	0.34	0.88	914	865	903	839	765	863	690	811	1199	947	635	979
PA14_25540	ptpA	-0.136	4.608	0.41	1	0.45	0.95	113	121	86	117	111	122	86	114	116	132	92	138
PA14_25630	rpmF	0.123	6.542	0.41	1	0.32	0.87	445	479	437	442	414	393	336	449	581	499	344	446
PA14_26050	PA14_26050	-0.182	4.083	0.41	1	0.29	0.84	77	65	77	85	76	86	58	61	102	96	63	98
PA14_29220	opdB	-0.253	3.045	0.41	1	0.26	0.82	25	39	36	44	40	37	18	37	47	49	33	42
PA14_29720	PA14_29720	0.142	5.569	0.41	1	0.29	0.84	237	218	241	224	183	223	179	204	320	252	151	253
PA14_32360	PA14_32360	-0.145	4.491	0.41	1	0.43	0.93	101	114	82	104	101	120	76	107	110	117	84	136
PA14_35770	PA14_35770	-0.132	9.566	0.41	1	0.33	0.87	2903	3573	3678	3906	3685	3542	2190	3351	4883	4407	3061	4019
PA14_38500	PA14_38500	0.234	4.079	0.41	1	0.22	0.79	99	94	61	64	71	79	76	88	83	73	59	89
PA14_38590	bdhA	0.217	3.502	0.41	1	0.25	0.81	59	59	48	45	51	45	45	55	64	51	43	51
PA14_41300	PA14_41300	-0.221	4.512	0.41	1	0.21	0.77	77	90	123	102	113	125	57	84	161	115	94	142
PA14_41563	cobA	0.258	2.846	0.41	1	0.26	0.82	33	34	35	28	27	31	25	32	47	32	22	35
PA14_43430	PA14_43430	-0.167	4.518	0.41	1	0.26	0.82	98	97	103	105	108	122	74	91	137	119	90	138
PA14_48700	kefB	-0.121	5.427	0.41	1	0.4	0.91	197	199	178	219	188	214	149	187	237	247	156	243
PA14_49440	PA14_49440	0.171	4.503	0.41	1	0.32	0.87	114	126	94	85	111	100	86	118	126	96	93	113
PA14_50660	PA14_50660	0.131	6.063	0.41	1	0.3	0.84	328	338	310	278	303	309	248	317	412	314	252	351
PA14_51510	PA14_51510	-0.134	7.227	0.41	1	0.31	0.86	634	622	744	682	707	808	478	583	987	770	587	916
PA14_52090	PA14_52090	0.146	5.3	0.41	1	0.28	0.83	196	200	182	162	179	181	148	188	242	183	149	205
PA14_52920	PA14_52920	0.276	3.414	0.41	1	0.22	0.79	63	48	46	37	33	58	48	45	62	42	27	65
PA14_53780	PA14_53780	-0.199	3.857	0.41	1	0.27	0.83	55	65	62	76	69	64	41	61	82	86	57	73
PA14_54600	PA14_54600	-0.211	4.007	0.41	1	0.25	0.81	55	61	86	83	71	82	41	57	112	93	59	93
PA14_55280	PA14_55280	-0.317	2.386	0.41	1	0.22	0.79	17	18	22	23	30	21	13	17	29	26	25	24
PA14_55850	PA14_55850	0.226	5.971	0.41	1	0.19	0.75	302	389	254	319	257	231	228	365	339	359	213	263
PA14_55860	PA14_55860	0.173	6.993	0.41	1	0.24	0.81	640	741	514	591	536	552	483	695	685	667	445	626
PA14_56550	PA14_56550	-0.156	4.875	0.41	1	0.32	0.87	129	143	115	128	165	136	97	134	153	145	138	155
PA14_59610	PA14_59610	-0.122	7.351	0.41	1	0.38	0.91	623	841	726	764	774	845	469	789	964	862	643	959
PA14_60470	ispB	0.134	5.007	0.41	1	0.43	0.93	168	124	176	144	147	136	127	116	232	163	122	154
PA14_63240	PA14_63240	-0.377	1.864	0.41	1	0.3	0.84	14	11	14	18	15	18	11	10	18	20	12	20
PA14_64400	PA14_64400	-0.199	3.651	0.41	1	0.33	0.87	55	52	51	66	51	64	42	49	68	74	42	72
PA14_65150	rplI	0.267	6.6	0.41	1	0.13	0.67	602	520	365	473	402	359	456	488	487	533	334	408
PA14_65260	PA14_65260	-0.164	8.524	0.41	1	0.25	0.81	1380	1613	1880	1774	1953	1735	1040	1513	2494	2002	1623	1969
PA14_67470	PA14_67470	0.154	4.908	0.41	1	0.35	0.88	155	133	150	160	123	110	117	125	199	180	102	125
PA14_69925	poxB	0.345	2.415	0.41	1	0.35	0.89	17	22	36	28	16	16	12	21	46	31	13	18
PA14_70710	glcC	-0.132	6.384	0.41	1	0.28	0.83	366	370	379	424	428	372	276	347	503	478	356	422
PA14_70850	pstC	-0.158	4.352	0.41	1	0.37	0.9	97	96	75	97	100	100	74	90	101	110	83	113
PA14_72010	PA14_72010	0.105	6.734	0.41	1	0.41	0.92	484	508	553	462	468	507	365	476	733	522	389	575
PA14_72050	PA14_72050	0.164	4.871	0.41	1	0.24	0.8	156	141	132	138	122	121	118	132	176	155	101	137
PA14_01270	PA14_01270	-0.214	3.382	0.42	1	0.34	0.88	44	38	48	44	43	64	33	36	63	50	35	72
PA14_01620	aptA	-0.203	3.611	0.42	1	0.33	0.87	44	56	52	53	51	72	33	53	69	60	42	81
PA14_04150	ycgM	0.114	7.497	0.42	1	0.35	0.88	881	921	833	798	835	802	665	864	1107	900	694	910
PA14_10920	dad	0.981	-0.014	0.42	1	0.3	0.85	3	3	4	2	1	2	2	3	5	2	1	2
PA14_11720	PA14_11720	0.196	3.62	0.42	1	0.32	0.87	51	60	67	52	44	59	38	56	88	59	36	67
PA14_15670	cumA	-0.117	8.832	0.42	1	0.37	0.9	2101	1891	2147	2043	2319	2297	1586	1773	2850	2306	1927	2606
PA14_19690	PA14_19690	-0.267	2.907	0.42	1	0.34	0.88	23	38	27	43	25	38	17	36	36	48	20	43
PA14_21160	PA14_21160	-0.253	2.867	0.42	1	0.4	0.91	36	27	25	47	30	26	28	25	34	53	25	30
PA14_21510	PA14_21510	0.125	6.318	0.42	1	0.43	0.94	322	444	395	387	387	294	242	417	525	436	322	334
PA14_21560	PA14_21560	0.156	4.74	0.42	1	0.34	0.88	132	134	125	136	121	94	100	126	166	153	101	107
PA14_26280	PA14_26280	0.099	8.141	0.42	1	0.47	0.95	1261	1536	1302	1322	1357	1149	951	1441	1729	1492	1128	1304
PA14_26470	cbiD	0.194	3.787	0.42	1	0.28	0.84	65	71	66	69	54	54	49	67	88	77	45	61
PA14_26620	PA14_26620	-0.108	5.63	0.42	1	0.5	0.96	258	216	190	211	245	257	196	203	254	239	204	291
PA14_28840	PA14_28840	-0.078	10.289	0.42	1	0.57	0.97	5978	5665	5461	5635	5491	6926	4513	5313	7253	6359	4561	7858
PA14_30680	PA14_30680	-0.218	3.627	0.42	1	0.25	0.81	49	47	58	53	72	58	37	44	77	60	60	66
PA14_31170	PA14_31170	0.156	4.225	0.42	1	0.42	0.93	76	98	94	87	89	67	57	92	125	98	74	77
PA14_31580	PA14_31580	-0.39	5.116	0.42	1	0.094	0.59	150	137	131	138	274	136	114	128	175	157	230	155
PA14_34110	PA14_34110	-0.127	5.752	0.42	1	0.39	0.91	256	247	215	262	300	222	194	232	287	296	250	253
PA14_34710	PA14_34710	0.349	1.999	0.42	1	0.24	0.81	19	20	17	11	13	19	14	19	23	13	11	21
PA14_39140	PA14_39140	0.129	5.812	0.42	1	0.44	0.94	244	233	341	280	236	233	183	218	450	315	196	265
PA14_39830	PA14_39830	0.167	4.285	0.42	1	0.29	0.84	98	94	92	79	90	84	74	88	122	89	75	95
PA14_40280	PA14_40280	0.142	5.267	0.42	1	0.33	0.87	170	211	180	186	162	160	128	198	239	210	134	182
PA14_40770	cysI	-0.103	8.106	0.42	1	0.43	0.94	1333	1112	1283	1420	1296	1289	1007	1043	1704	1602	1076	1463
PA14_41330	PA14_41330	-0.187	4.282	0.42	1	0.26	0.82	82	67	97	98	93	92	62	63	128	110	77	105
PA14_41530	nirB	0.237	3.433	0.42	1	0.24	0.8	63	57	40	46	40	48	48	54	55	52	33	54
PA14_41780	PA14_41780	0.162	5.257	0.42	1	0.23	0.8	205	192	168	165	156	181	155	180	224	186	129	205
PA14_41920	aroF-1	-0.155	6.187	0.42	1	0.24	0.8	289	303	369	351	368	355	217	284	489	396	306	403
PA14_42390	exsA	0.093	8.565	0.42	1	0.55	0.96	1522	1755	2209	1546	1768	1831	1147	1646	2931	1745	1469	2077
PA14_42470	pcrV	0.128	5.354	0.42	1	0.38	0.91	204	193	196	163	207	174	154	181	261	184	173	198
PA14_44620	PA14_44620	0.155	6.625	0.42	1	0.36	0.89	369	578	504	488	436	382	277	543	669	550	362	434
PA14_45610	cheZ	-0.085	8.39	0.42	1	0.52	0.96	1580	1598	1393	1519	1590	1738	1193	1499	1851	1714	1321	1972
PA14_46490	fabF2	-0.198	3.625	0.42	1	0.3	0.85	54	50	53	55	57	68	41	47	70	62	47	77
PA14_47550	PA14_47550	0.085	7.473	0.42	1	0.51	0.96	764	872	928	806	818	796	576	818	1231	910	680	903
PA14_49320	PA14_49320	0.084	6.975	0.42	1	0.57	0.97	533	663	616	534	651	527	401	622	818	603	542	598
PA14_50160	fliE	-0.122	5.446	0.42	1	0.39	0.91	206	192	186	203	199	231	156	180	247	229	165	262
PA14_51360	phnA	-0.074	11.01	0.42	1	0.57	0.97	10153	9545	8540	9982	9650	10087	7665	8953	11342	11264	8016	11445
PA14_51990	wrbA	-0.221	3.751	0.42	1	0.23	0.79	47	52	67	59	73	65	35	49	88	67	61	74
PA14_52350	PA14_52350	-0.129	5.11	0.42	1	0.39	0.91	165	158	138	161	166	174	125	148	184	182	138	197
PA14_57570	PA14_57570	-0.127	6.88	0.42	1	0.34	0.88	542	452	583	577	556	590	409	424	773	651	462	669
PA14_61650	pagL	0.123	8.341	0.42	1	0.33	0.87	1624	1618	1505	1500	1370	1488	1226	1518	1999	1693	1138	1688
PA14_62040	PA14_62040	-0.159	6.105	0.42	1	0.27	0.82	262	307	336	289	347	378	197	288	445	327	288	428
PA14_62400	yfdZ	0.146	5.834	0.42	1	0.25	0.81	309	267	262	248	240	266	234	250	349	280	199	302
PA14_63520	PA14_63520	0.292	2.496	0.42	1	0.4	0.91	18	29	32	29	24	13	13	27	42	32	20	15
PA14_66020	PA14_66020	0.167	4.224	0.42	1	0.37	0.9	80	97	95	98	74	71	60	91	126	110	61	81
PA14_67270	proV	-0.154	4.637	0.42	1	0.35	0.89	120	94	113	111	115	138	91	88	150	125	95	156
PA14_68060	PA14_68060	-0.109	6.856	0.42	1	0.38	0.91	527	513	523	558	531	594	398	481	694	630	441	674
PA14_68080	PA14_68080	0.183	5.147	0.42	1	0.26	0.82	209	158	157	178	141	140	159	148	209	200	117	159
PA14_68280	PA14_68280	0.257	3.68	0.42	1	0.21	0.77	71	70	50	50	40	67	54	66	67	57	33	75
PA14_69150	ubiD	0.119	7.284	0.42	1	0.37	0.9	846	655	774	683	672	738	640	614	1027	771	558	837
PA14_70560	PA14_70560	0.104	5.342	0.42	1	0.56	0.97	177	173	233	187	202	157	133	162	308	211	168	179
PA14_71210	PA14_71210	-0.236	2.978	0.42	1	0.39	0.91	44	28	27	38	43	34	34	26	37	43	36	39
PA14_00730	PA14_00730	0.115	5.921	0.43	1	0.39	0.91	266	324	290	263	283	268	200	304	385	297	235	304
PA14_00970	PA14_00970	-0.119	5.983	0.43	1	0.36	0.9	269	309	270	292	306	323	203	290	359	330	254	366
PA14_01910	pcaG	-0.275	2.587	0.43	1	0.31	0.87	17	31	22	32	27	26	12	29	30	36	22	30
PA14_07950	prtN	-0.099	8.232	0.43	1	0.45	0.94	1433	1291	1352	1338	1440	1586	1082	1211	1796	1510	1196	1799
PA14_11490	PA14_11490	0.152	5.408	0.43	1	0.29	0.84	240	193	193	173	181	207	182	181	257	196	150	234
PA14_11520	PA14_11520	0.168	4.511	0.43	1	0.43	0.93	84	129	117	107	113	76	62	121	155	120	94	87
PA14_11900	PA14_11900	-0.142	5.822	0.43	1	0.28	0.83	222	257	267	295	279	252	167	241	354	333	232	286
PA14_13380	PA14_13380	-0.144	4.869	0.43	1	0.43	0.94	153	111	122	172	129	125	117	104	163	193	107	142
PA14_15260	PA14_15260	-0.826	0.012	0.43	1	0.26	0.82	1	2	3	3	5	4	1	2	4	4	4	5
PA14_18370	arnB	0.184	4.82	0.43	1	0.4	0.91	120	111	183	149	120	96	90	104	240	167	100	110
PA14_18670	bfrB	0.066	7.401	0.43	1	0.65	0.98	714	770	938	718	819	780	538	722	1244	811	681	885
PA14_18850	PA14_18850	0.25	3.197	0.43	1	0.27	0.83	58	34	43	41	32	40	45	32	57	46	26	45
PA14_24260	PA14_24260	-0.128	6.317	0.43	1	0.29	0.84	340	349	375	380	384	399	256	327	497	429	319	453
PA14_24630	PA14_24630	-0.184	4.032	0.43	1	0.25	0.81	69	70	71	78	86	76	52	66	94	88	72	86
PA14_25030	PA14_25030	-0.15	4.751	0.43	1	0.35	0.88	127	108	118	112	131	148	96	101	157	127	109	167
PA14_25160	lexA	-0.114	6.231	0.43	1	0.37	0.91	354	310	342	353	348	387	268	291	454	399	289	439
PA14_26480	cobL	-0.228	3.325	0.43	1	0.25	0.81	40	37	46	49	56	42	30	35	61	55	47	48
PA14_28680	rplT	0.096	10.515	0.43	1	0.46	0.95	6590	7428	7229	6311	6342	7230	4974	6967	9599	7122	5268	8203
PA14_28730	PA14_28730	0.12	7.79	0.43	1	0.34	0.88	1165	1016	1053	993	948	1033	880	953	1399	1120	787	1172
PA14_28820	PA14_28820	-0.08	9.536	0.43	1	0.55	0.96	3620	3207	3313	3429	3289	3998	2733	3008	4400	3869	2732	4536
PA14_28960	PA14_28960	-0.151	5.32	0.43	1	0.25	0.82	169	166	188	192	204	187	127	156	249	217	170	212
PA14_31240	PA14_31240	0.14	7.878	0.43	1	0.32	0.87	1326	1054	1084	998	978	1165	1002	988	1440	1126	812	1321
PA14_31630	PA14_31630	-0.34	2.075	0.43	1	0.26	0.82	16	11	21	16	24	22	12	10	27	18	20	25
PA14_33320	PA14_33320	-0.135	5.341	0.43	1	0.5	0.96	229	177	135	181	182	229	175	166	181	204	151	259
PA14_34080	PA14_34080	-0.155	9.264	0.43	1	0.33	0.87	2572	2904	2697	2567	2738	3797	1941	2724	3581	2897	2274	4307
PA14_34130	PA14_34130	0.135	8.25	0.43	1	0.33	0.87	1656	1519	1302	1483	1351	1241	1251	1425	1731	1673	1122	1408
PA14_36880	PA14_36880	-1.065	-0.388	0.43	1	0.27	0.83	2	0	2	5	1	3	2	0	2	5	1	3
PA14_40270	PA14_40270	0.312	2.702	0.43	1	0.35	0.89	22	41	29	20	35	20	16	39	39	23	30	23
PA14_41230	clpX	-0.103	12.668	0.43	1	0.47	0.95	27830	31731	28633	27788	30926	35994	21007	29762	38024	31357	25691	40840
PA14_41270	PA14_41270	-0.173	3.814	0.43	1	0.41	0.92	71	58	53	64	63	75	54	54	71	72	52	85
PA14_42720	masA	-0.148	5.062	0.43	1	0.3	0.85	127	163	149	172	158	158	95	153	198	194	131	179
PA14_43720	PA14_43720	-0.141	4.802	0.43	1	0.34	0.88	119	136	112	141	131	131	90	128	149	159	109	149
PA14_44110	PA14_44110	0.322	2.047	0.43	1	0.32	0.87	21	20	19	11	21	16	16	19	25	13	18	18
PA14_45180	PA14_45180	0.298	2.341	0.43	1	0.27	0.83	23	25	24	24	15	18	17	23	32	27	12	21
PA14_49040	PA14_49040	0.102	5.482	0.43	1	0.5	0.96	183	220	239	184	209	207	137	206	316	208	174	235
PA14_50380	flgJ	0.122	6.978	0.43	1	0.33	0.87	629	634	578	588	559	544	475	595	768	663	464	617
PA14_50820	PA14_50820	-0.116	6.63	0.43	1	0.36	0.89	470	415	448	504	491	448	355	389	595	569	408	509
PA14_55840	PA14_55840	0.238	3.316	0.43	1	0.28	0.83	59	51	38	50	42	32	45	48	52	56	35	37
PA14_56210	PA14_56210	0.211	3.324	0.43	1	0.33	0.87	51	43	50	43	45	37	39	40	66	48	38	42
PA14_60040	PA14_60040	0.137	4.635	0.43	1	0.42	0.93	118	106	132	105	120	101	89	99	175	119	100	115
PA14_60120	dcd2	0.093	8.167	0.43	1	0.49	0.96	1319	1369	1477	1188	1251	1465	995	1284	1961	1341	1039	1662
PA14_60570	PA14_60570	0.139	6.468	0.43	1	0.26	0.82	466	435	400	413	369	396	352	408	532	466	306	449
PA14_60760	PA14_60760	-0.104	5.643	0.43	1	0.49	0.96	242	229	200	269	222	227	183	215	267	303	184	258
PA14_62930	carA	0.074	7.873	0.43	1	0.58	0.97	1076	1049	1247	1079	1138	989	812	984	1655	1217	946	1123
PA14_63410	PA14_63410	0.195	3.718	0.43	1	0.3	0.84	71	63	60	55	61	53	54	59	80	62	51	60
PA14_64740	pchA	0.098	6.115	0.43	1	0.52	0.96	277	380	344	303	340	295	208	357	456	342	283	335
PA14_65270	hflC	-0.074	9.798	0.43	1	0.57	0.97	4277	4130	3776	4154	4007	4664	3229	3874	5015	4687	3328	5291
PA14_67840	PA14_67840	-0.123	5.571	0.43	1	0.37	0.9	211	213	211	230	208	252	159	200	280	259	172	286
PA14_70830	pstA	0.169	5.203	0.43	1	0.28	0.84	183	215	146	150	159	172	138	202	195	170	132	195
PA14_71110	PA14_71110	-1.069	-0.126	0.43	1	0.15	0.71	0	1	2	2	1	5	0	1	3	2	1	6
PA14_71240	PA14_71240	-0.194	3.732	0.43	1	0.35	0.89	51	51	65	75	50	66	38	48	85	84	41	75
PA14_71250	PA14_71250	-0.657	0.437	0.43	1	0.35	0.89	4	3	4	3	5	9	3	3	5	4	4	10
PA14_71930	wbpX	-0.091	7.244	0.43	1	0.48	0.95	711	701	648	758	681	753	537	658	861	855	565	854
PA14_72450	dsbA	-0.12	7.911	0.43	1	0.35	0.89	956	1154	1122	1199	1144	1172	721	1083	1490	1353	950	1330
PA14_72880	fabG	-0.175	3.997	0.43	1	0.33	0.87	69	72	63	78	72	78	52	68	84	88	60	89
EBG00001225087	tRNA	0.138	5.495	0.44	1	0.46	0.95	180	187	289	197	194	207	135	175	380	222	161	235
PA14_01030	PA14_01030	0.145	7.643	0.44	1	0.29	0.84	1097	1006	844	877	833	950	829	944	1122	990	692	1078
PA14_02290	PA14_02290	-0.209	3.177	0.44	1	0.39	0.91	42	38	34	45	37	49	32	36	46	51	30	55
PA14_02930	PA14_02930	-0.434	1.357	0.44	1	0.28	0.83	9	10	7	10	18	9	7	9	10	11	15	10
PA14_03120	PA14_03120	-0.202	3.708	0.44	1	0.29	0.84	56	45	63	70	66	53	42	42	83	79	55	61
PA14_04510	PA14_04510	0.132	5.027	0.44	1	0.35	0.88	155	150	166	149	142	140	117	141	220	168	118	159
PA14_06840	norD	-0.296	2.178	0.44	1	0.43	0.93	15	26	11	18	23	23	11	25	16	21	19	26
PA14_07960	prtR	-0.117	6.093	0.44	1	0.37	0.9	296	304	313	320	305	364	223	285	415	361	253	413
PA14_08490	PA14_08490	-0.119	5.829	0.44	1	0.37	0.91	279	227	255	259	273	292	211	213	338	293	227	331
PA14_08720	rplK	0.109	7.948	0.44	1	0.41	0.92	1287	1062	1250	1182	1033	1119	972	996	1659	1334	858	1270
PA14_09020	rpsE	0.117	8.025	0.44	1	0.39	0.91	1377	1123	1306	1203	1044	1260	1040	1053	1734	1357	867	1429
PA14_09780	PA14_09780	0.296	2.721	0.44	1	0.3	0.85	22	44	29	28	23	26	16	42	39	32	19	30
PA14_10790	ampC	0.238	2.856	0.44	1	0.4	0.91	34	30	37	39	29	19	26	28	49	43	24	22
PA14_11590	PA14_11590	0.263	2.598	0.44	1	0.4	0.91	21	30	33	29	17	24	15	28	43	32	14	27
PA14_14940	ybdL	0.125	4.618	0.44	1	0.5	0.96	104	104	143	114	103	107	78	97	188	129	85	121
PA14_15610	PA14_15610	-0.074	10.003	0.44	1	0.57	0.97	5032	4718	4298	4677	4802	5308	3799	4425	5709	5278	3989	6022
PA14_15630	PA14_15630	-0.152	4.503	0.44	1	0.35	0.88	108	90	99	101	108	120	82	84	132	114	90	136
PA14_15850	PA14_15850	-0.147	5.427	0.44	1	0.28	0.83	167	205	197	189	225	218	125	192	261	214	187	247
PA14_16880	PA14_16880	-0.265	2.597	0.44	1	0.34	0.88	22	25	26	35	22	29	16	23	34	39	18	33
PA14_17140	yaeL	-0.123	8.383	0.44	1	0.33	0.87	1394	1489	1599	1629	1663	1592	1052	1397	2122	1838	1382	1807
PA14_17780	PA14_17780	0.199	3.564	0.44	1	0.28	0.83	63	55	53	53	51	45	48	52	71	60	42	51
PA14_17990	ybaK	0.18	5.015	0.44	1	0.46	0.95	107	141	223	145	154	118	79	132	293	164	128	134
PA14_18510	algE	-0.328	1.958	0.44	1	0.43	0.94	23	13	8	16	21	17	18	12	12	18	18	19
PA14_23240	PA14_23240	0.111	5.147	0.44	1	0.5	0.96	149	176	182	156	175	142	112	165	241	176	146	161
PA14_24310	PA14_24310	0.161	4.036	0.44	1	0.41	0.92	75	80	82	70	82	61	56	75	109	79	69	70
PA14_25140	PA14_25140	0.137	9.788	0.44	1	0.49	0.96	3253	3767	5983	3862	4369	3597	2453	3533	7940	4358	3630	4082
PA14_25320	nqrC	0.122	6.225	0.44	1	0.32	0.87	378	347	367	337	312	353	286	325	487	380	259	400
PA14_26420	PA14_26420	-0.213	3.376	0.44	1	0.3	0.84	38	48	43	55	52	43	28	45	57	62	43	49
PA14_29250	PA14_29250	-0.436	1.326	0.44	1	0.26	0.82	9	5	11	13	14	8	7	5	14	15	12	9
PA14_29480	wzm	0.391	1.534	0.44	1	0.3	0.85	18	11	13	10	10	12	14	10	17	11	8	13
PA14_31510	PA14_31510	0.215	3.063	0.44	1	0.42	0.93	39	41	40	28	45	31	29	38	53	32	38	35
PA14_34270	metN-1	-0.541	0.899	0.44	1	0.28	0.83	4	7	4	5	9	9	3	7	6	6	8	10
PA14_40350	PA14_40350	-0.11	6.003	0.44	1	0.4	0.92	299	301	264	316	315	299	226	282	352	357	262	339
PA14_43710	PA14_43710	-0.158	4.81	0.44	1	0.3	0.85	99	139	127	129	136	146	74	131	169	146	113	165
PA14_43950	sucC	0.12	8.992	0.44	1	0.35	0.88	2664	2396	2390	2292	2140	2424	2012	2247	3174	2586	1777	2750
PA14_44160	PA14_44160	0.125	6.604	0.44	1	0.32	0.87	486	483	452	470	417	415	367	453	601	530	346	471
PA14_48030	PA14_48030	-0.495	1.014	0.44	1	0.25	0.81	7	4	9	11	10	8	5	4	11	12	8	9
PA14_48930	PA14_48930	-0.222	3.076	0.44	1	0.39	0.91	45	28	31	41	40	40	35	26	42	46	33	45
PA14_49650	ylbA	-0.165	4.036	0.44	1	0.38	0.91	79	68	65	72	76	88	60	64	87	82	63	99
PA14_53230	PA14_53230	-0.12	4.783	0.44	1	0.53	0.96	122	146	98	151	122	122	92	137	132	170	101	139
PA14_54610	PA14_54610	-0.337	2.024	0.44	1	0.27	0.83	12	15	16	18	18	19	9	14	21	20	15	22
PA14_55940	PA14_55940	0.109	11.838	0.44	1	0.44	0.94	16396	20718	16283	16477	16246	16786	12376	19433	21624	18593	13496	19046
PA14_56190	PA14_56190	-0.265	6.964	0.44	1	0.13	0.68	423	481	682	676	706	526	318	451	902	762	587	598
PA14_57440	ftsL	-0.144	5.149	0.44	1	0.43	0.94	170	161	139	146	153	219	129	151	186	165	127	247
PA14_59060	PA14_59060	0.683	0.455	0.44	1	0.44	0.94	4	3	8	1	2	6	3	3	10	1	2	7
PA14_64590	PA14_64590	0.156	5.046	0.44	1	0.34	0.88	164	179	143	174	139	122	124	168	191	196	115	139
PA14_67500	gloA3	0.15	4.994	0.44	1	0.3	0.85	147	173	145	137	130	150	111	162	193	155	108	170
PA14_67670	ntrB	-0.162	4.312	0.44	1	0.29	0.84	82	92	85	93	97	100	62	86	113	105	81	113
PA14_68030	PA14_68030	0.24	2.699	0.44	1	0.48	0.96	18	34	38	26	26	26	13	32	49	29	22	29
PA14_68390	PA14_68390	0.131	4.881	0.44	1	0.38	0.91	135	139	149	124	138	127	102	130	198	140	115	144
PA14_72690	PA14_72690	0.405	1.518	0.44	1	0.34	0.88	10	12	16	9	10	11	7	11	21	10	8	12
PA14_72740	dctB	0.131	4.701	0.44	1	0.52	0.96	101	125	149	126	127	91	75	117	196	142	106	104
EBG00001225026	sRNA-Xcc1	-0.183	3.857	0.45	1	0.36	0.89	56	67	61	55	70	84	42	63	81	63	58	95
PA14_01430	PA14_01430	-0.209	3.342	0.45	1	0.29	0.84	34	50	41	52	48	45	25	47	54	58	40	51
PA14_01770	PA14_01770	-0.188	3.641	0.45	1	0.33	0.87	55	53	51	61	59	61	42	50	68	69	49	69
PA14_03590	PA14_03590	0.184	3.639	0.45	1	0.35	0.88	57	66	56	48	60	51	43	62	75	54	50	58
PA14_04980	thiG	0.158	3.88	0.45	1	0.48	0.96	67	58	88	77	59	55	50	54	115	86	49	63
PA14_06040	PA14_06040	-0.086	6.909	0.45	1	0.52	0.96	594	558	483	567	586	579	449	523	643	640	487	657
PA14_06390	PA14_06390	0.162	4.467	0.45	1	0.28	0.83	114	110	101	90	89	108	86	103	134	102	74	122
PA14_06930	PA14_06930	0.251	3.094	0.45	1	0.28	0.83	51	46	29	35	34	34	39	43	40	40	28	39
PA14_07380	PA14_07380	-0.141	4.521	0.45	1	0.39	0.91	104	103	95	118	99	115	79	97	127	133	82	130
PA14_08760	rpoB	0.107	11.642	0.45	1	0.41	0.92	15893	15589	15097	13625	13728	15894	11997	14621	20049	15375	11404	18033
PA14_14800	fdx2	0.097	7.781	0.45	1	0.47	0.95	986	1074	1130	993	887	1104	744	1007	1500	1120	736	1252
PA14_17450	surE	0.11	4.901	0.45	1	0.54	0.96	120	133	172	142	128	128	90	125	227	160	106	145
PA14_18870	PA14_18870	-0.101	6.752	0.45	1	0.42	0.93	482	482	491	531	477	552	364	452	652	599	396	626
PA14_19620	folX	-0.142	4.251	0.45	1	0.47	0.95	96	91	65	86	100	90	73	85	88	97	83	102
PA14_20870	PA14_20870	-0.198	3.504	0.45	1	0.35	0.89	50	51	41	50	62	50	38	48	55	57	52	57
PA14_21450	PA14_21450	0.271	2.434	0.45	1	0.32	0.87	26	26	26	24	19	21	20	24	35	27	16	24
PA14_23010	gltK	-0.198	3.401	0.45	1	0.39	0.91	49	46	39	43	51	58	37	43	52	49	42	65
PA14_28880	PA14_28880	0.143	4.914	0.45	1	0.29	0.84	151	155	135	130	137	130	114	145	180	147	114	148
PA14_29590	PA14_29590	-0.124	7.503	0.45	1	0.35	0.88	719	808	903	883	835	934	542	758	1198	996	693	1060
PA14_29800	PA14_29800	0.117	6.306	0.45	1	0.39	0.91	407	391	356	377	383	304	308	367	473	425	319	345
PA14_30210	clpS	0.094	11.421	0.45	1	0.49	0.96	12772	13314	13692	11403	11677	14202	9641	12488	18182	12868	9700	16113
PA14_30310	lolA	-0.095	6.37	0.45	1	0.49	0.96	392	355	370	417	345	429	296	333	492	470	286	486
PA14_30440	PA14_30440	0.167	3.624	0.45	1	0.49	0.96	58	51	66	61	60	37	44	48	87	68	50	43
PA14_34460	PA14_34460	0.122	5.469	0.45	1	0.35	0.89	212	224	208	194	210	188	160	210	277	219	175	214
PA14_36740	PA14_36740	0.169	3.85	0.45	1	0.37	0.9	67	64	78	64	61	62	50	60	103	72	51	70
PA14_37530	PA14_37530	-0.159	5.601	0.45	1	0.31	0.86	221	180	238	264	257	194	167	169	315	298	214	221
PA14_38790	pqqD	-0.313	2.251	0.45	1	0.33	0.87	17	18	17	20	31	16	13	17	23	23	26	18
PA14_38880	PA14_38880	1.161	-0.296	0.45	1	0.35	0.88	4	2	1	1	1	1	3	2	2	1	1	1
PA14_40310	PA14_40310	-0.234	8.609	0.45	1	0.16	0.72	1346	1594	2100	1922	2214	1791	1014	1495	2785	2169	1840	2033
PA14_40560	PA14_40560	0.132	7.94	0.45	1	0.5	0.96	910	1110	1581	1231	1186	869	685	1041	2095	1389	986	987
PA14_41575	sigX	-0.085	11.347	0.45	1	0.53	0.96	11458	12780	11294	11381	12229	14088	8649	11987	14999	12843	10159	15984
PA14_41800	PA14_41800	0.12	8.186	0.45	1	0.34	0.88	1503	1438	1319	1285	1265	1367	1135	1349	1753	1450	1051	1551
PA14_42990	PA14_42990	-0.101	6.063	0.45	1	0.48	0.96	308	311	283	286	306	374	233	292	376	323	254	424
PA14_43350	kdpD	-0.087	6.081	0.45	1	0.58	0.97	323	331	266	381	296	298	244	311	355	429	245	339
PA14_46430	PA14_46430	-0.146	4.988	0.45	1	0.32	0.87	119	158	141	161	155	148	89	148	187	181	129	168
PA14_48770	PA14_48770	0.192	3.416	0.45	1	0.38	0.91	43	54	54	42	49	44	32	51	72	47	41	50
PA14_52210	cysM	0.07	6.936	0.45	1	0.65	0.98	508	559	686	511	622	541	382	524	909	577	517	614
PA14_52760	aotO	0.115	7.276	0.45	1	0.39	0.91	743	821	698	776	693	619	561	770	928	875	576	703
PA14_54420	mucA	0.089	9.123	0.45	1	0.5	0.96	2535	2904	2633	2662	2632	2295	1913	2724	3497	3004	2187	2604
PA14_55200	PA14_55200	-0.115	5.869	0.45	1	0.39	0.91	271	268	243	291	301	255	205	251	324	328	250	290
PA14_57250	PA14_57250	-0.145	6.108	0.45	1	0.27	0.83	262	318	334	325	360	330	197	298	442	367	299	374
PA14_57690	PA14_57690	0.106	6.123	0.45	1	0.43	0.94	337	302	370	342	291	305	254	283	490	385	241	346
PA14_58880	PA14_58880	-0.123	5.12	0.45	1	0.42	0.93	168	149	145	157	160	184	127	140	193	177	133	208
PA14_60030	PA14_60030	-0.106	12.344	0.45	1	0.41	0.92	21838	24414	24159	23793	25283	26705	16484	22899	32081	26848	21003	30300
PA14_60750	pra	-0.113	6.141	0.45	1	0.37	0.9	308	338	302	341	343	340	232	317	402	385	285	386
PA14_63480	PA14_63480	0.27	2.482	0.45	1	0.35	0.88	28	31	22	25	27	15	21	29	30	28	23	17
PA14_63570	fdnI	-0.255	2.999	0.45	1	0.42	0.93	31	40	27	33	29	53	23	38	36	37	24	60
PA14_65750	ompH	0.115	5.613	0.45	1	0.4	0.91	240	212	256	231	207	215	181	199	339	261	172	244
PA14_65840	PA14_65840	0.19	6.311	0.45	1	0.32	0.87	304	496	381	402	371	263	228	466	506	453	309	299
PA14_67340	codB	0.236	3.38	0.45	1	0.38	0.91	36	67	48	46	46	37	26	63	64	52	38	42
PA14_67460	PA14_67460	-0.118	5.86	0.45	1	0.36	0.89	246	274	256	284	266	291	185	257	340	320	221	330
PA14_68670	PA14_68670	0.126	5.573	0.45	1	0.33	0.87	231	243	221	220	214	202	174	228	294	248	178	229
PA14_69870	pchP	0.161	4.146	0.45	1	0.36	0.89	96	77	86	69	85	78	73	72	114	78	71	88
PA14_71200	PA14_71200	-0.742	0.303	0.45	1	0.39	0.91	4	1	3	6	1	5	3	1	4	7	1	6
PA14_71760	PA14_71760	0.164	4.084	0.45	1	0.33	0.87	85	71	89	75	70	73	64	66	118	85	58	83
EBG00001225053	P27	-0.106	5.772	0.46	1	0.52	0.96	254	244	235	266	208	313	192	229	313	300	172	354
EBG00001225062	tRNA	0.779	0.073	0.46	1	0.37	0.9	6	2	4	3	5	0	5	2	5	3	4	0
PA14_01170	PA14_01170	-0.244	2.811	0.46	1	0.33	0.87	30	23	31	41	31	27	23	21	41	46	26	31
PA14_01440	PA14_01440	-0.161	3.914	0.46	1	0.44	0.94	72	55	67	71	60	85	55	51	89	80	49	96
PA14_02360	atsR	0.192	3.941	0.46	1	0.31	0.86	78	75	71	64	48	83	59	70	95	72	39	93
PA14_02460	PA14_02460	-0.176	3.821	0.46	1	0.36	0.89	66	50	65	71	62	71	50	47	86	80	51	81
PA14_04760	coaD	-0.17	4.157	0.46	1	0.34	0.88	77	61	91	85	76	96	58	57	119	96	63	109
PA14_05300	PA14_05300	-0.179	3.787	0.46	1	0.32	0.87	56	60	59	56	65	76	42	56	78	64	54	86
PA14_05640	bfrG	-0.372	1.617	0.46	1	0.27	0.83	10	10	14	11	18	15	7	9	18	13	15	17
PA14_08400	PA14_08400	0.072	6.655	0.46	1	0.61	0.97	430	471	542	421	482	473	324	442	718	475	401	537
PA14_08610	PA14_08610	-0.919	-0.138	0.46	1	0.31	0.86	1	0	3	3	4	4	1	0	4	3	3	4
PA14_11280	PA14_11280	-0.173	3.803	0.46	1	0.47	0.95	73	48	59	63	56	82	56	45	78	71	46	93
PA14_11290	PA14_11290	0.154	4.402	0.46	1	0.33	0.87	112	93	101	90	95	89	85	87	134	102	79	101
PA14_12350	orf2	-0.142	5.76	0.46	1	0.29	0.84	241	208	268	247	281	266	182	195	355	279	234	302
PA14_12360	PA14_12360	0.116	4.769	0.46	1	0.5	0.96	122	115	151	111	127	123	92	108	199	125	106	140
PA14_14890	hisS	0.097	8.787	0.46	1	0.44	0.94	2125	2101	2186	2042	1901	2054	1604	1971	2903	2304	1579	2330
PA14_16210	PA14_16210	0.183	3.349	0.46	1	0.44	0.94	45	44	57	47	47	37	34	41	75	53	39	42
PA14_17640	potA	0.931	0.46	0.46	1	0.21	0.77	2	12	4	4	2	3	1	11	5	4	2	3
PA14_22880	PA14_22880	-0.23	2.651	0.46	1	0.47	0.95	28	30	21	37	21	32	21	28	28	41	17	36
PA14_23610	PA14_23610	-0.154	4.103	0.46	1	0.42	0.93	75	84	66	96	85	68	57	79	88	108	71	78
PA14_29420	ysgA	0.135	4.631	0.46	1	0.51	0.96	97	118	143	129	113	86	72	111	188	145	94	98
PA14_30030	PA14_30030	1.152	-0.535	0.46	1	0.35	0.88	1	1	4	0	2	1	1	1	5	0	2	1
PA14_31390	PA14_31390	-0.111	6.534	0.46	1	0.36	0.89	419	406	422	469	448	430	316	381	560	529	372	488
PA14_32240	catA	-0.435	1.258	0.46	1	0.35	0.88	10	6	7	12	12	8	8	6	9	13	10	9
PA14_35600	pslL	-0.224	2.895	0.46	1	0.38	0.91	29	33	30	41	26	40	22	31	40	46	21	45
PA14_43650	PA14_43650	-0.117	5.576	0.46	1	0.4	0.91	234	201	204	231	242	217	177	188	271	261	201	247
PA14_45020	glxR	-0.119	5.384	0.46	1	0.42	0.93	188	183	185	180	187	236	142	172	246	204	155	267
PA14_46570	PA14_46570	-0.117	5.667	0.46	1	0.46	0.95	260	187	233	221	242	273	197	175	309	250	201	309
PA14_46890	PA14_46890	-0.12	5.55	0.46	1	0.38	0.91	205	205	214	245	205	227	155	192	284	276	170	258
PA14_49230	napD	-0.17	3.823	0.46	1	0.37	0.9	60	65	58	73	59	71	45	61	77	82	49	81
PA14_50290	fliC	0.094	10.62	0.46	1	0.44	0.94	7558	7794	7490	7286	7116	6992	5705	7310	9946	8221	5911	7933
PA14_51390	pqsD	-0.082	10.439	0.46	1	0.51	0.96	6433	6552	5968	6586	6683	6786	4856	6145	7926	7432	5552	7700
PA14_52270	ldhA	0.147	4.631	0.46	1	0.33	0.87	124	119	115	119	108	96	94	112	153	134	90	109
PA14_53530	PA14_53530	-0.117	5.878	0.46	1	0.42	0.93	288	233	267	247	291	315	218	218	354	279	242	357
PA14_53870	PA14_53870	0.298	2.226	0.46	1	0.29	0.84	22	19	23	19	12	21	17	18	31	21	10	24
PA14_55810	PA14_55810	0.11	8.483	0.46	1	0.39	0.91	1776	1784	1654	1504	1576	1752	1341	1673	2197	1697	1309	1987
PA14_60450	rpmA	-0.118	8.102	0.46	1	0.37	0.9	1078	1319	1296	1353	1330	1327	813	1237	1721	1527	1105	1506
PA14_62290	phuU	-0.09	6.155	0.46	1	0.54	0.96	342	348	276	368	348	311	259	327	368	415	289	353
PA14_62390	PA14_62390	0.059	9.972	0.46	1	0.66	0.98	4492	4597	5311	4839	4857	4127	3390	4312	7051	5460	4035	4683
PA14_63740	PA14_63740	-0.402	1.429	0.46	1	0.32	0.87	9	10	9	14	13	10	7	9	12	16	11	11
PA14_68640	PA14_68640	-0.18	3.582	0.46	1	0.41	0.92	52	53	49	69	48	56	39	50	65	77	39	64
PA14_69270	PA14_69270	-0.318	2.011	0.46	1	0.3	0.84	14	13	19	19	17	21	10	12	25	22	14	24
PA14_72960	kgtP	-0.352	1.731	0.46	1	0.46	0.95	18	10	8	13	13	17	14	9	11	15	11	19
PA14_73030	PA14_73030	0.135	5.165	0.46	1	0.41	0.92	151	213	157	158	160	157	113	200	210	178	133	178
PA14_00120	PA14_00120	0.076	6.425	0.47	1	0.6	0.97	347	433	451	365	407	400	261	406	598	412	338	454
PA14_01480	PA14_01480	0.185	3.607	0.47	1	0.35	0.89	67	61	51	44	62	51	51	57	69	50	52	58
PA14_02110	PA14_02110	0.192	3.411	0.47	1	0.33	0.87	57	45	54	50	42	43	43	42	71	56	35	49
PA14_02810	pcaT	-0.227	3.069	0.47	1	0.28	0.83	30	32	40	45	40	35	22	30	52	51	33	40
PA14_03200	PA14_03200	-0.106	5.759	0.47	1	0.44	0.94	244	253	230	238	251	291	184	237	306	269	208	330
PA14_03960	spuH	-0.076	6.923	0.47	1	0.58	0.97	616	541	500	554	565	624	466	507	665	625	469	708
PA14_06330	PA14_06330	0.094	5.568	0.47	1	0.53	0.96	211	232	237	190	247	203	159	218	314	215	206	231
PA14_08950	rplN	0.109	7.862	0.47	1	0.39	0.91	1164	1130	1095	1007	997	1136	879	1060	1454	1136	828	1289
PA14_09370	PA14_09370	0.095	9.071	0.47	1	0.49	0.96	2561	2814	2429	2644	2561	2100	1933	2640	3226	2983	2128	2384
PA14_12710	PA14_12710	-0.236	2.872	0.47	1	0.42	0.93	40	21	27	26	36	41	31	20	36	30	30	46
PA14_13230	moaC	0.138	4.462	0.47	1	0.43	0.93	112	95	110	101	108	81	85	89	146	114	90	92
PA14_13450	fecR	0.229	5.175	0.47	1	0.27	0.82	217	170	156	197	162	104	165	159	209	221	135	119
PA14_13770	narK2	0.569	0.515	0.47	1	0.38	0.91	8	5	6	2	5	6	6	5	8	2	4	7
PA14_14880	gcpE	0.11	8.606	0.47	1	0.4	0.92	2027	1763	1892	1743	1622	1900	1531	1653	2513	1967	1347	2155
PA14_15110	PA14_15110	0.095	5.781	0.47	1	0.59	0.97	218	268	304	271	269	202	163	251	402	305	224	230
PA14_16660	cadA	-0.098	8.106	0.47	1	0.43	0.93	1203	1302	1231	1364	1336	1298	908	1221	1635	1539	1110	1473
PA14_16950	dapD	0.137	5.01	0.47	1	0.34	0.88	165	146	159	139	128	159	125	137	211	157	106	180
PA14_18140	mmsB	-0.27	2.472	0.47	1	0.29	0.84	21	20	22	22	30	26	16	19	29	25	25	29
PA14_18330	arnT	0.165	4.099	0.47	1	0.49	0.96	77	85	85	59	103	60	58	80	113	67	87	69
PA14_19090	dcd	-0.244	5.678	0.47	1	0.16	0.72	182	185	285	238	293	243	136	173	375	269	244	276
PA14_19450	PA14_19450	0.154	3.684	0.47	1	0.53	0.96	48	65	71	53	62	52	35	61	93	60	52	59
PA14_19920	PA14_19920	-0.12	5.046	0.47	1	0.44	0.94	148	164	130	150	167	161	112	154	173	170	139	183
PA14_34250	PA14_34250	0.347	1.872	0.47	1	0.34	0.88	18	15	18	23	10	8	14	14	24	25	8	9
PA14_34800	PA14_34800	0.103	6.512	0.47	1	0.44	0.94	457	393	474	455	381	396	345	368	628	513	316	449
PA14_35200	PA14_35200	-0.265	2.448	0.47	1	0.39	0.91	20	21	21	36	20	19	15	20	28	40	16	22
PA14_37730	PA14_37730	-0.17	4.128	0.47	1	0.32	0.87	64	86	74	90	92	72	48	81	98	101	77	82
PA14_38260	PA14_38260	-0.142	4.4	0.47	1	0.43	0.93	91	102	84	116	100	90	69	96	112	130	83	102
PA14_39020	PA14_39020	0.255	2.566	0.47	1	0.38	0.91	36	20	29	28	26	17	28	19	38	31	22	20
PA14_40730	PA14_40730	0.167	4.158	0.47	1	0.29	0.84	96	88	77	73	78	79	73	83	103	83	65	90
PA14_40820	PA14_40820	-0.317	2.141	0.47	1	0.25	0.82	9	19	19	19	23	18	6	18	25	22	19	21
PA14_41350	folD	-0.122	5.375	0.47	1	0.43	0.93	177	202	175	229	208	166	133	190	233	258	173	189
PA14_42680	PA14_42680	0.133	5.349	0.47	1	0.31	0.86	202	206	186	179	174	187	153	193	247	202	144	212
PA14_45310	ccmF	-0.112	5.88	0.47	1	0.39	0.91	264	267	258	261	284	306	199	250	343	295	236	347
PA14_45350	ccmC	-0.106	6.729	0.47	1	0.39	0.91	476	460	494	510	494	534	359	431	656	576	410	606
PA14_46300	PA14_46300	0.231	2.819	0.47	1	0.38	0.91	39	24	37	34	27	24	30	22	49	38	22	28
PA14_47080	PA14_47080	0.199	3.73	0.47	1	0.29	0.84	66	76	53	60	46	61	50	71	72	68	38	69
PA14_47160	cyoD	-0.293	2.276	0.47	1	0.28	0.83	14	18	22	18	22	28	10	17	29	21	18	31
PA14_47610	PA14_47610	-0.089	5.978	0.47	1	0.54	0.96	293	319	244	307	293	308	221	299	326	346	243	349
PA14_47860	PA14_47860	-0.347	1.755	0.47	1	0.35	0.88	11	16	10	16	19	11	8	15	13	18	16	13
PA14_48710	PA14_48710	0.231	3.012	0.47	1	0.25	0.81	47	40	32	36	31	33	36	38	43	40	26	37
PA14_49860	PA14_49860	0.116	6.665	0.47	1	0.36	0.89	482	550	446	453	454	456	364	516	593	511	377	517
PA14_51540	PA14_51540	-0.137	5.703	0.47	1	0.28	0.83	220	223	248	240	276	247	166	209	328	271	230	280
PA14_52810	dctM	0.157	3.777	0.47	1	0.46	0.95	63	66	67	49	73	55	47	62	89	56	61	63
PA14_54300	recO	0.16	3.695	0.47	1	0.47	0.95	51	63	71	63	58	46	38	59	93	71	48	53
PA14_54450	nadB	0.082	8.03	0.47	1	0.52	0.96	1227	1234	1311	1243	1210	1112	926	1157	1741	1402	1005	1262
PA14_54510	PA14_54510	-0.201	3.295	0.47	1	0.32	0.87	39	45	41	51	50	42	29	42	54	57	42	48
PA14_55240	PA14_55240	0.174	3.605	0.47	1	0.47	0.95	57	64	54	58	63	35	43	60	72	65	53	40
PA14_56470	PA14_56470	0.398	1.394	0.47	1	0.34	0.88	11	17	9	12	10	6	8	16	12	13	8	7
PA14_56830	icmP	0.132	7.552	0.47	1	0.35	0.89	1061	803	891	932	776	804	802	753	1184	1051	644	912
PA14_57500	PA14_57500	-0.14	5.314	0.47	1	0.33	0.87	185	152	190	200	207	175	140	142	252	226	172	199
PA14_57890	yrbH	-0.147	6.861	0.47	1	0.28	0.84	437	505	599	572	602	539	329	474	794	645	500	612
PA14_58510	PA14_58510	-0.237	2.723	0.47	1	0.35	0.88	30	26	25	36	30	29	23	24	34	40	25	33
PA14_58530	PA14_58530	-0.191	3.39	0.47	1	0.38	0.91	49	42	44	58	49	45	37	39	58	65	41	51
PA14_59500	PA14_59500	-0.355	2.239	0.47	1	0.24	0.81	11	15	27	17	28	24	8	14	34	20	24	27
PA14_61050	mscL	-0.087	10.306	0.47	1	0.52	0.96	5186	6491	5577	6012	5775	6537	3914	6088	7406	6784	4797	7417
PA14_65940	PA14_65940	-0.202	3.293	0.47	1	0.31	0.86	34	49	41	48	48	47	25	46	54	54	40	53
PA14_68480	PA14_68480	0.148	3.701	0.47	1	0.54	0.96	50	58	77	51	59	59	37	54	101	58	49	67
PA14_68900	fbpA	-0.103	7.384	0.47	1	0.41	0.92	780	693	785	778	804	843	589	650	1042	878	668	956
PA14_70200	PA14_70200	-0.137	4.912	0.47	1	0.33	0.87	136	128	133	149	150	138	103	120	177	168	125	157
EBG00001225063	tRNA	-0.162	3.719	0.48	1	0.48	0.95	73	47	49	56	69	63	56	44	66	63	58	71
EBG00001225108	PtaRNA1	-0.377	1.459	0.48	1	0.34	0.88	11	8	11	14	11	13	8	7	15	16	9	15
EBG00001225141	P31	0.372	1.428	0.48	1	0.33	0.87	13	14	11	12	11	7	10	13	15	13	9	8
PA14_00830	PA14_00830	-0.182	8.2	0.48	1	0.26	0.82	1137	1189	1538	1308	1328	1748	857	1115	2040	1476	1103	1982
PA14_01250	ychM	-0.201	3.138	0.48	1	0.38	0.91	42	36	34	38	47	43	32	34	45	43	39	49
PA14_04460	lgt	-0.115	4.589	0.48	1	0.53	0.96	121	106	96	125	99	121	92	99	128	141	82	137
PA14_06670	nirJ	-0.467	0.994	0.48	1	0.38	0.91	5	5	8	9	11	7	4	5	10	10	9	8
PA14_09010	rplR	0.142	6.294	0.48	1	0.32	0.87	437	332	383	371	295	376	331	311	508	418	244	426
PA14_10120	PA14_10120	0.155	4.351	0.48	1	0.53	0.96	73	85	134	98	90	76	54	80	175	110	75	87
PA14_12530	PA14_12530	0.129	4.937	0.48	1	0.4	0.91	150	157	137	138	150	118	113	147	183	156	125	134
PA14_13420	PA14_13420	-0.151	4.588	0.48	1	0.29	0.84	96	106	111	115	123	112	72	99	147	130	102	127
PA14_13620	nhaP	-0.126	5.725	0.48	1	0.33	0.87	228	243	235	251	288	234	172	228	312	283	240	266
PA14_14560	PA14_14560	0.601	1.195	0.48	1	0.38	0.91	8	2	21	9	8	3	6	2	26	10	7	4
PA14_15710	PA14_15710	0.22	3.381	0.48	1	0.34	0.88	56	61	37	49	49	33	43	57	50	55	41	38
PA14_16600	PA14_16600	0.107	5.535	0.48	1	0.48	0.96	188	259	222	221	206	195	141	243	295	249	171	222
PA14_16740	PA14_16740	-0.197	3.245	0.48	1	0.4	0.92	31	47	38	52	37	45	23	44	51	58	30	51
PA14_18800	PA14_18800	0.476	8.226	0.48	1	0.26	0.82	2414	386	2091	963	1164	1390	1827	361	2773	1088	967	1576
PA14_19330	PA14_19330	0.322	1.77	0.48	1	0.41	0.92	14	16	18	16	13	10	10	15	24	18	11	11
PA14_19640	ydgB	0.148	4.267	0.48	1	0.52	0.96	69	97	109	99	88	64	51	91	144	111	73	73
PA14_21300	PA14_21300	0.253	3.173	0.48	1	0.47	0.95	26	36	67	28	40	41	18	34	86	32	33	46
PA14_21770	sugE	0.226	2.567	0.48	1	0.46	0.95	27	19	38	29	23	21	20	18	49	32	19	24
PA14_21860	PA14_21860	-0.087	6.509	0.48	1	0.53	0.96	421	460	354	426	455	430	318	432	472	481	378	488
PA14_22520	PA14_22520	-0.248	2.791	0.48	1	0.3	0.84	24	25	33	26	40	33	18	23	43	30	34	37
PA14_23220	ubiG	0.069	7.098	0.48	1	0.61	0.97	621	610	733	620	651	604	468	572	972	700	541	685
PA14_23860	accD	-0.122	7.753	0.48	1	0.35	0.89	883	921	1089	1084	1034	1033	666	864	1444	1223	859	1172
PA14_27940	PA14_27940	-0.12	9.054	0.48	1	0.37	0.9	2096	2529	2530	2442	2707	2626	1581	2372	3359	2756	2249	2980
PA14_30010	nuoB	-0.074	8.217	0.48	1	0.57	0.97	1388	1422	1259	1333	1385	1566	1048	1334	1673	1504	1150	1776
PA14_30720	PA14_30720	-0.354	4.238	0.48	1	0.13	0.68	56	66	103	95	124	70	41	62	134	107	104	80
PA14_31430	PA14_31430	-0.228	2.574	0.48	1	0.51	0.96	36	18	20	31	26	28	28	17	27	35	21	32
PA14_32650	PA14_32650	0.557	0.518	0.48	1	0.4	0.92	5	7	6	3	9	2	4	7	8	3	8	2
PA14_33030	sdaA	0.125	7.182	0.48	1	0.4	0.92	659	848	618	645	721	582	497	796	822	728	600	661
PA14_34030	PA14_34030	-0.086	6.024	0.48	1	0.54	0.96	318	293	273	305	285	346	241	275	363	344	236	392
PA14_35690	pslE	-0.204	3.232	0.48	1	0.32	0.87	31	44	42	43	43	49	23	41	55	49	36	55
PA14_39770	PA14_39770	0.105	6.855	0.48	1	0.4	0.92	555	592	533	551	531	481	419	555	709	621	441	546
PA14_41610	crfX	0.126	6.669	0.48	1	0.56	0.97	351	475	660	456	551	353	263	445	872	515	459	402
PA14_41670	ppsA	-0.08	10.106	0.48	1	0.52	0.96	5226	4918	4911	5239	5204	5468	3945	4613	6522	5912	4323	6204
PA14_42940	PA14_42940	0.191	3.999	0.48	1	0.3	0.85	84	89	60	63	62	78	64	84	81	71	51	88
PA14_43730	PA14_43730	0.2	2.872	0.48	1	0.52	0.96	30	35	40	20	37	35	22	33	52	23	31	40
PA14_43810	PA14_43810	0.374	1.43	0.48	1	0.28	0.84	14	15	9	11	11	8	11	14	13	12	9	9
PA14_45920	PA14_45920	-0.197	4.139	0.48	1	0.27	0.83	63	69	91	85	102	74	47	65	120	96	85	84
PA14_49540	PA14_49540	0.132	4.413	0.48	1	0.45	0.94	102	89	114	88	97	94	77	83	151	100	81	107
PA14_50280	flaG	-0.09	7.195	0.48	1	0.5	0.96	649	704	637	641	683	794	490	660	847	724	567	900
PA14_50740	PA14_50740	0.069	10.249	0.48	1	0.59	0.97	5405	6081	6023	5663	5819	5213	4079	5704	7998	6390	4834	5915
PA14_51290	bcp	-0.126	4.953	0.48	1	0.38	0.91	138	134	138	164	139	144	104	126	183	185	115	163
PA14_51660	PA14_51660	-0.307	5.644	0.48	1	0.14	0.69	151	178	292	214	266	290	112	167	384	242	221	328
PA14_52120	PA14_52120	-0.147	4.378	0.48	1	0.35	0.88	85	96	89	105	94	100	64	90	118	118	78	113
PA14_53500	PA14_53500	0.078	7.196	0.48	1	0.54	0.96	654	723	733	643	704	655	493	678	973	726	585	743
PA14_53610	PA14_53610	-0.149	7.962	0.48	1	0.3	0.85	911	1121	1282	1226	1275	1178	686	1051	1701	1383	1059	1337
PA14_54920	PA14_54920	0.101	6.347	0.48	1	0.42	0.93	390	378	411	345	351	402	294	354	545	390	291	456
PA14_55580	nemO	0.114	7.872	0.48	1	0.4	0.91	1298	1037	1085	1007	1041	1110	981	972	1442	1136	865	1259
PA14_56700	PA14_56700	0.106	5.007	0.48	1	0.51	0.96	147	141	174	150	150	132	111	132	230	169	125	150
PA14_59970	PA14_59970	-0.098	9.956	0.48	1	0.52	0.96	4614	4905	3966	4143	4529	5759	3483	4601	5268	4676	3762	6533
PA14_61430	PA14_61430	0.291	2.158	0.48	1	0.35	0.88	20	21	19	15	18	17	15	20	26	17	15	19
PA14_64640	PA14_64640	-0.231	3.012	0.48	1	0.31	0.87	25	32	40	44	39	33	18	30	52	49	32	38
PA14_67320	hutH	0.262	2.403	0.48	1	0.3	0.85	30	25	22	23	24	17	23	23	30	26	20	19
PA14_67640	PA14_67640	0.106	4.537	0.48	1	0.6	0.97	104	92	135	105	112	94	78	86	178	118	93	107
PA14_67900	PA14_67900	-0.189	3.297	0.48	1	0.42	0.93	38	46	41	48	37	57	28	43	55	54	30	64
PA14_69010	PA14_69010	0.12	5.124	0.48	1	0.53	0.96	139	176	187	182	161	120	104	165	247	205	134	137
PA14_72370	PA14_72370	-0.206	8.385	0.48	1	0.24	0.81	1201	1693	1465	1833	1937	1258	905	1588	1946	2068	1610	1429
PA14_03190	PA14_03190	-0.082	7.854	0.49	1	0.52	0.96	1100	1065	991	1069	1129	1141	831	999	1317	1207	938	1294
PA14_07210	PA14_07210	0.097	6.285	0.49	1	0.43	0.93	371	370	383	347	362	343	280	347	508	392	301	389
PA14_10680	PA14_10680	-0.142	6.083	0.49	1	0.3	0.85	278	281	341	290	363	343	209	263	452	328	302	389
PA14_11080	cupB3	0.109	4.71	0.49	1	0.55	0.96	106	134	134	128	126	96	79	126	178	144	105	109
PA14_11260	PA14_11260	0.115	6.415	0.49	1	0.35	0.88	442	395	405	406	359	379	334	370	538	458	298	430
PA14_11650	PA14_11650	-0.164	3.866	0.49	1	0.35	0.88	68	57	63	69	72	70	52	53	84	78	60	79
PA14_16440	wspB	0.14	4.92	0.49	1	0.35	0.88	146	167	129	146	132	121	110	157	172	164	110	138
PA14_17320	eno	0.106	9.783	0.49	1	0.42	0.93	4540	4058	4237	4000	3612	4312	3428	3806	5627	4514	3000	4892
PA14_20190	nosD	0.23	2.728	0.49	1	0.39	0.91	28	36	29	27	30	24	21	34	39	30	25	27
PA14_21030	PA14_21030	0.077	9.355	0.49	1	0.54	0.96	3053	3092	3296	2933	2994	3027	2304	2900	4376	3310	2487	3434
PA14_21070	PA14_21070	0.127	4.631	0.49	1	0.43	0.93	123	115	120	108	123	98	93	108	159	122	103	111
PA14_22080	PA14_22080	0.097	7.457	0.49	1	0.46	0.95	875	877	796	707	855	822	661	823	1058	798	711	932
PA14_23690	PA14_23690	0.164	3.852	0.49	1	0.38	0.91	70	70	68	73	64	50	53	66	91	82	53	57
PA14_25590	PA14_25590	0.104	8.162	0.49	1	0.44	0.94	1486	1380	1304	1144	1310	1424	1122	1294	1733	1292	1088	1615
PA14_27200	PA14_27200	-0.141	4.664	0.49	1	0.33	0.87	112	110	109	121	133	112	85	103	145	137	111	127
PA14_28470	PA14_28470	0.118	4.967	0.49	1	0.48	0.96	130	168	153	120	136	160	97	158	203	136	113	181
PA14_29030	PA14_29030	0.17	3.891	0.49	1	0.34	0.88	76	79	60	57	71	63	58	74	81	65	59	71
PA14_29500	hplS	0.2	3.157	0.49	1	0.35	0.89	50	37	43	34	40	39	38	35	57	39	33	44
PA14_32080	xylX	-0.351	1.616	0.49	1	0.43	0.93	13	13	7	12	16	13	10	12	10	14	13	15
PA14_32160	antA	0.358	1.474	0.49	1	0.43	0.93	14	8	16	8	9	13	11	7	21	9	7	15
PA14_32660	PA14_32660	-1.096	-0.442	0.49	1	0.35	0.88	2	0	1	2	4	2	2	0	1	2	3	2
PA14_34260	metI-1	-0.243	2.576	0.49	1	0.39	0.91	27	19	23	27	25	29	21	18	31	31	21	33
PA14_37040	cupA2	-0.803	-0.144	0.49	1	0.34	0.88	1	3	1	1	5	5	1	3	2	1	4	6
PA14_39000	PA14_39000	-0.258	2.235	0.49	1	0.51	0.96	24	17	14	19	18	27	19	16	19	22	15	30
PA14_41570	oprF	0.108	12.736	0.49	1	0.41	0.92	36278	31302	31909	30229	29222	32836	27386	29359	42374	34111	24275	37257
PA14_41900	panE	-0.119	7.268	0.49	1	0.33	0.88	630	694	743	745	771	732	475	651	986	841	641	831
PA14_42200	PA14_42200	0.103	9.783	0.49	1	0.52	0.96	3276	5101	4441	3866	4126	3945	2471	4785	5897	4362	3428	4476
PA14_42490	pcrR	0.427	1.167	0.49	1	0.32	0.87	8	11	10	8	6	7	6	10	13	9	5	8
PA14_43620	sixA	0.16	4.157	0.49	1	0.45	0.94	77	104	75	72	95	64	58	98	101	81	80	73
PA14_45250	PA14_45250	0.149	4.026	0.49	1	0.4	0.92	71	79	83	68	69	74	53	74	110	77	57	84
PA14_45540	motD	0.091	7.226	0.49	1	0.48	0.96	697	747	721	607	687	739	526	701	957	685	571	838
PA14_47060	PA14_47060	-0.234	2.682	0.49	1	0.38	0.91	25	30	22	26	30	34	19	28	30	30	25	38
PA14_47110	yybH	0.155	5.087	0.49	1	0.54	0.96	101	165	229	154	164	126	74	155	301	174	137	144
PA14_47420	PA14_47420	0.277	2.223	0.49	1	0.38	0.91	27	20	19	23	20	11	21	19	26	26	17	13
PA14_49680	PA14_49680	-0.211	3.029	0.49	1	0.34	0.88	30	38	33	42	36	39	22	36	44	47	30	44
PA14_53100	PA14_53100	0.969	-0.394	0.49	1	0.39	0.91	4	1	3	3	1	0	3	1	4	3	1	0
PA14_55140	PA14_55140	0.427	1.166	0.49	1	0.33	0.87	11	9	10	7	5	9	8	8	13	8	4	10
PA14_55530	hxcW	0.133	5.316	0.49	1	0.32	0.87	205	205	172	183	176	169	155	192	229	206	146	192
PA14_58740	PA14_58740	-0.184	3.627	0.49	1	0.33	0.87	44	52	60	53	58	69	33	49	79	60	48	78
PA14_61370	PA14_61370	0.112	4.33	0.49	1	0.61	0.97	86	85	114	71	105	90	64	80	150	81	88	102
PA14_61480	uraA	0.115	6.835	0.49	1	0.36	0.89	565	601	498	501	508	526	427	564	663	565	422	597
PA14_62300	phuT	-0.077	7.741	0.49	1	0.55	0.96	1012	967	942	1080	959	1040	764	907	1251	1218	796	1180
PA14_63650	PA14_63650	0.242	2.487	0.49	1	0.4	0.92	30	25	26	18	28	22	23	23	35	21	24	25
PA14_67510	estA	0.091	8.331	0.49	1	0.46	0.95	1575	1560	1529	1516	1484	1379	1189	1463	2031	1711	1233	1565
PA14_68290	PA14_68290	0.206	5.258	0.49	1	0.24	0.8	208	213	152	140	151	205	158	200	204	158	125	232
PA14_70940	betA	0.115	4.921	0.49	1	0.47	0.95	157	127	152	118	152	133	119	119	201	134	127	151
EBG00001225098	tRNA	1.026	0.573	0.5	1	0.13	0.69	15	3	3	2	2	5	12	3	4	2	2	6
PA14_04920	ftsX	-0.068	7.343	0.5	1	0.61	0.97	763	771	691	848	699	783	576	723	918	956	580	888
PA14_05280	yqgF	-0.17	3.898	0.5	1	0.33	0.87	58	68	66	77	80	60	43	64	88	87	67	69
PA14_10010	PA14_10010	0.187	3.634	0.5	1	0.3	0.85	69	64	49	55	51	52	53	60	66	62	42	59
PA14_11550	dxs	0.082	6.711	0.5	1	0.55	0.96	512	457	540	509	494	423	387	428	716	574	411	481
PA14_13530	PA14_13530	-0.232	2.406	0.5	1	0.52	0.96	21	31	14	25	26	25	16	29	19	28	22	28
PA14_14830	PA14_14830	-0.069	7.837	0.5	1	0.62	0.97	1124	978	1029	1054	987	1242	849	917	1367	1190	819	1408
PA14_15660	PA14_15660	-0.121	5.103	0.5	1	0.4	0.92	151	156	150	152	170	175	114	146	199	172	141	198
PA14_16620	PA14_16620	0.102	5.481	0.5	1	0.47	0.95	197	209	236	207	182	209	148	196	312	234	151	237
PA14_16750	PA14_16750	-0.189	3.338	0.5	1	0.37	0.9	46	40	41	47	56	42	35	37	55	53	47	48
PA14_17460	pcm	-0.081	6.523	0.5	1	0.55	0.96	473	371	409	447	420	457	358	348	544	504	349	518
PA14_20590	amiR	0.157	4.078	0.5	1	0.42	0.92	85	76	82	60	65	91	64	71	109	68	54	103
PA14_21230	hepA	-0.083	6.155	0.5	1	0.56	0.97	359	324	285	363	353	308	272	304	380	409	293	350
PA14_21240	PA14_21240	0.11	5.943	0.5	1	0.45	0.94	274	341	278	312	270	245	206	320	370	351	224	279
PA14_21820	PA14_21820	-0.142	6.47	0.5	1	0.3	0.84	357	383	438	387	499	418	269	359	580	437	415	475
PA14_24880	PA14_24880	0.064	9.879	0.5	1	0.64	0.98	3918	4940	4664	4447	4389	4101	2956	4634	6193	5018	3646	4654
PA14_25880	etfA	0.099	9.439	0.5	1	0.43	0.94	3496	3257	3332	3111	2937	3368	2639	3055	4425	3510	2439	3821
PA14_26890	pyrF	0.21	3.389	0.5	1	0.41	0.92	62	38	50	51	48	31	48	35	67	57	40	36
PA14_30620	PA14_30620	0.114	7.807	0.5	1	0.39	0.91	1249	1014	1004	1029	1018	969	944	951	1334	1161	846	1100
PA14_32630	PA14_32630	0.051	7.128	0.5	1	0.74	1	601	631	760	622	727	577	453	592	1007	702	605	655
PA14_33190	PA14_33190	0.124	4.671	0.5	1	0.46	0.95	112	133	123	124	118	97	84	125	163	140	98	110
PA14_34870	chiC	0.084	9.772	0.5	1	0.5	0.96	4263	4128	4253	4115	3976	3841	3218	3872	5648	4643	3303	4358
PA14_36350	PA14_36350	0.143	4.098	0.5	1	0.46	0.95	87	78	83	57	85	83	66	73	110	65	71	94
PA14_37900	PA14_37900	-0.215	3.07	0.5	1	0.32	0.87	33	30	40	41	47	35	25	28	53	46	39	40
PA14_38130	ycjJ	-0.158	3.971	0.5	1	0.4	0.91	72	57	73	70	71	84	55	53	96	79	59	95
PA14_42890	stp1	0.252	4.067	0.5	1	0.25	0.81	76	117	60	68	70	73	57	110	81	77	58	83
PA14_43340	kdpE	0.13	4.992	0.5	1	0.38	0.91	176	138	148	137	145	138	134	129	197	155	121	157
PA14_43540	PA14_43540	-0.118	5.248	0.5	1	0.39	0.91	170	175	161	191	190	167	128	164	214	215	158	190
PA14_44140	yaiE	-0.184	3.406	0.5	1	0.41	0.92	39	46	48	62	43	46	29	43	63	70	35	52
PA14_44670	zipA	0.074	9.586	0.5	1	0.55	0.96	3489	3829	3757	3415	3562	3543	2633	3591	4989	3854	2959	4020
PA14_48620	PA14_48620	-0.4	2.368	0.5	1	0.19	0.75	10	18	27	21	34	20	7	17	35	24	29	23
PA14_49760	rhlC	0.192	4.761	0.5	1	0.28	0.83	145	146	110	145	95	109	110	137	148	163	78	124
PA14_51480	PA14_51480	-0.166	3.84	0.5	1	0.37	0.9	57	68	59	59	78	71	43	64	79	67	65	81
PA14_51730	tolA	0.099	9.275	0.5	1	0.48	0.96	3165	2730	3111	2552	2604	3249	2390	2560	4131	2880	2163	3686
PA14_53980	PA14_53980	0.193	3.472	0.5	1	0.32	0.87	59	55	45	51	40	47	45	52	61	57	33	53
PA14_54710	PA14_54710	0.23	2.806	0.5	1	0.31	0.87	39	34	27	32	27	25	30	32	37	36	22	29
PA14_54910	PA14_54910	-0.144	3.747	0.5	1	0.59	0.97	74	59	44	58	56	79	57	55	60	66	46	89
PA14_55650	sbcC	0.101	7.462	0.5	1	0.4	0.91	869	870	823	813	778	796	656	816	1093	917	646	903
PA14_56090	PA14_56090	-0.159	4.463	0.5	1	0.34	0.88	93	76	116	106	107	107	70	71	152	120	89	121
PA14_57130	PA14_57130	0.081	7.055	0.5	1	0.54	0.96	620	607	689	570	598	645	468	569	914	643	497	732
PA14_58300	PA14_58300	-0.097	7.879	0.5	1	0.44	0.94	994	1127	1070	1146	1142	1126	750	1057	1421	1293	949	1278
PA14_58650	PA14_58650	-0.072	8.384	0.5	1	0.59	0.97	1527	1686	1362	1513	1619	1676	1153	1582	1810	1707	1345	1902
PA14_58720	PA14_58720	-0.087	7.471	0.5	1	0.49	0.96	798	803	814	825	801	937	602	753	1081	931	665	1063
PA14_58900	PA14_58900	0.087	5.469	0.5	1	0.59	0.97	187	204	244	183	198	219	140	191	322	207	164	248
PA14_59090	PA14_59090	0.192	2.996	0.5	1	0.51	0.96	32	33	47	31	33	36	24	31	61	35	27	41
PA14_60110	PA14_60110	-0.084	7.623	0.5	1	0.52	0.96	936	839	908	906	901	1036	707	787	1205	1023	748	1175
PA14_62200	mrcB	-0.115	7.527	0.5	1	0.37	0.9	784	804	895	921	930	840	591	754	1188	1039	773	953
PA14_62760	infB	0.104	10.257	0.5	1	0.41	0.92	6154	6027	5634	5429	5255	5894	4646	5653	7483	6126	4365	6687
PA14_62770	nusA	0.081	8.982	0.5	1	0.54	0.96	2490	2172	2642	2311	2167	2426	1880	2037	3507	2608	1800	2752
PA14_63130	PA14_63130	0.103	5.241	0.5	1	0.48	0.96	171	172	201	172	167	169	129	161	266	194	139	192
PA14_63940	PA14_63940	-0.29	2.084	0.5	1	0.31	0.86	12	18	17	17	24	18	9	17	22	19	20	21
PA14_64170	PA14_64170	-0.153	4.446	0.5	1	0.35	0.89	100	76	108	100	112	107	76	71	143	113	93	121
PA14_65920	PA14_65920	0.338	1.648	0.5	1	0.38	0.91	17	14	12	7	14	12	13	13	16	8	12	14
PA14_67740	grx	0.262	2.256	0.5	1	0.44	0.94	17	23	25	19	16	20	12	22	33	21	13	23
PA14_68620	PA14_68620	-0.208	2.99	0.5	1	0.47	0.95	39	23	35	46	35	31	30	21	46	51	29	35
PA14_68680	envZ	0.121	5.892	0.5	1	0.36	0.89	325	267	274	279	260	255	246	250	365	315	216	289
PA14_69330	PA14_69330	-0.13	5.007	0.5	1	0.39	0.91	119	158	147	155	145	165	89	148	195	175	120	187
PA14_69880	PA14_69880	-0.208	2.97	0.5	1	0.42	0.93	32	30	35	49	33	30	24	28	46	55	27	34
PA14_70220	PA14_70220	0.268	2.316	0.5	1	0.36	0.89	27	24	18	18	21	18	21	23	24	20	18	20
PA14_70330	PA14_70330	0.407	1.262	0.5	1	0.3	0.85	14	12	6	7	7	9	11	11	9	8	6	10
PA14_71180	PA14_71180	-0.163	3.685	0.5	1	0.43	0.93	53	66	46	63	65	56	40	62	62	71	54	64
PA14_71450	PA14_71450	-0.194	3.298	0.5	1	0.37	0.9	45	32	46	52	46	43	34	30	60	58	38	49
PA14_72540	PA14_72540	-0.107	9.003	0.5	1	0.4	0.92	2181	2309	2449	2295	2555	2627	1646	2166	3252	2590	2123	2980
EBG00001225083	P16	-0.099	5.479	0.51	1	0.5	0.96	219	199	183	190	220	232	166	187	244	215	183	263
PA14_00310	PA14_00310	0.083	7.556	0.51	1	0.51	0.96	883	922	910	890	875	798	666	865	1208	1004	727	906
PA14_01840	PA14_01840	0.125	5.541	0.51	1	0.44	0.94	255	205	220	238	225	160	193	192	292	268	187	182
PA14_04220	PA14_04220	-0.189	3.162	0.51	1	0.4	0.92	41	33	38	43	40	43	31	31	50	49	33	49
PA14_04380	PA14_04380	0.092	5.036	0.51	1	0.58	0.97	139	148	182	138	149	155	104	139	240	156	124	176
PA14_08890	rpsS	-0.119	8.797	0.51	1	0.46	0.95	2081	1868	2037	1916	1860	2723	1571	1752	2705	2163	1544	3088
PA14_11830	PA14_11830	0.109	6.624	0.51	1	0.39	0.91	492	509	431	453	449	426	372	478	574	511	373	483
PA14_12180	PA14_12180	0.325	1.666	0.51	1	0.38	0.91	12	12	18	12	8	14	9	11	23	13	6	16
PA14_14490	PA14_14490	-0.148	4.271	0.51	1	0.34	0.88	74	86	92	98	90	92	55	81	121	111	75	104
PA14_15970	rpsP	0.075	6.619	0.51	1	0.56	0.97	466	445	501	433	481	428	352	417	664	489	400	486
PA14_16930	csdA	0.108	6.082	0.51	1	0.44	0.94	323	370	289	303	330	277	244	347	385	342	275	315
PA14_17600	PA14_17600	-0.145	5.097	0.51	1	0.32	0.87	135	135	180	163	164	173	101	126	237	184	136	196
PA14_17810	PA14_17810	-0.355	1.632	0.51	1	0.29	0.84	7	10	16	17	17	9	5	9	20	19	14	11
PA14_19100	rhlA	0.075	9.925	0.51	1	0.57	0.97	4844	4135	5029	4365	4307	4626	3657	3878	6677	4926	3578	5249
PA14_20450	phnP	0.174	3.352	0.51	1	0.42	0.93	50	43	53	48	42	40	38	40	70	54	35	45
PA14_20940	PA14_20940	0.171	6.644	0.51	1	0.27	0.83	521	567	397	381	429	507	394	532	530	431	356	575
PA14_21010	PA14_21010	0.105	6.644	0.51	1	0.46	0.95	486	532	434	491	475	384	367	499	578	554	395	436
PA14_21400	hrpA	0.081	7.381	0.51	1	0.51	0.96	798	783	822	748	783	741	602	734	1091	844	651	841
PA14_21460	PA14_21460	0.399	1.204	0.51	1	0.36	0.89	7	14	10	11	6	6	5	13	13	12	5	7
PA14_23920	purF	-0.08	7.294	0.51	1	0.52	0.96	751	677	712	756	714	791	567	635	946	853	593	897
PA14_25650	fabD	0.088	7.116	0.51	1	0.62	0.97	561	577	864	662	686	537	422	541	1144	747	570	610
PA14_27910	PA14_27910	-0.138	3.84	0.51	1	0.63	0.97	68	68	49	75	48	79	52	64	66	84	39	89
PA14_28720	himA	-0.077	10.689	0.51	1	0.59	0.97	7858	7255	7474	7099	7454	9264	5932	6805	9925	8011	6192	10511
PA14_30020	nuoA	-0.09	8.579	0.51	1	0.51	0.96	1526	1925	1749	1833	1734	1968	1151	1806	2322	2068	1440	2233
PA14_30230	clpA	0.107	12.084	0.51	1	0.43	0.93	22698	21396	19172	18194	19159	21384	17135	20068	25461	20531	15916	24263
PA14_31270	PA14_31270	-0.089	5.762	0.51	1	0.55	0.96	244	261	228	249	233	295	184	245	303	281	193	334
PA14_31440	PA14_31440	-0.078	7.051	0.51	1	0.56	0.96	646	603	560	591	639	677	488	566	744	667	531	768
PA14_36320	hcnB	0.105	7.058	0.51	1	0.42	0.93	662	646	629	676	560	563	500	606	835	762	465	639
PA14_37830	iscS	0.089	6.968	0.51	1	0.53	0.96	569	626	612	664	544	490	429	587	813	749	452	557
PA14_38310	PA14_38310	-0.299	2.268	0.51	1	0.32	0.87	16	12	26	17	27	24	12	11	33	19	23	27
PA14_38480	gnyA	0.115	5.327	0.51	1	0.38	0.91	188	200	190	185	168	181	142	188	253	209	139	205
PA14_38750	PA14_38750	-0.104	5.381	0.51	1	0.5	0.96	172	213	173	227	192	180	129	200	231	256	159	205
PA14_42400	exsB	-0.11	5.56	0.51	1	0.43	0.93	203	224	205	199	231	252	153	210	272	225	192	285
PA14_43220	PA14_43220	0.111	6.069	0.51	1	0.4	0.92	303	363	308	309	275	317	228	341	410	349	228	359
PA14_43740	PA14_43740	-0.142	4.587	0.51	1	0.35	0.88	102	94	118	125	114	109	77	88	156	141	95	124
PA14_43820	PA14_43820	0.176	3.524	0.51	1	0.35	0.89	58	53	55	57	41	48	44	50	73	64	34	54
PA14_46260	PA14_46260	-0.168	3.79	0.51	1	0.34	0.88	51	63	63	71	69	61	38	59	83	80	57	69
PA14_46380	PA14_46380	0.281	2.023	0.51	1	0.36	0.89	22	21	15	19	17	12	17	20	21	21	14	14
PA14_49730	PA14_49730	0.292	2.053	0.51	1	0.47	0.95	14	16	28	13	12	22	10	15	36	15	10	25
PA14_50250	fliS	0.079	7.774	0.51	1	0.55	0.96	996	1112	1047	878	1033	1076	751	1043	1391	991	858	1221
PA14_51110	PA14_51110	0.334	1.749	0.51	1	0.35	0.89	18	18	9	13	13	9	14	17	13	15	11	10
PA14_51680	PA14_51680	-0.198	6.113	0.51	1	0.21	0.77	244	276	378	307	370	357	183	259	499	347	308	405
PA14_54590	ung	-0.135	5.207	0.51	1	0.44	0.94	194	135	163	147	198	194	148	126	216	167	165	220
PA14_57970	PA14_57970	0.074	8.445	0.51	1	0.6	0.97	1455	1872	1689	1474	1588	1706	1097	1756	2243	1664	1319	1935
PA14_59200	PA14_59200	0.081	6.224	0.51	1	0.54	0.96	328	354	392	353	336	329	247	332	519	398	279	373
PA14_61780	rplY	-0.083	9.039	0.51	1	0.54	0.96	2364	2264	2546	2505	2254	2838	1784	2123	3380	2827	1872	3219
PA14_62110	PA14_62110	-0.145	4.131	0.51	1	0.43	0.93	88	65	77	86	85	82	67	61	102	97	71	93
PA14_64420	PA14_64420	0.46	0.839	0.51	1	0.44	0.94	9	7	7	4	9	3	7	7	9	5	8	4
PA14_66380	ycgO	0.106	4.995	0.51	1	0.51	0.96	140	163	156	150	153	126	105	153	207	169	127	143
PA14_69590	PA14_69590	0.143	4.295	0.51	1	0.39	0.91	99	84	98	96	76	82	75	79	130	108	63	93
PA14_70190	rpmB	-0.122	7.529	0.51	1	0.35	0.89	770	768	942	891	923	888	581	720	1249	1005	767	1008
PA14_71190	PA14_71190	0.39	1.273	0.51	1	0.41	0.92	13	16	5	6	11	9	10	15	8	7	9	10
EBG00001225145	tRNA	0.835	0.051	0.52	1	0.43	0.93	4	2	3	0	2	3	3	2	4	0	2	3
EBG00001225168	tRNA	-0.353	1.528	0.52	1	0.41	0.92	9	9	11	8	12	17	7	8	14	9	10	19
PA14_00660	PA14_00660	-0.316	1.739	0.52	1	0.38	0.91	12	14	10	12	18	15	9	13	14	14	15	17
PA14_01380	ctaB	-0.116	4.929	0.52	1	0.43	0.93	128	150	128	159	145	136	96	141	171	179	120	155
PA14_03810	aguA	0.123	4.668	0.52	1	0.42	0.93	119	130	116	117	120	99	90	122	155	132	100	113
PA14_05150	proC	-0.082	6.223	0.52	1	0.6	0.97	364	356	297	412	363	299	275	334	396	464	302	340
PA14_08280	PA14_08280	0.134	9.181	0.52	1	0.36	0.89	3256	2685	2592	2348	2455	2973	2459	2518	3443	2650	2039	3372
PA14_08810	rpsG	0.098	8.119	0.52	1	0.45	0.95	1422	1239	1374	1298	1137	1333	1074	1162	1824	1465	944	1512
PA14_08900	rplV	-0.083	7.288	0.52	1	0.51	0.96	693	736	700	714	721	819	523	690	930	806	599	929
PA14_11100	cupB5	-0.202	3.06	0.52	1	0.33	0.87	34	28	40	36	42	41	26	26	52	41	35	46
PA14_16780	PA14_16780	-0.16	3.685	0.52	1	0.48	0.96	58	53	53	77	64	43	44	50	71	86	53	50
PA14_17000	PA14_17000	-0.721	0.174	0.52	1	0.25	0.81	1	0	5	5	4	3	1	0	6	6	3	3
PA14_17250	yaaJ	-0.101	5.194	0.52	1	0.52	0.96	188	159	146	172	190	165	143	149	195	194	158	188
PA14_22340	yjcH	-0.085	7.659	0.52	1	0.59	0.97	918	1096	739	885	1005	1028	693	1028	983	999	835	1166
PA14_22380	PA14_22380	-0.118	3.84	0.52	1	0.66	0.98	72	70	46	69	58	74	55	66	63	78	48	84
PA14_24080	xcpY	0.113	6.669	0.52	1	0.41	0.92	510	544	430	502	466	402	385	510	573	566	387	457
PA14_24600	PA14_24600	-0.126	4.236	0.52	1	0.52	0.96	92	73	84	81	78	111	70	68	111	92	64	125
PA14_26190	PA14_26190	-0.11	4.328	0.52	1	0.62	0.97	110	87	70	96	100	91	84	82	95	108	83	103
PA14_26960	PA14_26960	0.121	5.333	0.52	1	0.35	0.89	210	197	179	182	179	176	159	185	239	205	149	200
PA14_27090	lipH	-0.194	2.946	0.52	1	0.49	0.96	32	37	27	34	33	41	24	35	36	39	27	46
PA14_27280	PA14_27280	-0.187	3.295	0.52	1	0.34	0.88	35	43	43	44	48	47	26	40	57	50	40	53
PA14_28790	PA14_28790	-0.18	5.523	0.52	1	0.35	0.89	201	198	200	167	204	308	152	186	265	189	169	348
PA14_29510	hplT	0.244	2.705	0.52	1	0.41	0.92	34	20	38	34	19	26	26	19	50	38	15	29
PA14_30080	PA14_30080	-0.094	6.093	0.52	1	0.49	0.96	309	339	274	319	356	308	233	318	365	360	296	350
PA14_30360	PA14_30360	0.081	6.625	0.52	1	0.52	0.96	447	477	495	459	449	435	337	447	657	518	373	494
PA14_33220	PA14_33220	0.095	5.782	0.52	1	0.49	0.96	241	285	268	275	242	226	181	267	356	310	201	257
PA14_34440	mtlR	-0.178	3.73	0.52	1	0.31	0.86	47	52	69	66	65	63	35	49	90	74	54	71
PA14_34810	mxaA	0.076	8.551	0.52	1	0.59	0.97	1733	1839	1829	1954	1725	1446	1308	1725	2429	2204	1433	1642
PA14_37420	PA14_37420	-0.109	6.152	0.52	1	0.46	0.95	342	271	343	390	343	298	259	254	455	440	285	339
PA14_38930	glpR	0.181	3.193	0.52	1	0.43	0.93	36	45	49	45	28	41	27	42	64	51	23	46
PA14_41210	hupB	-0.072	10.56	0.52	1	0.6	0.97	6554	7895	6237	7282	7373	7088	4947	7405	8283	8217	6125	8043
PA14_42360	pscB	0.135	3.891	0.52	1	0.59	0.97	49	72	89	70	66	58	36	68	117	79	55	66
PA14_42910	PA14_42910	-0.065	5.659	0.52	1	0.71	1	266	233	193	233	222	266	202	219	258	263	184	301
PA14_43100	PA14_43100	-0.133	8.438	0.52	1	0.35	0.89	1291	1609	1741	1573	1778	1740	973	1509	2310	1775	1477	1974
PA14_43370	kdpC	-0.711	0.071	0.52	1	0.37	0.9	3	3	1	6	4	2	2	3	2	7	3	2
PA14_44240	PA14_44240	0.601	0.423	0.52	1	0.43	0.93	5	5	4	3	4	4	4	5	6	3	3	4
PA14_44320	PA14_44320	0.166	3.366	0.52	1	0.44	0.94	42	50	55	51	42	39	31	47	73	57	35	45
PA14_45520	PA14_45520	-0.098	7.734	0.52	1	0.44	0.94	968	955	962	945	1122	1022	731	896	1277	1067	933	1160
PA14_47960	glnQ	-0.451	0.866	0.52	1	0.38	0.91	5	8	4	11	9	3	4	8	5	12	8	4
PA14_49220	napF	-0.251	2.876	0.52	1	0.44	0.94	30	42	19	39	45	24	23	40	26	44	38	28
PA14_49640	PA14_49640	0.217	2.69	0.52	1	0.34	0.88	31	34	28	28	23	28	23	32	38	31	19	32
PA14_51320	PA14_51320	-0.109	6.357	0.52	1	0.4	0.92	321	383	395	392	370	425	241	359	524	442	307	482
PA14_51820	aspS	-0.087	7.728	0.52	1	0.51	0.96	1018	846	1022	1050	961	1052	769	793	1356	1185	798	1194
PA14_55290	PA14_55290	-0.317	1.734	0.52	1	0.39	0.91	14	8	14	14	14	16	11	7	18	16	12	18
PA14_58210	PA14_58210	-0.541	1.229	0.52	1	0.24	0.81	3	6	11	16	11	4	2	6	14	18	9	5
PA14_58710	PA14_58710	-0.715	0.174	0.52	1	0.36	0.9	3	1	3	3	5	4	2	1	4	3	4	5
PA14_60150	PA14_60150	-0.269	4.287	0.52	1	0.2	0.77	61	69	111	77	108	108	45	65	145	88	90	122
PA14_61460	hpt	-0.133	4.777	0.52	1	0.41	0.92	109	112	138	145	113	138	82	105	182	163	93	156
PA14_62250	PA14_62250	0.062	8.033	0.52	1	0.69	0.99	999	1370	1384	1158	1335	1103	752	1285	1837	1307	1110	1252
PA14_64120	PA14_64120	-0.261	2.471	0.52	1	0.32	0.87	17	18	30	31	28	21	12	17	39	35	23	24
PA14_67280	proW	0.11	5.213	0.52	1	0.51	0.96	175	203	158	158	195	144	132	191	211	179	163	164
PA14_70050	PA14_70050	-0.086	5.955	0.52	1	0.53	0.96	290	290	262	295	282	314	219	272	349	333	234	356
PA14_72350	PA14_72350	-0.14	3.835	0.52	1	0.55	0.96	78	48	59	65	64	74	60	45	79	73	53	84
PA14_72770	PA14_72770	0.054	6.602	0.52	1	0.74	1	389	447	548	426	467	443	292	419	725	481	388	503
PA14_00150	PA14_00150	-0.162	3.699	0.53	1	0.36	0.9	48	63	56	59	67	62	36	59	74	67	56	70
PA14_00470	PA14_00470	0.082	9.048	0.53	1	0.51	0.96	2433	2726	2489	2331	2355	2538	1836	2557	3305	2630	1956	2879
PA14_00875	ppkA	0.117	6.738	0.53	1	0.37	0.91	563	543	451	506	479	447	426	509	600	571	398	508
PA14_01020	PA14_01020	-0.073	7.584	0.53	1	0.58	0.97	923	819	882	901	853	1004	697	768	1171	1017	708	1139
PA14_01350	PA14_01350	0.126	5.43	0.53	1	0.46	0.95	203	244	179	194	224	155	153	229	239	219	187	177
PA14_01830	add	-0.104	5.113	0.53	1	0.5	0.96	141	171	150	165	147	184	106	161	199	186	122	208
PA14_03050	pobA	-0.266	2.171	0.53	1	0.36	0.89	15	15	21	22	20	19	11	14	27	25	17	22
PA14_04490	PA14_04490	-0.156	3.961	0.53	1	0.35	0.88	60	62	76	82	71	69	45	58	100	92	59	79
PA14_04710	PA14_04710	-0.183	3.331	0.53	1	0.39	0.91	44	31	50	46	44	52	33	29	65	52	36	59
PA14_06130	PA14_06130	0.175	5.843	0.53	1	0.3	0.85	269	344	237	306	232	215	203	323	316	344	192	244
PA14_06360	comF	-0.435	0.864	0.53	1	0.39	0.91	7	7	4	8	13	4	5	7	6	9	11	5
PA14_06450	accC	0.168	3.038	0.53	1	0.57	0.97	31	32	50	35	31	35	23	30	65	40	26	40
PA14_09050	secY	0.096	11.05	0.53	1	0.46	0.95	10423	10527	9846	9197	8986	10629	7868	9874	13075	10378	7464	12059
PA14_09610	PA14_09610	-0.182	3.215	0.53	1	0.39	0.91	37	39	40	49	46	39	28	37	53	55	38	44
PA14_10300	PA14_10300	-0.229	2.549	0.53	1	0.37	0.9	26	20	24	25	34	25	20	19	32	28	29	28
PA14_12640	PA14_12640	-0.364	1.33	0.53	1	0.52	0.96	13	9	4	12	10	10	10	8	6	13	8	11
PA14_14140	PA14_14140	0.1	4.703	0.53	1	0.6	0.97	123	111	138	132	127	90	93	104	182	148	106	103
PA14_14660	ycfJ	0.075	9.053	0.53	1	0.54	0.96	2525	2550	2577	2538	2454	2270	1906	2392	3422	2864	2039	2576
PA14_15180	PA14_15180	0.253	2.183	0.53	1	0.43	0.93	19	20	23	13	16	23	14	19	30	15	13	26
PA14_15590	PA14_15590	-0.062	9.181	0.53	1	0.63	0.98	2783	2642	2553	2672	2596	3059	2101	2478	3391	3015	2156	3470
PA14_18470	algL	-0.255	2.174	0.53	1	0.38	0.91	19	18	17	17	26	22	14	17	23	19	22	25
PA14_18500	algG	0.287	1.885	0.53	1	0.47	0.95	17	14	17	10	17	13	13	13	23	12	14	15
PA14_19610	PA14_19610	-0.148	3.87	0.53	1	0.44	0.94	70	49	71	75	63	73	53	46	94	84	52	83
PA14_20150	nosL	-0.725	0.49	0.53	1	0.27	0.83	4	0	6	10	5	2	3	0	7	11	4	2
PA14_20440	phnN	-0.15	3.607	0.53	1	0.53	0.96	57	54	48	73	57	45	43	51	64	82	47	52
PA14_20620	PA14_20620	0.224	2.536	0.53	1	0.46	0.95	30	27	25	27	27	16	23	25	33	30	23	18
PA14_22500	PA14_22500	0.212	2.742	0.53	1	0.4	0.92	29	31	33	34	22	25	22	29	44	38	18	28
PA14_23070	zwf	0.081	6.696	0.53	1	0.52	0.96	498	487	507	473	493	446	376	457	673	534	410	506
PA14_23080	pgl	0.266	2.045	0.53	1	0.54	0.96	10	22	21	11	16	19	7	21	28	13	13	21
PA14_24610	PA14_24610	0.129	3.878	0.53	1	0.57	0.97	51	80	76	61	64	65	37	75	100	69	53	74
PA14_28180	ordL	-0.116	4.614	0.53	1	0.5	0.96	119	100	106	130	109	112	90	94	141	146	90	127
PA14_28200	PA14_28200	-0.29	3.345	0.53	1	0.24	0.81	29	30	61	56	46	47	21	28	79	63	38	53
PA14_29180	PA14_29180	0.157	3.75	0.53	1	0.37	0.9	65	70	58	62	56	55	49	66	78	70	46	62
PA14_29650	PA14_29650	-0.375	1.23	0.53	1	0.42	0.93	9	9	7	10	11	11	7	8	9	11	9	12
PA14_30390	PA14_30390	0.127	5.309	0.53	1	0.44	0.94	217	199	162	168	208	153	165	187	217	190	174	174
PA14_30790	PA14_30790	0.126	4.961	0.53	1	0.4	0.92	164	140	147	126	127	158	124	131	195	142	105	179
PA14_30980	PA14_30980	0.14	4.236	0.53	1	0.37	0.9	96	91	84	78	82	85	73	85	112	88	68	96
PA14_32780	PA14_32780	0.123	3.816	0.53	1	0.63	0.97	54	62	83	71	59	54	40	58	109	80	49	62
PA14_35060	PA14_35060	0.141	4.39	0.53	1	0.35	0.88	108	104	91	89	86	99	82	98	122	100	71	112
PA14_36130	PA14_36130	-0.198	2.947	0.53	1	0.35	0.88	33	31	32	36	37	37	25	29	43	41	31	42
PA14_36230	glnP	0.174	3.487	0.53	1	0.37	0.9	63	50	49	47	48	47	48	47	65	53	40	53
PA14_40110	PA14_40110	-0.09	6.674	0.53	1	0.46	0.95	457	481	449	498	503	475	345	451	596	562	418	539
PA14_43460	paaH	0.264	2.219	0.53	1	0.35	0.88	28	18	18	15	18	19	22	17	24	17	15	22
PA14_45960	lasR	-0.105	9.98	0.53	1	0.45	0.95	4322	4348	5001	4340	4831	5531	3262	4078	6640	4898	4013	6275
PA14_47070	PA14_47070	0.834	-0.325	0.53	1	0.43	0.93	3	2	4	1	1	3	2	2	5	1	1	3
PA14_47510	PA14_47510	0.125	5.435	0.53	1	0.38	0.91	208	240	181	206	187	181	157	225	241	232	155	206
PA14_50530	braD	0.13	5.037	0.53	1	0.36	0.9	179	155	144	156	143	135	136	145	192	176	119	153
PA14_51100	PA14_51100	0.189	3.034	0.53	1	0.37	0.9	40	36	41	34	31	37	30	34	54	38	26	42
PA14_51205	PA14_51205	0.226	2.177	0.53	1	0.62	0.97	14	17	29	16	19	18	10	16	37	18	16	20
PA14_51750	tolQ	0.105	6.979	0.53	1	0.4	0.92	665	605	565	565	572	567	503	567	751	638	475	643
PA14_51790	ruvA	0.1	5.656	0.53	1	0.45	0.95	249	225	253	217	218	243	188	211	335	245	181	275
PA14_56370	PA14_56370	0.099	5.117	0.53	1	0.54	0.96	151	163	184	179	142	144	113	153	244	202	118	164
PA14_56810	PA14_56810	0.135	5.219	0.53	1	0.38	0.91	175	211	156	173	144	175	132	198	209	195	119	198
PA14_57410	murE	-0.058	8.615	0.53	1	0.66	0.98	1865	1925	1606	1940	1829	1848	1408	1806	2134	2189	1519	2097
PA14_58060	PA14_58060	0.131	4.307	0.53	1	0.44	0.94	98	85	100	101	82	75	74	80	133	114	68	86
PA14_58150	mreB	0.081	6.107	0.53	1	0.57	0.97	352	279	359	306	327	304	266	261	476	345	272	345
PA14_58515	PA14_58515	0.142	4.481	0.53	1	0.47	0.95	114	111	99	118	106	69	86	104	132	133	88	79
PA14_59020	PA14_59020	-0.335	1.865	0.53	1	0.5	0.96	17	13	10	12	10	27	13	12	14	14	8	30
PA14_59845	PA14_59845	-0.076	9.266	0.53	1	0.58	0.97	2698	2952	2766	2662	2821	3388	2036	2769	3673	3004	2343	3843
PA14_60620	PA14_60620	-0.087	6.936	0.53	1	0.52	0.96	562	581	521	516	621	629	424	545	692	583	516	713
PA14_60820	oprJ	-0.201	3.209	0.53	1	0.33	0.87	32	31	48	43	43	44	24	29	63	49	36	50
PA14_62470	sfsA	0.11	5.029	0.53	1	0.44	0.94	161	148	160	146	149	140	122	139	212	165	124	159
PA14_64010	PA14_64010	0.121	4.825	0.53	1	0.4	0.91	128	147	132	128	118	128	96	138	176	144	98	145
PA14_67200	PA14_67200	-0.1	6.438	0.53	1	0.41	0.92	373	394	402	399	415	440	281	370	533	450	345	499
PA14_69600	PA14_69600	0.162	7.384	0.53	1	0.43	0.93	580	1077	815	827	813	568	435	1011	1082	933	676	646
PA14_70440	gmk	0.103	4.178	0.53	1	0.67	0.99	72	78	103	75	90	74	54	73	135	85	75	84
PA14_72130	PA14_72130	0.117	5.703	0.53	1	0.36	0.89	254	263	238	230	211	252	192	247	316	260	175	286
PA14_72180	PA14_72180	0.579	0.332	0.53	1	0.37	0.9	10	5	2	4	4	4	8	5	3	4	3	4
EBG00001225033	tRNA	-0.639	0.633	0.54	1	0.32	0.87	5	1	5	4	12	3	4	1	7	5	10	4
EBG00001225052	tRNA	-0.266	4.333	0.54	1	0.36	0.89	88	62	97	101	52	145	67	58	128	114	42	163
EBG00001225071	tRNA	-0.645	0.064	0.54	1	0.39	0.91	3	2	3	3	7	3	2	2	4	4	6	3
PA14_00240	PA14_00240	0.147	4.014	0.54	1	0.55	0.96	56	95	82	58	87	67	41	89	109	66	73	76
PA14_01720	ahpF	-0.097	5.608	0.54	1	0.48	0.96	224	220	215	219	228	257	169	206	286	247	189	291
PA14_04840	PA14_04840	0.106	4.914	0.54	1	0.47	0.95	144	132	155	141	132	129	109	124	205	159	110	146
PA14_06260	PA14_06260	-0.106	4.957	0.54	1	0.48	0.96	135	145	133	169	138	137	102	136	177	190	114	156
PA14_06350	yfiM	-0.169	3.806	0.54	1	0.39	0.91	46	66	65	80	67	53	34	62	86	90	56	61
PA14_07410	PA14_07410	-0.436	0.859	0.54	1	0.38	0.91	3	9	5	6	11	8	2	9	7	7	9	9
PA14_07440	PA14_07440	0.206	2.59	0.54	1	0.55	0.96	21	29	33	24	24	25	15	27	43	27	20	28
PA14_08980	rpsN	0.109	9.101	0.54	1	0.41	0.92	2777	2900	2328	2530	2391	2500	2097	2720	3093	2855	1986	2837
PA14_10180	fepC	0.102	6.249	0.54	1	0.45	0.95	413	351	337	313	375	337	313	329	448	354	312	382
PA14_14990	mocA	-0.118	5.035	0.54	1	0.42	0.93	137	136	160	172	143	156	103	127	212	194	118	177
PA14_20400	phnK	0.333	1.483	0.54	1	0.47	0.95	10	13	14	13	6	10	7	12	18	14	5	11
PA14_21050	PA14_21050	-0.11	4.083	0.54	1	0.65	0.98	80	87	57	92	78	70	61	82	77	103	65	80
PA14_21850	PA14_21850	-0.084	6.427	0.54	1	0.54	0.96	393	414	362	357	431	452	297	388	482	403	358	512
PA14_22260	PA14_22260	-0.638	0.163	0.54	1	0.51	0.96	5	1	2	5	3	4	4	1	3	6	2	5
PA14_25620	PA14_25620	-0.102	7.607	0.54	1	0.42	0.93	834	843	959	913	939	979	629	791	1272	1030	780	1111
PA14_26160	PA14_26160	-0.406	1.495	0.54	1	0.33	0.87	5	9	14	18	8	11	3	8	18	20	6	13
PA14_27690	fecI	-0.907	-0.051	0.54	1	0.39	0.91	1	0	2	3	4	2	1	0	3	3	3	2
PA14_27880	PA14_27880	0.399	0.995	0.54	1	0.56	0.97	4	5	13	7	6	5	3	5	17	8	5	6
PA14_29110	cysK	-0.097	6.601	0.54	1	0.45	0.95	446	394	473	463	447	495	337	369	627	522	371	561
PA14_30560	PA14_30560	-0.103	5.636	0.54	1	0.45	0.95	238	200	232	225	237	257	180	187	308	254	197	291
PA14_30630	pqsH	0.092	8.074	0.54	1	0.46	0.95	1357	1277	1271	1262	1184	1218	1025	1198	1688	1424	983	1382
PA14_31090	PA14_31090	-0.904	-0.176	0.54	1	0.39	0.91	1	1	2	2	1	5	1	1	2	2	1	5
PA14_31850	PA14_31850	-0.154	4.485	0.54	1	0.43	0.93	102	77	114	102	91	133	77	72	150	115	75	150
PA14_32400	mexE	0.211	2.556	0.54	1	0.48	0.96	25	23	33	31	20	19	19	21	43	35	16	22
PA14_33800	PA14_33800	0.058	7.128	0.54	1	0.74	1	530	646	821	634	700	588	398	606	1087	715	582	667
PA14_34320	PA14_34320	0.321	1.37	0.54	1	0.57	0.97	10	9	16	6	15	7	7	8	20	7	13	8
PA14_35810	PA14_35810	-0.079	9.565	0.54	1	0.55	0.96	3213	3744	3394	3442	3553	3940	2425	3512	4507	3884	2951	4470
PA14_36370	PA14_36370	-0.165	3.268	0.54	1	0.46	0.95	44	48	33	45	51	42	33	45	45	51	43	48
PA14_38250	yjiR	-0.103	5.32	0.54	1	0.52	0.96	200	152	185	218	190	168	152	142	246	246	158	191
PA14_39070	PA14_39070	-0.158	3.403	0.54	1	0.54	0.96	47	47	42	68	45	38	36	44	56	76	37	44
PA14_39870	apaH	0.25	2.274	0.54	1	0.34	0.88	21	24	20	21	12	20	16	23	27	24	10	23
PA14_43240	PA14_43240	0.169	3.375	0.54	1	0.4	0.91	49	47	51	50	35	45	37	44	68	56	29	51
PA14_44100	PA14_44100	-0.116	4.509	0.54	1	0.59	0.97	98	119	84	135	92	98	74	112	113	152	76	111
PA14_44630	dnaX	0.084	6.54	0.54	1	0.51	0.96	467	415	457	444	434	386	353	389	607	501	361	438
PA14_45870	PA14_45870	-0.078	5.812	0.54	1	0.59	0.97	280	255	231	292	264	250	212	239	308	329	219	284
PA14_46000	PA14_46000	-0.312	1.602	0.54	1	0.52	0.96	13	14	6	9	18	14	10	13	9	10	15	16
PA14_46950	gltL	0.142	5.328	0.54	1	0.34	0.88	211	214	161	178	156	194	160	201	216	201	129	220
PA14_47370	PA14_47370	-0.147	3.51	0.54	1	0.56	0.96	49	57	39	44	53	63	37	54	53	50	44	71
PA14_48115	aprD	0.056	7.775	0.54	1	0.68	0.99	973	1045	1114	1069	1058	887	734	980	1478	1206	879	1007
PA14_48190	PA14_48190	-0.162	4.364	0.54	1	0.35	0.88	72	82	112	108	99	93	53	77	147	122	82	106
PA14_49060	PA14_49060	0.419	1.17	0.54	1	0.45	0.94	14	3	12	5	9	7	11	3	15	6	8	8
PA14_50220	fleQ	-0.077	9.046	0.54	1	0.54	0.96	2358	2420	2448	2465	2420	2737	1780	2270	3250	2782	2010	3105
PA14_51040	PA14_51040	0.159	3.976	0.54	1	0.34	0.88	89	73	68	71	61	71	68	68	91	80	50	81
PA14_52150	lpxO2	-0.135	6.15	0.54	1	0.32	0.87	270	305	367	338	368	332	203	286	485	382	306	377
PA14_54870	PA14_54870	0.062	9.673	0.54	1	0.67	0.99	3933	3269	4508	3492	3757	3966	2969	3066	5984	3941	3121	4500
PA14_57140	PA14_57140	-0.177	3.345	0.54	1	0.42	0.93	41	35	51	47	43	56	31	33	67	53	35	63
PA14_59630	PA14_59630	-0.092	6.603	0.54	1	0.47	0.95	419	437	460	462	430	511	316	410	610	521	357	579
PA14_60550	PA14_60550	0.61	9.19	0.54	1	0.064	0.5	6047	1960	1911	2133	2160	2212	4573	1837	2543	2407	1794	2510
PA14_61440	PA14_61440	0.153	3.219	0.54	1	0.67	0.98	32	47	51	39	50	30	23	44	67	44	42	34
PA14_62530	cbrA	-0.082	6.194	0.54	1	0.52	0.96	344	332	317	363	336	349	260	311	422	410	279	396
PA14_62570	folK	0.183	3.146	0.54	1	0.52	0.96	28	49	47	46	33	32	20	46	62	51	27	36
PA14_63040	yfjF	-0.086	5.918	0.54	1	0.54	0.96	268	286	265	272	263	332	202	268	352	307	218	376
PA14_63730	PA14_63730	-0.232	2.393	0.54	1	0.42	0.93	22	22	19	21	30	25	17	21	26	24	25	28
PA14_66050	PA14_66050	-0.099	4.964	0.54	1	0.56	0.97	159	135	124	153	154	138	121	127	165	173	128	157
PA14_68120	opmG	-0.202	2.715	0.54	1	0.49	0.96	29	27	26	42	30	22	22	25	35	47	25	25
PA14_68170	rmlB	0.074	8.619	0.54	1	0.69	0.99	1553	1771	2337	1961	2032	1386	1171	1661	3101	2212	1689	1574
PA14_69130	glpT	-0.116	5.141	0.54	1	0.41	0.92	154	147	168	158	166	185	116	138	223	179	138	210
PA14_69190	rho	0.074	9.385	0.54	1	0.69	0.99	2419	2916	4293	3051	3288	2806	1824	2735	5697	3443	2732	3184
PA14_69380	fkl	0.09	4.435	0.54	1	0.71	1	88	89	127	88	109	92	66	83	167	99	91	105
PA14_70450	rpoZ	0.05	8.447	0.54	1	0.75	1	1398	1583	1999	1650	1647	1518	1054	1485	2652	1862	1368	1723
PA14_70970	betI	0.177	3.165	0.54	1	0.4	0.91	41	43	43	36	34	42	31	40	57	41	28	47
PA14_71400	PA14_71400	-0.408	1.064	0.54	1	0.52	0.96	10	5	6	15	7	5	8	5	8	17	6	6
PA14_72470	PA14_72470	-0.182	6.856	0.54	1	0.24	0.8	465	434	620	530	660	537	350	407	821	598	549	610
EBG00001225018	RNaseP_bact_a	-0.096	11.551	0.55	1	0.53	0.96	14022	12470	14277	13100	12926	17545	10585	11696	18959	14783	10737	19906
EBG00001225146	6S	0.493	0.634	0.55	1	0.48	0.96	8	6	4	3	6	4	6	6	6	3	5	5
PA14_03270	PA14_03270	-0.062	7.727	0.55	1	0.67	0.99	1057	927	924	920	937	1175	799	869	1227	1039	778	1332
PA14_03610	ycaL	-0.292	1.555	0.55	1	0.54	0.96	9	18	6	17	12	11	7	17	9	19	10	13
PA14_07620	cca	0.129	4.357	0.55	1	0.4	0.91	104	91	99	91	83	94	79	85	132	103	69	106
PA14_07650	ycgB	-0.06	9.82	0.55	1	0.65	0.98	4334	4202	3899	3909	4289	4768	3272	3941	5179	4411	3563	5409
PA14_08970	rplE	0.092	9.051	0.55	1	0.49	0.96	2602	2574	2512	2238	2218	2756	1964	2414	3336	2526	1842	3126
PA14_15435	PA14_15435	-0.111	4.717	0.55	1	0.49	0.96	129	106	115	116	123	138	98	99	153	131	102	156
PA14_15890	purT	0.104	5.25	0.55	1	0.44	0.94	183	188	179	169	177	166	138	176	238	191	147	188
PA14_18090	PA14_18090	-0.131	4.298	0.55	1	0.43	0.93	92	73	94	99	94	91	70	68	124	112	78	103
PA14_18260	fruK	0.18	3.419	0.55	1	0.39	0.91	47	63	45	55	34	46	35	59	61	62	28	52
PA14_19290	srmB	-0.124	5.98	0.55	1	0.38	0.91	277	234	330	305	315	299	209	219	436	344	262	339
PA14_22190	PA14_22190	-0.267	2.779	0.55	1	0.34	0.88	19	23	39	36	24	38	14	21	50	41	19	43
PA14_22800	yciB	-0.131	5.769	0.55	1	0.33	0.87	216	227	281	252	284	262	162	213	372	285	236	297
PA14_22870	PA14_22870	-0.144	4.112	0.55	1	0.4	0.91	78	64	82	88	90	71	59	60	108	99	75	81
PA14_23250	PA14_23250	-0.116	5.406	0.55	1	0.38	0.91	172	186	206	194	201	218	129	174	273	219	167	247
PA14_23350	orfA	-0.076	7.115	0.55	1	0.63	0.98	731	571	592	609	593	791	553	535	787	688	492	897
PA14_23480	PA14_23480	-0.106	5.808	0.55	1	0.49	0.96	208	307	238	270	257	283	156	288	316	305	213	321
PA14_23490	PA14_23490	0.314	1.559	0.55	1	0.49	0.96	11	9	17	12	11	8	8	8	22	13	9	9
PA14_24675	PA14_24675	-0.067	5.988	0.55	1	0.65	0.98	316	279	271	322	266	316	239	262	360	363	220	358
PA14_25480	PA14_25480	0.107	5.071	0.55	1	0.45	0.94	158	166	158	155	152	141	119	156	210	175	126	160
PA14_26360	btuC	0.334	1.484	0.55	1	0.38	0.91	16	16	9	14	7	9	12	15	12	16	6	10
PA14_29320	PA14_29320	0.117	4.247	0.55	1	0.57	0.97	89	86	97	102	85	64	67	81	128	115	71	73
PA14_29620	norR	0.098	5.241	0.55	1	0.48	0.96	187	174	182	165	179	164	141	163	242	186	149	186
PA14_29710	PA14_29710	0.126	5.267	0.55	1	0.39	0.91	222	161	177	176	162	174	169	151	235	198	134	197
PA14_31310	PA14_31310	0.083	6.459	0.55	1	0.52	0.96	407	416	444	378	378	440	307	390	589	427	314	499
PA14_33860	lldA	-0.143	3.798	0.55	1	0.48	0.96	57	75	50	60	80	62	43	71	67	68	67	70
PA14_33920	PA14_33920	0.105	4.132	0.55	1	0.64	0.98	70	77	102	90	81	63	52	72	134	101	67	72
PA14_34850	PA14_34850	0.096	6.098	0.55	1	0.51	0.96	359	338	295	298	359	272	272	317	393	336	299	309
PA14_35490	lpdV	-0.111	5.066	0.55	1	0.45	0.94	151	150	147	175	169	140	114	141	195	197	141	159
PA14_35630	pslJ	0.167	4.02	0.55	1	0.37	0.91	94	84	57	65	78	65	72	79	78	74	65	74
PA14_36150	PA14_36150	-1.265	-0.232	0.55	1	0.24	0.81	1	2	0	0	1	6	1	2	0	0	1	7
PA14_36420	PA14_36420	-0.069	6.705	0.55	1	0.6	0.97	520	460	448	490	491	513	393	431	595	553	408	582
PA14_37560	asnB	-0.116	7.045	0.55	1	0.43	0.93	599	508	666	720	648	555	452	476	883	812	538	630
PA14_40750	PA14_40750	-0.072	10.012	0.55	1	0.6	0.97	4375	5241	4528	4593	4796	5476	3302	4916	6014	5183	3984	6213
PA14_41290	PA14_41290	-0.504	0.663	0.55	1	0.29	0.84	4	2	6	5	7	6	3	2	8	6	6	7
PA14_41910	PA14_41910	0.102	5.373	0.55	1	0.46	0.95	217	175	207	192	182	183	164	164	275	217	151	208
PA14_42100	PA14_42100	0.124	4.359	0.55	1	0.41	0.92	96	102	98	95	90	86	72	96	130	107	75	98
PA14_45030	ttuD	0.523	0.404	0.55	1	0.46	0.95	4	7	5	5	4	3	3	7	7	6	3	3
PA14_46010	PA14_46010	-0.328	3.778	0.55	1	0.19	0.76	41	42	83	69	85	55	30	39	107	78	71	63
PA14_48440	PA14_48440	0.232	2.271	0.55	1	0.5	0.96	20	27	22	19	24	16	15	25	29	22	20	18
PA14_48450	PA14_48450	-0.143	3.606	0.55	1	0.55	0.96	60	51	47	70	59	45	46	48	63	78	49	52
PA14_48740	yieF	-0.155	3.6	0.55	1	0.42	0.93	52	47	58	64	53	57	39	44	76	72	44	65
PA14_48840	PA14_48840	-0.346	1.355	0.55	1	0.45	0.94	8	10	8	15	9	9	6	9	11	17	7	10
PA14_51080	PA14_51080	0.171	3.26	0.55	1	0.42	0.93	46	43	47	49	32	39	35	40	62	55	26	44
PA14_51560	PA14_51560	0.075	7.23	0.55	1	0.56	0.97	650	796	714	656	681	714	490	747	948	740	566	810
PA14_51940	PA14_51940	-0.204	2.98	0.55	1	0.5	0.96	40	24	33	32	29	50	31	22	44	36	24	56
PA14_52530	PA14_52530	0.109	4.996	0.55	1	0.44	0.94	152	160	149	130	146	152	115	150	198	147	121	172
PA14_53270	PA14_53270	-0.192	3.365	0.55	1	0.37	0.9	38	45	48	55	61	35	28	42	63	62	51	40
PA14_54860	PA14_54860	-0.059	7.338	0.55	1	0.67	0.99	777	763	683	709	723	882	587	716	908	800	600	1000
PA14_57780	hisD	-0.11	5.273	0.55	1	0.44	0.94	177	164	176	201	194	165	134	154	234	226	161	188
PA14_58840	PA14_58840	0.093	7.058	0.55	1	0.45	0.95	662	663	605	579	609	620	500	622	804	654	506	703
PA14_61090	PA14_61090	-0.091	5.271	0.55	1	0.55	0.96	163	198	160	199	169	186	123	186	213	224	140	211
PA14_61330	mgtC	-0.351	1.355	0.55	1	0.37	0.9	8	5	12	10	12	11	6	5	15	11	10	13
PA14_62360	PA14_62360	-0.14	4.039	0.55	1	0.49	0.96	64	75	74	101	68	66	48	70	98	113	56	75
PA14_62710	pnp	0.106	8.118	0.55	1	0.44	0.94	1556	1191	1297	1281	1178	1298	1176	1117	1723	1445	978	1473
PA14_63270	PA14_63270	0.139	4.864	0.55	1	0.41	0.92	147	153	123	158	120	105	111	144	165	178	99	120
PA14_66080	msbA	0.055	8.022	0.55	1	0.74	1	1050	1107	1557	1205	1242	1131	791	1038	2065	1360	1032	1284
PA14_67090	mdoG	-0.068	7.304	0.55	1	0.61	0.97	749	689	726	784	669	814	566	646	964	884	555	923
PA14_68150	PA14_68150	0.735	0.033	0.55	1	0.46	0.95	4	2	4	3	2	1	3	2	5	3	2	1
PA14_70770	PA14_70770	0.095	6.283	0.55	1	0.44	0.94	366	393	367	342	337	374	276	369	487	386	280	424
PA14_71100	yeiH	0.129	4.859	0.55	1	0.59	0.97	143	101	174	136	157	90	108	94	229	153	131	103
PA14_72360	PA14_72360	-0.083	9.103	0.55	1	0.5	0.96	2396	2629	2479	2636	2718	2596	1808	2466	3292	2974	2258	2946
PA14_73040	amiA	0.32	2.122	0.55	1	0.32	0.87	32	17	15	13	17	20	25	16	21	15	14	23
PA14_73100	PA14_73100	0.193	2.974	0.55	1	0.35	0.88	38	43	31	36	29	32	29	40	42	40	24	36
EBG00001225046	tRNA	-0.584	0.199	0.56	1	0.41	0.92	4	3	2	2	7	5	3	3	3	2	6	6
EBG00001225112	tRNA	-0.584	0.344	0.56	1	0.41	0.92	4	2	3	3	6	4	3	2	4	4	5	5
PA14_01470	PA14_01470	0.112	6.214	0.56	1	0.39	0.91	371	396	312	326	322	348	280	372	416	368	267	395
PA14_03220	PA14_03220	0.077	6.379	0.56	1	0.56	0.96	405	361	429	357	372	405	306	338	569	403	309	459
PA14_04730	PA14_04730	-0.093	5.659	0.56	1	0.51	0.96	223	239	220	272	240	215	168	224	292	306	199	244
PA14_05060	PA14_05060	-0.061	6.752	0.56	1	0.7	1	569	492	420	453	500	588	431	461	559	512	415	667
PA14_06270	catD	-0.192	2.836	0.56	1	0.58	0.97	28	39	21	41	36	23	21	37	29	46	30	27
PA14_07030	PA14_07030	-0.126	4.838	0.56	1	0.37	0.9	110	125	142	134	133	147	82	117	188	151	110	167
PA14_07680	prkA	0.064	12.27	0.56	1	0.62	0.97	22335	24631	23981	21315	22700	23862	16859	23102	31846	24052	18857	27075
PA14_08070	gpFI	0.095	11.392	0.56	1	0.49	0.96	14519	12144	12369	11207	11850	13477	10961	11390	16426	12646	9844	15291
PA14_10870	PA14_10870	-0.336	1.439	0.56	1	0.44	0.94	8	10	9	12	11	11	6	9	12	13	9	13
PA14_14170	PA14_14170	0.106	5.34	0.56	1	0.49	0.96	195	215	176	206	189	149	147	202	235	232	157	170
PA14_16390	PA14_16390	0.103	5.436	0.56	1	0.44	0.94	209	224	193	182	204	196	158	210	257	206	170	222
PA14_16840	PA14_16840	-0.158	3.532	0.56	1	0.39	0.91	50	47	51	55	61	51	38	44	68	62	51	58
PA14_17120	cdsA	0.093	5.93	0.56	1	0.47	0.95	289	308	281	292	283	249	218	289	374	329	235	283
PA14_17410	PA14_17410	-0.098	5.38	0.56	1	0.48	0.96	173	196	188	215	183	198	130	184	250	242	152	225
PA14_17510	PA14_17510	-0.229	2.496	0.56	1	0.37	0.9	18	19	28	22	26	30	13	18	37	25	22	34
PA14_19320	PA14_19320	0.137	3.735	0.56	1	0.48	0.95	65	56	68	59	62	52	49	52	90	66	52	59
PA14_21190	PA14_21190	-0.058	7.632	0.56	1	0.66	0.98	927	990	813	924	934	981	700	929	1081	1043	776	1113
PA14_22210	PA14_22210	0.36	1.238	0.56	1	0.49	0.96	10	5	12	6	7	9	8	5	16	7	6	10
PA14_22580	PA14_22580	-0.2	3.116	0.56	1	0.46	0.95	26	48	33	51	40	32	19	45	44	57	33	37
PA14_23700	PA14_23700	0.107	5.634	0.56	1	0.41	0.92	237	253	227	231	203	230	179	237	302	260	168	261
PA14_24110	PA14_24110	-0.32	1.712	0.56	1	0.44	0.94	13	12	10	7	13	22	10	11	13	8	11	25
PA14_26990	PA14_26990	0.129	4.476	0.56	1	0.39	0.91	122	102	99	96	99	100	93	96	132	108	82	113
PA14_27500	yfbQ	-0.118	4.808	0.56	1	0.46	0.95	138	105	127	138	146	118	105	98	169	156	122	134
PA14_29240	PA14_29240	-0.114	4.622	0.56	1	0.45	0.94	112	113	101	109	127	117	85	106	135	123	106	133
PA14_29920	nuoI	0.221	5.008	0.56	1	0.24	0.81	207	146	128	118	126	167	158	137	172	134	104	189
PA14_31990	czcB	0.229	2.394	0.56	1	0.44	0.94	31	18	24	25	19	17	24	17	32	28	16	20
PA14_33930	PA14_33930	-0.232	4.559	0.56	1	0.24	0.8	82	93	123	121	145	87	61	87	162	136	121	100
PA14_34350	mtlY	0.662	-0.038	0.56	1	0.49	0.96	4	6	1	2	5	1	3	6	2	2	4	1
PA14_35110	arsB	-0.336	1.353	0.56	1	0.44	0.94	10	9	8	12	12	10	8	8	11	14	10	11
PA14_35140	PA14_35140	-0.187	2.823	0.56	1	0.5	0.96	24	38	24	40	31	27	18	36	33	45	26	31
PA14_35680	pslF	0.314	1.495	0.56	1	0.61	0.97	6	16	16	10	15	7	4	15	21	11	13	8
PA14_36540	PA14_36540	-0.336	1.44	0.56	1	0.46	0.95	7	12	8	14	12	8	5	11	11	16	10	9
PA14_39790	PA14_39790	0.132	3.947	0.56	1	0.46	0.95	69	77	75	71	69	62	52	72	99	80	57	71
PA14_41150	PA14_41150	-0.11	4.502	0.56	1	0.54	0.96	90	110	102	115	88	121	67	103	135	130	72	137
PA14_43180	PA14_43180	-0.145	3.904	0.56	1	0.39	0.91	64	57	74	76	70	70	48	53	97	86	58	79
PA14_43230	PA14_43230	0.174	3.984	0.56	1	0.55	0.96	47	97	82	77	74	50	34	91	109	87	62	57
PA14_43290	PA14_43290	-0.13	4.681	0.56	1	0.44	0.94	113	110	116	135	143	95	85	103	154	152	119	108
PA14_45700	PA14_45700	0.118	4.757	0.56	1	0.42	0.93	141	133	116	111	132	115	107	125	155	126	110	131
PA14_46170	yneJ	0.112	4.437	0.56	1	0.52	0.96	102	100	109	107	101	82	77	94	144	120	84	93
PA14_49710	yedU	-0.149	3.543	0.56	1	0.46	0.95	52	48	51	59	49	58	39	45	68	67	40	66
PA14_50940	PA14_50940	0.059	5.887	0.56	1	0.71	1	248	260	334	263	266	281	186	244	441	297	221	319
PA14_51200	PA14_51200	-0.155	3.433	0.56	1	0.52	0.96	46	39	51	54	37	59	35	36	67	61	30	67
PA14_51310	yrkI	0.151	3.302	0.56	1	0.55	0.96	48	40	52	50	44	32	36	37	69	56	37	37
PA14_51770	ybgC	0.081	8.134	0.56	1	0.54	0.96	1388	1265	1401	1223	1197	1412	1048	1186	1860	1380	994	1602
PA14_52910	PA14_52910	0.366	1.139	0.56	1	0.42	0.93	8	13	8	11	6	5	6	12	11	12	5	6
PA14_56390	PA14_56390	0.118	5.635	0.56	1	0.36	0.89	256	254	211	228	209	225	194	238	282	257	173	255
PA14_57260	lpxC	0.035	9.501	0.56	1	0.81	1	3098	3144	4055	3181	3492	3377	2338	2949	5382	3590	2901	3832
PA14_57980	PA14_57980	0.051	7.412	0.56	1	0.76	1	647	857	924	714	903	731	487	804	1226	806	751	830
PA14_58360	PA14_58360	0.095	5.728	0.56	1	0.45	0.94	249	265	248	236	242	237	188	249	330	266	201	269
PA14_59620	PA14_59620	-0.108	8.868	0.56	1	0.5	0.96	1782	2616	1921	2127	2159	2523	1344	2454	2552	2400	1793	2862
PA14_61890	PA14_61890	0.179	2.987	0.56	1	0.5	0.96	32	37	41	45	26	27	24	35	54	50	21	31
PA14_64030	PA14_64030	-0.078	8.906	0.56	1	0.53	0.96	2142	2236	2174	2230	2322	2366	1617	2097	2887	2517	1929	2684
PA14_65410	orn	0.081	6.49	0.56	1	0.51	0.96	415	431	448	394	390	438	313	404	594	445	324	497
PA14_65900	PA14_65900	-0.122	5.23	0.56	1	0.39	0.91	142	185	172	170	197	179	106	174	228	192	164	203
PA14_65970	PA14_65970	0.139	3.811	0.56	1	0.48	0.96	59	80	61	63	63	56	44	75	82	71	52	64
PA14_66420	ytnM	0.074	5.512	0.56	1	0.7	1	173	240	238	197	243	180	129	225	315	223	203	205
PA14_66520	PA14_66520	0.301	1.665	0.56	1	0.42	0.93	12	16	13	10	13	11	9	15	17	11	11	12
PA14_66820	phaC1	-0.066	6.882	0.56	1	0.62	0.97	591	504	519	538	543	608	447	473	690	607	451	689
PA14_68230	PA14_68230	0.084	6.326	0.56	1	0.5	0.96	387	385	381	380	372	335	292	361	506	429	309	381
PA14_68860	gcvH1	0.093	5.924	0.56	1	0.49	0.96	322	251	304	283	265	273	244	235	403	319	220	310
PA14_70870	PA14_70870	-0.291	1.582	0.56	1	0.52	0.96	12	12	10	14	8	19	9	11	14	16	6	21
PA14_72110	PA14_72110	0.122	4.267	0.56	1	0.48	0.95	95	84	97	94	84	76	72	79	128	106	70	86
PA14_72410	PA14_72410	0.139	3.364	0.56	1	0.66	0.98	38	50	56	48	55	29	28	47	73	54	46	34
PA14_72790	PA14_72790	-0.088	4.583	0.56	1	0.67	0.99	122	119	83	99	121	123	93	112	112	112	101	139
EBG00001225058	tRNA	-0.773	-0.065	0.57	1	0.43	0.93	1	1	2	2	5	3	1	1	3	2	4	3
PA14_00680	PA14_00680	0.356	1.774	0.57	1	0.45	0.94	11	24	12	10	20	8	8	23	16	11	17	9
PA14_00740	PA14_00740	-0.161	3.266	0.57	1	0.46	0.95	40	44	38	51	43	41	30	41	51	57	36	47
PA14_02140	PA14_02140	-0.226	2.208	0.57	1	0.57	0.97	21	13	19	27	14	20	16	12	25	30	11	23
PA14_02830	pcaB	0.146	4.374	0.57	1	0.39	0.91	104	114	85	107	78	87	79	107	114	120	64	99
PA14_07430	PA14_07430	-0.08	6.744	0.57	1	0.51	0.96	503	475	480	530	516	493	380	445	637	598	429	560
PA14_07520	rpoD	-0.078	10.835	0.57	1	0.56	0.97	8331	7941	8710	7882	8656	9825	6289	7448	11566	8895	7191	11147
PA14_08060	PA14_08060	0.097	8.855	0.57	1	0.5	0.96	2498	2011	2212	1882	2012	2390	1887	1886	2938	2124	1671	2711
PA14_10850	PA14_10850	-0.324	1.392	0.57	1	0.46	0.95	12	8	9	14	12	9	9	7	12	16	10	10
PA14_15140	PA14_15140	0.365	1.294	0.57	1	0.53	0.96	3	10	16	8	7	8	2	9	20	9	6	9
PA14_17530	recA	0.087	8.598	0.57	1	0.49	0.96	2010	1793	1802	1692	1755	1831	1518	1682	2393	1909	1458	2077
PA14_20650	dsdA	0.104	4.26	0.57	1	0.62	0.97	89	92	90	82	105	66	67	86	120	93	88	76
PA14_22010	minE	-0.152	6.79	0.57	1	0.34	0.88	383	494	589	581	468	581	287	463	780	655	388	659
PA14_22570	csaA	0.178	2.854	0.57	1	0.5	0.96	33	31	38	35	27	29	25	29	50	39	22	33
PA14_22710	ydjA	0.124	4.957	0.57	1	0.5	0.96	140	174	136	158	153	101	105	163	181	178	128	115
PA14_23520	PA14_23520	-0.121	4.304	0.57	1	0.52	0.96	101	67	91	87	94	102	77	63	121	98	78	115
PA14_27150	PA14_27150	-0.21	3.744	0.57	1	0.39	0.91	58	41	69	85	62	48	44	38	90	95	51	55
PA14_28320	PA14_28320	-0.177	2.976	0.57	1	0.47	0.95	27	40	31	34	34	43	20	38	42	39	28	49
PA14_28940	PA14_28940	0.159	3.697	0.57	1	0.39	0.91	73	67	50	61	59	48	56	63	67	69	49	55
PA14_32850	PA14_32850	-0.133	4.09	0.57	1	0.4	0.92	73	70	79	75	83	87	55	66	105	85	69	99
PA14_33430	PA14_33430	-0.382	1.066	0.57	1	0.4	0.92	8	2	10	10	10	8	6	2	13	11	8	9
PA14_35030	PA14_35030	-0.721	0.066	0.57	1	0.35	0.88	0	2	4	2	3	7	0	2	5	2	2	8
PA14_38510	hmgA	0.135	3.915	0.57	1	0.44	0.94	74	78	64	63	72	62	56	73	86	71	60	70
PA14_41220	lon	-0.058	11.835	0.57	1	0.69	0.99	17702	16873	15740	15295	16955	20111	13363	15826	20903	17260	14085	22818
PA14_41240	clpP	0.057	9.338	0.57	1	0.67	0.98	3133	2798	3337	2777	2994	3142	2365	2624	4431	3134	2487	3565
PA14_42290	pscH	0.29	1.615	0.57	1	0.46	0.95	10	19	13	15	9	11	7	18	18	17	7	12
PA14_47760	cobB	0.113	4.794	0.57	1	0.52	0.96	129	153	116	135	137	96	97	144	155	152	114	110
PA14_48420	PA14_48420	0.129	4.562	0.57	1	0.4	0.91	119	122	100	116	99	95	90	115	134	131	82	108
PA14_49360	PA14_49360	-0.069	6.969	0.57	1	0.61	0.97	558	644	513	618	614	566	421	604	682	697	510	643
PA14_49700	PA14_49700	0.098	5.177	0.57	1	0.5	0.96	186	160	173	171	171	143	141	150	230	193	142	163
PA14_50710	phaD	0.111	6.601	0.57	1	0.39	0.91	514	491	406	440	433	431	389	461	540	496	360	489
PA14_54460	PA14_54460	0.159	3.582	0.57	1	0.52	0.96	63	55	54	65	57	32	48	52	72	73	48	37
PA14_54900	PA14_54900	0.039	6.759	0.57	1	0.8	1	441	500	591	475	529	492	332	469	783	536	440	558
PA14_56420	PA14_56420	-0.088	6.526	0.57	1	0.47	0.95	428	404	419	436	461	434	323	379	557	492	383	492
PA14_56430	PA14_56430	-0.136	3.854	0.57	1	0.48	0.96	59	71	58	75	70	61	44	67	77	84	58	70
PA14_58970	PA14_58970	-0.408	1.183	0.57	1	0.44	0.94	3	8	9	12	4	12	2	8	12	13	3	14
PA14_59130	PA14_59130	0.211	2.466	0.57	1	0.47	0.95	20	30	26	24	22	20	15	28	34	27	18	23
PA14_60380	ribF	0.053	6.451	0.57	1	0.76	1	368	359	515	401	433	366	277	336	681	452	360	416
PA14_60780	PA14_60780	0.127	4.25	0.57	1	0.4	0.92	94	91	90	93	75	82	71	85	120	105	62	93
PA14_62420	PA14_62420	0.083	7.021	0.57	1	0.51	0.96	614	653	604	637	585	544	463	613	803	718	486	618
PA14_66630	pilP	-0.065	8.29	0.57	1	0.67	0.99	1657	1339	1301	1311	1447	1735	1252	1256	1729	1480	1202	1968
PA14_67850	PA14_67850	0.096	3.895	0.57	1	0.72	1	58	61	87	57	76	62	43	57	114	65	64	70
PA14_69660	lppL	0.057	6.155	0.57	1	0.75	1	263	351	396	306	358	311	197	329	524	345	298	353
PA14_70950	betB	0.104	4.798	0.57	1	0.46	0.95	136	124	140	123	124	125	103	116	185	139	103	142
PA14_71570	PA14_71570	-0.096	5.486	0.57	1	0.48	0.95	204	202	197	196	224	225	154	189	262	221	186	255
PA14_71840	PA14_71840	-0.078	6.734	0.57	1	0.55	0.96	515	441	493	544	491	493	389	413	655	613	408	560
PA14_01690	PA14_01690	0.226	2.568	0.58	1	0.38	0.91	35	32	20	22	21	29	27	30	27	25	17	33
PA14_02570	mdcC	-0.525	0.476	0.58	1	0.49	0.96	3	7	2	10	5	2	2	7	3	11	4	3
PA14_02660	PA14_02660	-0.133	3.707	0.58	1	0.54	0.96	64	54	53	55	63	70	49	51	71	62	52	79
PA14_04580	folA	0.164	2.983	0.58	1	0.56	0.97	36	40	34	35	42	23	27	38	46	39	35	27
PA14_06580	PA14_06580	0.05	6.263	0.58	1	0.74	1	345	331	415	366	375	315	260	310	549	413	312	358
PA14_07000	dsbB	0.165	3.177	0.58	1	0.45	0.94	40	43	46	42	27	45	30	40	61	47	22	51
PA14_08050	PA14_08050	0.09	11.403	0.58	1	0.53	0.96	14371	12130	12750	10839	12043	14003	10849	11377	16932	12231	10004	15888
PA14_08580	PA14_08580	-0.772	-0.269	0.58	1	0.43	0.93	0	2	2	2	2	4	0	2	3	2	2	5
PA14_10940	PA14_10940	-0.103	5.064	0.58	1	0.46	0.95	151	144	154	165	157	160	114	135	204	186	130	182
PA14_11120	rcsB	-0.074	5.835	0.58	1	0.65	0.98	284	264	229	227	270	319	215	248	305	257	224	361
PA14_11940	PA14_11940	0.094	6.947	0.58	1	0.46	0.95	607	631	550	595	540	538	458	592	731	671	448	611
PA14_13660	PA14_13660	0.607	0.221	0.58	1	0.4	0.91	6	4	2	0	2	5	5	4	3	0	2	6
PA14_14730	iscS	0.064	8.161	0.58	1	0.61	0.97	1346	1307	1454	1280	1263	1385	1016	1226	1930	1445	1049	1571
PA14_16280	PA14_16280	-0.075	6.617	0.58	1	0.73	1	604	437	299	431	432	549	459	410	400	487	358	622
PA14_18810	PA14_18810	0.328	7.07	0.58	1	0.5	0.96	886	119	1092	452	541	675	671	110	1443	511	449	765
PA14_20740	flgA	-0.09	6.258	0.58	1	0.49	0.96	319	385	332	347	388	368	240	361	441	392	323	417
PA14_22040	minC	-0.093	4.853	0.58	1	0.55	0.96	132	133	124	136	122	155	100	125	165	153	101	176
PA14_22770	PA14_22770	-0.133	4.667	0.58	1	0.35	0.89	100	109	125	123	137	110	75	102	165	139	114	125
PA14_25510	lpxK	0.101	5.217	0.58	1	0.45	0.94	184	179	172	168	164	166	139	168	229	190	136	188
PA14_25770	pilZ	0.048	6.943	0.58	1	0.77	1	476	562	709	546	569	577	358	527	939	616	473	655
PA14_27520	gpo	-0.087	4.828	0.58	1	0.65	0.98	146	127	111	111	135	160	111	119	149	126	112	181
PA14_28020	PA14_28020	-0.269	1.434	0.58	1	0.67	0.99	15	13	4	15	12	10	12	12	6	17	10	11
PA14_29280	trxA	0.125	4.2	0.58	1	0.44	0.94	91	94	80	86	83	73	69	88	107	97	69	83
PA14_29330	PA14_29330	-0.068	8.607	0.58	1	0.59	0.97	1753	1833	1760	1774	1813	2017	1323	1719	2337	2002	1506	2288
PA14_29570	PA14_29570	-0.157	3.042	0.58	1	0.56	0.97	36	42	27	36	35	44	27	40	37	41	29	50
PA14_30260	ate1	-0.059	7.715	0.58	1	0.66	0.98	976	969	942	955	920	1131	737	909	1251	1078	764	1283
PA14_32710	PA14_32710	0.075	6.573	0.58	1	0.55	0.96	469	414	483	451	418	427	354	388	641	509	347	485
PA14_36960	PA14_36960	0.266	1.783	0.58	1	0.44	0.94	19	18	12	9	18	14	15	17	16	10	15	16
PA14_37100	PA14_37100	0.172	2.946	0.58	1	0.48	0.96	31	39	37	37	28	30	23	37	49	42	23	34
PA14_37780	PA14_37780	0.088	6.092	0.58	1	0.54	0.96	312	342	328	367	287	270	235	321	436	413	238	307
PA14_39750	PA14_39750	0.637	0.32	0.58	1	0.49	0.96	6	0	9	0	6	4	5	0	11	0	5	5
PA14_44590	PA14_44590	0.108	4.693	0.58	1	0.52	0.96	136	110	127	96	113	136	103	103	169	109	94	154
PA14_47190	cyoB	-0.152	4.432	0.58	1	0.39	0.91	92	73	115	89	109	114	69	68	151	101	91	129
PA14_49530	PA14_49530	0.324	1.364	0.58	1	0.61	0.97	7	14	11	6	12	8	5	13	14	7	10	9
PA14_51060	PA14_51060	0.179	2.601	0.58	1	0.66	0.98	24	24	35	23	30	22	18	22	45	26	25	25
PA14_52000	PA14_52000	-0.137	3.625	0.58	1	0.51	0.96	46	62	53	58	50	67	34	58	70	66	41	76
PA14_52550	PA14_52550	-0.248	9.222	0.58	1	0.2	0.76	1842	2397	3427	2676	3361	3066	1388	2248	4546	3020	2793	3479
PA14_52630	aruE	0.083	11.359	0.58	1	0.52	0.96	13388	12515	12080	11305	11905	12647	10107	11738	16042	12757	9890	14349
PA14_53400	PA14_53400	-0.262	5.431	0.58	1	0.19	0.76	169	176	203	169	308	180	127	165	268	192	258	205
PA14_55460	hxcZ	-0.529	0.286	0.58	1	0.57	0.97	5	4	1	6	7	2	4	4	2	7	6	2
PA14_56770	PA14_56770	0.6	0.225	0.58	1	0.51	0.96	5	5	2	4	4	1	4	5	3	4	3	1
PA14_58380	PA14_58380	0.089	4.291	0.58	1	0.69	0.99	75	86	113	88	84	89	56	81	149	99	70	101
PA14_59320	pilS2	0.329	1.241	0.58	1	0.44	0.94	12	8	12	6	7	12	9	7	16	7	6	13
PA14_59400	PA14_59400	-0.083	7.896	0.58	1	0.54	0.96	1061	1028	1156	1037	1095	1306	801	964	1534	1171	909	1481
PA14_59550	PA14_59550	-0.19	7.502	0.58	1	0.26	0.82	667	666	1039	877	921	909	502	624	1376	990	765	1031
PA14_59920	PA14_59920	-0.209	2.614	0.58	1	0.39	0.91	17	23	31	30	24	29	12	22	40	34	20	33
PA14_61410	PA14_61410	0.085	8.331	0.58	1	0.5	0.96	1585	1651	1419	1416	1493	1478	1197	1549	1885	1598	1240	1677
PA14_61610	PA14_61610	0.131	3.777	0.58	1	0.5	0.96	74	57	67	54	64	63	56	53	89	61	53	71
PA14_62690	PA14_62690	-0.142	10.268	0.58	1	0.38	0.91	4526	6130	5813	6685	6527	4961	3415	5750	7719	7543	5423	5630
PA14_64840	PA14_64840	0.137	3.944	0.58	1	0.41	0.92	72	82	66	66	64	69	54	77	88	74	53	78
PA14_67540	PA14_67540	-0.183	2.912	0.58	1	0.46	0.95	31	27	35	44	33	29	23	25	46	49	27	33
PA14_69630	rnk	-0.187	6.633	0.58	1	0.27	0.82	352	465	483	510	590	382	264	436	640	575	491	435
PA14_71330	PA14_71330	-0.314	1.405	0.58	1	0.47	0.95	11	9	10	15	13	8	8	8	13	17	11	9
PA14_72700	PA14_72700	-0.226	2.168	0.58	1	0.54	0.96	17	21	16	23	16	23	13	20	21	26	13	26
PA14_04520	PA14_04520	-0.202	4.821	0.59	1	0.34	0.88	107	132	126	161	171	89	80	124	167	181	143	102
PA14_05070	metW	-0.085	4.329	0.59	1	0.72	1	108	83	77	96	82	103	83	78	103	108	68	117
PA14_05400	PA14_05400	0.093	6.305	0.59	1	0.46	0.95	406	386	352	379	363	328	307	362	468	427	302	373
PA14_08370	vfr	0.047	7.714	0.59	1	0.78	1	868	852	1271	944	1036	919	654	799	1685	1065	861	1043
PA14_13940	PA14_13940	-0.083	8.375	0.59	1	0.57	0.97	1543	1432	1551	1364	1536	1892	1165	1343	2059	1540	1276	2146
PA14_15790	nagF	-0.089	5.609	0.59	1	0.51	0.96	211	245	204	230	248	224	159	230	271	260	206	254
PA14_17220	lpxB	0.097	5.123	0.59	1	0.5	0.96	167	169	163	169	159	140	126	159	217	190	132	159
PA14_19900	PA14_19900	-0.063	6.6	0.59	1	0.71	1	463	531	338	439	479	471	350	498	451	496	398	534
PA14_21790	rdgC	0.197	2.407	0.59	1	0.61	0.97	13	29	28	23	22	17	9	27	37	26	18	20
PA14_22160	PA14_22160	0.426	0.813	0.59	1	0.42	0.93	6	10	6	5	1	8	4	9	8	6	1	9
PA14_22670	yrbF	-0.088	4.829	0.59	1	0.62	0.97	142	135	107	137	148	121	108	127	143	155	123	138
PA14_26530	cobJ	0.111	4.933	0.59	1	0.47	0.95	142	169	129	153	135	119	107	159	172	172	112	135
PA14_26750	PA14_26750	-0.137	4.212	0.59	1	0.43	0.93	85	61	97	88	90	90	64	57	127	99	75	102
PA14_27330	dhs	-0.121	4.264	0.59	1	0.43	0.93	77	86	88	89	94	93	58	81	116	100	78	105
PA14_28830	PA14_28830	-0.045	9.406	0.59	1	0.74	1	3298	3137	2948	2966	3003	3712	2490	2942	3916	3347	2494	4211
PA14_31800	PA14_31800	-0.096	6.988	0.59	1	0.47	0.95	566	504	646	615	594	627	427	472	857	694	493	711
PA14_32450	PA14_32450	0.128	3.634	0.59	1	0.53	0.96	57	51	66	62	50	48	43	48	87	70	41	55
PA14_35400	pvcC	0.386	0.869	0.59	1	0.64	0.98	3	8	9	4	8	4	2	8	12	5	7	5
PA14_38010	PA14_38010	0.093	5.011	0.59	1	0.52	0.96	159	141	162	153	144	136	120	132	215	172	120	155
PA14_39390	PA14_39390	0.093	6.718	0.59	1	0.46	0.95	535	486	501	494	427	503	404	456	665	557	354	571
PA14_41060	rnhA	0.079	5.27	0.59	1	0.61	0.97	169	184	195	161	178	183	127	173	259	182	148	207
PA14_44010	sucA	0.089	10.115	0.59	1	0.5	0.96	5809	5043	5214	4895	4648	5556	4386	4730	6924	5524	3861	6304
PA14_44480	PA14_44480	-0.058	7.028	0.59	1	0.68	0.99	648	618	525	575	653	635	490	580	699	649	543	720
PA14_45440	PA14_45440	0.141	3.718	0.59	1	0.61	0.97	66	56	66	68	69	34	50	52	87	76	58	39
PA14_45950	rsaL	0.049	10.601	0.59	1	0.72	1	6432	7782	7981	6999	6758	7693	4854	7299	10598	7898	5614	8728
PA14_51150	mucK	0.182	2.616	0.59	1	0.58	0.97	22	30	34	32	21	23	16	28	44	36	17	26
PA14_51590	PA14_51590	0.085	5.146	0.59	1	0.58	0.97	172	156	177	169	168	141	130	146	235	190	140	160
PA14_51650	PA14_51650	-0.137	3.673	0.59	1	0.49	0.96	52	63	50	58	64	59	39	59	67	66	53	67
PA14_54190	pruR	-0.107	5.725	0.59	1	0.4	0.92	229	217	261	259	266	240	173	203	346	292	221	273
PA14_54540	PA14_54540	-0.157	3.286	0.59	1	0.59	0.97	35	55	32	56	42	38	26	52	44	63	35	43
PA14_55250	PA14_55250	-0.186	2.608	0.59	1	0.55	0.96	20	27	28	31	19	36	15	25	37	35	15	40
PA14_55900	PA14_55900	0.126	6.921	0.59	1	0.39	0.91	638	624	512	634	482	506	482	585	681	715	400	574
PA14_56850	PA14_56850	0.137	5.17	0.59	1	0.39	0.91	215	157	156	179	154	144	164	147	208	202	128	164
PA14_59820	PA14_59820	0.284	1.6	0.59	1	0.62	0.97	6	11	21	11	13	9	4	10	27	12	11	10
PA14_59830	PA14_59830	0.1	3.847	0.59	1	0.7	1	59	63	81	60	73	59	44	59	106	68	61	67
PA14_59950	PA14_59950	-0.348	1.21	0.59	1	0.42	0.93	6	7	9	6	10	13	4	7	12	7	8	15
PA14_62150	ilvH	-0.073	7.425	0.59	1	0.62	0.97	842	685	821	807	706	955	636	642	1090	911	586	1083
PA14_64950	pncA	-0.288	1.477	0.59	1	0.6	0.97	14	13	5	11	18	10	11	12	7	12	15	11
PA14_69400	dsbH	0.111	4.044	0.59	1	0.62	0.97	67	89	77	65	84	69	50	84	102	74	70	78
PA14_70530	PA14_70530	0.11	3.821	0.59	1	0.62	0.97	56	63	77	61	67	56	42	59	101	69	56	64
PA14_70730	ubiA	-0.113	4.857	0.59	1	0.44	0.94	121	122	143	157	134	128	91	114	189	177	111	145
PA14_70800	phoU	-0.07	5.904	0.59	1	0.64	0.98	286	284	248	246	285	325	216	266	330	278	237	368
PA14_00810	PA14_00810	-0.101	4.045	0.6	1	0.64	0.98	80	77	64	78	68	88	61	72	86	88	56	100
PA14_01340	PA14_01340	0.09	8.229	0.6	1	0.5	0.96	1469	1611	1265	1374	1382	1325	1109	1511	1682	1550	1148	1503
PA14_01580	gabP	-0.142	3.512	0.6	1	0.47	0.95	45	52	47	57	53	50	34	49	63	64	44	57
PA14_02435	PA14_02435	-0.182	2.699	0.6	1	0.46	0.95	24	28	27	28	27	35	18	26	36	32	22	39
PA14_03390	PA14_03390	0.132	3.117	0.6	1	0.66	0.98	34	34	50	39	41	30	25	32	65	44	34	34
PA14_04970	thiS	0.221	2	0.6	1	0.59	0.97	22	11	21	13	20	13	17	10	27	15	17	15
PA14_05310	gshB	0.066	5.534	0.6	1	0.68	0.99	225	210	224	199	250	182	170	197	297	225	209	207
PA14_05560	rhlE	0.086	7.958	0.6	1	0.49	0.96	1244	1228	1125	1183	1086	1117	939	1152	1495	1335	902	1267
PA14_06460	PA14_06460	0.145	3.011	0.6	1	0.63	0.98	29	46	39	39	41	24	21	43	52	44	34	28
PA14_08650	PA14_08650	-0.312	8.242	0.6	1	0.17	0.74	861	1064	1865	1400	1813	1490	647	998	2471	1580	1507	1691
PA14_10190	PA14_10190	-0.179	2.721	0.6	1	0.48	0.95	31	24	26	33	34	25	24	22	35	37	28	29
PA14_10970	PA14_10970	-0.276	1.617	0.6	1	0.53	0.96	13	13	8	9	20	12	10	12	11	10	17	14
PA14_11960	PA14_11960	-0.063	5.196	0.6	1	0.77	1	195	185	122	177	180	164	148	174	164	200	150	186
PA14_12170	PA14_12170	0.547	0.395	0.6	1	0.53	0.96	5	3	5	1	2	5	4	3	6	1	2	6
PA14_12390	hemL	0.119	5.569	0.6	1	0.38	0.91	260	230	202	231	191	212	197	216	270	260	158	241
PA14_12860	PA14_12860	0.108	5.799	0.6	1	0.47	0.95	269	314	225	271	250	227	203	295	300	305	208	258
PA14_14380	PA14_14380	0.136	4.045	0.6	1	0.4	0.91	88	85	64	73	72	69	67	80	86	82	60	78
PA14_14390	PA14_14390	-0.066	6.168	0.6	1	0.62	0.97	348	326	308	331	330	364	263	306	410	374	274	413
PA14_15250	PA14_15250	0.271	1.977	0.6	1	0.33	0.87	23	19	12	16	9	19	18	18	17	18	7	21
PA14_16330	PA14_16330	-0.05	6.565	0.6	1	0.72	1	477	436	392	470	426	451	361	409	522	530	354	512
PA14_21610	oprO	-0.109	5.282	0.6	1	0.41	0.92	158	171	189	173	191	197	119	160	250	196	159	223
PA14_21890	qor	0.097	7.707	0.6	1	0.47	0.95	1045	1112	874	978	934	919	789	1043	1162	1103	776	1043
PA14_23720	PA14_23720	-0.039	7.466	0.6	1	0.78	1	889	843	716	812	800	900	672	791	952	916	664	1021
PA14_24740	PA14_24740	0.073	5.735	0.6	1	0.65	0.98	219	293	248	246	271	206	164	275	329	278	226	234
PA14_25530	kdsB	0.139	4.163	0.6	1	0.41	0.92	107	79	75	82	76	77	82	74	100	92	63	87
PA14_27730	yafH	0.068	8.045	0.6	1	0.6	0.97	1238	1307	1251	1330	1212	1078	934	1226	1661	1500	1007	1224
PA14_28060	cpg2	0.066	5.04	0.6	1	0.75	1	122	170	173	139	174	135	91	160	229	157	145	154
PA14_30660	uvrC	0.068	6.402	0.6	1	0.59	0.97	391	403	414	366	399	389	295	378	549	413	332	441
PA14_31930	PA14_31930	0.233	2	0.6	1	0.5	0.96	16	21	16	17	17	12	12	20	22	19	14	14
PA14_32690	gtdA	-0.669	0.033	0.6	1	0.46	0.95	3	1	2	5	2	2	2	1	3	6	2	2
PA14_33130	PA14_33130	0.097	6.836	0.6	1	0.53	0.96	485	670	500	555	537	456	365	629	665	626	446	518
PA14_35920	PA14_35920	-0.115	4.828	0.6	1	0.39	0.91	112	127	138	138	140	133	84	119	182	156	116	151
PA14_36080	yfaV	-0.626	0.697	0.6	1	0.27	0.82	2	4	6	5	13	2	1	4	8	6	11	3
PA14_37745	PA14_37745	0.072	7.957	0.6	1	0.6	0.97	1215	1197	1163	1292	1148	960	917	1123	1545	1457	954	1090
PA14_39300	rbsR	0.084	6.031	0.6	1	0.53	0.96	309	344	289	297	313	278	233	323	384	335	260	316
PA14_42550	popN	-0.168	2.891	0.6	1	0.51	0.96	36	28	28	32	39	33	28	26	38	36	33	37
PA14_44770	gda1	0.093	4.798	0.6	1	0.56	0.97	135	136	125	115	145	113	102	128	166	130	121	128
PA14_45460	PA14_45460	-0.111	4.126	0.6	1	0.58	0.97	65	89	76	85	68	95	48	84	101	96	56	107
PA14_45880	PA14_45880	-0.111	3.71	0.6	1	0.64	0.98	66	64	44	62	59	64	50	60	60	70	49	72
PA14_46960	ggt	0.105	6.391	0.6	1	0.41	0.92	453	397	368	374	355	399	343	372	490	422	295	453
PA14_47460	rnd	-0.114	4.733	0.6	1	0.5	0.96	124	91	137	129	119	132	94	85	180	146	99	150
PA14_47970	PA14_47970	-0.262	1.824	0.6	1	0.51	0.96	19	11	9	10	21	15	15	10	13	12	18	17
PA14_48300	PA14_48300	-0.197	2.334	0.6	1	0.62	0.97	23	20	17	23	17	28	18	19	23	26	14	31
PA14_50440	flgF	0.069	7.717	0.6	1	0.61	0.97	939	1156	929	917	1024	941	708	1085	1234	1035	851	1068
PA14_50520	braC	-0.046	9.483	0.6	1	0.72	1	3432	3382	3082	3323	3217	3672	2591	3172	4094	3750	2672	4166
PA14_51090	PA14_51090	0.23	1.906	0.6	1	0.56	0.97	13	17	22	13	13	18	9	16	28	15	11	20
PA14_52400	kup	-0.053	8.215	0.6	1	0.69	0.99	1410	1390	1296	1313	1361	1575	1065	1304	1722	1482	1130	1786
PA14_52700	aruF	0.08	10.857	0.6	1	0.53	0.96	9151	9221	8409	8037	8371	8934	6908	8649	11168	9069	6954	10137
PA14_55550	PA14_55550	-0.163	2.865	0.6	1	0.58	0.97	34	26	32	30	28	44	26	24	42	34	23	49
PA14_55610	PA14_55610	-0.084	5.151	0.6	1	0.58	0.97	167	166	148	163	166	178	126	156	197	184	138	202
PA14_56620	PA14_56620	-0.186	2.479	0.6	1	0.55	0.96	31	20	19	29	26	23	24	19	26	33	22	26
PA14_58890	PA14_58890	-0.33	1.257	0.6	1	0.5	0.96	10	6	7	8	11	12	8	6	10	9	9	13
PA14_62490	dksA	-0.112	7.128	0.6	1	0.44	0.94	620	544	717	590	692	753	468	510	950	666	575	854
PA14_66910	PA14_66910	-0.15	3.298	0.6	1	0.47	0.95	39	42	44	52	45	42	29	39	58	58	37	48
PA14_67520	PA14_67520	-0.056	6.689	0.6	1	0.68	0.99	501	491	426	463	480	528	379	461	567	523	399	599
PA14_67550	PA14_67550	-0.139	4.255	0.6	1	0.47	0.95	61	97	91	99	77	100	45	91	120	111	63	113
PA14_68955	PA14_68955	0.104	5.808	0.6	1	0.49	0.96	288	276	246	299	243	210	218	259	328	337	202	239
PA14_69230	ppk	-0.072	9.642	0.6	1	0.57	0.97	3659	3516	3766	3626	3767	4107	2762	3298	5001	4092	3129	4660
PA14_69260	elbB	-0.09	5.487	0.6	1	0.5	0.96	194	210	200	232	211	201	146	197	266	261	175	228
PA14_70260	dut	-0.115	4.789	0.6	1	0.42	0.93	119	108	138	139	132	126	90	101	182	157	110	143
PA14_72400	PA14_72400	-0.107	4.618	0.6	1	0.54	0.96	104	102	120	139	98	114	78	96	159	156	81	130
PA14_00180	sun	0.099	5.153	0.61	1	0.47	0.95	176	177	160	169	154	154	133	166	213	190	128	175
PA14_00250	qor	0.093	5.637	0.61	1	0.47	0.95	249	228	240	239	203	229	188	214	319	269	168	260
PA14_00700	PA14_00700	-0.45	0.488	0.61	1	0.59	0.97	4	7	1	4	6	6	3	7	2	5	5	7
PA14_02090	PA14_02090	-0.134	4.426	0.61	1	0.43	0.93	83	94	105	118	114	80	62	88	139	133	95	91
PA14_03450	gabT	-0.051	7.023	0.61	1	0.7	1	618	608	566	653	562	639	467	570	752	737	466	725
PA14_03480	PA14_03480	0.167	2.915	0.61	1	0.5	0.96	31	41	33	27	27	39	23	39	44	31	22	44
PA14_04160	PA14_04160	-0.086	5.594	0.61	1	0.52	0.96	221	202	230	227	217	249	167	189	305	256	180	282
PA14_05220	PA14_05220	0.063	6.004	0.61	1	0.66	0.98	303	275	336	303	296	278	229	258	445	342	246	316
PA14_05740	pydA	-0.376	0.951	0.61	1	0.54	0.96	7	4	7	11	8	4	5	4	9	12	7	5
PA14_07310	PA14_07310	0.272	1.47	0.61	1	0.57	0.97	8	12	16	14	6	10	6	11	21	16	5	11
PA14_07470	PA14_07470	-0.231	3.527	0.61	1	0.31	0.86	32	50	61	46	70	55	23	47	80	52	59	62
PA14_08230	PA14_08230	0.09	8.31	0.61	1	0.49	0.96	1690	1538	1367	1397	1482	1437	1277	1443	1817	1577	1231	1631
PA14_09040	rplO	0.087	8.142	0.61	1	0.54	0.96	1422	1258	1405	1364	1068	1412	1074	1180	1866	1539	886	1602
PA14_10620	hpcB	-0.195	2.525	0.61	1	0.4	0.92	20	23	27	24	33	25	15	22	35	27	28	29
PA14_10780	PA14_10780	-0.102	4.25	0.61	1	0.58	0.97	87	94	73	89	93	89	66	88	98	101	77	101
PA14_10840	PA14_10840	0.115	4.056	0.61	1	0.52	0.96	84	79	76	64	83	74	64	74	101	73	69	84
PA14_11670	PA14_11670	-0.272	1.609	0.61	1	0.57	0.97	14	10	10	14	10	15	11	9	13	16	8	17
PA14_12540	PA14_12540	0.141	3.205	0.61	1	0.57	0.97	40	44	47	51	39	30	30	41	62	57	32	34
PA14_12890	PA14_12890	-0.117	3.871	0.61	1	0.55	0.96	65	70	57	65	71	71	49	66	76	74	59	80
PA14_14320	PA14_14320	-0.318	1.296	0.61	1	0.51	0.96	6	12	7	12	11	9	4	11	10	13	9	10
PA14_16870	PA14_16870	-0.138	3.403	0.61	1	0.56	0.97	46	40	51	54	39	57	35	37	67	61	32	64
PA14_19740	PA14_19740	0.098	5.933	0.61	1	0.51	0.96	309	277	296	339	252	232	234	260	393	382	209	264
PA14_21320	PA14_21320	0.101	3.425	0.61	1	0.75	1	39	42	66	43	50	46	29	39	86	49	42	52
PA14_22990	gltF	-0.229	2.128	0.61	1	0.43	0.94	15	17	19	14	26	21	11	16	25	16	22	24
PA14_23050	PA14_23050	0.053	8.471	0.61	1	0.68	0.99	1636	1715	1722	1670	1705	1516	1235	1609	2286	1884	1417	1721
PA14_27430	PA14_27430	-0.221	2.15	0.61	1	0.43	0.93	18	13	21	19	25	17	14	12	27	22	21	20
PA14_28970	PA14_28970	0.187	2.469	0.61	1	0.58	0.97	24	20	31	22	21	24	18	19	40	25	17	27
PA14_29190	PA14_29190	0.163	2.907	0.61	1	0.57	0.97	38	40	29	29	43	24	29	38	39	33	36	28
PA14_30140	PA14_30140	-0.177	2.565	0.61	1	0.6	0.97	31	21	22	29	24	28	24	20	29	33	20	32
PA14_31680	PA14_31680	-0.082	6.418	0.61	1	0.5	0.96	398	363	402	411	412	408	301	340	533	464	342	463
PA14_34420	mtlE	-0.203	2.359	0.61	1	0.48	0.95	26	16	19	25	27	18	20	15	26	28	23	21
PA14_35230	PA14_35230	0.146	3.238	0.61	1	0.48	0.96	46	45	44	39	41	41	35	42	58	44	34	47
PA14_35620	pslK	-0.229	2.1	0.61	1	0.49	0.96	16	14	20	26	19	14	12	13	26	29	16	16
PA14_38080	PA14_38080	-0.077	5.761	0.61	1	0.56	0.97	246	247	244	279	244	255	186	232	324	314	202	289
PA14_38610	PA14_38610	-0.163	3.654	0.61	1	0.41	0.92	38	56	66	71	58	53	28	53	86	80	48	60
PA14_48340	PA14_48340	0.173	2.877	0.61	1	0.44	0.94	33	41	30	36	27	29	25	39	40	40	22	33
PA14_50020	PA14_50020	-0.142	3.19	0.61	1	0.59	0.97	48	38	32	39	49	41	37	36	43	44	41	47
PA14_50510	PA14_50510	0.068	5.171	0.61	1	0.69	0.99	160	171	181	168	182	140	120	160	240	190	152	159
PA14_50720	phaC	-0.141	3.103	0.61	1	0.66	0.98	49	33	28	51	37	31	38	31	38	57	31	36
PA14_51440	ogt	0.041	6.079	0.61	1	0.83	1	265	302	389	309	327	297	199	283	514	349	272	337
PA14_52080	PA14_52080	0.079	5.946	0.61	1	0.54	0.96	303	284	297	259	279	297	229	266	394	293	232	337
PA14_53940	prpB	0.145	3.526	0.61	1	0.46	0.95	57	54	53	62	40	45	43	51	70	69	33	51
PA14_55060	PA14_55060	-0.108	5.095	0.61	1	0.46	0.95	137	146	172	152	156	185	103	137	227	172	129	209
PA14_55710	PA14_55710	-0.09	4.753	0.61	1	0.6	0.97	126	123	115	154	126	105	95	115	153	173	105	120
PA14_55760	PA14_55760	0.068	5.262	0.61	1	0.78	1	137	155	250	156	197	166	102	145	329	176	164	189
PA14_55820	PA14_55820	-0.034	8.563	0.61	1	0.82	1	1818	1952	1479	1714	1686	1974	1373	1831	1966	1934	1400	2239
PA14_56920	inaA	-0.093	6.233	0.61	1	0.53	0.96	343	323	352	293	373	421	259	303	467	331	310	477
PA14_58100	cafA	-0.047	7.561	0.61	1	0.74	1	911	861	834	854	812	1024	688	808	1108	964	674	1161
PA14_59170	PA14_59170	0.082	7.523	0.61	1	0.53	0.96	880	917	857	791	781	934	664	860	1138	893	648	1059
PA14_59250	pilN2	-0.198	2.538	0.61	1	0.48	0.96	19	21	28	22	22	36	14	20	37	25	18	40
PA14_59340	pilT2	-0.086	5.025	0.61	1	0.58	0.97	152	148	138	138	153	173	115	139	184	156	127	196
PA14_59910	PA14_59910	-0.151	3.75	0.61	1	0.4	0.92	44	66	63	60	74	60	32	62	83	68	62	68
PA14_63230	yedA	-0.093	5.001	0.61	1	0.51	0.96	147	145	137	146	161	150	111	136	182	165	134	170
PA14_63370	PA14_63370	0.113	4.531	0.61	1	0.47	0.95	109	128	96	106	103	97	82	120	128	119	86	110
PA14_63620	lipC	-0.231	2.159	0.61	1	0.5	0.96	18	24	11	16	29	18	14	23	16	18	25	21
PA14_64470	PA14_64470	0.118	3.332	0.61	1	0.72	1	50	38	55	38	58	37	38	35	72	43	49	42
PA14_64570	irlR	-0.139	3.063	0.61	1	0.65	0.98	36	44	29	45	34	38	27	41	39	51	28	43
PA14_64680	ureJ	-0.766	-0.194	0.61	1	0.44	0.94	1	2	1	6	1	1	1	2	2	7	1	1
PA14_65370	amiB	-0.07	7.789	0.61	1	0.57	0.97	1007	1004	1013	1097	1056	1022	760	942	1345	1238	877	1160
PA14_68530	PA14_68530	0.182	3.548	0.61	1	0.41	0.92	75	45	48	54	46	47	58	42	65	61	38	53
PA14_69040	PA14_69040	0.044	9.343	0.61	1	0.8	1	2733	2511	4018	2927	3245	2812	2062	2355	5332	3303	2696	3191
PA14_69390	algQ	-0.094	8.689	0.61	1	0.48	0.96	1702	1790	2113	1974	1949	2062	1284	1679	2804	2227	1619	2340
PA14_71120	PA14_71120	-0.319	1.219	0.61	1	0.42	0.93	7	6	11	11	11	10	5	6	14	12	9	11
PA14_72710	PA14_72710	0.13	3.557	0.61	1	0.54	0.96	46	63	57	51	46	54	34	59	75	58	38	61
PA14_72750	PA14_72750	-0.132	3.867	0.61	1	0.45	0.94	62	58	67	65	77	65	47	54	89	74	64	74
PA14_72920	PA14_72920	-0.057	7.071	0.61	1	0.68	0.99	585	696	566	675	612	634	441	653	753	761	508	719
EBG00001225032	P13	-0.259	1.712	0.62	1	0.5	0.96	13	12	10	12	13	16	10	11	14	14	11	18
EBG00001225159	P8	-0.589	0.131	0.62	1	0.49	0.96	3	4	1	4	4	3	2	4	1	5	3	3
PA14_05430	chpE	-0.257	1.668	0.62	1	0.45	0.94	11	11	14	18	16	9	8	10	18	20	13	11
PA14_07170	epd	0.058	5.029	0.62	1	0.77	1	146	136	178	158	163	123	110	127	235	178	136	140
PA14_08930	rpmC	0.157	3.492	0.62	1	0.47	0.95	58	48	55	55	31	57	44	45	73	62	25	64
PA14_10380	PA14_10380	-0.166	10.498	0.62	1	0.3	0.85	5182	6262	7712	6268	7939	7287	3910	5873	10239	7073	6596	8268
PA14_10470	bcr	0.089	4.393	0.62	1	0.64	0.98	86	105	107	108	94	80	64	99	142	122	78	91
PA14_10670	aph	-0.156	3.264	0.62	1	0.55	0.96	42	39	40	58	49	28	32	37	53	65	41	33
PA14_11860	PA14_11860	-0.059	6.508	0.62	1	0.65	0.98	441	412	396	432	412	452	333	386	526	488	342	513
PA14_12090	PA14_12090	-0.046	9.045	0.62	1	0.72	1	2642	2303	2356	2496	2397	2643	1995	2160	3129	2816	1991	2999
PA14_15000	PA14_15000	-0.103	4.429	0.62	1	0.54	0.96	108	80	98	105	103	99	82	75	130	118	86	112
PA14_16700	adk	-0.144	7.132	0.62	1	0.35	0.88	581	525	760	706	748	611	438	492	1007	796	622	694
PA14_17230	rnhB	0.082	5.263	0.62	1	0.57	0.97	196	175	181	175	190	157	148	164	240	197	158	178
PA14_17890	PA14_17890	0.124	3.394	0.62	1	0.61	0.97	42	56	50	43	53	42	31	53	67	49	44	48
PA14_18050	PA14_18050	-0.072	7.95	0.62	1	0.63	0.97	1104	1270	1013	1284	1281	994	833	1191	1346	1448	1065	1129
PA14_19630	folE1	-0.096	4.374	0.62	1	0.61	0.97	83	99	92	107	79	106	62	93	122	120	65	120
PA14_20260	PA14_20260	0.265	1.546	0.62	1	0.56	0.97	12	12	15	13	11	9	9	11	20	15	9	10
PA14_20980	PA14_20980	0.078	8.068	0.62	1	0.59	0.97	1263	1474	1131	1262	1326	1076	953	1383	1504	1424	1102	1221
PA14_23510	uvrB	-0.052	7.881	0.62	1	0.68	0.99	1124	1074	1052	1132	1065	1171	849	1007	1397	1277	884	1329
PA14_23810	PA14_23810	-0.067	6.882	0.62	1	0.61	0.97	548	508	558	548	516	626	414	476	741	618	428	710
PA14_24040	xcpU	0.119	5.829	0.62	1	0.49	0.96	241	349	235	262	282	216	181	328	313	295	235	246
PA14_25080	foaA	0.081	7.533	0.62	1	0.54	0.96	939	822	911	845	748	930	709	771	1209	953	621	1055
PA14_26350	PA14_26350	0.093	5.883	0.62	1	0.48	0.96	287	287	276	301	233	261	217	269	367	339	193	296
PA14_26920	PA14_26920	0.127	3.703	0.62	1	0.51	0.96	57	71	58	64	53	53	43	67	77	72	44	60
PA14_27100	lipA	-0.19	2.374	0.62	1	0.57	0.97	22	19	22	22	20	30	17	18	29	25	16	34
PA14_27360	PA14_27360	0.139	3.288	0.62	1	0.51	0.96	40	48	49	45	38	42	30	45	65	51	31	48
PA14_27675	PA14_27675	0.139	3.676	0.62	1	0.49	0.96	74	62	50	50	64	53	57	58	67	57	54	60
PA14_27710	PA14_27710	-0.118	4.276	0.62	1	0.45	0.94	82	83	90	87	102	91	62	78	119	98	85	103
PA14_28920	PA14_28920	-0.061	5.143	0.62	1	0.74	1	174	160	149	188	139	173	132	150	198	212	115	196
PA14_28930	PA14_28930	-0.296	1.378	0.62	1	0.53	0.96	10	6	10	12	13	8	8	6	13	14	11	9
PA14_31200	PA14_31200	0.503	0.468	0.62	1	0.54	0.96	3	5	5	4	2	4	2	5	7	4	2	4
PA14_31650	xthA	-0.094	5.307	0.62	1	0.49	0.96	175	169	186	169	190	207	132	158	247	191	158	235
PA14_32110	xylZ	0.487	0.289	0.62	1	0.69	0.99	4	1	8	2	5	4	3	1	10	2	4	4
PA14_32330	PA14_32330	-0.107	4.305	0.62	1	0.56	0.96	78	108	77	95	105	83	58	102	103	107	88	95
PA14_33370	PA14_33370	0.336	1.074	0.62	1	0.47	0.95	10	5	10	5	7	8	8	5	13	6	6	9
PA14_34990	PA14_34990	0.078	7.729	0.62	1	0.53	0.96	1072	1021	964	962	974	961	810	958	1281	1085	809	1090
PA14_35950	PA14_35950	0.254	1.635	0.62	1	0.5	0.96	15	12	15	13	11	11	11	11	20	15	9	12
PA14_37880	PA14_37880	-0.141	3.256	0.62	1	0.53	0.96	47	41	35	45	54	36	36	38	47	51	45	41
PA14_38000	PA14_38000	0.203	2.132	0.62	1	0.58	0.97	16	20	24	20	18	16	12	19	31	22	15	18
PA14_41790	PA14_41790	0.098	6.431	0.62	1	0.45	0.94	477	403	370	382	392	390	361	378	492	431	326	442
PA14_41830	thrH	-0.176	2.582	0.62	1	0.5	0.96	25	30	21	27	29	28	19	28	28	31	24	32
PA14_45400	PA14_45400	-0.05	7.648	0.62	1	0.7	1	935	996	834	946	953	961	706	934	1108	1067	792	1090
PA14_46020	PA14_46020	-0.147	3.359	0.62	1	0.49	0.96	50	38	44	41	61	45	38	36	58	47	51	51
PA14_46700	ybiF	0.175	2.614	0.62	1	0.53	0.96	27	28	29	26	26	23	20	26	39	29	22	26
PA14_47320	PA14_47320	-0.047	6.896	0.62	1	0.75	1	582	596	464	591	586	517	440	559	618	667	487	587
PA14_51580	PA14_51580	-0.199	2.44	0.62	1	0.51	0.96	15	20	27	24	17	31	11	19	35	27	14	35
PA14_51840	PA14_51840	-0.145	3.481	0.62	1	0.46	0.95	46	38	56	52	50	55	35	35	74	59	41	62
PA14_52870	PA14_52870	0.338	1.082	0.62	1	0.5	0.96	12	9	7	4	12	5	9	8	9	5	10	6
PA14_53050	aroP2	-0.175	3.614	0.62	1	0.45	0.94	47	45	63	43	58	76	35	42	83	49	48	85
PA14_53750	PA14_53750	-0.21	3.155	0.62	1	0.47	0.95	30	45	37	63	38	29	22	42	49	70	31	33
PA14_58110	maf	0.079	6.135	0.62	1	0.53	0.96	353	340	318	316	340	300	267	319	423	357	283	341
PA14_58470	dppD	0.11	4.213	0.62	1	0.56	0.96	83	105	78	81	90	76	62	99	104	91	75	86
PA14_59280	pilP2	0.4	0.994	0.62	1	0.49	0.96	3	15	7	6	7	6	2	14	10	7	6	7
PA14_60460	rplU	-0.189	7.841	0.62	1	0.25	0.82	834	913	1256	1020	1318	1088	628	856	1665	1151	1096	1235
PA14_61280	PA14_61280	-0.072	5.651	0.62	1	0.62	0.97	255	204	226	243	230	244	193	191	300	274	191	277
PA14_61760	PA14_61760	-0.42	6.725	0.62	1	0.15	0.7	239	353	678	530	736	426	177	331	893	598	613	484
PA14_63160	pmrB	0.083	5.028	0.62	1	0.59	0.97	145	148	169	150	135	153	109	139	224	169	112	173
PA14_64230	retS	-0.063	8.062	0.62	1	0.62	0.97	1273	1157	1239	1354	1253	1224	961	1085	1645	1528	1041	1389
PA14_64520	PA14_64520	-0.079	5.933	0.62	1	0.53	0.96	277	273	279	307	285	283	209	256	370	346	237	321
PA14_66840	phaC2	-0.05	6.788	0.62	1	0.72	1	553	499	469	588	507	477	418	468	624	663	421	542
PA14_66950	hisE	0.079	4.589	0.62	1	0.67	0.99	109	98	130	102	113	108	82	92	172	115	94	122
PA14_68870	gcvT1	-0.082	6.637	0.62	1	0.51	0.96	460	414	479	491	480	461	347	388	635	554	399	523
PA14_69570	corA	-0.101	5.57	0.62	1	0.45	0.94	204	197	236	212	236	239	154	185	313	240	196	271
PA14_70070	PA14_70070	-0.064	7.188	0.62	1	0.61	0.97	642	719	637	715	679	693	484	675	846	807	564	786
PA14_70170	PA14_70170	0.087	4.32	0.62	1	0.66	0.98	80	95	107	100	90	78	60	89	141	112	75	89
PA14_71360	PA14_71360	0.592	0.119	0.62	1	0.52	0.96	2	7	3	1	5	3	1	7	4	1	4	3
PA14_71940	wzt	-0.057	7.56	0.62	1	0.65	0.98	910	839	846	938	871	889	687	787	1124	1058	723	1009
PA14_00070	PA14_00070	0.062	4.941	0.63	1	0.77	1	118	157	156	148	149	119	88	147	207	167	124	135
PA14_01890	pcaQ	-0.146	2.831	0.63	1	0.62	0.97	27	37	26	41	26	32	20	35	35	46	21	36
PA14_04040	PA14_04040	-0.128	4.237	0.63	1	0.49	0.96	81	67	97	106	90	74	61	63	128	119	75	84
PA14_04700	PA14_04700	-0.09	6.895	0.63	1	0.46	0.95	515	529	571	564	610	546	388	496	757	637	507	620
PA14_05420	chpD	-0.151	3.4	0.63	1	0.5	0.96	31	54	50	52	43	56	22	51	66	59	35	63
PA14_05890	PA14_05890	-0.065	5.143	0.63	1	0.74	1	182	166	133	139	170	193	138	156	178	157	141	218
PA14_06660	nirE	0.467	0.284	0.63	1	0.56	0.97	4	4	6	3	5	4	3	4	8	3	4	4
PA14_08640	PA14_08640	0.088	5.056	0.63	1	0.55	0.96	164	146	167	140	138	171	124	137	221	158	114	193
PA14_08730	rplA	0.067	8.772	0.63	1	0.6	0.97	2036	2247	1999	2146	1985	1865	1537	2108	2655	2421	1649	2116
PA14_09230	pchC	0.128	7.248	0.63	1	0.52	0.96	653	888	684	856	716	464	492	833	909	965	595	528
PA14_09660	PA14_09660	-0.1	4.339	0.63	1	0.53	0.96	89	91	89	98	91	98	67	85	118	111	75	111
PA14_09760	PA14_09760	-0.125	3.957	0.63	1	0.47	0.95	65	68	69	74	87	60	49	64	91	84	73	69
PA14_09910	lysR	-0.144	3.244	0.63	1	0.48	0.96	33	49	40	47	45	43	24	46	53	53	37	49
PA14_10640	hpaG2	0.786	-0.103	0.63	1	0.55	0.96	3	2	2	1	1	2	2	2	3	1	1	2
PA14_14860	PA14_14860	0.095	6.878	0.63	1	0.45	0.94	625	568	510	560	507	524	473	533	679	632	421	595
PA14_14960	yafV	-0.039	9.294	0.63	1	0.76	1	3009	3040	2654	2968	2853	3117	2272	2851	3525	3349	2370	3537
PA14_15150	PA14_15150	-0.08	5.143	0.63	1	0.6	0.97	173	154	151	181	171	151	131	144	201	204	142	172
PA14_17170	ompH	0.094	7.984	0.63	1	0.5	0.96	1351	1131	1188	1182	988	1266	1021	1061	1578	1334	820	1436
PA14_20380	phnI	0.3	1.114	0.63	1	0.69	0.99	5	12	11	5	11	7	3	11	14	6	9	8
PA14_20570	amiB	-0.128	3.495	0.63	1	0.51	0.96	50	49	48	61	51	48	38	46	64	69	42	55
PA14_21490	PA14_21490	0.063	9.948	0.63	1	0.63	0.97	4982	4547	4654	4127	4708	4746	3761	4265	6180	4657	3911	5385
PA14_22100	PA14_22100	-0.169	2.645	0.63	1	0.5	0.96	28	25	26	29	32	27	21	23	35	33	27	31
PA14_22840	ypuG	0.097	5.977	0.63	1	0.45	0.95	329	292	289	293	253	302	249	274	384	330	210	342
PA14_23000	gltG	-0.237	1.778	0.63	1	0.61	0.97	17	13	9	10	18	17	13	12	12	11	15	19
PA14_23130	PA14_23130	0.078	5.554	0.63	1	0.55	0.96	220	233	219	209	222	206	166	219	291	236	185	234
PA14_24130	PA14_24130	-0.102	4.92	0.63	1	0.6	0.97	138	136	132	120	125	190	104	128	175	136	103	214
PA14_25040	PA14_25040	0.087	7.048	0.63	1	0.51	0.96	668	686	558	592	619	590	505	644	743	668	514	669
PA14_27580	PA14_27580	-0.111	4.251	0.63	1	0.52	0.96	88	70	92	89	88	94	67	65	122	100	73	107
PA14_28430	PA14_28430	-0.143	3.013	0.63	1	0.59	0.97	31	40	31	34	33	45	23	38	41	38	27	51
PA14_33170	PA14_33170	0.11	3.794	0.63	1	0.6	0.97	64	65	66	57	69	56	48	61	88	64	58	64
PA14_33300	PA14_33300	0.123	6.469	0.63	1	0.4	0.91	499	430	365	347	389	449	378	403	486	392	323	509
PA14_35550	pslO	0.46	0.689	0.63	1	0.5	0.96	2	9	7	3	3	7	1	9	9	4	2	8
PA14_39560	PA14_39560	-0.05	8.629	0.63	1	0.7	1	1914	1810	1739	1769	1853	2032	1445	1698	2310	1996	1539	2305
PA14_39570	PA14_39570	0.303	1.214	0.63	1	0.6	0.97	11	10	9	11	9	3	8	9	12	12	8	4
PA14_42690	speE	-0.099	4.384	0.63	1	0.55	0.96	93	92	94	107	90	101	70	86	125	120	74	115
PA14_43280	selD	-0.111	6.811	0.63	1	0.45	0.94	441	556	514	580	611	445	332	522	683	654	508	506
PA14_43490	PA14_43490	0.181	2.273	0.63	1	0.68	0.99	21	17	28	19	23	18	16	16	36	21	19	21
PA14_43680	fabA	-0.165	9.001	0.63	1	0.32	0.87	2082	1820	2878	2280	2626	2698	1571	1707	3818	2573	2182	3061
PA14_44380	ccoO	0.074	6.168	0.63	1	0.56	0.96	357	317	356	333	312	332	270	297	472	376	259	377
PA14_45450	PA14_45450	-0.14	3.625	0.63	1	0.45	0.94	47	53	59	49	67	62	35	50	78	56	56	70
PA14_46420	PA14_46420	-0.128	3.411	0.63	1	0.63	0.98	39	64	35	52	49	47	29	60	47	59	41	54
PA14_46680	norM	-0.076	5.436	0.63	1	0.58	0.97	195	201	192	218	195	205	147	189	255	246	162	233
PA14_47410	ycgN	-0.246	1.705	0.63	1	0.49	0.96	13	14	11	13	22	10	10	13	15	15	19	12
PA14_47660	cobC	-0.129	3.423	0.63	1	0.58	0.97	51	51	38	47	63	43	39	48	51	53	53	49
PA14_49110	PA14_49110	0.138	3.479	0.63	1	0.54	0.96	66	50	45	42	59	44	51	47	60	48	50	50
PA14_50760	PA14_50760	0.145	3.186	0.63	1	0.61	0.97	40	51	38	45	48	24	30	48	51	51	40	28
PA14_53120	PA14_53120	0.07	6.95	0.63	1	0.58	0.97	600	575	601	609	537	545	453	539	798	687	446	618
PA14_53150	PA14_53150	-0.048	7.653	0.63	1	0.71	1	953	980	843	911	953	1004	720	919	1120	1028	792	1139
PA14_54680	PA14_54680	-0.105	3.67	0.63	1	0.7	1	59	65	42	49	52	75	45	61	57	56	43	85
PA14_55570	pigB	-0.156	3.006	0.63	1	0.5	0.96	27	34	38	35	34	43	20	32	50	40	28	48
PA14_56950	colR	-0.093	5.274	0.63	1	0.55	0.96	150	178	190	208	158	187	112	167	252	234	131	212
PA14_58375	PA14_58375	-0.072	5.389	0.63	1	0.62	0.97	182	213	176	203	188	207	137	200	234	229	156	235
PA14_59800	PA14_59800	-0.056	7.291	0.63	1	0.66	0.98	756	708	691	688	743	808	571	664	918	777	617	916
PA14_62240	PA14_62240	0.073	7.2	0.63	1	0.54	0.96	731	704	677	683	672	651	552	660	900	771	558	739
PA14_62620	pgi	-0.058	7.405	0.63	1	0.65	0.98	793	749	787	806	739	877	599	702	1045	910	613	995
PA14_62650	PA14_62650	0.057	9.309	0.63	1	0.64	0.98	2973	3077	3034	2925	2952	2857	2244	2886	4029	3301	2452	3242
PA14_63030	omlA	0.045	7.287	0.63	1	0.83	1	558	652	1010	731	813	607	419	611	1337	825	676	690
PA14_63110	PA14_63110	0.078	5.633	0.63	1	0.76	1	166	199	344	252	229	190	123	186	452	284	190	216
PA14_63340	PA14_63340	-0.055	6.829	0.63	1	0.68	0.99	509	586	469	550	535	538	384	550	624	621	444	611
PA14_64310	PA14_64310	-0.234	2.261	0.63	1	0.46	0.95	14	25	18	16	31	22	10	24	24	18	26	25
PA14_66710	rpmE	0.051	7.315	0.63	1	0.78	1	554	853	861	755	813	622	416	800	1142	852	676	707
PA14_71080	PA14_71080	-0.088	4.017	0.63	1	0.72	1	74	85	59	78	68	83	56	80	79	88	56	94
PA14_71640	PA14_71640	0.098	6.121	0.63	1	0.48	0.96	357	345	304	367	291	281	270	324	405	413	241	319
PA14_73300	atpE	-0.025	8.345	0.63	1	0.86	1	1690	1450	1386	1580	1371	1652	1277	1360	1842	1783	1138	1874
PA14_00510	PA14_00510	0.037	8.439	0.64	1	0.8	1	1572	1525	1835	1428	1602	1779	1186	1430	2435	1612	1331	2018
PA14_01150	PA14_01150	0.084	4.423	0.64	1	0.67	0.98	99	92	111	112	97	77	75	86	147	126	81	88
PA14_01200	PA14_01200	0.114	6.72	0.64	1	0.41	0.92	588	517	430	475	437	503	445	485	573	536	363	570
PA14_01220	PA14_01220	0.087	6.559	0.64	1	0.49	0.96	461	499	401	417	426	435	348	468	534	471	354	494
PA14_07330	PA14_07330	0.04	6.059	0.64	1	0.81	1	268	310	362	324	303	291	201	291	479	365	252	330
PA14_08680	tufB	-0.066	7.749	0.64	1	0.6	0.97	966	978	1002	977	1013	1094	729	917	1330	1103	841	1241
PA14_10020	PA14_10020	-0.096	4.683	0.64	1	0.51	0.96	111	119	111	119	130	117	84	112	147	134	108	133
PA14_12140	PA14_12140	0.091	5.269	0.64	1	0.49	0.96	189	191	174	183	164	171	143	179	231	206	136	194
PA14_12780	PA14_12780	0.042	6.122	0.64	1	0.82	1	282	290	409	329	318	310	212	272	541	371	264	352
PA14_15680	cumB	-0.069	6.637	0.64	1	0.57	0.97	454	453	452	455	476	495	343	425	600	514	395	561
PA14_15830	PA14_15830	-0.236	1.709	0.64	1	0.6	0.97	13	12	13	13	11	20	10	11	17	15	9	22
PA14_16070	hom	0.051	6.988	0.64	1	0.7	1	607	549	654	579	589	581	458	515	867	653	489	659
PA14_17130	dxr	0.079	8.006	0.64	1	0.54	0.96	1231	1300	1178	1261	1085	1163	929	1219	1565	1423	901	1320
PA14_17190	fabZ	0.04	7.082	0.64	1	0.8	1	619	525	778	610	639	623	467	492	1031	688	531	707
PA14_19370	asnB	0.036	7.502	0.64	1	0.8	1	759	857	956	900	825	786	572	804	1268	1015	685	892
PA14_20330	phnE	0.306	1.132	0.64	1	0.5	0.96	8	13	8	10	5	8	6	12	11	11	4	9
PA14_20370	phnH	-0.396	0.553	0.64	1	0.5	0.96	4	7	3	6	8	4	3	7	4	7	7	5
PA14_20860	PA14_20860	-0.072	7.986	0.64	1	0.56	0.97	1154	1126	1188	1148	1251	1247	871	1056	1577	1296	1039	1415
PA14_22140	PA14_22140	-0.207	2.656	0.64	1	0.41	0.92	19	19	37	28	33	28	14	18	48	32	28	32
PA14_23060	hexR	0.132	3.292	0.64	1	0.5	0.96	48	48	44	38	43	46	36	45	59	43	36	52
PA14_25440	lolD	-0.12	4.567	0.64	1	0.57	0.97	129	81	103	137	118	86	99	76	137	154	98	98
PA14_28250	PA14_28250	0.053	6.173	0.64	1	0.75	1	301	318	407	376	307	306	226	298	538	424	255	348
PA14_30270	aat	0.185	2.35	0.64	1	0.56	0.97	25	18	26	23	17	20	19	17	34	26	14	23
PA14_35670	pslG	0.108	4.42	0.64	1	0.51	0.96	101	111	94	82	88	112	76	104	126	93	73	127
PA14_35720	PA14_35720	-0.071	8.425	0.64	1	0.64	0.98	1559	1655	1494	1368	1586	1991	1177	1552	1985	1544	1317	2258
PA14_37010	cupA4	-0.394	0.58	0.64	1	0.6	0.97	5	5	4	9	5	4	4	5	5	10	4	5
PA14_37360	PA14_37360	-0.09	3.54	0.64	1	0.8	1	67	51	36	51	53	57	52	48	49	58	44	65
PA14_37790	pcoA	0.105	3.896	0.64	1	0.68	0.99	52	81	75	78	65	52	38	76	99	87	54	59
PA14_39520	PA14_39520	-0.076	5.442	0.64	1	0.57	0.97	202	190	197	214	198	208	153	178	261	241	164	236
PA14_41520	ppkB	-0.239	1.702	0.64	1	0.52	0.96	16	11	12	15	18	12	12	10	16	17	15	14
PA14_44450	fixS	0.131	3.217	0.64	1	0.61	0.97	45	37	47	43	43	33	34	35	62	48	36	38
PA14_44830	PA14_44830	-0.079	4.807	0.64	1	0.66	0.98	148	113	119	129	137	133	113	106	158	146	114	151
PA14_47140	pfuA	0.109	4.226	0.64	1	0.55	0.96	88	97	83	68	80	100	66	91	111	77	66	113
PA14_47240	PA14_47240	-0.129	3.975	0.64	1	0.47	0.95	58	65	79	63	73	86	43	61	104	72	61	97
PA14_48170	PA14_48170	0.103	4.24	0.64	1	0.52	0.96	94	90	86	87	85	77	71	84	114	98	71	88
PA14_48320	PA14_48320	-0.101	4.386	0.64	1	0.55	0.96	80	109	88	98	102	97	60	102	117	111	85	110
PA14_49290	PA14_49290	-0.123	3.782	0.64	1	0.48	0.96	57	57	66	59	68	70	43	53	87	67	57	79
PA14_50930	PA14_50930	-0.056	6.269	0.64	1	0.69	0.99	363	369	326	411	359	328	274	346	434	463	298	373
PA14_52180	relA	0.075	9.192	0.64	1	0.54	0.96	2919	2789	2721	2661	2533	2804	2204	2616	3614	3003	2104	3181
PA14_53250	cpbD	-0.048	9.946	0.64	1	0.71	1	4739	4684	4204	4834	4867	4391	3578	4393	5584	5455	4043	4982
PA14_53520	oruR	0.103	4.243	0.64	1	0.59	0.97	88	99	82	95	89	66	66	93	109	107	74	75
PA14_54290	pdxJ	0.071	6.303	0.64	1	0.6	0.97	343	423	366	398	345	335	258	397	487	449	286	380
PA14_54880	PA14_54880	0.06	6.02	0.64	1	0.65	0.98	305	289	330	281	301	306	230	271	437	317	250	347
PA14_57300	ftsQ	-0.043	8.386	0.64	1	0.74	1	1655	1570	1402	1545	1624	1596	1250	1473	1863	1744	1349	1811
PA14_60370	ileS	0.061	8.976	0.64	1	0.62	0.97	2381	2384	2456	2354	2208	2361	1797	2236	3261	2656	1834	2679
PA14_61190	PA14_61190	0.09	11.756	0.64	1	0.51	0.96	17961	17234	14933	14617	15105	17371	13559	16164	19832	16494	12548	19709
PA14_64370	ureB	-0.166	2.528	0.64	1	0.61	0.97	25	29	17	21	28	30	19	27	24	24	23	34
PA14_65795	PA14_65795	0.082	6.7	0.64	1	0.56	0.96	503	561	433	502	493	417	380	526	576	566	410	474
EBG00001225059	Pseudomon-1	0.113	4.089	0.65	1	0.56	0.97	93	84	68	60	87	79	71	79	92	68	73	90
PA14_00910	PA14_00910	0.084	7.092	0.65	1	0.52	0.96	696	676	595	665	608	581	526	634	791	750	505	659
PA14_01410	PA14_01410	-0.062	6.219	0.65	1	0.63	0.97	349	353	318	338	368	358	264	331	423	382	306	406
PA14_04080	yecS	-0.07	5.635	0.65	1	0.64	0.98	201	274	202	227	242	242	151	257	269	256	201	274
PA14_05700	codB	-0.198	2.052	0.65	1	0.58	0.97	17	18	15	18	15	24	13	17	20	20	12	27
PA14_06200	PA14_06200	0.671	-0.123	0.65	1	0.58	0.97	3	2	3	1	2	2	2	2	4	1	2	2
PA14_07020	PA14_07020	-0.109	4.753	0.65	1	0.52	0.96	113	130	117	143	150	97	85	122	156	161	125	111
PA14_08620	birA	-0.077	5.314	0.65	1	0.62	0.97	181	173	182	164	178	224	137	162	242	185	148	253
PA14_12230	leuS	0.027	8.382	0.65	1	0.85	1	1555	1378	1794	1492	1621	1528	1174	1292	2381	1684	1347	1734
PA14_13090	PA14_13090	-0.109	4.171	0.65	1	0.53	0.96	70	91	77	73	94	91	52	86	102	83	78	103
PA14_13360	PA14_13360	-0.062	6.161	0.65	1	0.65	0.98	326	328	325	386	311	324	246	308	432	435	258	368
PA14_15090	PA14_15090	-0.093	4.122	0.65	1	0.64	0.98	77	88	66	80	82	84	58	83	89	90	68	95
PA14_16020	PA14_16020	0.015	8.123	0.65	1	0.93	1	1137	1245	1546	1234	1410	1247	857	1168	2051	1393	1172	1415
PA14_17675	dgkA	-0.246	2.132	0.65	1	0.56	0.97	20	8	22	26	13	20	15	7	29	29	10	23
PA14_17850	fadB	0.673	-0.122	0.65	1	0.58	0.97	3	3	2	1	1	3	2	3	3	1	1	3
PA14_18985	PA14_18985	-0.208	2.083	0.65	1	0.47	0.95	12	14	22	20	18	19	9	13	29	23	15	22
PA14_21060	PA14_21060	-0.124	3.108	0.65	1	0.67	0.99	43	40	29	46	45	30	33	38	40	52	38	35
PA14_23200	yciK	0.092	4.586	0.65	1	0.67	0.98	104	94	142	91	97	132	78	88	186	103	80	149
PA14_24300	PA14_24300	0.136	3.695	0.65	1	0.46	0.95	77	57	54	53	52	64	59	53	73	60	43	72
PA14_25640	plsX	0.076	4.362	0.65	1	0.72	1	86	87	116	98	83	93	64	81	152	110	69	106
PA14_26110	PA14_26110	0.536	0.309	0.65	1	0.54	0.96	6	2	5	0	7	3	5	2	6	0	6	3
PA14_26690	PA14_26690	-0.228	1.76	0.65	1	0.54	0.96	10	18	12	14	18	15	7	17	16	16	15	17
PA14_29230	PA14_29230	0.072	4.804	0.65	1	0.67	0.98	131	126	137	124	144	109	99	118	181	140	120	124
PA14_30870	trbF	0.515	0.364	0.65	1	0.61	0.97	6	2	7	2	9	1	5	2	9	2	8	1
PA14_32570	PA14_32570	-0.097	4.162	0.65	1	0.6	0.97	81	81	77	99	80	76	61	76	103	111	66	87
PA14_32890	PA14_32890	-0.103	3.731	0.65	1	0.63	0.97	61	62	53	71	55	61	46	58	71	80	45	69
PA14_34500	PA14_34500	-0.11	4.017	0.65	1	0.49	0.96	68	71	72	73	79	77	51	67	95	82	66	87
PA14_38190	PA14_38190	-0.149	2.956	0.65	1	0.47	0.95	28	33	34	32	35	40	21	31	45	36	29	45
PA14_38710	PA14_38710	0.074	4.352	0.65	1	0.78	1	86	95	108	92	118	65	64	89	142	104	99	75
PA14_41420	PA14_41420	-0.13	3.517	0.65	1	0.52	0.96	51	41	55	44	56	61	39	38	72	50	47	69
PA14_44560	PA14_44560	0.15	3.043	0.65	1	0.49	0.96	42	40	33	28	32	44	32	38	45	32	26	49
PA14_44910	PA14_44910	-0.056	8.242	0.65	1	0.69	0.99	1413	1348	1406	1279	1391	1661	1067	1264	1867	1444	1155	1884
PA14_45510	PA14_45510	0.069	7.986	0.65	1	0.58	0.97	1207	1268	1168	1237	1114	1119	911	1189	1551	1396	925	1270
PA14_46390	PA14_46390	-0.133	3.239	0.65	1	0.53	0.96	36	47	38	42	47	44	27	44	51	48	39	50
PA14_47920	PA14_47920	0.674	-0.121	0.65	1	0.58	0.97	3	4	1	2	1	2	2	4	2	2	1	2
PA14_49280	PA14_49280	-0.073	5.264	0.65	1	0.64	0.98	189	154	178	200	170	176	143	144	236	225	141	200
PA14_49350	PA14_49350	-0.114	5.17	0.65	1	0.45	0.94	131	174	175	166	197	159	98	163	231	188	164	181
PA14_50450	flgE	0.069	7.273	0.65	1	0.57	0.97	777	735	707	693	732	690	587	689	939	782	608	783
PA14_52070	PA14_52070	0.09	7.5	0.65	1	0.53	0.96	955	825	840	708	782	971	722	774	1116	800	649	1101
PA14_52280	PA14_52280	0.124	3.342	0.65	1	0.58	0.97	46	46	49	46	47	38	35	43	65	52	39	43
PA14_52880	PA14_52880	0.676	-0.33	0.65	1	0.59	0.97	4	2	2	4	0	1	3	2	3	4	0	1
PA14_53390	PA14_53390	-0.135	3.492	0.65	1	0.53	0.96	40	54	49	61	58	40	30	51	65	69	48	46
PA14_56720	PA14_56720	-0.084	4.989	0.65	1	0.55	0.96	143	142	143	148	151	155	108	133	190	167	125	176
PA14_59100	PA14_59100	-0.096	4.12	0.65	1	0.62	0.97	76	79	74	96	73	75	57	74	99	108	60	85
PA14_60000	PA14_60000	0.089	4.379	0.65	1	0.59	0.97	86	105	104	93	84	102	64	99	138	105	69	115
PA14_60140	PA14_60140	-0.088	4.609	0.65	1	0.62	0.97	119	98	112	94	114	140	90	92	148	107	95	158
PA14_61620	PA14_61620	-0.15	2.776	0.65	1	0.61	0.97	27	37	23	33	37	26	20	35	31	37	31	30
PA14_61850	iutA	0.075	7.801	0.65	1	0.55	0.96	1110	1051	1051	1022	947	1078	838	986	1396	1153	786	1223
PA14_62180	PA14_62180	0.093	6.188	0.65	1	0.46	0.95	379	354	322	344	304	338	287	332	428	388	252	383
PA14_66650	pilN	-0.05	7.626	0.65	1	0.73	1	952	891	878	844	852	1121	719	836	1167	953	707	1271
PA14_68130	emrA	-0.135	3.363	0.65	1	0.5	0.96	35	51	45	51	50	44	26	48	60	58	42	50
PA14_71090	yeiE	-0.109	3.634	0.65	1	0.6	0.97	58	55	50	60	53	61	44	52	67	68	44	69
PA14_71220	cls	-0.076	6.205	0.65	1	0.54	0.96	344	306	353	355	350	353	260	287	468	401	291	400
PA14_73330	parB	0.062	9.274	0.65	1	0.61	0.97	2941	3029	2913	2907	2766	2836	2220	2841	3869	3280	2298	3218
PA14_00090	glyS	0.078	6.058	0.66	1	0.54	0.96	354	299	306	313	306	288	268	280	407	353	254	327
PA14_00670	PA14_00670	-0.133	3.386	0.66	1	0.49	0.96	41	44	49	51	55	44	31	41	65	57	46	50
PA14_01500	PA14_01500	-0.063	5.221	0.66	1	0.69	0.99	191	159	157	172	172	183	145	149	209	194	143	207
PA14_03340	PA14_03340	-0.092	4.948	0.66	1	0.51	0.96	119	148	145	152	141	148	89	139	192	171	117	168
PA14_03840	aguR	0.207	2.035	0.66	1	0.54	0.96	16	22	16	10	13	23	12	21	22	12	11	26
PA14_04050	PA14_04050	0.044	7.198	0.66	1	0.77	1	654	728	707	747	727	555	493	683	939	842	604	631
PA14_04320	ilvA1	-0.094	5.226	0.66	1	0.47	0.95	156	163	183	181	183	174	117	153	242	204	152	198
PA14_07910	rpe	-0.241	3.219	0.66	1	0.32	0.87	32	33	49	31	63	43	24	31	64	36	53	49
PA14_09810	PA14_09810	-0.475	0.308	0.66	1	0.69	0.99	4	5	0	3	7	3	3	5	1	4	6	3
PA14_10910	phlE	0.254	1.348	0.66	1	0.63	0.97	11	11	12	10	14	5	8	10	16	11	12	6
PA14_11480	PA14_11480	0.07	5.588	0.66	1	0.6	0.97	229	222	234	232	216	206	173	208	311	261	179	234
PA14_13170	PA14_13170	0.407	8.709	0.66	1	0.4	0.92	3957	395	2349	1495	1640	1925	2995	369	3119	1687	1362	2183
PA14_13430	fecA	0.092	4.664	0.66	1	0.55	0.96	133	111	120	103	112	125	101	104	159	117	93	141
PA14_14540	PA14_14540	0.094	7.597	0.66	1	0.53	0.96	1129	811	867	804	944	880	854	760	1152	908	785	998
PA14_14550	PA14_14550	-0.066	12.504	0.66	1	0.69	0.99	30525	22967	26290	23732	26033	33734	23044	21541	34912	26780	21626	38275
PA14_14750	icsA	-0.04	7.274	0.66	1	0.79	1	749	703	688	699	632	866	566	659	914	789	524	982
PA14_15380	repA	-0.075	5.566	0.66	1	0.61	0.97	208	229	204	188	239	248	157	215	271	213	199	281
PA14_15920	yhjE	-0.059	5.387	0.66	1	0.71	1	201	206	167	215	196	184	152	193	223	242	163	209
PA14_17650	PA14_17650	0.141	3.038	0.66	1	0.5	0.96	40	43	35	41	33	32	30	40	47	46	27	36
PA14_19130	rhlI	-0.116	8.851	0.66	1	0.42	0.93	1786	1967	2466	2150	2354	2241	1347	1845	3272	2426	1956	2543
PA14_21210	PA14_21210	-0.082	5.52	0.66	1	0.53	0.96	212	191	218	220	220	218	160	179	289	248	183	247
PA14_22960	PA14_22960	0.096	4.724	0.66	1	0.5	0.96	123	137	117	128	108	116	93	129	156	144	89	132
PA14_25360	apbE	0.07	7.717	0.66	1	0.58	0.97	1000	1091	935	995	968	919	755	1023	1242	1123	804	1043
PA14_26550	PA14_26550	0.052	5.398	0.66	1	0.8	1	148	206	241	205	188	183	110	193	318	231	156	208
PA14_28100	PA14_28100	-0.22	1.905	0.66	1	0.54	0.96	11	12	18	19	15	15	8	11	23	21	12	17
PA14_31720	PA14_31720	0.08	5.811	0.66	1	0.54	0.96	265	278	263	284	228	248	200	261	349	320	189	282
PA14_32410	mexT	0.065	4.253	0.66	1	0.81	1	76	92	100	96	97	66	57	86	132	108	81	75
PA14_32720	PA14_32720	0.085	6.089	0.66	1	0.59	0.97	339	330	312	372	316	236	256	310	415	419	263	269
PA14_36300	PA14_36300	-0.073	6.414	0.66	1	0.57	0.97	352	424	385	429	412	381	265	398	511	484	342	433
PA14_37520	PA14_37520	0.066	5.129	0.66	1	0.72	1	168	145	182	188	157	129	127	136	241	212	130	147
PA14_39090	PA14_39090	-0.031	5.671	0.66	1	0.89	1	270	243	194	242	220	257	205	228	259	273	182	291
PA14_39960	phzB2	0.08	7.908	0.66	1	0.58	0.97	1252	1009	1201	1159	935	1180	946	946	1595	1307	776	1339
PA14_44400	ccoP	-0.061	7.2	0.66	1	0.62	0.97	699	633	685	711	691	702	528	594	909	802	574	797
PA14_47010	PA14_47010	0.078	4.179	0.66	1	0.73	1	72	85	94	72	89	80	54	80	124	82	74	91
PA14_49890	PA14_49890	0.074	5.936	0.66	1	0.57	0.97	302	300	274	287	289	255	228	281	365	324	240	290
PA14_51850	PA14_51850	0.087	5.251	0.66	1	0.56	0.96	176	195	174	151	160	201	133	183	231	171	133	227
PA14_51960	rbn	-0.058	6.9	0.66	1	0.65	0.98	556	544	541	539	552	616	420	510	718	608	458	699
PA14_52130	PA14_52130	0.011	10.348	0.66	1	0.94	1	5480	5734	7172	5903	6518	5829	4136	5378	9522	6661	5415	6614
PA14_56410	PA14_56410	0.088	4.198	0.66	1	0.67	0.99	71	96	91	93	77	73	53	90	120	105	64	83
PA14_56870	PA14_56870	0.08	6.184	0.66	1	0.53	0.96	360	349	337	367	306	314	272	327	448	414	254	356
PA14_57200	PA14_57200	-0.042	7.635	0.66	1	0.75	1	955	968	829	903	944	984	721	908	1102	1019	784	1116
PA14_59540	PA14_59540	0.082	5.432	0.66	1	0.56	0.96	198	222	200	182	181	221	149	208	266	206	150	250
PA14_60580	PA14_60580	-0.059	5.682	0.66	1	0.69	0.99	227	257	216	249	226	252	171	241	288	281	187	286
PA14_61320	PA14_61320	0.114	3.481	0.66	1	0.62	0.97	46	51	60	61	37	48	34	48	79	68	30	54
PA14_61510	PA14_61510	-0.187	2.163	0.66	1	0.6	0.97	16	20	16	26	17	17	12	19	22	29	14	19
PA14_62090	PA14_62090	0.371	0.732	0.66	1	0.73	1	7	1	9	4	6	3	5	1	12	5	5	4
PA14_64080	dipZ	-0.11	4.985	0.66	1	0.46	0.95	123	149	150	151	177	131	92	140	199	170	148	149
PA14_64300	PA14_64300	-0.215	1.882	0.66	1	0.53	0.96	15	15	13	14	18	17	11	14	17	16	15	19
PA14_66260	ilvE	-0.052	9.177	0.66	1	0.69	0.99	2810	2486	2685	2552	2703	3019	2122	2332	3566	2880	2245	3425
PA14_66970	tatB	0.097	3.907	0.66	1	0.62	0.97	73	64	76	66	71	63	55	60	100	74	59	72
PA14_68550	PA14_68550	-0.141	3.121	0.66	1	0.47	0.95	35	35	39	35	44	42	26	33	52	40	37	48
PA14_68980	ubiH	0.067	7.421	0.66	1	0.64	0.98	823	848	790	918	780	650	621	795	1049	1035	648	738
PA14_70860	PA14_70860	-0.054	7.141	0.66	1	0.74	1	752	559	630	629	582	802	569	524	837	710	483	909
PA14_72140	PA14_72140	0.232	1.89	0.66	1	0.6	0.97	17	23	10	11	20	11	13	22	14	13	17	13
PA14_73390	PA14_73390	-0.279	1.29	0.66	1	0.69	0.99	11	9	5	8	12	10	9	8	7	9	10	11
EBG00001225133	tmRNA	-0.058	6.694	0.67	1	0.66	0.98	476	487	458	432	499	548	359	457	609	488	415	621
PA14_00060	PA14_00060	0.05	5.757	0.67	1	0.75	1	221	279	265	252	261	230	166	262	352	284	217	261
PA14_02590	mdcE	0.133	2.444	0.67	1	0.84	1	20	24	31	17	33	20	15	22	40	19	28	23
PA14_03580	PA14_03580	0.104	3.964	0.67	1	0.55	0.96	79	67	76	76	62	69	60	63	101	85	51	78
PA14_04410	ptsP	-0.028	8.549	0.67	1	0.84	1	1918	1651	1639	1864	1649	1795	1449	1548	2177	2103	1369	2037
PA14_06430	PA14_06430	0.235	1.529	0.67	1	0.5	0.96	14	12	13	15	6	11	11	11	17	17	5	12
PA14_07780	PA14_07780	0.119	7.189	0.67	1	0.42	0.92	836	675	619	605	610	745	633	633	824	683	506	845
PA14_07970	PA14_07970	0.078	7.716	0.67	1	0.56	0.97	1140	952	938	879	964	1026	862	893	1247	992	801	1164
PA14_07990	hol	0.072	7.611	0.67	1	0.58	0.97	955	968	888	830	859	985	721	908	1180	937	713	1117
PA14_09380	PA14_09380	0.073	9.504	0.67	1	0.6	0.97	3542	3773	3144	3670	3307	2967	2674	3539	4176	4141	2747	3367
PA14_09580	PA14_09580	0.112	3.273	0.67	1	0.68	0.99	49	42	44	48	51	26	37	39	59	54	43	30
PA14_11130	PA14_11130	0.068	6.397	0.67	1	0.61	0.97	390	449	371	399	403	351	294	421	493	450	335	399
PA14_12200	holA	0.082	4.631	0.67	1	0.61	0.97	127	112	115	119	123	92	96	105	153	134	103	105
PA14_14630	secD	-0.039	6.802	0.67	1	0.78	1	541	516	487	542	479	562	409	484	647	612	397	637
PA14_19205	PA14_19205	-0.145	2.685	0.67	1	0.68	0.99	23	33	24	35	24	28	17	31	32	39	20	32
PA14_19270	PA14_19270	-0.218	1.672	0.67	1	0.68	0.99	19	9	8	13	15	11	15	8	11	15	13	13
PA14_19830	PA14_19830	-0.144	3.137	0.67	1	0.51	0.96	36	31	45	34	43	48	27	29	59	39	36	54
PA14_20110	PA14_20110	0.134	3.695	0.67	1	0.48	0.96	72	65	49	64	51	52	55	61	66	72	42	59
PA14_22630	PA14_22630	0.096	3.774	0.67	1	0.64	0.98	60	69	62	56	70	54	45	65	83	63	59	62
PA14_23630	PA14_23630	-0.126	3.071	0.67	1	0.65	0.98	44	33	30	34	45	36	34	31	40	39	38	41
PA14_24990	PA14_24990	0.107	4.029	0.67	1	0.54	0.96	87	73	75	85	68	63	66	68	100	96	56	72
PA14_27140	PA14_27140	-0.056	5.161	0.67	1	0.77	1	177	166	144	201	164	140	134	156	192	226	136	159
PA14_28560	PA14_28560	0.589	0.1	0.67	1	0.61	0.97	5	1	3	1	3	2	4	1	4	1	3	2
PA14_28780	PA14_28780	-0.132	4.961	0.67	1	0.4	0.92	121	124	165	133	175	145	91	116	218	151	146	165
PA14_29880	nuoL	0.084	7.043	0.67	1	0.53	0.96	713	639	552	577	620	597	539	599	735	651	515	677
PA14_30290	ftsK	-0.034	8.975	0.67	1	0.79	1	2509	2297	2178	2474	2317	2358	1895	2154	2893	2791	1925	2675
PA14_30420	PA14_30420	0.097	3.741	0.67	1	0.78	1	48	47	92	47	61	67	35	44	119	53	51	76
PA14_31960	czrR	-0.064	4.494	0.67	1	0.78	1	124	100	83	107	111	100	95	94	111	121	92	114
PA14_32340	PA14_32340	-0.343	0.817	0.67	1	0.63	0.97	5	8	3	9	5	6	4	8	4	10	4	7
PA14_33120	PA14_33120	0.063	5.043	0.67	1	0.71	1	145	157	164	134	162	152	109	147	217	152	135	172
PA14_35650	pslH	0.113	3.683	0.67	1	0.61	0.97	59	69	55	71	57	41	44	65	74	80	47	47
PA14_35820	tnpS	0.051	9.781	0.67	1	0.7	1	4164	4143	4274	3615	3969	4559	3143	3886	5675	4080	3297	5172
PA14_36490	PA14_36490	0.364	0.607	0.67	1	0.61	0.97	4	5	9	7	3	4	3	5	11	8	2	5
PA14_38290	PA14_38290	-0.122	3.341	0.67	1	0.55	0.96	44	42	45	52	47	42	33	39	59	59	39	48
PA14_38530	fahA	0.084	4.307	0.67	1	0.66	0.98	92	94	96	90	98	79	69	88	127	101	82	90
PA14_39010	pqqF	0.148	4.002	0.67	1	0.44	0.94	87	94	54	75	66	68	66	88	74	85	55	77
PA14_42030	PA14_42030	0.132	2.769	0.67	1	0.71	1	32	31	31	31	38	17	24	29	41	35	32	20
PA14_43270	ybbB	0.071	7.011	0.67	1	0.56	0.97	652	596	603	605	567	589	493	559	801	682	471	668
PA14_43780	PA14_43780	0.176	2.207	0.67	1	0.6	0.97	22	22	19	21	21	14	17	21	26	24	18	16
PA14_44180	PA14_44180	-0.077	5.548	0.67	1	0.59	0.97	201	227	207	244	233	193	151	213	275	275	194	219
PA14_45930	PA14_45930	0.057	5.838	0.67	1	0.68	0.99	270	250	292	263	264	256	204	234	387	297	219	290
PA14_45980	yjaB	0.129	2.702	0.67	1	0.74	1	27	26	37	21	33	29	20	24	48	24	28	33
PA14_47940	PA14_47940	0.589	-0.013	0.67	1	0.61	0.97	3	3	3	2	2	2	2	3	4	2	2	2
PA14_50970	yfcG	0.113	3.694	0.67	1	0.54	0.96	65	58	59	59	50	57	49	54	79	67	41	65
PA14_51000	yigN	0.069	7.405	0.67	1	0.57	0.97	851	798	787	749	759	814	643	748	1046	845	630	923
PA14_53900	PA14_53900	0.101	5.211	0.67	1	0.47	0.95	198	179	157	179	150	165	150	168	209	202	124	187
PA14_55070	PA14_55070	0.078	5.066	0.67	1	0.62	0.97	173	134	169	161	142	147	131	125	224	181	118	167
PA14_56250	PA14_56250	0.104	4.092	0.67	1	0.5	0.96	91	79	76	82	72	72	69	74	101	92	60	82
PA14_56530	PA14_56530	-0.079	4.666	0.67	1	0.64	0.98	108	122	111	133	106	119	81	115	147	150	88	135
PA14_56900	pncB2	-0.076	5.446	0.67	1	0.57	0.97	197	204	191	210	223	191	149	191	254	237	186	217
PA14_58260	PA14_58260	-0.095	4.194	0.67	1	0.61	0.97	88	80	76	89	98	75	67	75	102	100	82	85
PA14_58810	PA14_58810	0.104	3.658	0.67	1	0.61	0.97	58	57	63	47	57	63	44	53	83	53	47	71
PA14_61400	mqoB	-0.064	6.063	0.67	1	0.63	0.98	325	275	314	315	304	337	246	258	417	355	252	382
PA14_62160	ilvI	-0.036	7.861	0.67	1	0.81	1	1230	918	1071	1151	989	1159	930	861	1422	1299	821	1315
PA14_67180	PA14_67180	-0.059	6.51	0.67	1	0.69	0.99	443	379	426	388	398	514	335	355	566	438	330	582
PA14_67990	mutY	-0.059	5.179	0.67	1	0.73	1	173	173	149	192	159	162	131	162	199	216	132	184
PA14_68630	hslR	0.09	4.612	0.67	1	0.56	0.97	120	111	117	126	100	99	91	104	155	142	83	113
PA14_70420	rph	0.026	6.135	0.67	1	0.89	1	300	300	389	325	342	308	226	281	515	367	284	350
PA14_70690	glcD	-0.141	2.887	0.67	1	0.54	0.96	31	32	30	35	38	30	23	30	40	39	32	34
PA14_73060	cynT	-0.183	2.161	0.67	1	0.58	0.97	17	20	17	21	23	18	13	19	23	24	19	21
EBG00001225175	P18	-0.776	-0.069	0.68	1	0.28	0.83	0	1	3	1	1	6	0	1	4	1	1	7
PA14_00520	PA14_00520	0.048	6.086	0.68	1	0.79	1	267	293	401	283	291	358	200	275	530	320	241	405
PA14_01010	PA14_01010	0.096	5.828	0.68	1	0.53	0.96	316	219	283	263	222	279	240	205	376	297	184	316
PA14_01040	PA14_01040	0.059	6.67	0.68	1	0.64	0.98	473	516	467	467	481	450	357	484	621	527	400	511
PA14_01860	PA14_01860	-0.122	4.207	0.68	1	0.55	0.96	80	87	76	90	111	64	60	82	101	102	93	73
PA14_03250	PA14_03250	-0.083	6.925	0.68	1	0.56	0.96	555	472	626	530	584	638	419	442	830	599	485	723
PA14_03980	PA14_03980	-0.094	4.144	0.68	1	0.58	0.97	86	71	80	81	87	85	65	66	106	91	72	96
PA14_05600	PA14_05600	-0.095	5.179	0.68	1	0.52	0.96	140	177	167	179	190	151	105	166	222	202	158	172
PA14_06210	PA14_06210	0.128	2.957	0.68	1	0.61	0.97	37	33	39	39	31	29	28	31	51	44	26	33
PA14_06680	nirH	-0.436	0.471	0.68	1	0.55	0.96	3	5	2	5	5	3	2	5	3	6	4	4
PA14_07460	PA14_07460	-0.291	3.359	0.68	1	0.29	0.84	30	32	60	45	69	37	22	30	78	51	58	43
PA14_08910	rpsC	0.054	8.629	0.68	1	0.69	0.99	1796	1889	1977	1745	1643	2066	1355	1772	2625	1969	1364	2344
PA14_09630	PA14_09630	0.069	5.644	0.68	1	0.6	0.97	251	224	237	230	230	218	190	210	315	260	191	248
PA14_11400	ribD	-0.057	6.437	0.68	1	0.69	0.99	403	428	359	446	447	345	304	402	478	503	372	392
PA14_12150	PA14_12150	-0.129	3.512	0.68	1	0.52	0.96	54	37	58	45	62	56	41	34	76	51	52	64
PA14_14850	pilF	-0.062	7.208	0.68	1	0.63	0.97	696	609	723	688	679	751	526	571	959	776	564	852
PA14_15475	merT	0.171	2.246	0.68	1	0.61	0.97	18	28	20	17	20	21	13	26	27	19	17	24
PA14_17290	pyrG	0.035	8.306	0.68	1	0.8	1	1532	1291	1672	1454	1455	1479	1157	1211	2219	1641	1209	1678
PA14_17920	glpM	0.121	2.949	0.68	1	0.68	0.99	38	24	44	35	29	34	29	22	57	39	24	38
PA14_18340	PA14_18340	0.124	3.328	0.68	1	0.72	1	33	61	48	42	59	30	24	57	64	47	50	35
PA14_19650	PA14_19650	0.59	-0.21	0.68	1	0.43	0.93	2	4	3	4	0	2	1	4	4	4	0	2
PA14_23030	oprB	0.072	6.202	0.68	1	0.61	0.97	386	309	361	308	311	384	292	290	479	348	258	435
PA14_23110	yciL	0.038	6.696	0.68	1	0.78	1	477	454	536	447	496	489	360	426	711	505	412	555
PA14_24730	PA14_24730	0.06	5.769	0.68	1	0.66	0.98	261	235	280	262	237	246	197	220	371	295	197	279
PA14_25960	cobW	0.041	6.352	0.68	1	0.77	1	375	371	410	381	404	342	283	348	544	430	336	388
PA14_26640	PA14_26640	0.069	5.303	0.68	1	0.62	0.97	186	194	182	178	188	170	140	182	242	201	156	193
PA14_27950	PA14_27950	0.098	7.687	0.68	1	0.51	0.96	1168	882	942	842	891	1061	883	827	1252	951	740	1203
PA14_29270	yaiW	0.094	4.555	0.68	1	0.58	0.97	105	118	113	124	82	108	79	111	150	139	67	123
PA14_30190	icd	0.052	11.174	0.68	1	0.68	0.99	11075	10779	11190	10080	10333	11462	8360	10110	14860	11374	8584	13005
PA14_31110	PA14_31110	-0.424	0.293	0.68	1	0.84	1	5	4	1	6	1	5	4	4	2	7	1	6
PA14_31190	PA14_31190	-0.262	1.271	0.68	1	0.6	0.97	9	10	7	12	10	10	7	9	10	13	8	11
PA14_33960	PA14_33960	0.08	6.948	0.68	1	0.53	0.96	635	603	540	540	548	592	480	566	718	609	455	672
PA14_36330	hcnA	0.144	4.564	0.68	1	0.47	0.95	120	116	105	142	83	83	91	109	140	159	68	95
PA14_36400	PA14_36400	0.115	3.336	0.68	1	0.63	0.97	45	48	47	31	44	55	34	45	63	35	37	62
PA14_38700	ppiC1	-0.118	3.733	0.68	1	0.51	0.96	50	64	60	52	72	67	37	60	80	59	60	76
PA14_41360	cysS	-0.04	8.924	0.68	1	0.76	1	2332	2167	2229	2257	2141	2517	1761	2032	2960	2547	1778	2855
PA14_42460	pcrH	0.091	4.053	0.68	1	0.7	1	66	90	76	85	80	53	49	85	101	96	67	61
PA14_42870	PA14_42870	0.096	6.49	0.68	1	0.5	0.96	472	414	413	361	361	491	357	388	549	408	299	556
PA14_43790	PA14_43790	0.177	2.309	0.68	1	0.5	0.96	24	28	17	20	18	20	18	26	23	23	15	23
PA14_44990	PA14_44990	-0.221	1.726	0.68	1	0.58	0.97	14	9	13	12	16	14	11	8	17	14	13	16
PA14_45840	PA14_45840	-0.102	6.808	0.68	1	0.46	0.95	472	443	596	553	573	500	356	415	790	624	476	568
PA14_46320	pyc	-0.052	4.676	0.68	1	0.82	1	129	129	92	125	115	120	98	121	124	141	95	136
PA14_46560	PA14_46560	0.323	0.859	0.68	1	0.47	0.95	8	13	3	6	5	7	6	12	5	7	4	8
PA14_46770	PA14_46770	0.037	5.512	0.68	1	0.85	1	175	221	244	200	212	215	131	207	323	226	176	244
PA14_47670	cobU	0.147	4.214	0.68	1	0.57	0.97	89	113	66	82	105	55	67	106	90	93	88	63
PA14_47950	PA14_47950	-0.724	-0.525	0.68	1	0.55	0.96	0	2	2	2	4	2	0	2	2	2	3	2
PA14_49630	PA14_49630	-0.156	2.732	0.68	1	0.56	0.96	29	21	31	36	35	22	22	20	41	40	29	25
PA14_50910	PA14_50910	0.132	3.391	0.68	1	0.51	0.96	47	55	46	46	32	55	35	52	61	52	26	62
PA14_53690	PA14_53690	-0.138	2.887	0.68	1	0.6	0.97	35	29	30	37	38	28	27	27	40	42	32	32
PA14_54270	yecP	0.113	3.854	0.68	1	0.54	0.96	76	73	56	68	68	53	58	69	76	77	57	60
PA14_55690	recC	0.072	7.166	0.68	1	0.58	0.97	708	692	663	737	616	609	535	649	881	831	511	691
PA14_55800	PA14_55800	0.085	5.542	0.68	1	0.52	0.96	242	213	215	205	190	235	183	200	286	231	157	266
PA14_56940	colS	-0.079	4.729	0.68	1	0.61	0.97	107	132	116	129	117	129	80	124	154	145	97	146
PA14_57950	PA14_57950	-0.028	11.569	0.68	1	0.86	1	15677	14437	12177	12931	12977	17197	11835	13541	16172	14592	10780	19511
PA14_58660	ampE	0.06	5.356	0.68	1	0.7	1	186	202	192	195	203	160	140	190	255	220	169	182
PA14_60860	nfxB	0.136	2.956	0.68	1	0.57	0.97	32	42	33	33	28	36	24	40	44	37	23	41
PA14_64580	PA14_64580	-0.082	4.043	0.68	1	0.71	1	63	92	63	83	68	80	47	87	85	93	56	91
PA14_65430	motB	-0.062	6.807	0.68	1	0.62	0.97	482	536	514	516	514	569	363	503	682	582	427	645
PA14_66690	PA14_66690	0.077	8.222	0.68	1	0.56	0.97	1489	1509	1308	1267	1308	1504	1124	1415	1738	1430	1086	1706
PA14_69500	argH	0.033	5.368	0.68	1	0.88	1	177	166	237	186	196	188	133	155	313	210	163	213
PA14_70120	PA14_70120	0.126	2.924	0.68	1	0.67	0.99	36	37	33	26	43	29	27	35	44	30	36	33
PA14_70430	yicC	0.046	5.27	0.68	1	0.8	1	166	176	201	188	191	150	125	165	266	212	159	171
PA14_71690	PA14_71690	0.166	2.326	0.68	1	0.61	0.97	23	22	23	18	24	19	17	21	30	20	20	22
PA14_72890	PA14_72890	-0.073	4.324	0.68	1	0.72	1	99	95	76	78	96	107	75	89	102	89	80	121
PA14_73140	PA14_73140	-0.058	8.552	0.68	1	0.64	0.98	1666	1795	1705	1803	1827	1749	1257	1684	2264	2034	1518	1985
PA14_73230	atpC	0.047	9.147	0.68	1	0.72	1	2691	2526	2876	2434	2489	2911	2031	2369	3818	2747	2067	3302
PA14_01940	PA14_01940	-0.054	6.654	0.69	1	0.68	0.99	474	481	429	495	506	434	358	451	570	558	421	493
PA14_02410	PA14_02410	0.197	1.842	0.69	1	0.6	0.97	18	16	13	10	16	15	14	15	18	12	13	17
PA14_03000	PA14_03000	0.164	2.383	0.69	1	0.52	0.96	29	26	20	24	19	21	22	24	27	27	16	24
PA14_05040	PA14_05040	-0.159	2.783	0.69	1	0.47	0.95	22	24	38	30	34	32	16	22	49	34	28	36
PA14_09280	pchF	-0.051	13.255	0.69	1	0.7	1	43799	48402	42723	48557	49090	42156	33062	45398	56735	54792	40780	47832
PA14_11160	PA14_11160	0.291	1.003	0.69	1	0.67	0.98	10	5	8	9	8	2	8	5	11	10	7	3
PA14_12110	PA14_12110	0.12	5.821	0.69	1	0.46	0.95	334	218	269	244	221	289	254	204	357	275	183	327
PA14_13950	PA14_13950	-0.039	8.998	0.69	1	0.8	1	2599	2274	2210	2136	2181	2961	1963	2133	2936	2411	1811	3358
PA14_14330	PA14_14330	-0.241	1.327	0.69	1	0.61	0.97	10	11	7	12	9	11	8	10	10	14	7	13
PA14_14975	PA14_14975	-0.039	6.492	0.69	1	0.78	1	464	398	383	421	417	438	351	373	510	475	346	497
PA14_16200	PA14_16200	0.078	5.957	0.69	1	0.55	0.96	299	327	265	261	281	301	226	307	353	295	233	341
PA14_16820	PA14_16820	-0.033	7.953	0.69	1	0.8	1	1232	1163	1042	1156	1178	1181	931	1091	1385	1305	979	1340
PA14_17420	ispF	-0.09	4.865	0.69	1	0.53	0.96	131	118	140	143	149	125	99	111	185	161	124	142
PA14_18160	PA14_18160	0.162	2.341	0.69	1	0.64	0.98	17	29	24	23	15	24	12	27	32	26	12	27
PA14_18320	PA14_18320	-0.225	2.053	0.69	1	0.52	0.96	9	24	13	21	20	13	6	23	18	24	17	15
PA14_19050	metG	0.013	7.416	0.69	1	0.94	1	717	744	941	787	815	783	540	698	1247	888	677	888
PA14_20690	PA14_20690	-0.063	5.481	0.69	1	0.66	0.98	184	222	202	215	190	229	138	208	268	243	157	259
PA14_21000	PA14_21000	0.073	7.384	0.69	1	0.58	0.97	830	872	701	771	794	719	627	818	933	870	660	816
PA14_21930	PA14_21930	-0.141	2.321	0.69	1	0.82	1	29	18	14	24	19	23	23	17	20	27	16	26
PA14_22130	PA14_22130	0.302	0.949	0.69	1	0.65	0.98	8	5	9	4	8	6	6	5	12	5	7	7
PA14_23120	PA14_23120	0.08	4.909	0.69	1	0.56	0.97	141	146	143	137	123	145	106	137	190	155	102	164
PA14_23640	PA14_23640	-0.055	5.259	0.69	1	0.74	1	189	175	160	180	170	191	143	164	213	203	141	216
PA14_23840	truA	-0.051	6.259	0.69	1	0.69	0.99	370	349	335	361	362	368	280	327	446	407	301	417
PA14_25370	PA14_25370	-0.051	6.618	0.69	1	0.69	0.99	439	491	420	449	471	479	331	461	559	507	391	543
PA14_25550	murB	0.08	6.204	0.69	1	0.56	0.97	385	325	349	322	293	385	291	305	464	363	243	436
PA14_25560	rne	-0.052	8.597	0.69	1	0.69	0.99	1849	1652	1841	1740	1784	2012	1396	1549	2445	1964	1482	2282
PA14_26070	PA14_26070	0.2	1.816	0.69	1	0.62	0.97	19	10	16	9	15	15	15	9	21	10	13	17
PA14_27740	PA14_27740	0.076	4.912	0.69	1	0.65	0.98	152	118	159	141	116	148	115	110	210	159	96	168
PA14_27980	yjbN	0.063	3.827	0.69	1	0.85	1	48	63	83	65	64	59	35	59	108	73	53	67
PA14_28240	PA14_28240	0.098	4.401	0.69	1	0.54	0.96	113	104	85	93	100	88	86	98	114	105	83	100
PA14_29760	PA14_29760	0.09	6.94	0.69	1	0.49	0.96	662	589	527	554	519	593	501	552	701	625	431	673
PA14_29860	nuoM	0.095	5.97	0.69	1	0.49	0.96	349	294	264	267	269	311	265	276	352	302	223	352
PA14_30040	PA14_30040	-0.111	4.506	0.69	1	0.47	0.95	91	96	112	111	126	89	68	90	148	125	105	102
PA14_32350	PA14_32350	-0.351	0.737	0.69	1	0.54	0.96	5	1	10	4	7	10	4	1	12	5	6	11
PA14_32440	PA14_32440	-0.174	3.132	0.69	1	0.45	0.94	25	39	43	31	50	42	18	37	56	35	42	48
PA14_34300	PA14_34300	-0.297	0.863	0.69	1	0.55	0.96	9	5	5	7	11	6	7	5	7	8	9	7
PA14_35170	soxR	-0.07	5.126	0.69	1	0.66	0.98	174	139	162	184	163	151	132	130	215	207	135	172
PA14_36100	PA14_36100	-0.204	1.717	0.69	1	0.67	0.98	13	15	10	18	12	13	10	14	14	20	10	15
PA14_37250	PA14_37250	0.367	1.023	0.69	1	0.52	0.96	8	9	8	2	3	14	6	8	11	3	2	15
PA14_38720	PA14_38720	-0.124	5.148	0.69	1	0.49	0.96	125	182	161	203	179	130	93	171	214	228	149	148
PA14_39640	PA14_39640	-0.155	2.566	0.69	1	0.54	0.96	24	21	26	30	28	22	18	20	34	34	23	25
PA14_42140	PA14_42140	0.09	4.784	0.69	1	0.61	0.97	127	151	116	145	131	95	96	142	155	163	109	108
PA14_42580	pscO	0.195	1.75	0.69	1	0.69	0.99	15	15	15	13	19	8	11	14	20	15	16	9
PA14_44540	PA14_44540	0.082	5.468	0.69	1	0.54	0.96	214	222	197	187	185	224	162	208	262	211	153	254
PA14_45210	PA14_45210	0.171	2.498	0.69	1	0.47	0.95	29	33	18	24	20	26	22	31	25	27	16	29
PA14_46250	PA14_46250	0.093	4.107	0.69	1	0.58	0.97	78	94	74	77	78	75	59	88	99	87	65	85
PA14_47360	PA14_47360	0.092	5.235	0.69	1	0.56	0.97	199	174	169	207	160	140	151	163	225	233	133	159
PA14_48100	aprE	0.034	8.648	0.69	1	0.79	1	1864	1755	2079	1881	1829	1855	1407	1646	2760	2123	1519	2105
PA14_49070	PA14_49070	0.071	5.565	0.69	1	0.61	0.97	242	225	212	232	227	185	183	211	282	262	189	211
PA14_49200	oprH	-0.074	9.865	0.69	1	0.59	0.97	4197	3768	4799	4207	4417	4812	3168	3534	6371	4748	3669	5460
PA14_50690	phaF	-0.122	3.244	0.69	1	0.55	0.96	39	45	40	37	49	49	29	42	53	42	41	55
PA14_50830	PA14_50830	-0.049	6.803	0.69	1	0.71	1	514	550	475	562	540	488	388	516	631	634	449	554
PA14_50850	PA14_50850	0.136	2.387	0.69	1	0.77	1	24	20	26	18	32	15	18	19	34	21	27	17
PA14_53620	PA14_53620	0.095	3.066	0.69	1	0.83	1	35	36	45	27	47	36	26	34	59	31	40	41
PA14_56340	mntH1	-0.064	5.437	0.69	1	0.65	0.98	210	191	190	189	212	216	159	179	253	214	176	245
PA14_59980	PA14_59980	0.292	1.058	0.69	1	0.54	0.96	7	9	8	7	6	6	5	8	11	8	5	7
PA14_60360	lspA	0.074	6.19	0.69	1	0.55	0.96	350	370	329	342	312	340	264	347	438	386	259	386
PA14_62720	rpsO	0.077	12.205	0.69	1	0.65	0.98	17362	28985	21802	22312	21451	20846	13104	27187	28953	25177	17820	23653
PA14_62790	PA14_62790	-0.27	9.57	0.69	1	0.23	0.8	2132	2881	4669	3585	4537	3548	1606	2702	6194	4046	3770	4026
PA14_63220	PA14_63220	0.015	7.376	0.69	1	0.94	1	665	701	973	767	806	745	501	657	1289	865	670	845
PA14_63830	PA14_63830	0.1	4.473	0.69	1	0.63	0.97	131	85	105	83	121	95	100	79	139	94	101	108
PA14_64980	nadE	-0.113	3.536	0.69	1	0.62	0.97	42	56	51	66	51	46	31	53	68	74	42	52
PA14_66320	PA14_66320	0.049	8.181	0.69	1	0.69	0.99	1392	1346	1405	1364	1340	1302	1051	1262	1865	1539	1113	1477
PA14_66610	aroK	-0.07	8.676	0.69	1	0.57	0.97	1751	1897	1957	1887	2020	1980	1321	1779	2598	2130	1678	2246
PA14_66680	maeB	-0.028	7.193	0.69	1	0.85	1	760	625	646	670	627	772	575	586	858	756	520	875
PA14_67770	pgm	0.05	6.697	0.69	1	0.71	1	480	514	484	504	505	419	362	482	643	569	420	476
PA14_69200	trxA	0.012	9.453	0.69	1	0.93	1	2920	3150	3813	3248	3267	3287	2203	2954	5061	3665	2714	3730
PA14_69990	dadX	0.065	6.11	0.69	1	0.65	0.98	332	360	297	332	344	270	251	338	395	374	286	307
PA14_70740	PA14_70740	0.019	8.555	0.69	1	0.9	1	1561	1840	1913	1802	1855	1591	1177	1726	2540	2033	1541	1806
PA14_73260	atpA	0.071	10.268	0.69	1	0.61	0.97	6264	5529	5963	5462	4959	6480	4729	5186	7919	6163	4119	7352
EBG00001225140	tRNA	0.473	0.177	0.7	1	0.65	0.98	4	2	5	2	4	3	3	2	6	2	3	3
PA14_00340	PA14_00340	0.199	1.647	0.7	1	0.76	1	9	15	17	18	11	7	6	14	22	20	9	8
PA14_00720	PA14_00720	0.103	4.563	0.7	1	0.49	0.96	128	114	98	99	95	118	97	107	131	112	79	134
PA14_02650	PA14_02650	-0.1	3.838	0.7	1	0.58	0.97	62	61	64	57	70	74	47	57	85	65	58	84
PA14_03080	PA14_03080	-0.086	3.728	0.7	1	0.73	1	66	60	51	72	59	54	50	56	69	81	49	62
PA14_03430	gabD	-0.034	7.146	0.7	1	0.8	1	645	700	618	698	604	706	487	657	821	788	501	801
PA14_04060	PA14_04060	0.287	1.154	0.7	1	0.51	0.96	14	11	4	9	6	7	11	10	6	10	5	8
PA14_04370	PA14_04370	-0.101	3.617	0.7	1	0.64	0.98	55	57	48	58	65	50	42	54	64	65	54	57
PA14_05000	micA	0.063	4.284	0.7	1	0.77	1	96	76	101	69	99	95	73	71	134	78	83	108
PA14_05030	PA14_05030	0.181	1.895	0.7	1	0.63	0.98	17	14	19	21	12	11	13	13	25	23	10	13
PA14_05920	PA14_05920	0.07	5.843	0.7	1	0.58	0.97	277	279	266	285	246	250	209	262	353	321	204	284
PA14_06540	bioC	0.097	3.579	0.7	1	0.71	1	46	63	57	67	50	39	34	59	76	75	41	45
PA14_07060	PA14_07060	-0.134	3.308	0.7	1	0.55	0.96	42	36	49	55	54	32	32	34	64	62	45	37
PA14_07400	PA14_07400	0.198	1.835	0.7	1	0.53	0.96	15	17	15	15	9	16	11	16	20	17	7	18
PA14_07630	PA14_07630	0.14	2.558	0.7	1	0.64	0.98	25	27	30	21	26	27	19	25	39	24	22	31
PA14_08110	PA14_08110	0.068	7.265	0.7	1	0.59	0.97	764	758	688	646	697	764	577	711	914	729	579	866
PA14_08480	argC	-0.056	6.62	0.7	1	0.65	0.98	454	436	457	472	449	479	343	409	607	533	373	543
PA14_10730	PA14_10730	0.07	7.744	0.7	1	0.59	0.97	1097	974	1009	959	896	1077	829	913	1340	1082	744	1222
PA14_10950	PA14_10950	-0.159	2.333	0.7	1	0.61	0.97	22	21	19	26	22	21	17	20	25	29	18	24
PA14_10980	PA14_10980	-0.116	3.189	0.7	1	0.56	0.96	37	43	38	40	47	42	28	40	51	45	39	48
PA14_15100	PA14_15100	0.045	7.893	0.7	1	0.73	1	1144	1097	1146	988	1136	1161	864	1029	1522	1115	944	1317
PA14_15960	ffh	0.049	6.933	0.7	1	0.74	1	563	511	663	584	485	611	425	479	879	659	402	693
PA14_16000	rplS	-0.023	6.924	0.7	1	0.89	1	627	583	481	596	565	554	474	547	641	672	469	629
PA14_17860	paaH	-0.111	3.019	0.7	1	0.74	1	44	27	35	46	35	32	34	25	46	51	29	37
PA14_18920	rnfC	0.078	4.924	0.7	1	0.61	0.97	134	166	130	129	138	140	101	156	174	146	115	159
PA14_19950	PA14_19950	0.044	7.218	0.7	1	0.74	1	674	715	728	611	691	752	508	671	966	690	574	853
PA14_20800	PA14_20800	-0.12	7.084	0.7	1	0.41	0.92	517	566	734	609	700	669	389	531	972	688	582	759
PA14_23190	PA14_23190	0.174	1.809	0.7	1	0.78	1	16	9	22	10	13	18	12	8	28	12	11	20
PA14_25830	PA14_25830	-0.109	3.421	0.7	1	0.7	1	38	65	35	51	48	49	28	61	48	57	40	56
PA14_30160	mutT	0.269	1.103	0.7	1	0.68	0.99	9	10	7	6	12	4	7	9	10	7	10	5
PA14_30590	PA14_30590	-0.07	6.268	0.7	1	0.57	0.97	341	348	361	341	386	376	257	326	479	385	321	427
PA14_30750	PA14_30750	-0.038	5.489	0.7	1	0.86	1	248	179	191	214	190	229	189	168	254	241	157	259
PA14_30880	trbL	-0.167	2.129	0.7	1	0.66	0.98	14	22	16	18	16	24	10	21	21	20	13	27
PA14_30960	traG	0.188	1.829	0.7	1	0.6	0.97	15	17	17	16	12	14	11	16	22	18	10	16
PA14_31380	sfpA	0.191	1.836	0.7	1	0.55	0.96	17	20	12	13	14	15	13	19	17	15	12	17
PA14_31740	PA14_31740	-0.156	3.049	0.7	1	0.58	0.97	45	25	35	33	51	32	35	23	46	38	43	37
PA14_35830	tnpT	-0.067	7.279	0.7	1	0.61	0.97	709	630	785	726	705	795	535	591	1041	819	585	902
PA14_37980	PA14_37980	-0.13	3.269	0.7	1	0.62	0.97	50	27	48	56	42	38	38	25	63	63	35	43
PA14_38395	PA14_38395	-0.135	2.782	0.7	1	0.63	0.97	26	29	32	44	25	26	19	27	42	49	20	30
PA14_40210	PA14_40210	0.287	1.065	0.7	1	0.68	0.99	7	12	6	3	12	5	5	11	8	4	10	6
PA14_40850	gpmA	-0.089	6.552	0.7	1	0.55	0.96	364	501	406	433	513	408	274	470	540	489	427	463
PA14_41170	fabI	0.078	5.647	0.7	1	0.53	0.96	251	244	225	243	212	225	190	229	300	274	176	255
PA14_41640	menG	0.072	6.592	0.7	1	0.58	0.97	511	426	447	415	420	480	387	399	594	468	349	544
PA14_41710	PA14_41710	-0.03	6.413	0.7	1	0.88	1	491	339	349	417	355	430	373	318	465	470	294	488
PA14_44370	ccoN	0.061	6.687	0.7	1	0.63	0.97	516	449	509	483	437	491	390	421	675	545	363	557
PA14_45500	cheW	0.106	8.249	0.7	1	0.47	0.95	1677	1439	1314	1271	1245	1599	1267	1350	1746	1434	1034	1813
PA14_46440	PA14_46440	0.067	5.468	0.7	1	0.62	0.97	227	201	203	203	214	185	172	188	270	229	178	210
PA14_46980	PA14_46980	-0.059	5.149	0.7	1	0.73	1	164	177	142	182	176	145	124	166	190	205	146	165
PA14_47300	phnW	0.175	1.911	0.7	1	0.77	1	14	15	21	11	16	18	10	14	27	13	13	20
PA14_49930	PA14_49930	-0.103	4.211	0.7	1	0.57	0.97	82	83	81	71	110	85	62	78	108	81	92	97
PA14_51270	dapA	0.027	6.561	0.7	1	0.86	1	414	413	504	473	445	391	312	387	668	533	370	444
PA14_52770	aotM	-0.023	5.786	0.7	1	0.92	1	298	245	223	270	225	280	226	230	298	305	186	317
PA14_54400	mucC	0.053	6.714	0.7	1	0.67	0.98	502	486	506	482	484	475	379	456	672	544	402	539
PA14_56570	PA14_56570	-0.607	-0.121	0.7	1	0.58	0.97	3	1	1	3	4	2	2	1	2	3	3	2
PA14_58500	PA14_58500	0.133	2.711	0.7	1	0.62	0.97	34	25	31	29	29	24	26	23	41	33	24	27
PA14_58850	PA14_58850	0.057	5.778	0.7	1	0.7	1	228	298	253	258	255	237	171	280	336	291	212	269
PA14_59110	PA14_59110	0.128	3.189	0.7	1	0.63	0.97	33	48	45	38	27	50	24	45	60	43	22	56
PA14_59480	PA14_59480	-0.223	3.152	0.7	1	0.46	0.95	25	31	53	40	30	58	18	29	68	45	24	65
PA14_60500	fklB	0.066	7.109	0.7	1	0.59	0.97	686	662	633	625	614	651	518	621	841	705	510	739
PA14_60590	PA14_60590	0.052	5.513	0.7	1	0.74	1	211	225	211	197	240	188	159	211	280	223	200	214
PA14_62630	acsB	0.082	7.097	0.7	1	0.54	0.96	739	647	591	580	609	675	559	607	786	655	506	766
PA14_62800	PA14_62800	0.037	7.476	0.7	1	0.78	1	781	858	888	863	829	774	589	805	1179	974	689	878
PA14_63660	PA14_63660	0.071	3.663	0.7	1	0.83	1	52	49	73	54	62	53	39	46	96	61	52	60
PA14_63780	PA14_63780	0.449	0.601	0.7	1	0.41	0.92	7	9	2	8	3	2	5	9	3	9	2	2
PA14_64335	ureD	-0.405	0.287	0.7	1	0.57	0.97	2	6	3	5	7	3	1	6	4	6	6	3
PA14_64500	PA14_64500	0.279	7.914	0.7	1	0.59	0.97	1948	174	1588	790	1049	1221	1476	162	2105	892	872	1384
PA14_65770	aspC	0.078	6.64	0.7	1	0.55	0.96	494	528	415	469	460	430	373	495	552	529	382	488
PA14_65860	PA14_65860	0.079	5.524	0.7	1	0.54	0.96	229	232	200	223	202	198	173	218	266	251	168	225
PA14_66250	waaF	0.061	6.872	0.7	1	0.61	0.97	560	581	535	549	536	522	423	545	711	619	445	592
PA14_66340	PA14_66340	0.085	7.205	0.7	1	0.52	0.96	783	747	600	666	673	665	592	701	798	752	559	755
PA14_66400	aefA	0.059	6.85	0.7	1	0.62	0.97	582	523	544	529	531	522	440	490	723	597	441	592
PA14_68920	PA14_68920	-0.087	5.084	0.7	1	0.53	0.96	138	156	159	148	175	161	104	146	211	167	146	183
PA14_70290	PA14_70290	-0.075	5.601	0.7	1	0.54	0.96	206	223	227	229	236	228	155	209	301	258	196	259
PA14_71590	PA14_71590	-0.041	8.975	0.7	1	0.76	1	2263	2584	2121	2242	2469	2460	1708	2424	2818	2530	2051	2791
PA14_72000	rmd	-0.081	7.373	0.7	1	0.53	0.96	691	706	858	814	778	798	521	662	1138	918	646	905
PA14_72150	PA14_72150	-0.183	2.069	0.7	1	0.6	0.97	18	15	17	20	26	13	14	14	23	22	22	15
EBG00001225037	tRNA	0.106	5.649	0.71	1	0.58	0.97	263	188	275	190	192	292	199	176	364	215	159	330
PA14_01290	coxB	-0.034	10.661	0.71	1	0.8	1	7562	7980	6948	7051	7646	8324	5708	7485	9228	7957	6352	9444
PA14_02980	PA14_02980	-0.186	1.817	0.71	1	0.6	0.97	15	15	13	13	16	19	11	14	17	15	13	21
PA14_06790	nirO	-0.266	1.079	0.71	1	0.58	0.97	6	12	4	10	11	5	4	11	6	11	9	6
PA14_13070	PA14_13070	0.106	3.313	0.71	1	0.63	0.98	40	50	49	48	38	44	30	47	65	54	31	50
PA14_13860	PA14_13860	0.161	2.036	0.71	1	0.72	1	17	13	24	16	13	20	13	12	31	18	11	22
PA14_14680	suhB	-0.132	6.832	0.71	1	0.38	0.91	439	449	631	533	606	529	330	421	835	602	504	600
PA14_14930	engA	-0.054	8.979	0.71	1	0.66	0.98	2222	2386	2345	2343	2394	2481	1677	2238	3114	2644	1989	2815
PA14_15780	nagE	-0.069	4.887	0.71	1	0.66	0.98	124	154	124	145	142	135	93	145	165	163	118	153
PA14_17180	lpxD	0.04	8.705	0.71	1	0.75	1	1896	1993	2049	1970	1889	1915	1431	1869	2720	2223	1569	2173
PA14_17730	PA14_17730	-0.117	2.906	0.71	1	0.71	1	39	24	32	35	29	37	30	22	42	39	24	42
PA14_19210	PA14_19210	-0.136	2.647	0.71	1	0.6	0.97	29	25	26	26	33	29	22	23	35	29	28	33
PA14_19680	PA14_19680	0.168	2.04	0.71	1	0.63	0.97	16	19	20	17	15	18	12	18	26	19	12	20
PA14_20950	fabH2	0.093	7.781	0.71	1	0.51	0.96	1148	1182	858	1004	993	988	867	1109	1141	1133	825	1121
PA14_21580	PA14_21580	-0.202	2.169	0.71	1	0.54	0.96	11	17	25	29	16	17	8	16	32	32	13	20
PA14_25060	PA14_25060	-0.076	5.304	0.71	1	0.58	0.97	183	161	192	194	195	177	138	151	254	219	162	201
PA14_25730	PA14_25730	0.059	5.923	0.71	1	0.67	0.99	300	265	298	315	264	249	227	248	396	355	219	283
PA14_26460	cobK	0.12	2.379	0.71	1	0.83	1	15	23	29	21	28	15	11	22	38	24	24	17
PA14_26780	PA14_26780	-0.056	10.138	0.71	1	0.65	0.98	5015	5254	5258	5184	5449	5507	3785	4928	6982	5850	4527	6248
PA14_27530	PA14_27530	0.104	3.919	0.71	1	0.56	0.97	68	83	63	71	56	71	51	78	85	80	46	80
PA14_27870	PA14_27870	0.025	7.618	0.71	1	0.87	1	800	1025	952	956	971	806	603	962	1264	1078	807	915
PA14_28140	PA14_28140	0.081	6.702	0.71	1	0.54	0.96	546	506	449	436	449	532	413	475	598	492	373	603
PA14_29740	PA14_29740	0.073	6.621	0.71	1	0.56	0.97	521	450	442	467	436	437	394	422	587	527	362	496
PA14_30070	PA14_30070	0.053	6.641	0.71	1	0.67	0.99	469	485	469	432	467	473	354	455	623	488	388	537
PA14_30730	PA14_30730	-0.056	6.228	0.71	1	0.73	1	396	277	355	336	333	398	300	259	471	379	276	451
PA14_37340	PA14_37340	0.094	4.47	0.71	1	0.51	0.96	115	113	90	106	96	92	87	106	120	119	80	105
PA14_40440	PA14_40440	0.1	2.885	0.71	1	0.81	1	33	28	39	25	41	28	25	26	51	29	35	32
PA14_40650	PA14_40650	-0.23	1.432	0.71	1	0.78	1	17	8	6	10	6	19	14	7	8	11	5	21
PA14_41470	acnB	0.058	7.875	0.71	1	0.64	0.98	1178	1075	1108	1048	1040	1138	890	1008	1471	1183	864	1291
PA14_42740	PA14_42740	0.079	3.858	0.71	1	0.74	1	63	61	77	65	65	63	47	57	102	73	54	71
PA14_43090	PA14_43090	-0.359	0.611	0.71	1	0.86	1	7	2	3	3	4	8	6	2	4	4	3	9
PA14_43920	braB	0.051	6.402	0.71	1	0.7	1	398	378	429	374	363	426	300	354	569	422	301	483
PA14_45130	PA14_45130	-0.168	2.202	0.71	1	0.53	0.96	17	16	20	18	25	18	13	15	26	20	21	21
PA14_45830	PA14_45830	0.074	7.945	0.71	1	0.59	0.97	1169	1363	1015	1173	1102	1094	882	1279	1350	1323	915	1241
PA14_46100	PA14_46100	0.117	2.373	0.71	1	0.83	1	18	21	31	14	28	24	13	20	40	16	24	27
PA14_46910	ybeJ	0.073	8.265	0.71	1	0.59	0.97	1637	1377	1415	1320	1325	1564	1237	1291	1879	1490	1100	1774
PA14_48200	PA14_48200	-0.123	3.044	0.71	1	0.58	0.97	32	32	40	43	34	37	24	30	52	48	28	42
PA14_49300	PA14_49300	-0.081	6.3	0.71	1	0.53	0.96	302	386	381	385	389	360	227	362	505	434	323	409
PA14_51550	PA14_51550	-0.063	5.984	0.71	1	0.61	0.97	288	295	281	284	320	299	217	277	373	321	266	339
PA14_51710	oprL	0.057	9.159	0.71	1	0.65	0.98	2856	2627	2703	2649	2527	2692	2156	2464	3589	2989	2099	3054
PA14_52310	dinP	-0.052	5.458	0.71	1	0.74	1	227	186	192	201	205	218	172	174	255	227	170	247
PA14_53410	PA14_53410	-0.214	5.481	0.71	1	0.3	0.85	182	179	215	185	320	164	137	168	284	209	268	187
PA14_56140	PA14_56140	0.111	4.088	0.71	1	0.51	0.96	93	85	65	83	69	71	71	80	88	93	57	81
PA14_56300	fumA	-0.069	5.395	0.71	1	0.65	0.98	174	196	199	178	187	233	131	184	264	201	155	264
PA14_56910	PA14_56910	-0.132	8.999	0.71	1	0.43	0.93	1689	2521	2643	2641	2626	2244	1273	2365	3508	2980	2182	2547
PA14_57290	ftsA	-0.013	9.811	0.71	1	0.93	1	4528	4319	3720	4005	3973	4702	3419	4051	4942	4519	3300	5335
PA14_57760	algW	-0.05	6.41	0.71	1	0.71	1	432	353	382	421	415	372	327	331	508	475	345	422
PA14_58700	nadC	0.054	5.564	0.71	1	0.7	1	223	216	230	232	220	193	168	203	305	262	183	219
PA14_58960	PA14_58960	0.125	2.698	0.71	1	0.67	0.99	29	27	33	23	33	27	22	25	44	26	28	31
PA14_59990	PA14_59990	0.164	2.011	0.71	1	0.66	0.98	11	18	22	18	10	19	8	17	29	20	8	21
PA14_62000	hitA	0.056	7.795	0.71	1	0.65	0.98	1078	1059	1039	1022	1006	1027	814	993	1380	1153	836	1165
PA14_62270	phuW	-0.038	6.252	0.71	1	0.79	1	357	380	314	362	348	367	270	357	418	409	289	416
PA14_62330	phuS	-0.059	7.032	0.71	1	0.63	0.98	608	562	625	611	620	640	459	527	829	689	515	726
PA14_62840	glmM	-0.034	8.031	0.71	1	0.81	1	1287	1160	1182	1150	1169	1394	972	1088	1570	1298	971	1581
PA14_63420	PA14_63420	0.237	1.23	0.71	1	0.69	0.99	11	10	10	5	11	10	8	9	13	6	9	11
PA14_64100	accB	-0.085	4.947	0.71	1	0.54	0.96	135	126	150	133	153	153	102	118	199	150	127	174
PA14_64850	PA14_64850	-0.046	5.626	0.71	1	0.78	1	228	255	196	248	236	214	172	239	261	280	196	243
PA14_64890	braD	-0.061	4.718	0.71	1	0.74	1	128	127	104	122	124	125	97	119	139	138	103	142
PA14_66150	PA14_66150	0.066	7.473	0.71	1	0.63	0.97	847	967	738	775	854	807	639	907	982	875	710	916
PA14_66900	ubiE	0.023	5.639	0.71	1	0.93	1	204	202	293	237	252	201	153	189	386	267	210	229
PA14_67250	hutI	0.088	4.902	0.71	1	0.58	0.97	167	137	127	152	141	111	127	128	169	171	117	126
PA14_69140	ubiB	0.05	6.629	0.71	1	0.7	1	459	491	457	464	480	416	346	461	607	524	399	472
PA14_71020	PA14_71020	0.067	4.948	0.71	1	0.66	0.98	137	157	142	122	140	155	103	147	189	138	116	175
EBG00001225110	tRNA	-0.066	6.252	0.72	1	0.73	1	373	322	344	314	285	487	282	302	457	355	236	551
EBG00001225135	P36	-0.08	4.94	0.72	1	0.61	0.97	140	110	160	138	134	163	106	103	211	156	111	184
EBG00001225153	tRNA	0.161	1.847	0.72	1	0.82	1	11	9	28	17	17	9	8	8	35	19	14	11
PA14_00210	PA14_00210	-0.077	6.802	0.72	1	0.57	0.97	457	483	580	582	505	518	344	453	768	656	419	588
PA14_00580	PA14_00580	0.123	3.026	0.72	1	0.55	0.96	35	43	34	37	26	38	26	40	46	42	21	43
PA14_00600	PA14_00600	-0.211	1.478	0.72	1	0.63	0.98	11	10	11	11	13	12	8	9	15	13	11	14
PA14_00750	PA14_00750	-0.073	5.144	0.72	1	0.6	0.97	150	175	155	160	184	162	113	164	206	181	153	184
PA14_02690	PA14_02690	-0.205	1.616	0.72	1	0.64	0.98	11	12	10	14	14	10	8	11	14	16	12	11
PA14_03150	PA14_03150	-0.068	5.773	0.72	1	0.58	0.97	253	238	254	251	277	255	191	223	337	283	230	289
PA14_03510	PA14_03510	0.083	4.37	0.72	1	0.62	0.97	110	96	88	81	101	94	84	90	117	92	84	107
PA14_04070	PA14_04070	-0.056	5.568	0.72	1	0.68	0.99	212	224	214	239	211	224	160	210	284	270	175	254
PA14_04290	PA14_04290	0.065	5.646	0.72	1	0.61	0.97	242	244	229	226	225	232	183	229	305	255	187	263
PA14_04310	rpiA	0.035	5.054	0.72	1	0.87	1	153	138	176	130	175	153	115	129	233	147	146	174
PA14_04640	PA14_04640	-0.124	4.273	0.72	1	0.47	0.95	71	72	109	89	100	90	53	67	143	100	83	102
PA14_06770	nirQ	-0.052	5.603	0.72	1	0.74	1	214	249	201	256	232	200	161	234	268	288	193	227
PA14_08470	PA14_08470	0.105	3.039	0.72	1	0.72	1	40	33	41	35	42	31	30	31	54	39	35	35
PA14_08860	rplD	0.098	7.093	0.72	1	0.52	0.96	790	540	650	602	560	687	598	506	864	679	465	779
PA14_09270	pchE	-0.048	12.918	0.72	1	0.74	1	34342	38661	33962	40881	38465	31237	25923	36262	45100	46130	31954	35444
PA14_10600	hpaX	-0.119	2.929	0.72	1	0.61	0.97	30	33	35	32	33	42	22	31	46	36	27	47
PA14_13470	PA14_13470	-0.144	4.113	0.72	1	0.47	0.95	67	60	97	96	88	66	50	56	127	108	73	75
PA14_14200	PA14_14200	0.058	5.864	0.72	1	0.66	0.98	278	280	270	276	272	248	210	263	359	311	226	282
PA14_14420	PA14_14420	0.095	3.716	0.72	1	0.59	0.97	70	53	62	58	53	61	53	50	82	65	44	69
PA14_15600	PA14_15600	0.077	8.144	0.72	1	0.59	0.97	1476	1297	1306	1141	1201	1525	1115	1216	1735	1288	997	1729
PA14_16010	PA14_16010	-0.17	2.243	0.72	1	0.56	0.96	19	13	23	21	25	17	14	12	30	24	21	19
PA14_21250	alkB	0.037	6.536	0.72	1	0.79	1	400	474	439	414	459	409	301	445	583	467	382	464
PA14_21700	PA14_21700	-0.013	7.485	0.72	1	0.94	1	910	926	669	837	857	833	688	869	891	944	712	945
PA14_24760	yqjE	0.089	5.295	0.72	1	0.53	0.96	215	191	159	166	173	188	163	179	213	188	144	213
PA14_24890	mobA	-0.188	1.912	0.72	1	0.56	0.97	9	15	19	14	16	20	6	14	24	16	13	22
PA14_24970	yegS	0.057	5.888	0.72	1	0.68	0.99	276	308	261	275	290	247	208	289	347	310	241	281
PA14_26020	PA14_26020	0.056	10.24	0.72	1	0.65	0.98	6065	5670	5588	5460	5524	5679	4579	5318	7421	6161	4589	6443
PA14_28170	yfdC	0.073	5.692	0.72	1	0.58	0.97	245	273	221	228	229	243	185	256	294	257	190	276
PA14_29900	nuoJ	0.098	4.643	0.72	1	0.52	0.96	144	115	101	117	112	105	110	108	135	132	93	119
PA14_31530	PA14_31530	0.111	4.278	0.72	1	0.54	0.96	95	106	78	109	75	74	72	100	105	122	62	84
PA14_35800	PA14_35800	0.035	9.311	0.72	1	0.77	1	2949	2996	3089	2839	2998	2978	2226	2810	4102	3204	2491	3379
PA14_36110	PA14_36110	-0.206	1.584	0.72	1	0.73	1	14	11	8	13	10	13	11	10	11	15	8	15
PA14_37130	PA14_37130	-0.091	3.721	0.72	1	0.64	0.98	61	57	57	67	63	56	46	53	76	75	52	64
PA14_38470	gnyH	-0.088	4.025	0.72	1	0.6	0.97	70	74	72	74	79	77	53	69	96	84	66	87
PA14_39860	PA14_39860	-0.092	3.585	0.72	1	0.66	0.98	51	56	51	52	52	64	38	53	68	59	43	72
PA14_40260	PA14_40260	0.147	11.518	0.72	1	0.42	0.93	15295	17826	10189	14032	13193	11880	11546	16720	13534	15833	10960	13480
PA14_40550	PA14_40550	-0.051	5.094	0.72	1	0.78	1	186	138	145	161	165	158	142	129	193	182	137	179
PA14_44210	PA14_44210	0.093	4.629	0.72	1	0.72	1	102	143	109	128	137	66	76	134	145	144	115	76
PA14_45380	ccmA	-0.117	4.813	0.72	1	0.46	0.95	106	118	147	147	150	109	79	111	194	166	125	124
PA14_46860	PA14_46860	-0.211	1.499	0.72	1	0.64	0.98	9	11	11	11	11	15	7	10	15	12	9	17
PA14_47450	ycgL	0.109	3.051	0.72	1	0.61	0.97	36	39	40	36	34	37	27	37	53	41	28	42
PA14_48910	PA14_48910	0.242	1.316	0.72	1	0.62	0.97	8	15	8	13	5	8	6	14	11	14	4	9
PA14_49790	PA14_49790	-0.099	3.822	0.72	1	0.55	0.96	61	60	64	66	75	58	46	56	85	75	63	66
PA14_52190	ygcA	-0.072	7.381	0.72	1	0.56	0.97	742	728	805	776	857	761	560	683	1068	876	712	864
PA14_52940	PA14_52940	-0.102	3.433	0.72	1	0.6	0.97	44	48	49	47	51	55	33	45	65	53	42	62
PA14_53310	PA14_53310	0.052	5.861	0.72	1	0.7	1	282	255	287	268	268	260	213	239	381	302	223	295
PA14_53730	PA14_53730	-0.036	6.866	0.72	1	0.79	1	588	525	502	572	560	523	445	492	668	645	465	594
PA14_53800	mntH2	0.05	3.789	0.72	1	0.94	1	49	60	82	62	73	52	36	56	107	70	61	59
PA14_53850	PA14_53850	-0.04	6.215	0.72	1	0.78	1	333	362	329	364	311	375	251	340	437	411	258	425
PA14_54080	PA14_54080	0.093	8.336	0.72	1	0.52	0.96	1741	1676	1268	1380	1503	1505	1315	1572	1686	1558	1249	1708
PA14_55600	PA14_55600	0.139	2.085	0.72	1	0.8	1	14	18	25	14	22	17	10	17	32	16	19	19
PA14_58180	gatA	-0.055	6.601	0.72	1	0.66	0.98	465	415	453	481	471	432	351	389	601	543	391	491
PA14_58250	PA14_58250	0.087	8.244	0.72	1	0.52	0.96	1602	1527	1257	1450	1295	1381	1210	1432	1671	1636	1075	1567
PA14_59000	PA14_59000	-0.257	1.176	0.72	1	0.67	0.98	8	7	7	11	8	7	6	7	9	12	7	8
PA14_60250	pilS	-0.069	5.097	0.72	1	0.64	0.98	168	142	153	148	174	163	127	133	203	167	145	185
PA14_60520	PA14_60520	0.073	9.02	0.72	1	0.59	0.97	2607	2666	2203	2201	2317	2584	1968	2501	2927	2484	1925	2932
PA14_61120	PA14_61120	0.066	5.9	0.72	1	0.66	0.98	295	306	254	304	289	223	223	287	339	343	240	254
PA14_61250	lysP	-0.096	3.932	0.72	1	0.61	0.97	52	78	72	69	68	80	38	73	95	78	56	90
PA14_62810	secG	-0.107	11.964	0.72	1	0.49	0.96	15046	18045	20963	17131	19197	21899	11356	16925	27836	19331	15947	24847
PA14_65010	PA14_65010	-0.206	1.463	0.72	1	0.65	0.98	8	16	8	15	11	10	6	15	11	17	9	12
PA14_66170	PA14_66170	-0.021	9.046	0.72	1	0.88	1	2663	2337	2370	2451	2272	2755	2011	2192	3148	2766	1887	3125
PA14_69320	PA14_69320	-0.019	7.542	0.72	1	0.9	1	951	859	788	798	826	1006	719	806	1047	901	686	1141
PA14_69620	PA14_69620	-0.049	5.649	0.72	1	0.73	1	239	235	214	246	231	233	181	220	285	277	192	264
PA14_69950	PA14_69950	-0.045	6.51	0.72	1	0.72	1	421	426	409	428	411	456	318	400	543	483	341	517
EBG00001225093	tRNA	-0.529	0.095	0.73	1	0.43	0.93	1	0	4	5	2	2	1	0	5	5	2	2
PA14_01080	PA14_01080	-0.054	6.226	0.73	1	0.7	1	308	389	328	392	355	318	232	365	436	442	295	361
PA14_02180	cheB	0.147	2.327	0.73	1	0.63	0.98	25	28	18	20	25	17	19	26	24	23	21	20
PA14_03780	PA14_03780	-0.052	5.25	0.73	1	0.74	1	179	181	162	197	178	165	135	170	216	222	148	187
PA14_04330	PA14_04330	0.061	7.313	0.73	1	0.72	1	630	943	701	757	803	621	474	885	932	854	668	705
PA14_05020	PA14_05020	-0.147	2.754	0.73	1	0.52	0.96	21	30	32	27	39	27	15	28	42	31	33	31
PA14_05210	PA14_05210	-0.08	4.192	0.73	1	0.62	0.97	75	92	79	88	90	82	56	86	105	99	75	93
PA14_07240	PA14_07240	-0.098	3.477	0.73	1	0.61	0.97	49	44	53	57	50	50	37	41	70	64	41	57
PA14_07260	PA14_07260	0.047	3.921	0.73	1	0.92	1	59	68	83	65	86	56	44	64	109	73	72	64
PA14_08330	PA14_08330	0.051	7.134	0.73	1	0.72	1	721	614	670	560	660	716	545	576	890	633	548	812
PA14_08790	rpsL	-0.063	9.416	0.73	1	0.62	0.97	2824	3267	3297	3306	3266	3239	2131	3064	4378	3730	2713	3675
PA14_09730	dapA	0.212	1.478	0.73	1	0.62	0.97	11	12	11	10	12	8	8	11	15	11	10	9
PA14_11980	PA14_11980	0.036	4.457	0.73	1	0.93	1	87	98	118	87	117	95	65	92	156	99	98	108
PA14_12560	PA14_12560	-0.14	6.657	0.73	1	0.38	0.91	361	404	574	459	514	506	271	379	759	518	427	574
PA14_14210	PA14_14210	0.051	5.016	0.73	1	0.76	1	139	143	175	161	127	153	104	134	231	181	105	174
PA14_16380	PA14_16380	0.128	2.507	0.73	1	0.7	1	23	30	24	23	29	19	17	28	32	26	24	22
PA14_16550	PA14_16550	-0.074	5.647	0.73	1	0.57	0.97	204	221	253	238	228	250	153	207	335	269	189	283
PA14_16690	ppc	0.046	7.26	0.73	1	0.71	1	716	738	728	746	698	669	540	692	967	842	580	759
PA14_17040	glnD	-0.08	6.236	0.73	1	0.54	0.96	322	307	390	368	365	349	243	288	517	415	303	396
PA14_17440	PA14_17440	-0.057	5.278	0.73	1	0.71	1	177	184	168	208	183	160	134	173	224	234	152	182
PA14_18610	argF	0.048	4.25	0.73	1	0.9	1	83	72	111	64	103	92	62	67	146	73	86	104
PA14_18690	ahpC	0.063	8.055	0.73	1	0.61	0.97	1351	1240	1226	1205	1152	1292	1020	1163	1628	1360	957	1466
PA14_21530	PA14_21530	0.212	1.653	0.73	1	0.64	0.98	18	8	16	18	12	6	14	7	21	20	10	7
PA14_23280	pheA	-0.019	8.242	0.73	1	0.9	1	1568	1319	1338	1358	1272	1649	1185	1237	1778	1533	1056	1870
PA14_28380	PA14_28380	-0.093	3.308	0.73	1	0.75	1	46	48	37	43	44	51	35	45	50	49	36	58
PA14_29470	PA14_29470	0.066	6.138	0.73	1	0.59	0.97	369	328	311	323	326	312	279	308	414	364	271	354
PA14_30130	PA14_30130	-0.122	3.582	0.73	1	0.57	0.97	52	48	57	57	74	42	39	45	75	64	62	48
PA14_30670	pgsA	0.06	4.388	0.73	1	0.77	1	107	83	103	89	110	83	81	78	137	101	92	95
PA14_30840	PA14_30840	0.06	8.726	0.73	1	0.64	0.98	2119	2002	1951	1855	1853	2116	1600	1878	2591	2093	1539	2401
PA14_31360	PA14_31360	0.062	5.25	0.73	1	0.65	0.98	187	174	181	168	172	178	141	163	241	190	143	202
PA14_32970	PA14_32970	0.131	2.467	0.73	1	0.63	0.97	28	27	23	23	24	23	21	25	31	26	20	26
PA14_35840	PA14_35840	-0.06	7.958	0.73	1	0.64	0.98	1062	1198	1157	1075	1226	1262	801	1124	1536	1213	1019	1432
PA14_36680	PA14_36680	0.371	0.334	0.73	1	0.69	0.99	4	6	4	4	5	2	3	6	5	5	4	2
PA14_41860	PA14_41860	-0.108	4.186	0.73	1	0.53	0.96	68	66	102	90	81	86	51	62	133	101	67	98
PA14_42080	fadB	0.058	6.391	0.73	1	0.63	0.98	400	407	389	365	371	412	302	382	517	412	308	467
PA14_42980	PA14_42980	0.07	7.204	0.73	1	0.6	0.97	710	798	612	695	673	649	536	749	814	784	559	737
PA14_45580	cheB	0.079	8.264	0.73	1	0.55	0.96	1601	1536	1299	1446	1333	1416	1209	1441	1726	1632	1107	1607
PA14_46060	gbuR	0.085	3.843	0.73	1	0.66	0.98	69	66	66	66	66	58	52	62	88	74	55	66
PA14_46600	PA14_46600	0.199	1.586	0.73	1	0.65	0.98	17	10	11	12	13	8	13	9	15	13	11	9
PA14_46740	PA14_46740	0.093	3.82	0.73	1	0.57	0.97	71	68	59	59	63	63	54	64	79	67	52	71
PA14_47090	PA14_47090	0.05	7.453	0.73	1	0.68	0.99	853	834	812	779	820	814	644	782	1078	879	681	924
PA14_47870	PA14_47870	-0.198	1.547	0.73	1	0.64	0.98	11	12	11	14	11	13	8	11	15	16	9	15
PA14_49130	dctA	0.098	6.206	0.73	1	0.54	0.96	405	346	318	263	333	400	307	324	423	298	277	453
PA14_50310	PA14_50310	0.081	5.38	0.73	1	0.6	0.97	241	165	193	202	182	180	183	154	257	228	151	204
PA14_50430	flgG	-0.037	7.155	0.73	1	0.78	1	670	693	612	679	672	673	506	650	813	766	558	764
PA14_50560	braG	-0.034	6.313	0.73	1	0.81	1	395	382	325	356	383	387	299	358	433	402	318	439
PA14_50900	PA14_50900	-0.141	2.334	0.73	1	0.7	1	23	20	17	27	26	14	18	19	23	30	22	16
PA14_51280	PA14_51280	0.079	3.234	0.73	1	0.81	1	43	30	57	42	38	44	32	28	74	47	31	50
PA14_52990	phhA	0.048	6.173	0.73	1	0.79	1	347	257	419	315	312	363	262	241	554	356	259	412
PA14_54550	PA14_54550	-0.521	-0.018	0.73	1	0.61	0.97	4	0	2	4	1	4	3	0	3	4	1	4
PA14_54670	PA14_54670	-0.066	5.797	0.73	1	0.59	0.97	248	244	265	276	272	247	187	229	351	311	226	280
PA14_55400	PA14_55400	0.081	8.206	0.73	1	0.55	0.96	1537	1506	1220	1316	1306	1406	1161	1413	1622	1485	1085	1595
PA14_55660	recD	-0.025	6.589	0.73	1	0.88	1	470	508	361	459	478	424	355	477	481	518	397	481
PA14_57070	PA14_57070	0.055	4.567	0.73	1	0.87	1	89	73	167	104	104	109	66	68	218	117	86	124
PA14_57850	PA14_57850	-0.072	6.356	0.73	1	0.56	0.96	357	348	411	384	394	398	269	326	545	433	327	452
PA14_58560	piuB	-0.021	7.129	0.73	1	0.89	1	712	629	607	699	597	678	538	590	807	788	495	769
PA14_60445	obg	-0.065	6.737	0.73	1	0.59	0.97	471	473	515	502	522	504	355	444	683	567	434	572
PA14_60650	PA14_60650	0.097	3.819	0.73	1	0.61	0.97	77	57	66	57	56	73	59	53	88	65	46	82
PA14_61720	PA14_61720	0.007	6.519	0.73	1	0.99	1	384	395	504	409	455	416	289	370	667	462	378	472
PA14_62590	panC	-0.074	4.089	0.73	1	0.73	1	84	76	69	91	86	63	64	71	92	102	72	72
PA14_64090	aroQ1	0.015	6.796	0.73	1	0.96	1	362	429	771	560	556	429	271	402	1018	631	462	488
PA14_64670	ureG	0.157	2.475	0.73	1	0.53	0.96	32	31	16	23	23	24	25	29	23	26	19	27
PA14_66920	ubiB	-0.048	6.041	0.73	1	0.72	1	307	295	303	319	291	325	232	277	403	360	241	369
PA14_68090	PA14_68090	-0.035	6.415	0.73	1	0.8	1	421	406	354	375	410	421	318	381	471	424	341	478
PA14_68140	emrB	-0.111	3.752	0.73	1	0.54	0.96	46	54	72	60	59	69	34	51	94	68	49	78
PA14_68400	ygaU	0.046	11.971	0.73	1	0.71	1	18502	20028	18801	18936	18092	18499	13966	18785	24967	21367	15029	20990
PA14_68490	PA14_68490	0.087	3.896	0.73	1	0.66	0.98	76	67	66	73	70	54	58	63	88	82	58	62
PA14_70620	rubB	-0.053	6.208	0.73	1	0.67	0.98	331	351	331	349	350	352	250	329	440	394	291	399
PA14_71680	PA14_71680	0.217	1.433	0.73	1	0.62	0.97	8	11	13	10	5	13	6	10	17	11	4	14
PA14_71880	PA14_71880	-0.12	2.786	0.73	1	0.67	0.99	29	31	27	29	30	35	22	29	36	33	25	39
PA14_72850	PA14_72850	0.033	5.879	0.73	1	0.85	1	240	284	307	256	270	288	180	266	406	289	224	327
PA14_01110	PA14_01110	0.056	6.668	0.74	1	0.65	0.98	506	501	446	457	487	451	382	470	593	516	405	512
PA14_01240	PA14_01240	0.027	7.13	0.74	1	0.87	1	562	730	686	715	675	554	423	685	911	806	561	629
PA14_03930	spuE	-0.037	6.609	0.74	1	0.78	1	461	454	436	443	437	504	348	426	579	500	363	571
PA14_04090	fliY	0.068	6.098	0.74	1	0.58	0.97	340	339	301	301	299	332	257	318	400	340	248	376
PA14_04430	PA14_04430	-0.095	3.769	0.74	1	0.57	0.97	51	63	65	67	66	61	38	59	86	75	55	69
PA14_04900	ftsY	-0.118	6.856	0.74	1	0.42	0.93	454	465	634	557	618	515	342	436	840	629	514	585
PA14_05840	gcdH	0.05	5.434	0.74	1	0.73	1	203	189	221	209	187	197	153	177	293	236	155	223
PA14_05880	nfeD	0.06	8.996	0.74	1	0.71	1	2340	2810	2171	2544	2615	1865	1766	2636	2885	2870	2173	2117
PA14_06650	nirN	0.13	2.501	0.74	1	0.69	0.99	24	26	26	22	22	26	18	24	35	25	18	29
PA14_07940	trpE	0.047	6.962	0.74	1	0.72	1	592	575	609	536	548	635	447	539	809	605	455	720
PA14_09600	ddlA	0.048	6.773	0.74	1	0.73	1	531	533	495	536	540	432	401	500	658	605	449	491
PA14_11570	xseB	-0.156	4.302	0.74	1	0.43	0.93	60	82	113	98	105	84	44	77	148	110	88	96
PA14_12680	PA14_12680	0.057	7.445	0.74	1	0.67	0.98	838	921	734	757	853	786	633	864	976	854	709	892
PA14_16580	PA14_16580	-0.053	6.759	0.74	1	0.66	0.98	472	503	512	517	499	528	356	472	679	583	414	599
PA14_16710	yeaZ	0.037	4.503	0.74	1	0.91	1	84	105	126	115	118	75	62	98	166	129	99	86
PA14_17330	PA14_17330	-0.046	6.136	0.74	1	0.74	1	346	307	312	298	341	357	262	288	415	337	283	405
PA14_19710	PA14_19710	-0.113	3.626	0.74	1	0.68	0.99	53	68	42	38	73	65	40	64	57	44	61	74
PA14_20810	recQ	-0.054	7.465	0.74	1	0.65	0.98	790	788	851	837	830	858	596	739	1130	944	689	973
PA14_22350	yjcG	0.19	7.468	0.74	1	0.33	0.87	1140	923	587	701	743	879	863	866	783	791	617	997
PA14_22830	yciO	0.067	5.412	0.74	1	0.63	0.97	217	212	178	179	210	189	164	199	237	202	175	214
PA14_24850	PA14_24850	-0.131	3.331	0.74	1	0.54	0.96	28	47	52	52	48	41	20	44	68	58	40	47
PA14_25210	PA14_25210	-0.036	6.052	0.74	1	0.81	1	314	302	300	339	270	326	237	283	398	382	224	370
PA14_25740	tmk	0.075	4.153	0.74	1	0.71	1	90	76	87	99	78	62	68	71	115	111	65	71
PA14_27660	PA14_27660	-0.191	1.678	0.74	1	0.68	0.99	10	16	10	8	18	16	7	15	14	9	15	18
PA14_28310	PA14_28310	-0.151	2.318	0.74	1	0.56	0.97	18	17	25	18	23	27	13	16	32	20	19	30
PA14_29550	PA14_29550	-0.125	3.2	0.74	1	0.52	0.96	31	40	44	40	52	37	23	38	58	45	44	42
PA14_30580	PA14_30580	-0.038	9.248	0.74	1	0.77	1	2840	2748	2835	2701	2758	3190	2144	2577	3765	3048	2291	3619
PA14_35900	PA14_35900	-0.047	4.322	0.74	1	0.88	1	102	98	72	93	88	97	78	92	97	105	73	110
PA14_36120	PA14_36120	0.19	2.528	0.74	1	0.58	0.97	34	24	23	10	25	35	26	22	31	12	21	39
PA14_39270	PA14_39270	-0.053	6.33	0.74	1	0.67	0.99	384	357	361	390	405	349	290	335	480	440	337	396
PA14_40710	PA14_40710	-0.076	4.236	0.74	1	0.65	0.98	90	74	90	92	87	88	68	69	119	104	72	100
PA14_44050	sdhD	-0.077	4.823	0.74	1	0.72	1	158	88	137	129	122	152	121	82	181	146	101	172
PA14_44280	ygdE	-0.056	4.989	0.74	1	0.74	1	129	163	138	149	138	160	97	153	183	168	114	181
PA14_44850	alc	-0.018	7.227	0.74	1	0.91	1	735	755	597	661	698	751	555	708	795	746	580	852
PA14_45560	motC	-0.026	7.376	0.74	1	0.85	1	763	847	696	775	753	819	576	795	926	875	625	929
PA14_45740	fliR	-0.076	4.559	0.74	1	0.6	0.97	98	103	112	113	108	111	74	97	148	127	90	126
PA14_46400	yqhC	-0.091	3.92	0.74	1	0.61	0.97	59	62	76	78	64	69	44	58	100	88	53	78
PA14_46830	PA14_46830	0.083	3.465	0.74	1	0.77	1	48	53	53	40	56	50	36	50	70	46	47	57
PA14_47210	cyoA	0.073	3.264	0.74	1	0.91	1	29	33	69	43	41	42	21	31	89	48	34	48
PA14_47640	PA14_47640	-0.302	0.723	0.74	1	0.6	0.97	3	5	6	4	5	9	2	5	8	5	4	10
PA14_49460	nrdA	0.06	8.613	0.74	1	0.66	0.98	2089	1653	1867	1752	1693	1935	1578	1550	2479	1977	1406	2195
PA14_50180	fleR	-0.034	5.611	0.74	1	0.85	1	238	222	215	247	196	245	180	208	286	278	162	278
PA14_54350	lepB	0.054	7.256	0.74	1	0.69	0.99	779	641	761	689	635	776	589	601	1010	778	527	880
PA14_56980	crcB	0.059	7.174	0.74	1	0.64	0.98	721	697	649	610	662	712	545	654	863	689	550	807
PA14_59140	PA14_59140	0.186	1.53	0.74	1	0.73	1	10	14	14	14	11	9	7	13	19	16	9	10
PA14_60930	PA14_60930	-0.073	6.794	0.74	1	0.57	0.97	445	533	535	537	557	500	335	500	710	606	463	568
PA14_61540	csuD	-0.055	4.331	0.74	1	0.82	1	99	97	79	105	88	90	75	91	106	118	73	102
PA14_62370	PA14_62370	0.078	4.138	0.74	1	0.63	0.97	82	87	80	72	78	86	62	82	107	82	65	97
PA14_66310	aceF	0.062	7.995	0.74	1	0.62	0.97	1284	1206	1168	1172	1105	1225	970	1131	1552	1322	918	1390
PA14_67630	PA14_67630	0.063	5.816	0.74	1	0.62	0.97	268	280	256	269	242	256	202	263	340	303	201	291
PA14_69340	PA14_69340	0.005	6.727	0.74	1	0.99	1	468	451	565	469	555	459	353	423	749	529	462	521
PA14_69670	lysA	0.013	7.32	0.74	1	0.94	1	690	744	813	754	814	662	520	698	1079	851	677	752
PA14_70060	PA14_70060	-0.083	3.234	0.74	1	0.85	1	40	51	31	37	35	55	30	48	42	42	29	62
PA14_70080	lrp	0.015	5.31	0.74	1	0.99	1	130	173	250	180	202	167	96	162	329	203	168	190
PA14_71920	wbpY	-0.036	6.658	0.74	1	0.8	1	466	519	411	503	495	433	352	487	547	567	411	492
EBG00001225078	tRNA	-0.278	0.678	0.75	1	0.74	1	6	5	4	4	5	10	5	5	6	5	4	11
EBG00001225081	tRNA	-0.459	-0.143	0.75	1	0.63	0.98	3	3	1	4	5	2	2	3	2	4	4	2
PA14_03950	spuG	-0.033	6.23	0.75	1	0.83	1	374	324	338	343	322	393	283	304	449	387	267	445
PA14_06950	PA14_06950	-0.056	5.642	0.75	1	0.66	0.98	216	232	232	235	227	247	163	218	308	265	188	280
PA14_06980	PA14_06980	0.05	6.519	0.75	1	0.69	0.99	440	442	421	444	422	392	332	415	560	501	351	445
PA14_07730	ksgA	0.061	4.574	0.75	1	0.72	1	116	104	116	100	111	112	88	97	154	113	92	127
PA14_08670	PA14_08670	-0.196	4.03	0.75	1	0.39	0.91	53	50	103	76	86	76	39	47	134	86	72	86
PA14_14100	yhdW	-0.049	7.766	0.75	1	0.71	1	939	1104	959	1051	1095	960	708	1036	1274	1186	910	1090
PA14_14250	PA14_14250	-0.083	4.71	0.75	1	0.58	0.97	105	124	121	127	143	104	79	116	160	143	119	118
PA14_15445	merE	-0.197	1.046	0.75	1	0.91	1	14	9	2	9	4	13	11	8	3	10	3	15
PA14_15870	PA14_15870	0.05	7.921	0.75	1	0.7	1	1167	1227	1064	1041	1166	1132	881	1151	1414	1175	969	1284
PA14_15940	PA14_15940	0.022	5.081	0.75	1	0.96	1	140	131	198	135	167	162	105	123	260	153	139	184
PA14_18070	PA14_18070	0.359	10.436	0.75	1	0.56	0.97	13532	560	7786	4634	5212	7221	10224	524	10339	5230	4329	8192
PA14_18210	PA14_18210	0.127	3.192	0.75	1	0.69	0.99	30	55	42	53	32	32	22	52	56	59	26	37
PA14_19480	PA14_19480	0.003	8.07	0.75	1	0.99	1	916	1371	1486	1269	1362	1136	689	1286	1971	1432	1132	1289
PA14_20130	yeiE	0.067	5.833	0.75	1	0.61	0.97	292	257	266	248	234	294	221	241	354	280	194	333
PA14_21710	PA14_21710	0.03	6.054	0.75	1	0.85	1	278	334	325	309	327	284	209	313	431	349	272	322
PA14_25500	exbD	0.043	5.026	0.75	1	0.82	1	141	143	174	137	142	167	106	134	230	155	118	189
PA14_27130	greB	0.063	5.226	0.75	1	0.65	0.98	196	161	175	176	170	163	149	151	233	199	141	185
PA14_28360	PA14_28360	-0.007	7.709	0.75	1	0.97	1	710	845	1369	1004	1152	780	534	792	1813	1133	958	886
PA14_29680	PA14_29680	0.124	3.092	0.75	1	0.61	0.97	41	36	41	51	25	32	31	34	54	57	20	36
PA14_30710	PA14_30710	-0.064	7.688	0.75	1	0.6	0.97	897	927	1004	964	1025	969	677	869	1332	1088	852	1099
PA14_31250	PA14_31250	0.269	0.998	0.75	1	0.62	0.97	14	5	7	4	13	5	11	5	10	5	11	6
PA14_31660	PA14_31660	-0.085	5.84	0.75	1	0.55	0.96	219	275	279	287	303	233	164	258	370	324	252	265
PA14_31890	PA14_31890	0.062	5.699	0.75	1	0.63	0.98	277	221	242	247	234	226	210	207	321	278	194	257
PA14_31970	czcC	0.175	1.736	0.75	1	0.66	0.98	15	10	17	11	10	15	11	9	22	13	8	17
PA14_33350	PA14_33350	-0.049	5.947	0.75	1	0.73	1	312	244	292	292	290	294	236	229	387	329	241	334
PA14_33360	PA14_33360	0.098	2.969	0.75	1	0.75	1	27	41	36	31	34	34	20	39	48	35	28	39
PA14_36180	PA14_36180	-0.085	3.717	0.75	1	0.65	0.98	55	63	56	54	65	66	41	59	75	61	54	75
PA14_36990	PA14_36990	0.306	0.706	0.75	1	0.73	1	8	3	6	3	6	5	6	3	8	3	5	6
PA14_38570	PA14_38570	-0.072	3.959	0.75	1	0.72	1	68	78	62	80	71	66	51	73	83	90	59	75
PA14_38690	acsA	-0.043	6.033	0.75	1	0.75	1	287	324	290	337	287	302	216	304	385	380	238	343
PA14_40080	PA14_40080	-0.061	4.924	0.75	1	0.7	1	143	125	145	160	133	137	108	117	192	180	110	156
PA14_40600	PA14_40600	0.062	3.759	0.75	1	0.84	1	65	52	70	58	72	52	49	49	92	65	60	59
PA14_42310	pscF	0.154	1.88	0.75	1	0.76	1	12	14	19	12	17	13	9	13	25	14	14	15
PA14_46780	PA14_46780	0.049	3.914	0.75	1	0.91	1	58	72	79	65	80	61	43	68	104	73	67	69
PA14_47560	PA14_47560	-0.15	2.093	0.75	1	0.58	0.97	14	20	17	16	23	19	10	19	23	18	19	22
PA14_50870	PA14_50870	-0.059	3.865	0.75	1	0.87	1	75	67	54	69	61	72	57	63	73	78	50	81
PA14_54390	mucD	-0.018	9.153	0.75	1	0.89	1	2858	2574	2518	2782	2518	2749	2158	2414	3344	3139	2091	3119
PA14_55470	hxcY	-0.282	0.785	0.75	1	0.74	1	6	3	6	6	6	7	5	3	8	7	5	8
PA14_55590	PA14_55590	0.115	2.846	0.75	1	0.75	1	28	41	29	27	45	20	21	39	39	31	38	23
PA14_55770	pitA	-0.066	5.588	0.75	1	0.59	0.97	217	209	228	226	246	216	164	196	303	255	205	245
PA14_56640	PA14_56640	0.311	0.553	0.75	1	0.59	0.97	7	5	5	4	1	7	5	5	7	5	1	8
PA14_59270	pilO2	0.116	2.804	0.75	1	0.66	0.98	28	41	28	26	28	35	21	39	38	30	23	40
PA14_59650	PA14_59650	0.293	0.627	0.75	1	0.86	1	4	3	9	3	7	4	3	3	11	3	6	5
PA14_60060	PA14_60060	-0.092	4.809	0.75	1	0.55	0.96	93	143	138	127	135	139	69	134	183	144	112	158
PA14_61260	PA14_61260	-0.222	3.044	0.75	1	0.39	0.91	17	30	51	36	40	41	12	28	66	41	33	46
PA14_61340	PA14_61340	-0.049	4.826	0.75	1	0.8	1	125	153	111	144	135	122	94	144	148	162	112	139
PA14_62640	PA14_62640	0.023	5.976	0.75	1	0.91	1	247	315	321	319	308	244	185	296	425	360	256	278
PA14_63350	PA14_63350	-0.086	3.455	0.75	1	0.74	1	60	40	46	47	57	49	46	37	61	53	48	56
PA14_63470	PA14_63470	0.089	3.933	0.75	1	0.61	0.97	74	84	60	69	67	67	56	79	81	78	56	76
PA14_64240	PA14_64240	0.081	3.763	0.75	1	0.65	0.98	61	68	62	58	59	64	46	64	83	66	49	72
PA14_67100	dtd	-0.041	5.603	0.75	1	0.8	1	231	214	221	214	202	268	175	201	293	242	167	303
PA14_69720	PA14_69720	0.079	3.654	0.75	1	0.7	1	55	59	62	52	58	57	41	55	82	59	48	65
PA14_69910	rep	0.021	5.778	0.75	1	0.92	1	216	242	310	254	239	267	162	227	410	287	198	303
PA14_71320	PA14_71320	-0.181	2.954	0.75	1	0.49	0.96	37	26	34	25	54	31	28	24	45	29	46	35
PA14_71350	PA14_71350	-0.464	-0.144	0.75	1	0.64	0.98	1	3	2	1	6	4	1	3	3	1	5	4
PA14_73160	PA14_73160	-0.181	1.796	0.75	1	0.61	0.97	7	16	14	18	16	10	5	15	19	20	13	12
EBG00001225024	P33	-0.071	3.891	0.76	1	0.74	1	74	58	66	71	62	73	56	54	88	80	51	83
EBG00001225096	tRNA	0.095	3.272	0.76	1	0.63	0.98	46	46	44	36	38	52	35	43	58	41	31	59
PA14_01930	pcaR	-0.157	1.746	0.76	1	0.76	1	13	18	9	19	14	11	10	17	13	21	12	13
PA14_03920	spuD	-0.008	8.389	0.76	1	0.96	1	1783	1487	1425	1489	1440	1788	1347	1395	1894	1681	1196	2028
PA14_04610	yicE	-0.1	3.189	0.76	1	0.68	0.99	41	37	39	29	49	49	31	35	52	33	41	55
PA14_06480	PA14_06480	0.055	4.365	0.76	1	0.79	1	95	94	100	82	104	93	72	88	132	93	87	106
PA14_09850	opdN	-0.261	0.848	0.76	1	0.76	1	10	3	4	6	8	6	8	3	6	7	7	7
PA14_10770	PA14_10770	0.052	9.519	0.76	1	0.69	0.99	3500	3817	3176	3549	3431	3139	2642	3580	4219	4004	2850	3562
PA14_11140	PA14_11140	-0.049	7.127	0.76	1	0.71	1	641	594	690	704	622	666	484	557	916	794	516	756
PA14_12100	dacC	0.059	8.122	0.76	1	0.65	0.98	1473	1244	1274	1366	1235	1228	1113	1167	1692	1541	1026	1393
PA14_13050	PA14_13050	-0.098	7.194	0.76	1	0.53	0.96	539	729	714	799	748	576	405	684	947	901	622	654
PA14_13330	PA14_13330	0.091	3.051	0.76	1	0.77	1	41	29	44	36	36	35	31	27	58	41	30	40
PA14_13630	PA14_13630	0.107	3.007	0.76	1	0.65	0.98	32	47	33	29	33	42	24	44	44	33	27	47
PA14_13650	PA14_13650	-0.117	2.753	0.76	1	0.64	0.98	33	20	30	31	35	25	25	19	40	35	29	29
PA14_14130	PA14_14130	0.091	4.718	0.76	1	0.64	0.98	113	142	122	158	102	94	85	133	162	177	84	107
PA14_15020	PA14_15020	0.034	5.193	0.76	1	0.87	1	181	142	191	171	183	150	137	133	253	193	152	171
PA14_18550	alg44	0.276	0.759	0.76	1	0.74	1	7	6	6	4	7	4	5	6	8	5	6	5
PA14_18950	rnfA	0.017	4.624	0.76	1	1	1	88	107	147	103	137	100	65	100	193	116	115	114
PA14_19110	rhlB	-0.043	9.937	0.76	1	0.74	1	4790	4160	4622	4759	4761	4459	3616	3902	6138	5370	3955	5060
PA14_21780	PA14_21780	0.147	1.948	0.76	1	0.71	1	16	14	21	21	10	15	12	13	27	23	8	17
PA14_21970	PA14_21970	-0.073	5.329	0.76	1	0.58	0.97	180	169	196	183	212	180	136	158	260	207	177	205
PA14_22860	PA14_22860	0.023	5.341	0.76	1	0.93	1	155	199	212	202	192	166	116	187	281	228	160	189
PA14_23560	gltX	0.046	5.804	0.76	1	0.75	1	278	224	288	249	239	277	210	210	381	281	198	314
PA14_24590	PA14_24590	-0.047	4.873	0.76	1	0.79	1	130	149	122	117	133	164	98	140	163	133	110	185
PA14_24950	glpD2	-0.051	4.406	0.76	1	0.83	1	103	95	88	115	86	93	78	89	118	129	71	106
PA14_26090	PA14_26090	0.14	1.915	0.76	1	0.79	1	11	23	16	13	20	13	8	22	21	15	17	15
PA14_27050	PA14_27050	-0.078	6.165	0.76	1	0.56	0.97	303	314	358	364	375	293	228	294	474	410	312	333
PA14_31010	PA14_31010	-0.053	7.262	0.76	1	0.66	0.98	668	721	721	721	743	726	504	676	957	814	617	824
PA14_31690	PA14_31690	0.027	7.512	0.76	1	0.84	1	804	876	901	881	853	801	606	822	1196	994	709	909
PA14_34140	PA14_34140	0.066	7.469	0.76	1	0.62	0.97	947	866	731	790	860	778	716	812	972	891	715	883
PA14_36670	PA14_36670	0.276	0.615	0.76	1	0.61	0.97	7	5	7	6	5	4	5	5	9	7	4	5
PA14_37510	PA14_37510	-0.054	5.861	0.76	1	0.7	1	284	250	263	297	297	234	215	234	350	335	247	266
PA14_38770	PA14_38770	0.108	5.414	0.76	1	0.56	0.97	205	253	160	226	202	146	155	238	215	254	168	167
PA14_38780	pqqE	-0.04	5.407	0.76	1	0.8	1	211	202	171	198	209	191	160	190	228	224	174	217
PA14_40960	fimL	0.038	7.627	0.76	1	0.77	1	904	951	952	993	883	858	682	892	1264	1120	733	974
PA14_42090	PA14_42090	0.054	3.972	0.76	1	0.85	1	66	67	84	73	77	61	49	63	110	82	64	70
PA14_43140	PA14_43140	0.148	1.924	0.76	1	0.69	0.99	14	19	18	14	15	18	10	18	24	16	12	20
PA14_43250	PA14_43250	-0.079	4.14	0.76	1	0.61	0.97	67	87	81	79	88	84	50	82	107	89	73	95
PA14_43870	PA14_43870	-0.05	4.937	0.76	1	0.79	1	125	171	120	162	141	128	94	161	161	182	117	146
PA14_44840	PA14_44840	-0.098	2.736	0.76	1	0.78	1	35	29	23	29	27	35	27	27	31	33	22	39
PA14_47330	yafJ	-0.021	7.279	0.76	1	0.88	1	757	724	683	726	675	792	572	679	907	819	560	898
PA14_49010	PA14_49010	-0.204	1.282	0.76	1	0.61	0.97	6	9	12	12	11	10	4	8	16	13	9	11
PA14_50300	PA14_50300	0.065	9.16	0.76	1	0.62	0.97	2844	3001	2374	2565	2623	2666	2147	2815	3154	2894	2179	3025
PA14_50540	braE	0.078	6.241	0.76	1	0.56	0.96	405	382	303	330	344	354	307	358	404	373	286	402
PA14_50840	PA14_50840	0.047	6.214	0.76	1	0.72	1	369	313	371	327	322	370	279	293	492	369	267	419
PA14_51890	PA14_51890	-0.066	4.584	0.76	1	0.68	0.99	109	99	116	121	106	113	82	93	154	136	88	128
PA14_52160	mazG	-0.028	6.516	0.76	1	0.85	1	438	423	409	411	392	490	331	397	543	464	325	555
PA14_52465	PA14_52465	0.154	1.905	0.76	1	0.7	1	21	16	15	18	17	11	16	15	20	20	14	13
PA14_52800	acsA	-0.003	9.566	0.76	1	0.99	1	4010	3980	2649	3530	3629	3500	3028	3733	3521	3983	3015	3971
PA14_53040	PA14_53040	-0.011	8.591	0.76	1	0.94	1	1900	1923	1574	1863	1766	1807	1435	1804	2092	2102	1467	2050
PA14_56030	PA14_56030	-0.032	8.263	0.76	1	0.8	1	1461	1468	1336	1463	1483	1414	1103	1377	1775	1651	1232	1604
PA14_56880	PA14_56880	0.012	6.142	0.76	1	0.97	1	302	318	367	307	363	312	227	298	486	347	302	354
PA14_56930	PA14_56930	-0.001	7.613	0.76	1	0.99	1	774	963	1006	892	1000	855	583	903	1335	1007	831	971
PA14_58350	PA14_58350	0.029	7.415	0.76	1	0.83	1	824	702	892	785	765	821	622	658	1183	886	635	931
PA14_58990	PA14_58990	-0.11	2.698	0.76	1	0.73	1	30	25	28	26	26	37	23	23	37	29	21	42
PA14_59710	cupD1	-0.074	4.784	0.76	1	0.61	0.97	124	110	135	139	135	117	94	103	179	157	112	133
PA14_63170	cueR	-0.081	6.668	0.76	1	0.53	0.96	409	457	514	487	526	451	308	429	681	550	437	512
PA14_63450	PA14_63450	0.012	5.728	0.76	1	0.99	1	215	233	293	243	256	239	161	218	387	274	213	271
PA14_63540	selA	-0.077	4.297	0.76	1	0.73	1	92	81	89	120	88	68	70	76	118	135	73	78
PA14_63880	PA14_63880	-0.085	3.315	0.76	1	0.75	1	47	47	38	51	47	41	36	44	51	57	39	47
PA14_64350	ureA	0.282	0.69	0.76	1	0.51	0.96	9	7	3	5	5	5	7	7	5	6	4	6
PA14_64960	pncB1	-0.065	4.151	0.76	1	0.74	1	81	78	78	81	74	91	61	73	104	92	61	103
PA14_65850	rocE	0.067	7.932	0.76	1	0.6	0.97	1285	1152	1073	1139	1073	1136	971	1080	1426	1285	891	1289
PA14_66800	PA14_66800	-0.063	4.345	0.76	1	0.75	1	109	69	95	96	93	95	83	64	126	108	77	108
PA14_68050	PA14_68050	-0.097	3.486	0.76	1	0.59	0.97	47	48	51	52	61	44	35	45	67	59	51	50
PA14_68510	PA14_68510	-0.098	3.491	0.76	1	0.59	0.97	41	47	58	53	52	53	30	44	76	60	43	60
PA14_68750	marC	-0.048	4.354	0.76	1	0.85	1	105	97	77	98	96	92	80	91	104	111	80	104
PA14_71000	PA14_71000	-0.036	5.483	0.76	1	0.83	1	224	205	188	207	200	222	170	192	251	234	166	252
PA14_72420	PA14_72420	0.051	8.306	0.76	1	0.68	0.99	1558	1553	1414	1477	1478	1410	1176	1457	1878	1667	1228	1600
PA14_72590	znuB	0.051	5.306	0.76	1	0.73	1	175	203	179	161	186	191	132	191	238	182	155	217
PA14_73410	yidC	-0.041	7.23	0.76	1	0.76	1	748	614	713	716	696	722	565	576	947	808	578	819
EBG00001225014	rnk_pseudo	0.236	0.804	0.77	1	0.76	1	8	6	8	3	10	5	6	6	10	4	9	6
EBG00001225057	P6	0.011	5.899	0.77	1	0.97	1	263	231	341	285	292	254	198	216	451	322	243	288
PA14_01160	PA14_01160	-0.053	9.169	0.77	1	0.67	0.99	2486	2728	2722	2650	2818	2766	1876	2559	3615	2990	2341	3138
PA14_07190	pgk	0.063	7.122	0.77	1	0.62	0.97	665	728	605	671	596	643	502	683	804	757	495	729
PA14_08695	secE	-0.206	10.567	0.77	1	0.32	0.87	4558	6110	9123	7399	8733	6696	3438	5731	12110	8349	7256	7598
PA14_08960	rplX	-0.022	7.601	0.77	1	0.88	1	941	902	860	828	855	1059	711	846	1143	935	710	1201
PA14_09240	pchD	0.028	10.413	0.77	1	0.82	1	6269	6537	6538	6727	6427	5814	4732	6131	8682	7590	5339	6597
PA14_10420	tyrS	-0.03	5.531	0.77	1	0.89	1	209	245	185	259	198	194	158	230	247	292	164	220
PA14_10590	hpcG	0.244	0.924	0.77	1	0.64	0.98	7	10	6	4	5	9	5	9	8	5	4	10
PA14_12270	PA14_12270	0.043	5.393	0.77	1	0.77	1	192	194	204	184	194	197	145	182	271	208	161	223
PA14_14150	PA14_14150	-0.135	2.271	0.77	1	0.6	0.97	15	18	23	24	22	17	11	17	30	27	18	20
PA14_14910	PA14_14910	0.064	8.723	0.77	1	0.62	0.97	2140	2082	1842	1902	1855	2043	1616	1953	2447	2146	1541	2318
PA14_15450	merD	0.127	2.223	0.77	1	0.74	1	20	25	18	20	25	13	15	24	24	23	21	15
PA14_16770	PA14_16770	0.102	3.274	0.77	1	0.67	0.99	57	33	46	51	38	38	44	31	61	57	31	43
PA14_16860	plsB	0.062	5.318	0.77	1	0.69	0.99	208	160	198	215	162	165	158	150	262	242	134	187
PA14_17070	tsf	-0.011	8.397	0.77	1	0.94	1	1742	1487	1487	1620	1463	1667	1316	1395	1975	1828	1215	1891
PA14_18200	PA14_18200	0.077	3.747	0.77	1	0.72	1	60	71	58	71	60	48	45	67	78	80	50	55
PA14_18620	PA14_18620	0.043	5.627	0.77	1	0.77	1	228	225	244	203	223	252	172	211	324	229	185	286
PA14_19560	ssuD	-0.055	6.252	0.77	1	0.7	1	348	357	340	395	400	293	263	335	452	445	333	333
PA14_20840	PA14_20840	-0.047	5.457	0.77	1	0.78	1	185	223	193	179	199	243	139	209	257	202	165	275
PA14_21880	tsp	0.033	11.065	0.77	1	0.8	1	9557	10710	10188	9196	9764	10806	7214	10045	13529	10377	8111	12260
PA14_22980	gltB	0.051	4.9	0.77	1	0.74	1	138	130	153	151	123	133	104	122	203	170	102	151
PA14_23580	PA14_23580	-0.169	1.799	0.77	1	0.64	0.98	10	16	15	9	17	21	7	15	20	10	14	24
PA14_26940	PA14_26940	0.108	4.155	0.77	1	0.64	0.98	91	100	66	95	90	53	69	94	89	107	75	61
PA14_28690	pheS	-0.042	6.737	0.77	1	0.75	1	451	522	495	526	469	517	340	490	657	593	389	587
PA14_30650	gacA	-0.01	8.831	0.77	1	0.94	1	1854	2017	2500	2094	2272	2051	1398	1892	3318	2363	1888	2327
PA14_32530	PA14_32530	0.085	3.343	0.77	1	0.7	1	49	44	49	45	43	45	37	41	65	51	36	51
PA14_33310	PA14_33310	0.107	6.163	0.77	1	0.47	0.95	415	332	294	353	280	330	315	311	392	398	232	374
PA14_36030	PA14_36030	-0.193	1.369	0.77	1	0.72	1	9	9	11	7	10	16	7	8	14	8	8	18
PA14_37570	PA14_37570	0.037	6.453	0.77	1	0.78	1	412	378	450	432	372	404	311	354	596	487	309	458
PA14_37810	pcoB	-0.09	3.226	0.77	1	0.68	0.99	41	37	42	46	41	41	31	35	56	52	34	47
PA14_38360	ugd	-0.173	2.033	0.77	1	0.58	0.97	14	20	16	9	26	21	10	19	21	11	22	24
PA14_38440	gnyD	0.063	6.816	0.77	1	0.63	0.98	592	521	499	466	501	575	448	489	664	526	416	652
PA14_40570	PA14_40570	0.06	6.737	0.77	1	0.63	0.98	522	549	454	481	486	493	394	515	604	543	404	559
PA14_41140	PA14_41140	-0.039	4.7	0.77	1	0.88	1	143	107	106	129	118	116	109	100	142	145	98	132
PA14_41680	ydiA	-0.075	7.183	0.77	1	0.57	0.97	563	671	748	679	705	708	424	629	992	766	586	803
PA14_42430	exsC	0.024	7.216	0.77	1	0.86	1	676	687	736	632	720	714	510	644	977	714	598	810
PA14_43170	PA14_43170	0.072	5.897	0.77	1	0.64	0.98	318	296	240	295	293	223	241	278	320	332	244	254
PA14_44090	PA14_44090	-0.111	3.389	0.77	1	0.57	0.97	32	49	54	45	54	49	23	46	71	51	45	56
PA14_45370	ccmB	0.017	6.01	0.77	1	0.96	1	248	298	358	348	314	234	186	279	474	392	261	266
PA14_46120	ilvG	-0.148	1.939	0.77	1	0.76	1	15	17	13	15	16	18	11	16	17	17	13	20
PA14_46800	PA14_46800	0.257	0.753	0.77	1	0.76	1	9	5	6	5	10	2	7	5	8	6	9	2
PA14_46970	ansB	-0.03	6.05	0.77	1	0.85	1	350	280	289	307	311	317	265	262	385	347	258	360
PA14_47100	ilvA2	-0.082	3.231	0.77	1	0.82	1	45	42	37	48	39	41	34	39	49	54	32	47
PA14_48140	aprX	-0.072	9.968	0.77	1	0.6	0.97	4173	4232	5317	4654	4725	5050	3149	3969	7058	5252	3925	5730
PA14_49170	phoQ	-0.027	6.547	0.77	1	0.85	1	446	454	396	446	425	447	337	426	527	503	353	507
PA14_49800	gsp69	0.067	4.928	0.77	1	0.61	0.97	161	145	130	136	143	134	122	136	173	154	119	152
PA14_52060	PA14_52060	0.039	5.24	0.77	1	0.81	1	178	152	201	174	163	181	134	142	266	196	135	205
PA14_52900	PA14_52900	-0.143	1.788	0.77	1	0.77	1	15	17	11	15	10	21	11	16	15	17	8	23
PA14_53880	PA14_53880	-0.052	4.974	0.77	1	0.74	1	151	146	134	158	159	129	114	137	178	178	132	147
PA14_56790	PA14_56790	0.057	7.84	0.77	1	0.66	0.98	1208	1042	1030	1011	1052	1088	913	977	1368	1141	874	1234
PA14_57770	hisC1	0.072	5.791	0.77	1	0.58	0.97	302	245	246	261	229	261	229	230	327	294	190	296
PA14_58780	coaE	0.005	5.811	0.77	1	1	1	220	255	308	274	287	222	165	239	407	309	239	253
PA14_58820	PA14_58820	-0.086	3.04	0.77	1	0.82	1	36	45	26	37	42	32	27	42	35	42	35	37
PA14_59070	PA14_59070	-0.069	4.765	0.77	1	0.66	0.98	121	117	130	106	135	147	91	110	172	120	112	166
PA14_59750	cupD4	-0.101	3.039	0.77	1	0.62	0.97	32	34	38	36	43	34	24	32	50	41	36	39
PA14_60670	rtcA	-0.072	2.83	0.77	1	0.91	1	35	37	20	38	29	28	27	35	28	43	24	32
PA14_61710	hemA	-0.123	6.097	0.77	1	0.44	0.94	251	289	371	352	368	275	188	271	490	397	306	313
PA14_62190	PA14_62190	-0.052	5.65	0.77	1	0.78	1	213	275	199	289	231	191	160	258	266	325	192	218
PA14_63710	gtrB	-0.409	0.005	0.77	1	0.65	0.98	3	1	4	4	3	4	2	1	5	4	2	5
PA14_64660	ureF	0.241	0.926	0.77	1	0.76	1	6	10	7	5	7	6	4	9	9	6	6	7
PA14_65810	PA14_65810	0.101	7.052	0.77	1	0.54	0.96	646	771	508	689	574	531	488	724	677	777	477	603
PA14_66160	PA14_66160	0.052	7.98	0.77	1	0.68	0.99	1211	1282	1113	1229	1148	1099	914	1203	1479	1387	954	1247
PA14_66760	PA14_66760	-0.085	3.528	0.77	1	0.66	0.98	48	46	56	56	46	57	36	43	74	63	38	65
PA14_67790	PA14_67790	-0.003	6.424	0.77	1	0.96	1	348	376	471	386	433	383	262	353	623	436	360	435
PA14_68720	PA14_68720	-0.114	2.506	0.77	1	0.77	1	26	27	20	28	31	19	20	25	27	32	26	22
PA14_68770	argE	-0.064	6.508	0.77	1	0.63	0.97	376	417	449	482	430	388	283	391	595	543	357	441
PA14_69050	PA14_69050	-0.02	5.9	0.77	1	0.93	1	293	294	242	270	258	310	222	276	323	305	214	351
PA14_69170	PA14_69170	-0.068	5.244	0.77	1	0.63	0.97	165	180	170	155	207	180	124	169	226	175	173	204
PA14_70390	crc	-0.012	8.981	0.77	1	0.94	1	2109	2055	2904	2204	2641	2284	1591	1927	3854	2487	2195	2592
EBG00001225157	tRNA	-0.172	1.532	0.78	1	0.73	1	15	7	10	9	11	15	12	6	13	10	9	17
PA14_00200	def	0.008	8.543	0.78	1	0.96	1	1600	1674	1974	1710	1723	1790	1207	1570	2620	1930	1431	2031
PA14_01320	coIII	-0.005	9.207	0.78	1	0.97	1	2938	2984	2368	2525	2661	3132	2218	2799	3147	2850	2210	3553
PA14_01970	PA14_01970	0.048	8.782	0.78	1	0.7	1	2212	2044	2031	1975	1990	2115	1670	1917	2698	2229	1653	2399
PA14_03470	PA14_03470	0.026	5.693	0.78	1	0.91	1	207	265	253	267	256	191	155	249	335	301	213	217
PA14_04560	PA14_04560	0.079	4.077	0.78	1	0.75	1	59	108	71	73	84	69	43	102	95	82	70	79
PA14_04790	PA14_04790	0.04	5.395	0.78	1	0.79	1	192	201	200	184	204	190	145	189	265	208	170	216
PA14_06230	PA14_06230	-0.173	2.544	0.78	1	0.58	0.97	19	27	25	27	39	15	14	25	33	30	33	18
PA14_07140	PA14_07140	0.061	6.371	0.78	1	0.64	0.98	401	436	346	402	376	355	303	409	461	453	312	403
PA14_09210	pchA	0.032	11.142	0.78	1	0.82	1	9975	12056	10087	11167	10943	9311	7529	11308	13396	12601	9091	10565
PA14_09220	pchB	0.054	6.636	0.78	1	0.76	1	421	549	446	536	482	346	317	515	593	604	401	394
PA14_11845	mpl	0.013	6.142	0.78	1	0.96	1	298	331	361	323	361	301	224	310	479	365	300	342
PA14_12610	cepA	-0.153	2.271	0.78	1	0.59	0.97	17	15	25	14	27	24	13	14	32	16	23	27
PA14_13690	PA14_13690	0.09	2.64	0.78	1	0.84	1	30	20	34	31	29	21	23	19	45	35	24	24
PA14_15280	PA14_15280	0.076	2.664	0.78	1	0.91	1	24	24	37	16	34	31	18	22	48	19	29	35
PA14_16090	thrC	-0.021	5.764	0.78	1	0.92	1	284	237	232	254	234	272	215	222	309	287	194	308
PA14_16980	PA14_16980	-0.126	2.557	0.78	1	0.61	0.97	19	22	30	32	27	21	14	21	39	36	22	24
PA14_19150	yigM	-0.061	4.503	0.78	1	0.71	1	107	102	98	100	116	104	81	96	130	113	97	118
PA14_19170	yafL	0.063	4.064	0.78	1	0.75	1	76	76	82	78	72	73	57	71	108	88	60	83
PA14_21600	PA14_21600	-0.126	2.295	0.78	1	0.72	1	19	20	20	20	19	24	14	19	26	23	16	27
PA14_22780	yciI	-0.07	4.743	0.78	1	0.71	1	121	134	107	136	151	94	91	126	143	153	126	107
PA14_23620	kdgA	0.08	3.846	0.78	1	0.71	1	68	70	65	81	57	53	51	66	86	91	47	60
PA14_23650	ygfF	-0.034	5.633	0.78	1	0.83	1	229	252	204	255	235	211	173	237	272	287	195	240
PA14_24100	xcpZ	0.055	5.376	0.78	1	0.77	1	194	216	180	213	217	138	146	203	240	240	181	158
PA14_25230	mfd	-0.024	7.402	0.78	1	0.86	1	865	729	759	811	785	795	654	684	1008	915	652	902
PA14_25860	etfB	-0.022	7.706	0.78	1	0.88	1	1055	877	978	987	895	1069	797	822	1299	1114	743	1213
PA14_27440	trpR	-0.074	4.029	0.78	1	0.68	0.99	78	60	78	77	79	71	59	56	103	87	66	81
PA14_27810	copR	0.058	4.411	0.78	1	0.75	1	98	101	101	110	94	84	74	95	134	124	78	96
PA14_29070	PA14_29070	0.107	2.649	0.78	1	0.72	1	31	30	25	20	28	32	24	28	34	23	23	36
PA14_29210	tetV	-0.051	3.996	0.78	1	0.84	1	85	78	55	69	86	69	65	73	75	78	72	79
PA14_29350	pfeA	0.068	3.709	0.78	1	0.74	1	59	51	72	60	48	65	44	48	94	68	39	74
PA14_30500	PA14_30500	0.058	5.502	0.78	1	0.66	0.98	232	215	196	189	212	215	176	202	261	214	176	244
PA14_30860	trbG	-0.219	1.006	0.78	1	0.88	1	10	6	4	10	8	5	8	6	6	11	7	6
PA14_30900	trbJ	0.201	1.117	0.78	1	0.67	0.99	10	8	9	9	8	6	8	7	12	10	7	7
PA14_31260	PA14_31260	-0.235	0.892	0.78	1	0.76	1	9	5	5	9	7	6	7	5	7	10	6	7
PA14_31480	PA14_31480	-0.075	4.419	0.78	1	0.61	0.97	95	85	104	94	110	99	72	80	138	106	92	112
PA14_35250	PA14_35250	-0.053	4.674	0.78	1	0.76	1	113	130	106	136	126	99	85	122	141	153	105	113
PA14_35340	kguK	0.23	0.854	0.78	1	0.76	1	6	6	10	6	6	7	4	6	13	7	5	8
PA14_35570	pslN	0.085	3.077	0.78	1	0.85	1	26	51	39	41	43	27	19	48	52	46	36	31
PA14_36345	exoY	-0.037	7.095	0.78	1	0.79	1	636	628	626	576	637	725	480	589	832	651	529	822
PA14_37680	PA14_37680	-0.07	5.716	0.78	1	0.61	0.97	193	249	271	253	232	266	144	234	359	286	192	302
PA14_37770	PA14_37770	-0.058	6.051	0.78	1	0.76	1	287	340	283	410	297	240	216	319	376	461	246	273
PA14_38850	exaB	0.218	1.118	0.78	1	0.6	0.97	10	12	6	8	4	11	8	11	8	9	3	12
PA14_43300	PA14_43300	0.051	5.666	0.78	1	0.69	0.99	249	226	244	229	217	247	188	212	324	258	180	280
PA14_44130	PA14_44130	0.027	4.746	0.78	1	0.95	1	92	138	140	126	130	111	68	130	185	142	108	126
PA14_44700	alkB2	-0.059	4.972	0.78	1	0.74	1	137	147	143	117	145	183	103	138	190	133	120	207
PA14_45090	PA14_45090	-0.124	2.271	0.78	1	0.68	0.99	14	23	22	25	18	22	10	22	29	28	15	25
PA14_46590	PA14_46590	-0.054	3.908	0.78	1	0.84	1	75	70	58	65	66	78	57	66	78	73	55	88
PA14_47030	PA14_47030	0.129	2.486	0.78	1	0.63	0.97	36	20	21	18	26	25	28	19	28	21	22	28
PA14_47180	cyoC	-0.131	2.252	0.78	1	0.61	0.97	19	15	25	21	24	20	14	14	32	24	20	23
PA14_47350	PA14_47350	0	5.617	0.78	1	0.98	1	185	199	300	245	255	185	138	186	395	276	212	211
PA14_49050	yohC	-0.013	8.495	0.78	1	0.93	1	1686	1941	1417	1662	1731	1697	1273	1821	1884	1875	1438	1926
PA14_50070	PA14_50070	-0.046	4.674	0.78	1	0.83	1	125	115	110	111	113	134	95	108	146	126	94	152
PA14_50770	PA14_50770	-0.131	2.318	0.78	1	0.64	0.98	16	23	20	27	25	14	12	22	26	30	21	16
PA14_51250	yycJ	-0.056	6.552	0.78	1	0.65	0.98	424	391	471	441	444	454	320	367	624	498	369	515
PA14_51980	PA14_51980	-0.11	4.832	0.78	1	0.5	0.96	93	132	150	118	146	143	69	124	197	134	122	162
PA14_52320	PA14_52320	0.234	0.744	0.78	1	0.88	1	4	4	10	5	9	2	3	4	13	6	8	3
PA14_53180	PA14_53180	-0.06	7.003	0.78	1	0.64	0.98	569	553	637	638	627	571	429	519	845	720	521	648
PA14_54890	PA14_54890	0.039	6.569	0.78	1	0.77	1	472	423	453	390	450	472	357	397	601	441	374	535
PA14_54940	PA14_54940	0.03	6.281	0.78	1	0.83	1	367	340	389	337	366	372	277	319	516	381	304	422
PA14_57170	PA14_57170	0.052	5.207	0.78	1	0.76	1	185	137	199	191	148	164	140	128	263	215	122	186
PA14_57425	ftsI	0.052	9.762	0.78	1	0.69	0.99	4263	4359	3792	3819	3997	4160	3218	4089	5036	4310	3320	4720
PA14_59900	PA14_59900	-0.182	1.409	0.78	1	0.72	1	8	13	10	10	15	11	6	12	13	11	13	12
PA14_61470	upp	0.045	5.541	0.78	1	0.74	1	229	211	221	214	218	208	173	198	293	242	181	236
PA14_62580	panB	0.016	4.79	0.78	1	1	1	116	95	173	129	143	111	87	89	227	145	119	126
PA14_64060	ctpL	0.056	4.032	0.78	1	0.83	1	71	83	74	69	87	64	53	78	98	78	73	73
PA14_64810	vanB	-0.063	4.123	0.78	1	0.73	1	78	79	78	87	76	82	59	74	104	98	63	93
PA14_66190	PA14_66190	0.025	7.586	0.78	1	0.85	1	849	934	936	871	905	896	640	876	1242	983	752	1017
PA14_66990	PA14_66990	0.084	3.298	0.78	1	0.79	1	40	52	45	57	43	29	30	49	60	64	36	34
PA14_67750	yigN	0.019	4.32	0.78	1	1	1	67	74	135	95	97	81	49	69	176	107	81	92
PA14_68260	PA14_68260	0.039	7.395	0.78	1	0.78	1	807	787	800	664	769	896	609	738	1062	750	639	1016
PA14_69580	PA14_69580	0.034	5.591	0.78	1	0.83	1	209	234	235	216	229	220	157	220	312	244	190	250
PA14_70110	PA14_70110	-0.039	5.4	0.78	1	0.81	1	223	166	194	199	192	205	169	155	258	225	159	233
PA14_71710	mtr	0.076	4.14	0.78	1	0.61	0.97	86	92	72	77	76	81	65	86	96	87	63	92
PA14_72020	PA14_72020	0.12	5.428	0.78	1	0.46	0.95	262	188	176	215	165	194	200	176	235	242	136	220
EBG00001225099	tRNA	0.021	3.6	0.79	1	1	1	37	46	82	46	64	54	27	43	106	52	54	61
EBG00001225142	P14	0.076	4.311	0.79	1	0.66	0.98	97	88	97	88	67	110	73	82	128	99	55	124
EBG00001225164	tRNA	0.573	-0.6	0.79	1	0.76	1	1	2	2	0	2	2	1	2	3	0	2	2
PA14_00690	PA14_00690	0.174	1.242	0.79	1	0.8	1	6	12	12	10	10	8	4	11	16	11	8	9
PA14_00980	PA14_00980	-0.059	9.794	0.79	1	0.65	0.98	3794	3943	4478	3986	4233	4508	2863	3698	5945	4498	3516	5115
PA14_01960	PA14_01960	0.05	5.259	0.79	1	0.75	1	171	190	181	212	164	148	129	178	241	238	136	169
PA14_05690	codA	-0.092	2.919	0.79	1	0.74	1	33	33	31	32	35	36	25	31	41	36	29	41
PA14_08750	rplL	-0.015	9.56	0.79	1	0.92	1	3567	3674	3304	3240	3235	4179	2693	3446	4388	3656	2687	4741
PA14_11050	moaF	0.184	1.226	0.79	1	0.8	1	12	10	9	10	12	5	9	9	12	11	10	6
PA14_11460	thiL	-0.079	4.6	0.79	1	0.65	0.98	104	120	101	115	142	87	78	113	135	130	119	100
PA14_11580	PA14_11580	0.066	6.04	0.79	1	0.61	0.97	347	318	278	304	294	300	263	298	370	343	244	340
PA14_12700	PA14_12700	-0.168	1.555	0.79	1	0.74	1	13	8	13	15	15	8	10	7	17	17	13	9
PA14_12820	PA14_12820	-0.055	4.916	0.79	1	0.73	1	120	146	144	151	126	150	90	137	191	170	104	170
PA14_13200	PA14_13200	0.035	5.115	0.79	1	0.85	1	145	165	173	144	162	168	109	155	229	163	135	190
PA14_14280	PA14_14280	0.079	3.241	0.79	1	0.75	1	41	51	38	43	48	33	31	48	51	48	40	38
PA14_14460	holC	-0.058	4.349	0.79	1	0.77	1	83	94	97	116	78	91	62	88	128	130	64	103
PA14_17080	pyrH	0.037	6.699	0.79	1	0.77	1	481	472	520	496	434	506	363	443	690	559	360	574
PA14_20500	PA14_20500	-0.139	5.026	0.79	1	0.48	0.96	131	107	192	129	167	178	98	100	252	146	139	202
PA14_20750	PA14_20750	-0.029	10.693	0.79	1	0.82	1	7465	8110	7459	7453	7677	8371	5635	7607	9906	8410	6377	9498
PA14_23730	PA14_23730	-0.193	2.552	0.79	1	0.51	0.96	20	15	36	25	36	23	15	14	46	28	30	26
PA14_25050	PA14_25050	0.095	2.973	0.79	1	0.66	0.98	33	39	35	37	26	36	25	37	46	42	21	41
PA14_25280	nqrA	0.006	7.582	0.79	1	0.97	1	856	813	1023	899	912	872	646	762	1357	1014	758	990
PA14_26450	yebN	-0.114	2.356	0.79	1	0.68	0.99	22	17	24	23	24	23	17	16	32	26	20	26
PA14_26870	PA14_26870	0.571	-0.602	0.79	1	1	1	0	2	3	2	1	1	0	2	4	2	1	1
PA14_28210	PA14_28210	-0.044	4.491	0.79	1	0.82	1	107	115	86	111	112	94	81	108	116	125	93	107
PA14_29040	PA14_29040	-0.33	0.195	0.79	1	0.83	1	4	3	3	7	3	3	3	3	4	8	2	3
PA14_30700	PA14_30700	0.032	8.154	0.79	1	0.81	1	1301	1369	1371	1218	1292	1444	982	1284	1821	1375	1073	1638
PA14_32370	PA14_32370	0.09	3.009	0.79	1	0.7	1	38	38	33	36	36	31	29	36	44	40	30	35
PA14_33070	PA14_33070	0.111	4.261	0.79	1	0.53	0.96	112	92	70	99	77	76	86	86	95	111	64	86
PA14_34690	PA14_34690	0.094	2.853	0.79	1	0.68	0.99	33	31	34	30	27	35	25	29	45	34	22	39
PA14_39190	bacA	-0.085	4.286	0.79	1	0.6	0.97	69	91	97	98	97	80	51	85	128	110	81	91
PA14_40230	PA14_40230	0.015	8.782	0.79	1	0.93	1	2409	2393	1415	1922	1858	2371	1820	2245	1883	2169	1543	2689
PA14_40780	PA14_40780	0.048	5.965	0.79	1	0.76	1	299	296	291	346	278	232	226	278	386	390	231	264
PA14_42280	pscI	-0.133	2.632	0.79	1	0.6	0.97	25	20	31	27	38	20	19	19	40	31	32	23
PA14_42950	PA14_42950	-0.021	4.353	0.79	1	1	1	99	107	73	105	70	107	75	101	99	118	57	121
PA14_42960	PA14_42960	-0.23	0.904	0.79	1	0.65	0.98	4	5	9	11	6	6	3	5	12	12	5	7
PA14_43670	PA14_43670	0.013	7.579	0.79	1	0.94	1	770	957	965	883	888	900	580	898	1280	996	738	1021
PA14_45810	fliL	-0.042	5.585	0.79	1	0.77	1	225	218	215	226	223	227	170	204	286	255	185	258
PA14_47440	PA14_47440	-0.034	7.338	0.79	1	0.78	1	743	745	752	757	735	803	561	699	999	854	610	911
PA14_48040	aprI	-0.048	6.899	0.79	1	0.71	1	535	562	546	600	607	493	404	527	725	677	505	560
PA14_50240	PA14_50240	0.031	6.443	0.79	1	0.82	1	406	423	402	401	436	368	306	397	534	453	363	418
PA14_51810	yebC	-0.01	8.463	0.79	1	0.95	1	1806	1522	1610	1623	1430	1916	1364	1427	2138	1832	1187	2173
PA14_53890	PA14_53890	0.182	1.245	0.79	1	0.79	1	8	9	12	11	8	7	6	8	16	12	7	8
PA14_54150	putP	0.047	5.527	0.79	1	0.73	1	238	200	215	207	215	207	180	187	285	234	179	235
PA14_56730	PA14_56730	0.048	5.136	0.79	1	0.82	1	154	180	160	188	179	112	116	169	213	212	149	128
PA14_57320	ddlB	0.058	8.123	0.79	1	0.65	0.98	1414	1348	1231	1220	1221	1391	1068	1264	1636	1377	1014	1578
PA14_57370	murD	-0.013	8.823	0.79	1	0.92	1	2197	2210	1924	2095	2095	2198	1659	2073	2556	2364	1740	2494
PA14_61020	ankB	-0.074	3.832	0.79	1	0.69	0.99	64	66	59	64	80	56	48	62	79	72	67	64
PA14_61700	prfA	-0.039	5.006	0.79	1	0.83	1	170	128	144	149	145	158	129	120	191	168	120	179
PA14_64000	PA14_64000	0.069	3.899	0.79	1	0.75	1	86	50	73	69	71	60	66	47	97	78	59	68
PA14_64180	yhdG	0.026	6.951	0.79	1	0.85	1	558	553	636	566	542	609	421	519	843	639	450	691
PA14_65060	PA14_65060	-0.046	5.324	0.79	1	0.74	1	178	195	177	197	188	182	134	183	235	222	156	207
PA14_65220	PA14_65220	-0.21	6.245	0.79	1	0.32	0.87	223	289	470	334	438	363	166	271	619	377	365	412
PA14_65390	yjeF	0.053	6.249	0.79	1	0.71	1	354	399	332	403	342	300	267	374	442	454	284	341
PA14_65590	PA14_65590	-0.078	8.062	0.79	1	0.56	0.97	1091	1156	1400	1254	1355	1244	823	1084	1857	1415	1126	1412
PA14_66100	PA14_66100	-0.036	5.409	0.79	1	0.81	1	204	207	176	185	207	208	154	194	235	209	172	236
PA14_66620	pilQ	-0.013	10.134	0.79	1	0.93	1	5300	5625	4792	4815	5097	5943	4001	5276	6365	5434	4234	6743
PA14_69250	PA14_69250	0	5.296	0.79	1	0.96	1	144	173	228	182	200	165	107	162	300	205	167	188
PA14_69550	PA14_69550	-0.333	0.196	0.79	1	0.68	0.99	5	1	4	3	5	4	4	1	5	4	4	5
PA14_71430	PA14_71430	-0.012	6.884	0.79	1	0.95	1	584	577	489	635	535	491	441	541	651	716	444	558
PA14_72550	znuA	-0.028	6.126	0.79	1	0.86	1	331	354	283	314	340	331	250	332	377	354	283	375
PA14_72970	tonB	-0.011	9.306	0.79	1	0.94	1	3424	2700	2732	2641	2853	3430	2586	2532	3629	2981	2370	3891
EBG00001225045	tRNA	-0.169	2.267	0.8	1	0.64	0.98	13	29	16	13	28	24	9	27	22	15	24	27
EBG00001225129	tRNA	-0.152	1.594	0.8	1	0.74	1	12	9	15	15	9	15	9	8	19	17	7	17
EBG00001225137	LSU_rRNA_bacteria	0.489	-0.394	0.8	1	0.78	1	3	2	2	2	2	1	2	2	3	2	2	1
PA14_01230	PA14_01230	-0.033	5.112	0.8	1	0.86	1	167	175	136	174	170	143	126	164	182	196	141	163
PA14_03170	PA14_03170	-0.045	5.036	0.8	1	0.79	1	143	150	153	137	138	186	108	141	203	155	114	210
PA14_04680	PA14_04680	0.075	3.251	0.8	1	0.77	1	43	40	48	43	41	40	32	37	63	48	34	46
PA14_05775	PA14_05775	-0.293	0.507	0.8	1	0.84	1	5	4	2	3	3	8	4	4	3	3	2	9
PA14_07580	PA14_07580	0.022	5.468	0.8	1	0.92	1	204	197	216	181	236	194	154	185	287	205	197	220
PA14_07870	PA14_07870	-0.024	6.444	0.8	1	0.87	1	458	368	384	386	416	426	347	345	510	436	346	483
PA14_09340	fptA	-0.027	12.442	0.8	1	0.83	1	26702	25017	25764	25493	25976	27489	20157	23464	34214	28766	21579	31190
PA14_09770	PA14_09770	0.044	4.805	0.8	1	0.78	1	130	117	146	133	114	135	98	110	193	150	94	153
PA14_09960	PA14_09960	0.064	3.323	0.8	1	0.85	1	48	36	53	53	46	33	36	34	69	59	38	38
PA14_11610	PA14_11610	0.575	-0.53	0.8	1	0.76	1	1	4	1	0	3	1	1	4	1	0	3	1
PA14_13810	narJ	0.489	-0.177	0.8	1	0.78	1	1	4	1	2	2	1	1	4	2	2	2	1
PA14_15490	PA14_15490	-0.071	5.412	0.8	1	0.61	0.97	159	205	213	188	207	214	119	192	282	212	172	243
PA14_16530	lysS	-0.038	6.853	0.8	1	0.76	1	543	507	546	567	533	538	410	475	725	640	443	610
PA14_17060	rpsB	-0.052	8.819	0.8	1	0.7	1	2089	1843	2296	2043	2152	2261	1577	1728	3048	2306	1788	2565
PA14_17660	PA14_17660	-0.092	2.728	0.8	1	0.74	1	26	36	24	33	32	25	19	34	32	37	27	29
PA14_20670	PA14_20670	0.034	7.063	0.8	1	0.78	1	635	626	635	609	615	627	479	587	843	687	511	711
PA14_20770	PA14_20770	0.005	8.48	0.8	1	0.98	1	1489	1755	1777	1688	1769	1550	1123	1646	2359	1905	1470	1759
PA14_23930	metZ	0.046	8.152	0.8	1	0.72	1	1380	1414	1264	1390	1304	1237	1042	1326	1680	1568	1083	1404
PA14_23990	xcpR	0.029	7.826	0.8	1	0.82	1	1057	1059	1097	1088	1047	1016	798	993	1457	1227	870	1153
PA14_28300	PA14_28300	0.186	1.419	0.8	1	0.63	0.97	9	14	9	12	4	12	7	13	12	13	3	13
PA14_29890	nuoK	0.091	3.98	0.8	1	0.59	0.97	84	84	58	75	63	72	64	79	79	84	52	82
PA14_31730	PA14_31730	0.088	4.314	0.8	1	0.64	0.98	110	94	78	108	88	68	84	88	105	121	73	78
PA14_33420	PA14_33420	-0.123	2.027	0.8	1	0.79	1	17	16	17	25	16	14	13	15	23	28	13	16
PA14_34370	mtlk	0.17	1.283	0.8	1	0.81	1	13	4	14	12	7	9	10	4	18	13	6	10
PA14_36250	PA14_36250	-0.07	4.098	0.8	1	0.65	0.98	77	69	83	76	86	80	58	65	110	86	72	91
PA14_36550	PA14_36550	-0.082	3.215	0.8	1	0.73	1	39	35	46	47	38	42	29	33	60	53	31	48
PA14_38370	PA14_38370	0.056	4.153	0.8	1	0.78	1	74	84	89	91	67	80	55	79	118	102	55	91
PA14_41980	PA14_41980	0.045	4.799	0.8	1	0.79	1	110	146	136	125	115	140	82	137	180	141	95	159
PA14_43040	PA14_43040	-0.015	6.499	0.8	1	0.93	1	432	446	383	390	396	484	326	418	509	440	329	549
PA14_44070	gltA	0.035	6.985	0.8	1	0.78	1	642	548	606	588	596	568	485	514	804	663	495	645
PA14_45010	hyi	-0.196	1.061	0.8	1	0.67	0.99	6	7	9	9	11	7	4	7	12	10	9	8
PA14_46290	PA14_46290	0.075	3.88	0.8	1	0.71	1	66	72	68	79	50	66	50	68	91	89	41	75
PA14_46360	PA14_46360	0.02	4.06	0.8	1	1	1	60	76	94	65	90	74	44	71	123	74	75	84
PA14_46760	PA14_46760	-0.105	2.712	0.8	1	0.65	0.98	23	31	29	37	33	21	17	29	39	41	28	24
PA14_46850	PA14_46850	-0.198	0.995	0.8	1	0.89	1	11	5	6	5	10	11	9	5	8	6	8	12
PA14_49420	PA14_49420	0.061	4.908	0.8	1	0.65	0.98	159	130	138	146	126	137	121	122	184	164	104	155
PA14_49870	PA14_49870	0.015	7.408	0.8	1	0.92	1	734	813	845	771	806	793	553	763	1122	870	670	900
PA14_50590	PA14_50590	-0.055	5.923	0.8	1	0.65	0.98	274	266	288	275	307	281	207	249	382	310	255	319
PA14_51160	PA14_51160	-0.153	1.687	0.8	1	0.66	0.98	11	10	15	10	16	15	8	9	20	12	13	17
PA14_52250	pirR	-0.058	7.901	0.8	1	0.64	0.98	1062	1045	1179	1087	1211	1126	801	980	1565	1227	1006	1278
PA14_54700	yjcS	-0.078	3.707	0.8	1	0.66	0.98	51	53	68	65	57	62	38	50	89	73	47	70
PA14_55410	PA14_55410	0.116	2.1	0.8	1	0.88	1	10	28	20	19	20	15	7	26	26	21	17	17
PA14_56200	PA14_56200	0.025	5.954	0.8	1	0.9	1	250	341	279	269	335	253	188	320	371	304	279	288
PA14_59150	PA14_59150	0.06	4.401	0.8	1	0.71	1	109	93	96	82	96	107	83	87	128	93	80	121
PA14_61130	PA14_61130	-0.046	5.608	0.8	1	0.73	1	210	232	226	210	223	258	158	218	300	237	185	292
PA14_62920	yeaS	-0.049	5.283	0.8	1	0.74	1	180	182	171	181	199	173	136	171	228	204	166	196
PA14_63010	recN	-0.033	6.88	0.8	1	0.8	1	583	496	554	591	544	534	441	465	735	667	452	606
PA14_63380	PA14_63380	-0.118	2.375	0.8	1	0.7	1	19	21	24	30	25	16	14	20	32	33	21	19
PA14_64510	yhjG	-0.035	7.272	0.8	1	0.79	1	710	761	671	757	776	662	536	714	892	854	645	752
PA14_64770	mdlC	0.161	1.533	0.8	1	0.72	1	13	11	11	13	13	6	10	10	15	14	11	7
PA14_64790	vanK	0.159	1.46	0.8	1	0.72	1	12	13	11	14	10	8	9	12	15	16	8	9
PA14_64860	livF	-0.005	6.896	0.8	1	0.99	1	597	617	456	518	568	586	451	579	607	585	472	665
PA14_64910	PA14_64910	0.07	3.261	0.8	1	0.83	1	35	48	47	45	43	37	26	45	62	51	36	42
PA14_65470	PA14_65470	0.033	5.764	0.8	1	0.82	1	249	268	251	250	273	229	188	251	333	282	227	260
PA14_66210	waaX	0.048	7.591	0.8	1	0.71	1	972	937	842	935	907	816	734	879	1119	1055	754	926
PA14_67810	ctpA	0.051	6.615	0.8	1	0.69	0.99	517	438	444	472	448	429	391	411	590	532	372	487
PA14_68190	rmlD	-0.047	7.071	0.8	1	0.77	1	619	632	602	783	637	494	467	593	800	883	529	562
PA14_69510	PA14_69510	-0.019	7.967	0.8	1	0.89	1	1276	1084	1129	1118	1146	1270	964	1017	1500	1262	952	1441
PA14_69610	cyaA	-0.025	6.899	0.8	1	0.85	1	582	566	511	541	575	570	440	531	680	611	478	647
PA14_70010	PA14_70010	0.026	6.291	0.8	1	0.86	1	361	375	367	327	398	361	272	352	488	369	331	410
PA14_70100	PA14_70100	0.044	4.292	0.8	1	0.84	1	86	89	97	78	97	91	65	83	128	88	81	103
PA14_71620	purE	-0.108	4.089	0.8	1	0.57	0.97	62	65	95	99	76	66	46	61	124	111	63	75
PA14_71830	PA14_71830	-0.032	4.238	0.8	1	0.95	1	105	81	73	107	81	75	80	76	98	120	67	85
PA14_01140	PA14_01140	-0.021	5.238	0.81	1	0.95	1	196	166	158	177	162	186	149	156	211	200	134	211
PA14_01600	mmsA	-0.055	4.015	0.81	1	0.8	1	72	67	77	84	59	81	54	63	102	94	48	92
PA14_02490	tonB2	0.14	1.785	0.81	1	0.69	0.99	19	13	13	16	15	9	15	12	17	18	13	10
PA14_02960	PA14_02960	-0.081	2.823	0.81	1	0.81	1	29	36	24	40	34	21	22	34	33	45	28	24
PA14_04190	aphA	-0.073	3.77	0.81	1	0.66	0.98	56	56	68	67	64	60	42	52	89	75	53	68
PA14_04690	PA14_04690	-0.047	6.276	0.81	1	0.72	1	319	384	363	408	367	327	240	360	482	460	305	372
PA14_06010	PA14_06010	-0.018	6.416	0.81	1	0.92	1	449	379	362	382	406	414	340	355	482	431	337	470
PA14_07850	PA14_07850	0.038	4.969	0.81	1	0.83	1	151	129	159	128	140	160	114	121	210	145	116	181
PA14_07890	PA14_07890	-0.047	4.39	0.81	1	0.83	1	105	90	89	83	100	109	80	84	118	94	83	123
PA14_08220	PA14_08220	-0.022	9.645	0.81	1	0.88	1	4055	3420	3688	3296	3538	4499	3062	3208	4897	3720	2939	5104
PA14_09195	yajR	-0.006	6.439	0.81	1	0.94	1	346	410	451	401	449	366	260	385	598	453	374	416
PA14_11230	PA14_11230	0.427	0.052	0.81	1	0.79	1	4	2	2	1	2	3	3	2	3	1	2	3
PA14_11730	PA14_11730	-0.057	3.95	0.81	1	0.81	1	69	72	64	79	71	63	52	68	86	89	59	72
PA14_13320	PA14_13320	-0.146	1.614	0.81	1	0.75	1	10	14	13	19	10	11	7	13	17	21	8	13
PA14_13520	PA14_13520	-0.072	3.474	0.81	1	0.73	1	47	49	50	60	52	42	35	46	66	67	43	48
PA14_15880	PA14_15880	-0.04	2.97	0.81	1	1	1	42	42	20	36	32	37	32	40	28	41	26	42
PA14_16140	PA14_16140	0.029	5.637	0.81	1	0.84	1	220	237	244	234	232	222	166	222	323	264	193	252
PA14_20491	PA14_20491	-0.094	2.767	0.81	1	0.66	0.98	24	30	31	32	30	30	18	28	41	36	25	34
PA14_21040	PA14_21040	0.115	1.952	0.81	1	0.85	1	17	15	19	18	19	11	13	14	25	20	16	13
PA14_22540	wrbA	-0.146	1.677	0.81	1	0.76	1	8	13	15	19	9	13	6	12	20	21	7	15
PA14_24050	xcpV	0.037	4.798	0.81	1	0.85	1	120	144	126	139	140	102	90	135	167	156	117	116
PA14_27960	tal	0.02	6.927	0.81	1	0.89	1	535	607	575	580	601	513	403	569	763	654	500	583
PA14_28530	PA14_28530	-0.033	4.8	0.81	1	0.88	1	125	143	116	137	115	139	94	134	155	154	95	157
PA14_29980	nuoE	0.017	6.403	0.81	1	0.92	1	390	390	411	370	437	372	294	366	545	418	364	422
PA14_30930	trbC	0.427	-0.068	0.81	1	0.79	1	3	3	2	3	2	1	2	3	3	3	2	1
PA14_31160	PA14_31160	-0.003	5.867	0.81	1	0.96	1	237	276	300	255	333	229	178	259	397	288	278	261
PA14_31770	PA14_31770	0.158	2.237	0.81	1	0.62	0.97	31	15	20	27	14	18	24	14	27	30	11	20
PA14_32130	xylL	-0.185	1.245	0.81	1	0.68	0.99	9	9	7	8	12	8	7	8	9	9	10	9
PA14_32740	optS	-0.048	5.649	0.81	1	0.72	1	234	208	245	224	232	255	177	195	325	253	193	289
PA14_32950	PA14_32950	0.078	6.122	0.81	1	0.58	0.97	381	339	281	358	295	292	289	318	375	403	245	332
PA14_34930	PA14_34930	-0.141	2.537	0.81	1	0.67	0.99	25	22	24	30	37	13	19	21	32	34	31	15
PA14_35360	kguE	0.267	0.619	0.81	1	0.87	1	0	9	7	3	6	6	0	9	9	3	5	7
PA14_35710	PA14_35710	-0.054	8.098	0.81	1	0.69	0.99	1094	1343	1334	1203	1309	1406	825	1260	1771	1358	1087	1595
PA14_37490	PA14_37490	-0.058	7.938	0.81	1	0.7	1	1184	916	1271	1285	1171	1054	894	859	1686	1450	973	1196
PA14_39200	PA14_39200	-0.083	4.409	0.81	1	0.65	0.98	76	91	115	117	85	97	56	85	151	132	70	110
PA14_39410	PA14_39410	0.041	5.456	0.81	1	0.77	1	209	205	207	210	203	190	158	192	275	237	169	216
PA14_40700	PA14_40700	-0.061	4.648	0.81	1	0.68	0.99	99	112	126	118	108	127	74	105	166	133	89	144
PA14_42780	PA14_42780	-0.037	6.351	0.81	1	0.78	1	345	415	367	376	378	402	260	389	487	424	314	456
PA14_43380	kdpB	0.141	1.818	0.81	1	0.68	0.99	17	17	11	11	12	16	13	16	15	13	10	18
PA14_43550	PA14_43550	-0.051	5.025	0.81	1	0.72	1	138	149	155	172	145	142	104	140	205	194	120	161
PA14_44800	PA14_44800	-0.103	2.452	0.81	1	0.68	0.99	21	24	23	28	24	23	16	23	31	31	20	26
PA14_45280	cycH	-0.027	6.522	0.81	1	0.85	1	433	448	393	455	438	403	327	420	523	513	364	458
PA14_47230	PA14_47230	0.052	4.894	0.81	1	0.72	1	149	144	128	146	143	116	113	135	171	165	119	132
PA14_49570	PA14_49570	-0.11	2.179	0.81	1	0.86	1	22	18	16	20	17	21	17	17	21	23	14	24
PA14_49740	PA14_49740	0.042	5.579	0.81	1	0.73	1	241	214	222	214	223	219	182	201	295	242	185	249
PA14_50270	fliD	-0.011	9.642	0.81	1	0.94	1	3769	3900	3521	3688	3498	4085	2845	3658	4676	4162	2905	4634
PA14_50320	PA14_50320	0.076	5.795	0.81	1	0.59	0.97	296	290	212	262	249	242	224	272	283	295	207	275
PA14_51640	PA14_51640	-0.122	2.155	0.81	1	0.71	1	16	16	20	16	20	21	12	15	26	18	17	24
PA14_51780	ruvB	0.028	7.312	0.81	1	0.82	1	737	738	772	729	720	755	556	692	1025	823	598	856
PA14_52600	alaS	0.002	6.755	0.81	1	0.98	1	549	515	452	549	443	519	415	483	602	619	367	589
PA14_53140	PA14_53140	0.018	10.368	0.81	1	0.89	1	5992	6368	6327	5781	6359	6317	4523	5973	8402	6524	5283	7167
PA14_57340	murG	0.047	8.441	0.81	1	0.74	1	1631	1886	1443	1676	1651	1472	1231	1769	1918	1891	1372	1671
PA14_57450	mraW	-0.015	8.152	0.81	1	0.92	1	1372	1349	1253	1230	1279	1503	1036	1265	1664	1388	1062	1705
PA14_57510	PA14_57510	-0.036	5.108	0.81	1	0.83	1	174	150	150	154	162	168	132	141	200	174	135	191
PA14_59530	PA14_59530	-0.11	2.798	0.81	1	0.61	0.97	24	28	34	29	40	26	18	26	45	33	34	30
PA14_63800	mgtA	-0.059	3.662	0.81	1	0.87	1	80	40	51	47	52	77	62	37	68	54	43	87
PA14_66570	gltB	-0.104	8.245	0.81	1	0.5	0.96	1128	1296	1679	1333	1524	1556	850	1215	2227	1505	1266	1765
PA14_67370	PA14_67370	-0.038	5.481	0.81	1	0.82	1	212	213	190	240	222	169	160	200	253	270	185	192
PA14_70140	aldH	0.032	6.954	0.81	1	0.8	1	587	575	593	572	569	575	443	539	787	645	473	652
PA14_70550	PA14_70550	-0.02	4.914	0.81	1	0.95	1	149	151	116	171	130	119	113	142	155	192	108	135
PA14_70580	PA14_70580	0.011	9.638	0.81	1	0.94	1	4220	3804	3219	3562	3553	4039	3187	3568	4276	4020	2951	4582
PA14_70920	PA14_70920	0.035	5.203	0.81	1	0.82	1	176	160	182	169	174	163	133	150	241	191	145	185
PA14_72980	PA14_72980	-0.046	4.495	0.81	1	0.81	1	108	96	103	102	97	118	82	90	137	115	80	133
EBG00001225042	tRNA	0.006	6.233	0.82	1	1	1	282	261	508	346	304	395	211	244	670	391	252	448
EBG00001225044	RsmY	-0.265	0.637	0.82	1	0.71	1	5	0	7	4	4	7	4	0	9	5	3	8
PA14_00900	PA14_00900	0.062	4.041	0.82	1	0.72	1	78	88	66	79	80	62	59	83	88	89	67	71
PA14_00960	PA14_00960	0.088	2.525	0.82	1	0.82	1	26	25	26	25	30	18	20	23	34	28	25	21
PA14_02050	PA14_02050	0.059	4.71	0.82	1	0.7	1	133	113	124	130	99	124	101	106	165	146	82	141
PA14_03380	PA14_03380	-0.061	7.814	0.82	1	0.64	0.98	972	965	1151	990	1120	1114	733	905	1527	1117	931	1264
PA14_06420	PA14_06420	0.106	2.322	0.82	1	0.75	1	28	20	18	21	24	17	22	19	25	24	20	19
PA14_09320	pchI	0.037	10.356	0.82	1	0.8	1	6156	6864	5636	6625	6503	5058	4647	6438	7486	7475	5403	5740
PA14_10240	acoC	0.099	2.314	0.82	1	0.8	1	22	16	25	19	20	21	17	15	33	21	17	24
PA14_10630	hpcC	-0.084	3.103	0.82	1	0.73	1	31	34	45	44	33	41	23	32	59	50	27	46
PA14_11210	PA14_11210	-0.118	2.519	0.82	1	0.62	0.97	18	27	27	24	34	21	13	25	35	27	29	24
PA14_12160	PA14_12160	0.007	5.183	0.82	1	1	1	151	155	199	183	177	145	113	145	262	206	147	165
PA14_12210	PA14_12210	-0.045	6.294	0.82	1	0.73	1	353	352	374	408	381	325	266	330	496	460	317	369
PA14_12620	PA14_12620	-0.102	3.47	0.82	1	0.59	0.97	34	48	61	52	56	48	25	45	80	59	47	55
PA14_13990	PA14_13990	-0.025	5.22	0.82	1	0.89	1	173	193	148	166	173	183	131	181	198	187	144	207
PA14_15290	PA14_15290	-0.028	4.79	0.82	1	0.92	1	130	135	114	132	113	139	98	127	152	149	93	157
PA14_17310	kdsA	-0.024	7.198	0.82	1	0.86	1	746	595	701	671	655	749	564	558	930	757	544	850
PA14_17610	potD	-0.112	2.225	0.82	1	0.79	1	22	15	19	20	22	18	17	14	25	23	18	21
PA14_18300	PA14_18300	-0.042	5.634	0.82	1	0.74	1	222	230	231	219	234	251	167	216	307	247	194	285
PA14_18630	eprS	0.041	6.492	0.82	1	0.75	1	421	455	403	459	409	374	318	427	536	518	340	425
PA14_18860	PA14_18860	0.028	5.274	0.82	1	0.87	1	176	173	191	186	185	160	133	162	253	210	154	182
PA14_19190	sfcA	0.02	6.307	0.82	1	0.89	1	359	354	400	380	366	354	271	332	531	429	304	402
PA14_21380	PA14_21380	-0.248	0.643	0.82	1	0.86	1	6	4	3	9	4	3	5	4	4	10	3	3
PA14_21960	PA14_21960	-0.056	5.812	0.82	1	0.64	0.98	245	243	277	270	277	252	185	228	367	305	230	286
PA14_22110	PA14_22110	-0.061	3.795	0.82	1	0.77	1	59	60	67	63	54	76	44	56	88	71	44	86
PA14_24790	opdQ	-0.057	6.923	0.82	1	0.65	0.98	507	563	596	575	605	555	382	528	790	649	503	630
PA14_25900	PA14_25900	0.029	7.492	0.82	1	0.82	1	864	771	917	882	757	861	652	723	1217	995	628	977
PA14_27755	yliJ	0.04	6.567	0.82	1	0.74	1	458	442	443	450	419	436	346	415	589	508	348	495
PA14_28370	PA14_28370	0.086	2.527	0.82	1	0.83	1	29	22	26	19	32	22	22	21	34	22	27	25
PA14_29400	rhs	0.055	7.777	0.82	1	0.68	0.99	1175	1012	953	1080	1003	937	888	949	1267	1218	833	1064
PA14_29440	PA14_29440	-0.075	3.096	0.82	1	0.77	1	32	39	39	41	32	44	24	37	52	46	26	50
PA14_29490	hplR	-0.057	4.089	0.82	1	0.76	1	83	74	72	74	89	75	63	69	96	84	74	85
PA14_30570	potF	-0.049	8.54	0.82	1	0.7	1	1606	1640	1887	1799	1714	1801	1212	1538	2505	2030	1424	2043
PA14_31000	PA14_31000	-0.054	4.224	0.82	1	0.76	1	79	96	79	80	94	89	59	90	105	91	78	101
PA14_31340	PA14_31340	0.093	2.429	0.82	1	0.87	1	19	23	27	22	22	22	14	22	35	25	18	25
PA14_33080	PA14_33080	0.068	3.951	0.82	1	0.7	1	73	84	60	65	69	71	55	79	81	74	57	81
PA14_33450	treA	-0.089	3.105	0.82	1	0.77	1	29	45	37	54	34	30	21	42	49	60	28	34
PA14_35990	PA14_35990	-0.176	1.233	0.82	1	0.79	1	8	10	7	9	7	12	6	9	10	10	6	13
PA14_39220	PA14_39220	0.429	-0.066	0.82	1	0.59	0.97	1	4	2	3	0	3	1	4	3	3	0	3
PA14_40130	PA14_40130	-0.044	4.462	0.82	1	0.82	1	102	108	89	101	107	99	77	101	119	114	89	112
PA14_40450	str	0.07	3.907	0.82	1	0.66	0.98	78	74	62	77	63	62	59	69	83	86	52	70
PA14_41390	ppiB	0.046	7.319	0.82	1	0.72	1	772	750	754	736	660	806	583	703	1001	831	548	914
PA14_44440	fixI	-0.052	5.339	0.82	1	0.69	0.99	169	200	184	188	208	180	127	188	244	212	173	204
PA14_44980	PA14_44980	0.018	3.635	0.82	1	1	1	42	52	74	51	69	48	31	49	96	58	58	55
PA14_46330	PA14_46330	-0.174	1.281	0.82	1	0.79	1	7	11	7	13	6	9	5	10	10	14	5	10
PA14_48150	PA14_48150	0.018	4.357	0.82	1	0.98	1	73	93	116	90	90	100	54	87	152	102	75	113
PA14_48310	PA14_48310	-0.1	2.537	0.82	1	0.65	0.98	23	21	29	31	27	22	17	20	38	35	22	25
PA14_49970	PA14_49970	0.058	3.926	0.82	1	0.75	1	78	65	69	76	69	58	59	61	92	86	57	66
PA14_51900	proS	-0.037	6.527	0.82	1	0.78	1	449	370	455	436	414	456	339	347	603	492	344	517
PA14_53000	phhB	-0.083	5.639	0.82	1	0.63	0.97	219	188	264	188	235	289	165	176	349	213	195	327
PA14_53740	PA14_53740	0.135	1.937	0.82	1	0.87	1	10	25	14	17	20	9	7	24	19	19	17	10
PA14_53830	PA14_53830	-0.072	4.546	0.82	1	0.64	0.98	103	96	114	99	132	102	78	90	151	112	110	116
PA14_54030	PA14_54030	-0.254	0.568	0.82	1	0.72	1	5	5	3	8	5	3	4	5	4	9	4	3
PA14_54750	PA14_54750	0.033	4.944	0.82	1	0.89	1	103	170	156	153	130	137	76	160	206	172	108	156
PA14_55560	pigC	0.048	4.627	0.82	1	0.75	1	121	110	114	103	113	117	92	103	152	117	94	133
PA14_55930	PA14_55930	0.07	8.666	0.82	1	0.66	0.98	1950	2307	1585	2012	1922	1631	1472	2164	2107	2270	1597	1851
PA14_57275	ftsZ	-0.003	9.251	0.82	1	0.98	1	3134	2803	2618	2775	2773	3023	2367	2629	3477	3131	2303	3430
PA14_58170	gatC	0.031	4.373	0.82	1	0.91	1	93	77	115	99	89	92	70	72	151	112	74	104
PA14_58240	PA14_58240	-0.028	7.317	0.82	1	0.86	1	692	888	633	844	773	639	522	833	842	952	642	726
PA14_59380	PA14_59380	-0.089	6.638	0.82	1	0.58	0.97	357	436	553	476	419	540	268	409	732	537	347	612
PA14_60730	PA14_60730	0.015	4.632	0.82	1	1	1	102	113	129	99	134	111	76	106	171	112	112	126
PA14_61040	katB	-0.034	4.311	0.82	1	0.93	1	100	90	83	86	81	110	76	84	111	97	67	124
PA14_61830	PA14_61830	-0.179	1.229	0.82	1	0.69	0.99	6	9	10	13	6	9	4	8	13	14	5	10
PA14_61950	PA14_61950	-0.056	5.029	0.82	1	0.72	1	146	156	142	134	182	146	110	146	189	152	152	166
PA14_64110	accC	-0.04	7.823	0.82	1	0.76	1	1028	976	1127	1079	1022	1119	776	915	1496	1217	849	1269
PA14_65280	hflK	0.003	8.961	0.82	1	0.98	1	2703	2186	2117	2160	2244	2587	2042	2050	2813	2438	1864	2935
PA14_65580	ybcI	-0.086	2.554	0.82	1	0.88	1	27	22	24	34	20	24	21	21	32	38	16	27
PA14_70240	coaC	-0.012	6.409	0.82	1	0.93	1	337	353	492	439	455	300	253	331	651	495	379	341
PA14_70780	PA14_70780	-0.058	6.631	0.82	1	0.67	0.99	373	499	485	510	466	439	280	468	643	575	387	498
PA14_71910	wbpZ	0.035	7.588	0.82	1	0.78	1	887	955	887	856	866	942	669	896	1178	966	719	1068
PA14_72080	PA14_72080	-0.232	4.475	0.82	1	0.36	0.9	61	75	145	102	136	90	44	70	188	115	114	103
PA14_72760	PA14_72760	0.045	4.646	0.82	1	0.77	1	120	116	114	117	122	101	91	109	152	132	102	115
PA14_00100	glyQ	0.054	3.865	0.83	1	0.79	1	64	67	70	63	63	69	48	63	93	71	52	78
PA14_00410	PA14_00410	0.028	6.147	0.83	1	0.84	1	307	343	347	328	309	343	231	322	461	370	256	389
PA14_00430	bvga	0.181	1.63	0.83	1	0.79	1	5	21	14	15	6	13	3	20	18	17	5	15
PA14_01360	ctaA	0.062	4.535	0.83	1	0.75	1	107	126	94	125	106	81	81	118	126	141	88	93
PA14_01550	PA14_01550	0.079	2.815	0.83	1	0.78	1	31	33	33	30	29	33	23	31	44	34	24	37
PA14_03290	PA14_03290	-0.019	7.312	0.83	1	0.89	1	606	703	903	670	795	777	456	659	1196	757	661	882
PA14_03370	PA14_03370	-0.018	5.209	0.83	1	0.96	1	205	153	157	184	170	165	156	143	209	207	141	187
PA14_07130	tktA	0.04	8.134	0.83	1	0.75	1	1398	1320	1278	1327	1281	1278	1056	1238	1697	1497	1064	1450
PA14_08850	rplC	0.031	8.182	0.83	1	0.81	1	1445	1244	1431	1352	1275	1404	1091	1167	1900	1526	1059	1593
PA14_09350	fptB	0.047	9.255	0.83	1	0.73	1	2949	3193	2586	3081	2829	2535	2226	2995	3435	3476	2350	2877
PA14_09820	PA14_09820	0.078	5.98	0.83	1	0.59	0.97	314	329	265	318	232	307	237	309	353	358	192	348
PA14_12080	sltB1	0.03	7.097	0.83	1	0.81	1	649	637	651	629	618	650	490	597	865	710	513	737
PA14_13250	moaE	-0.058	3.758	0.83	1	0.84	1	58	81	43	65	74	51	44	76	59	73	62	58
PA14_13850	moaA1	-0.153	1.8	0.83	1	0.57	0.97	9	14	19	15	21	11	6	13	24	17	18	13
PA14_18060	PA14_18060	-0.116	1.888	0.83	1	0.84	1	16	14	15	19	15	15	12	13	20	21	12	17
PA14_18960	PA14_18960	-0.059	4.14	0.83	1	0.73	1	81	64	90	84	74	87	61	60	119	95	61	99
PA14_20120	PA14_20120	-0.019	4.775	0.83	1	0.96	1	147	115	117	152	114	116	112	108	156	171	94	132
PA14_21110	plcN	0.072	3.034	0.83	1	0.75	1	37	37	38	36	35	36	28	35	51	41	29	41
PA14_23970	xcpQ	0.031	8.534	0.83	1	0.8	1	1799	1709	1752	1736	1695	1716	1358	1603	2326	1959	1408	1947
PA14_25100	PA14_25100	-0.062	6.288	0.83	1	0.65	0.98	332	313	421	361	357	398	250	293	557	407	296	451
PA14_26010	phaA	-0.052	3.579	0.83	1	0.89	1	53	57	50	61	46	57	40	54	67	69	38	65
PA14_26570	PA14_26570	-0.071	5.728	0.83	1	0.6	0.97	222	229	267	255	288	215	167	215	353	288	240	244
PA14_28750	PA14_28750	0.045	3.678	0.83	1	0.9	1	47	59	69	64	51	56	35	55	91	72	42	64
PA14_29820	PA14_29820	-0.024	6.724	0.83	1	0.85	1	482	514	472	518	482	493	364	482	627	584	400	559
PA14_30820	PA14_30820	0.045	9.791	0.83	1	0.72	1	4326	4397	3914	4013	3996	4240	3266	4124	5198	4528	3319	4811
PA14_31130	PA14_31130	-0.239	0.706	0.83	1	0.86	1	5	5	4	4	5	7	4	5	5	5	4	8
PA14_31220	PA14_31220	-0.134	1.892	0.83	1	0.7	1	16	9	19	15	20	13	12	8	24	17	17	15
PA14_32230	catC	-0.228	0.703	0.83	1	0.86	1	5	5	4	9	1	5	4	5	5	10	1	6
PA14_32880	PA14_32880	0.063	3.178	0.83	1	0.84	1	33	50	42	50	39	31	24	47	56	56	32	36
PA14_34360	mtlD	-0.156	1.359	0.83	1	0.8	1	10	9	9	12	11	9	8	8	12	13	9	10
PA14_34390	mtlG	0.195	1.217	0.83	1	0.74	1	11	15	5	5	15	6	8	14	7	6	13	7
PA14_34900	PA14_34900	0.022	7.704	0.83	1	0.86	1	1039	920	987	930	1042	930	785	863	1311	1050	866	1055
PA14_36220	gltJ	0.07	3.117	0.83	1	0.77	1	45	32	43	43	36	35	34	30	57	48	30	40
PA14_36520	PA14_36520	-0.096	3.331	0.83	1	0.6	0.97	38	34	58	49	47	46	28	32	76	55	39	52
PA14_36770	PA14_36770	0.307	0.316	0.83	1	1	1	2	4	5	2	5	3	1	4	6	2	4	3
PA14_40060	PA14_40060	0.195	1.978	0.83	1	0.66	0.98	28	14	11	18	20	8	22	13	15	20	17	9
PA14_41200	PA14_41200	-0.021	4.696	0.83	1	0.98	1	128	130	98	126	113	119	97	122	132	142	94	135
PA14_41480	nasS	0.073	3.115	0.83	1	0.77	1	40	36	41	33	33	45	30	34	54	37	27	51
PA14_42060	PA14_42060	0.075	3.045	0.83	1	0.7	1	41	37	36	38	34	35	31	35	48	43	28	40
PA14_42760	aroC	-0.008	6.348	0.83	1	0.94	1	322	363	447	402	391	350	242	340	592	453	325	397
PA14_45720	flhB	0.031	5.919	0.83	1	0.81	1	286	289	279	280	291	265	216	271	371	316	242	301
PA14_46920	gltJ	0.064	4.962	0.83	1	0.7	1	181	114	149	157	134	133	138	107	198	177	111	151
PA14_47680	cobP	0.064	4.078	0.83	1	0.77	1	70	100	67	84	74	68	52	94	90	95	61	77
PA14_48850	PA14_48850	0.08	2.818	0.83	1	0.74	1	32	30	35	31	25	35	24	28	46	35	20	40
PA14_49660	PA14_49660	0.045	3.764	0.83	1	0.9	1	56	63	69	63	67	54	42	59	91	71	56	62
PA14_50730	phaA	0.058	7.461	0.83	1	0.67	0.98	943	855	726	850	828	744	713	802	966	959	688	845
PA14_54640	PA14_54640	-0.047	4.418	0.83	1	0.78	1	87	114	88	93	105	101	65	107	118	105	87	115
PA14_54790	PA14_54790	-0.093	2.747	0.83	1	0.78	1	35	17	34	39	28	25	27	16	45	44	23	29
PA14_55150	PA14_55150	0.065	3.006	0.83	1	0.85	1	33	34	42	29	37	40	25	32	55	33	31	45
PA14_55510	hxcP	0.072	2.96	0.83	1	0.86	1	33	38	34	39	38	23	25	36	45	44	32	27
PA14_55920	PA14_55920	0.062	8.724	0.83	1	0.65	0.98	2168	2194	1708	1975	1931	1905	1637	2058	2270	2228	1604	2162
PA14_55980	yjgR	-0.022	7.239	0.83	1	0.87	1	703	754	643	715	738	678	531	707	855	807	613	770
PA14_57740	PA14_57740	-0.02	4.83	0.83	1	0.96	1	144	140	110	149	127	120	109	131	148	168	105	137
PA14_58120	mreD	0.054	3.647	0.83	1	0.83	1	59	60	54	49	69	50	45	56	72	55	58	57
PA14_60900	PA14_60900	0.04	5.621	0.83	1	0.77	1	224	257	213	217	232	226	169	241	284	245	193	256
PA14_61220	rsmC	-0.068	3.184	0.83	1	0.78	1	34	48	37	45	39	40	25	45	49	51	32	45
PA14_61960	PA14_61960	0.108	2.924	0.83	1	0.61	0.97	44	34	29	39	23	34	34	32	39	44	19	39
PA14_62120	pssA	0.021	5.662	0.83	1	0.91	1	249	202	259	243	242	216	188	189	343	274	201	245
PA14_62830	tpiA	-0.072	8.181	0.83	1	0.6	0.97	1250	1186	1532	1281	1498	1394	943	1112	2032	1446	1245	1582
PA14_63320	PA14_63320	0.066	3.563	0.83	1	0.76	1	62	47	57	64	47	46	47	44	75	72	39	52
PA14_65670	PA14_65670	-0.077	4.295	0.83	1	0.64	0.98	68	90	103	103	93	81	50	84	135	116	77	92
PA14_66290	aceA	0.014	9.013	0.83	1	0.92	1	2452	2211	2625	2396	2384	2441	1851	2074	3485	2704	1980	2770
PA14_67030	PA14_67030	-0.02	4.711	0.83	1	0.98	1	138	119	104	115	115	133	105	112	139	130	95	151
PA14_67700	PA14_67700	0.041	4.832	0.83	1	0.79	1	133	132	133	119	130	138	100	124	177	135	108	156
PA14_67860	PA14_67860	-0.084	2.933	0.83	1	0.7	1	31	28	38	35	36	33	23	26	50	40	30	37
PA14_68100	PA14_68100	0.065	3.222	0.83	1	0.83	1	39	49	41	47	44	32	29	46	55	53	37	37
PA14_68890	PA14_68890	-0.042	4.861	0.83	1	0.81	1	141	128	129	153	144	113	107	120	172	172	120	129
PA14_69470	algR	-0.018	9.3	0.83	1	0.88	1	3006	2999	2794	2907	2982	3021	2269	2813	3711	3280	2477	3428
PA14_71850	PA14_71850	-0.012	5.256	0.83	1	1	1	196	178	156	201	161	170	149	167	208	226	133	193
PA14_72650	PA14_72650	-0.444	-0.032	0.83	1	0.81	1	0	5	1	6	0	3	0	5	2	7	0	3
PA14_72870	PA14_72870	0.034	4.871	0.83	1	0.84	1	128	136	145	128	134	139	96	128	192	145	111	158
EBG00001225022	PrrF	-0.298	0.512	0.84	1	0.86	1	7	2	2	1	8	5	6	2	3	1	7	6
PA14_02750	PA14_02750	-0.061	4.628	0.84	1	0.7	1	91	127	115	102	125	124	68	119	153	115	104	140
PA14_03530	PA14_03530	-0.153	1.74	0.84	1	0.7	1	5	18	15	12	13	18	3	17	20	14	11	20
PA14_06340	modR	-0.072	4.829	0.84	1	0.62	0.97	110	129	144	141	152	112	82	121	190	159	127	128
PA14_07050	PA14_07050	0.051	6.428	0.84	1	0.7	1	413	461	352	415	397	370	312	433	469	468	330	420
PA14_08820	fusA1	0.007	10.584	0.84	1	0.96	1	8044	6751	6826	7044	6122	8354	6073	6332	9065	7949	5085	9478
PA14_09290	pchG	-0.029	11.13	0.84	1	0.85	1	10312	11538	9321	11390	11677	8738	7784	10822	12379	12852	9701	9915
PA14_12370	PA14_12370	0.057	7.067	0.84	1	0.66	0.98	722	612	584	594	590	657	546	574	776	670	490	745
PA14_12630	PA14_12630	-0.015	6.084	0.84	1	0.94	1	344	303	299	342	302	307	260	284	397	386	251	349
PA14_12670	PA14_12670	0.016	4.418	0.84	1	1	1	93	91	112	111	110	73	70	85	148	125	92	84
PA14_15460	merA	0.02	6.331	0.84	1	0.89	1	367	388	376	344	400	373	277	364	499	388	333	423
PA14_16370	PA14_16370	-0.061	5.765	0.84	1	0.7	1	220	264	256	308	267	197	165	248	339	347	222	225
PA14_16720	PA14_16720	-0.107	4.867	0.84	1	0.6	0.97	114	144	133	150	180	92	85	135	177	169	151	105
PA14_18250	fruB	0.033	4.93	0.84	1	0.86	1	138	158	131	132	161	126	104	148	175	149	134	143
PA14_21550	PA14_21550	0.037	6.393	0.84	1	0.78	1	392	401	397	357	357	445	296	376	527	403	296	504
PA14_22910	edd	-0.038	5.912	0.84	1	0.78	1	283	250	294	307	270	272	214	234	390	346	224	309
PA14_24960	PA14_24960	0.056	5.869	0.84	1	0.67	0.99	299	270	264	304	233	260	226	253	351	343	193	295
PA14_26650	PA14_26650	-0.06	3.973	0.84	1	0.72	1	70	67	73	71	84	67	53	63	97	80	70	76
PA14_27460	tpm	0.048	5.446	0.84	1	0.71	1	204	229	186	202	194	201	154	215	248	228	161	228
PA14_27650	PA14_27650	0.267	0.239	0.84	1	0.84	1	4	5	4	3	4	4	3	5	5	3	3	5
PA14_30690	PA14_30690	-0.031	6.598	0.84	1	0.82	1	436	450	454	413	441	515	329	422	603	467	366	584
PA14_32840	PA14_32840	-0.055	5.033	0.84	1	0.72	1	150	125	169	160	153	150	113	117	223	180	127	170
PA14_36900	PA14_36900	-0.51	-0.442	0.84	1	0.76	1	2	1	1	1	2	3	2	1	1	1	2	3
PA14_38300	grp	-0.073	2.993	0.84	1	0.78	1	43	24	38	32	38	40	33	22	50	36	32	45
PA14_38560	pcaK	-0.09	2.431	0.84	1	0.76	1	20	29	18	20	29	22	15	27	24	23	24	25
PA14_40510	ccoN-2	-0.072	3.412	0.84	1	0.76	1	49	32	57	55	40	50	37	30	75	62	33	57
PA14_41730	PA14_41730	-0.002	6.935	0.84	1	1	1	657	511	546	572	521	620	497	479	726	646	432	703
PA14_42020	arsC	-0.089	4.258	0.84	1	0.64	0.98	82	60	112	89	87	96	62	56	146	100	72	109
PA14_44060	sdhC	-0.048	7.805	0.84	1	0.81	1	779	857	1449	1040	1223	925	586	803	1919	1174	1017	1050
PA14_44820	PA14_44820	-0.046	4.332	0.84	1	0.78	1	99	84	90	95	96	90	75	79	119	107	80	102
PA14_45000	gcl	-0.109	2.332	0.84	1	0.69	0.99	14	19	27	22	18	26	10	18	35	25	15	29
PA14_47490	PA14_47490	-0.051	5.246	0.84	1	0.73	1	158	164	195	204	165	168	119	154	258	230	137	191
PA14_47850	PA14_47850	0.26	0.543	0.84	1	0.57	0.97	8	4	3	5	1	4	6	4	4	6	1	5
PA14_48000	PA14_48000	-0.147	1.433	0.84	1	0.71	1	9	9	11	12	13	8	7	8	15	14	11	9
PA14_48680	PA14_48680	-0.022	6.651	0.84	1	0.87	1	486	461	449	469	466	480	367	432	597	529	387	545
PA14_49920	PA14_49920	0.036	5.399	0.84	1	0.8	1	204	199	191	165	204	210	154	187	254	187	170	238
PA14_50010	yliI	0.027	5.455	0.84	1	0.86	1	199	222	197	182	228	197	150	208	262	206	190	224
PA14_50140	fliF	-0.016	6.593	0.84	1	0.92	1	450	454	439	502	405	449	340	426	583	566	336	510
PA14_52980	phhR	-0.041	6.062	0.84	1	0.74	1	280	326	313	333	314	301	211	306	416	375	261	342
PA14_60350	PA14_60350	-0.015	7.506	0.84	1	0.92	1	830	889	817	828	787	946	626	834	1086	935	653	1073
PA14_60830	mexD	0.037	4.307	0.84	1	0.89	1	91	85	97	86	96	87	69	80	129	97	80	99
PA14_62410	PA14_62410	-0.048	4.722	0.84	1	0.77	1	102	138	119	139	123	110	76	130	158	157	102	125
PA14_67530	PA14_67530	-0.044	7.114	0.84	1	0.72	1	592	666	650	656	689	625	446	625	863	740	573	709
PA14_71310	etfB-1	-0.51	-0.158	0.84	1	0.76	1	1	2	1	3	1	2	1	2	1	3	1	2
PA14_72060	PA14_72060	0.03	6.894	0.84	1	0.83	1	553	516	612	546	470	630	417	484	812	616	390	714
PA14_72830	PA14_72830	-0.035	5.175	0.84	1	0.81	1	161	171	166	176	159	173	121	160	220	199	132	196
PA14_00460	trpI	-0.073	2.741	0.85	1	0.84	1	33	29	26	37	32	23	25	27	35	41	27	26
PA14_00780	PA14_00780	-0.052	4.391	0.85	1	0.73	1	93	85	104	89	96	108	70	80	137	101	80	122
PA14_00820	PA14_00820	0.041	7.071	0.85	1	0.75	1	635	699	579	616	616	626	479	656	770	695	512	710
PA14_01070	PA14_01070	0.007	6.891	0.85	1	0.95	1	603	592	472	540	531	585	456	555	629	609	441	663
PA14_02010	PA14_02010	-0.12	6.756	0.85	1	0.48	0.96	434	382	632	495	580	501	327	358	836	559	482	569
PA14_04480	thyA	-0.062	6.334	0.85	1	0.62	0.97	350	333	418	370	414	370	264	312	554	418	344	420
PA14_05260	pyrB	-0.015	5.631	0.85	1	0.95	1	257	211	221	243	214	237	195	198	294	274	177	269
PA14_07660	PA14_07660	-0.012	9.12	0.85	1	0.93	1	2554	2828	2398	2506	2603	2737	1928	2653	3186	2828	2162	3105
PA14_08710	nusG	-0.065	9.132	0.85	1	0.64	0.98	2221	2548	2931	2694	2746	2616	1675	2390	3890	3040	2281	2968
PA14_09030	rpmD	0.059	6.063	0.85	1	0.67	0.99	363	284	307	312	264	336	275	266	408	352	219	381
PA14_10090	PA14_10090	-0.019	5.428	0.85	1	0.93	1	196	220	180	187	193	223	148	207	240	211	160	253
PA14_10750	sotB	0.021	3.678	0.85	1	1	1	53	51	69	61	68	44	40	48	90	69	57	50
PA14_11190	styD	-0.065	3.057	0.85	1	0.82	1	38	40	32	31	45	40	29	38	43	35	38	45
PA14_11430	ribE	-0.012	6.479	0.85	1	0.92	1	385	395	463	426	491	338	290	370	613	481	409	384
PA14_11930	PA14_11930	0.057	3.917	0.85	1	0.81	1	64	84	62	82	66	53	48	79	83	92	55	61
PA14_12070	rodA	-0.052	6.582	0.85	1	0.67	0.99	419	407	489	439	466	462	316	382	648	496	387	524
PA14_13560	PA14_13560	-0.069	3.509	0.85	1	0.75	1	53	39	59	60	54	45	40	36	77	67	45	51
PA14_15930	yfjD	0.05	3.946	0.85	1	0.79	1	67	69	78	75	54	78	50	65	103	84	44	88
PA14_18430	algJ	0.214	0.477	0.85	1	0.86	1	6	3	6	2	8	4	5	3	8	2	7	5
PA14_18565	alg8	-0.134	1.428	0.85	1	0.81	1	12	11	10	10	13	12	9	10	13	11	11	14
PA14_18660	PA14_18660	0.035	5.065	0.85	1	0.82	1	156	156	157	153	149	155	118	146	209	173	124	176
PA14_19970	PA14_19970	-0.2	0.812	0.85	1	0.74	1	4	4	8	9	6	4	3	4	10	10	5	5
PA14_22650	PA14_22650	-0.026	6.274	0.85	1	0.87	1	351	409	312	406	392	294	265	384	416	458	326	334
PA14_22940	gltR	0.054	4.592	0.85	1	0.7	0.99	129	107	107	105	101	120	98	100	142	119	84	136
PA14_24380	PA14_24380	-0.01	5.176	0.85	1	1	1	177	181	144	189	156	158	134	170	193	213	129	180
PA14_24665	PA14_24665	0.046	5.985	0.85	1	0.71	1	310	321	270	298	289	284	234	301	360	336	240	322
PA14_27450	PA14_27450	-0.058	3.282	0.85	1	0.87	1	41	48	39	51	41	40	31	45	52	57	34	46
PA14_27830	PA14_27830	0.204	0.659	0.85	1	0.74	1	8	7	3	6	7	3	6	7	5	7	6	3
PA14_28280	PA14_28280	0.05	5.462	0.85	1	0.7	1	217	228	183	192	201	211	164	214	244	217	167	239
PA14_28650	thrS	-0.089	9.295	0.85	1	0.56	0.97	2458	2594	3495	2750	3079	3265	1854	2433	4638	3104	2558	3704
PA14_29600	ptpS	0.043	2.512	0.85	1	1	1	22	15	38	22	25	27	16	14	49	25	21	30
PA14_29940	nuoG	-0.013	8.627	0.85	1	0.92	1	1934	1834	1761	1809	1853	1914	1460	1720	2339	2041	1539	2172
PA14_30090	PA14_30090	-0.024	6.707	0.85	1	0.86	1	524	459	468	458	514	502	396	430	622	517	427	570
PA14_31030	PA14_31030	-0.026	5.101	0.85	1	0.88	1	156	176	142	149	160	173	118	165	190	168	133	196
PA14_31070	PA14_31070	-0.101	2.032	0.85	1	0.78	1	17	18	16	16	23	17	13	17	21	18	19	19
PA14_33410	opdJ	-0.13	1.538	0.85	1	0.72	1	11	9	13	11	10	14	8	8	17	13	8	16
PA14_35290	gnd	-0.024	6.842	0.85	1	0.85	1	514	583	494	508	562	549	388	547	657	573	467	623
PA14_36480	PA14_36480	-0.196	0.813	0.85	1	0.87	1	4	7	5	5	6	8	3	7	7	6	5	9
PA14_37270	PA14_37270	0.221	0.596	0.85	1	0.72	1	5	3	7	4	3	6	4	3	9	5	2	7
PA14_39610	PA14_39610	-0.016	6.633	0.85	1	0.93	1	492	404	486	522	386	488	372	379	645	588	320	554
PA14_40540	PA14_40540	0.215	0.666	0.85	1	0.73	1	9	4	4	4	4	6	7	4	6	5	3	7
PA14_40830	yhfP	0.054	9.147	0.85	1	0.68	0.99	2830	2939	2347	2631	2555	2629	2137	2757	3118	2969	2122	2983
PA14_40900	PA14_40900	-0.076	2.781	0.85	1	0.78	1	34	25	29	29	35	29	26	23	39	33	29	33
PA14_41020	adi	0.057	9.818	0.85	1	0.67	0.99	4587	4477	3873	4016	3843	4570	3463	4199	5144	4532	3192	5185
PA14_41080	PA14_41080	0.025	5.106	0.85	1	0.9	1	160	159	162	151	175	149	121	149	215	170	146	169
PA14_41450	PA14_41450	0.02	4.798	0.85	1	0.94	1	120	120	148	134	130	121	90	112	195	151	108	137
PA14_42750	PA14_42750	0.018	4.556	0.85	1	0.98	1	88	116	122	115	108	100	65	109	161	130	90	114
PA14_45430	PA14_45430	-0.025	3.986	0.85	1	1	1	75	86	56	71	69	80	57	81	76	80	57	90
PA14_45640	fleN	-0.01	8.006	0.85	1	0.94	1	1291	1126	1177	1219	1138	1260	975	1056	1563	1376	945	1429
PA14_46240	PA14_46240	-0.031	5.767	0.85	1	0.83	1	264	258	229	257	289	222	200	242	305	290	241	252
PA14_46930	gltK	0.091	5.175	0.85	1	0.58	0.97	206	175	140	140	150	196	157	164	187	159	124	222
PA14_47270	PA14_47270	0.051	3.76	0.85	1	0.81	1	65	56	67	75	53	52	49	52	88	84	44	59
PA14_49610	PA14_49610	0.219	0.671	0.85	1	0.86	1	2	8	5	3	4	6	1	8	7	4	3	7
PA14_49910	PA14_49910	-0.006	9.475	0.85	1	0.97	1	2996	3397	3585	2912	3500	3609	2261	3186	4760	3286	2908	4095
PA14_52960	PA14_52960	0.192	2.333	0.85	1	0.58	0.97	38	15	17	19	16	26	30	14	23	21	13	29
PA14_54480	PA14_54480	0.015	4.844	0.85	1	0.97	1	136	113	149	149	149	98	103	106	197	168	124	112
PA14_54850	PA14_54850	-0.037	5.042	0.85	1	0.85	1	94	130	225	142	168	151	69	122	295	161	140	171
PA14_55300	PA14_55300	0.234	0.401	0.85	1	0.85	1	5	4	5	4	6	3	4	4	7	5	5	3
PA14_58390	PA14_58390	-0.027	9.021	0.85	1	0.86	1	2072	2125	3028	2489	2558	2316	1563	1993	4018	2808	2125	2628
PA14_61740	lolB	0.017	3.976	0.85	1	1	1	64	55	97	77	68	70	48	51	126	87	56	79
PA14_67880	hisF1	0.027	5.934	0.85	1	0.84	1	277	279	305	308	259	278	209	262	404	347	215	316
PA14_67920	hisH1	-0.031	5.622	0.85	1	0.83	1	220	246	213	221	239	234	166	231	284	249	199	266
PA14_68460	PA14_68460	-0.093	2.077	0.85	1	0.93	1	17	20	13	22	14	17	13	19	18	25	11	19
PA14_71470	soxB	-0.085	2.784	0.85	1	0.69	0.99	27	23	37	29	29	35	20	21	48	33	24	39
PA14_71970	wbpW	0.001	8.101	0.85	1	0.99	1	1284	1425	1147	1355	1199	1296	969	1337	1525	1529	996	1470
PA14_72660	PA14_72660	0.223	0.676	0.85	1	0.86	1	8	4	4	2	6	6	6	4	6	2	5	7
EBG00001225104	tRNA	-0.087	3.075	0.86	1	0.86	1	51	16	39	25	32	57	40	15	52	29	26	64
PA14_03020	aroE	-0.201	0.935	0.86	1	0.76	1	7	3	8	3	12	6	5	3	10	4	10	7
PA14_03040	PA14_03040	-0.058	3.569	0.86	1	0.8	1	63	44	53	57	66	44	48	41	70	64	55	50
PA14_03130	PA14_03130	-0.019	4.433	0.86	1	1	1	115	103	81	103	101	97	88	97	109	116	84	110
PA14_03240	hcpC	-0.428	-0.175	0.86	1	0.78	1	0	2	2	1	4	3	0	2	3	1	3	3
PA14_03790	PA14_03790	0.029	6.009	0.86	1	0.82	1	297	300	312	283	278	329	224	281	414	319	231	373
PA14_04550	glpQ	0.191	0.65	0.86	1	0.87	1	8	5	6	3	6	7	6	5	8	4	5	8
PA14_05440	PA14_05440	0.058	3.276	0.86	1	0.8	1	45	48	39	48	49	29	34	45	52	54	41	34
PA14_05750	gltX	0.16	0.885	0.86	1	1	1	4	11	7	7	8	5	3	10	10	8	7	6
PA14_06750	nirS	0.028	4.439	0.86	1	0.93	1	87	110	104	98	106	93	65	103	138	111	88	106
PA14_06960	PA14_06960	0.086	3.154	0.86	1	0.68	0.99	46	44	36	49	27	40	35	41	48	55	22	45
PA14_07570	gcp	-0.043	6.405	0.86	1	0.72	1	355	401	410	423	409	372	267	376	544	477	340	422
PA14_08200	PA14_08200	0.045	7.318	0.86	1	0.74	1	800	791	685	639	727	837	604	742	911	722	604	949
PA14_08390	speD	0.022	6.785	0.86	1	0.87	1	532	480	545	480	496	557	402	450	723	542	412	632
PA14_08440	PA14_08440	-0.044	4.21	0.86	1	0.81	1	76	89	85	101	81	77	57	84	113	113	67	88
PA14_11350	PA14_11350	0.064	3.002	0.86	1	0.81	1	33	44	33	29	35	41	25	41	44	33	29	46
PA14_12590	PA14_12590	-0.028	2.967	0.86	1	1	1	46	36	23	45	34	28	36	34	32	50	28	32
PA14_14470	pepA	0.043	6.465	0.86	1	0.72	1	442	405	409	445	364	407	334	380	544	502	302	462
PA14_14500	yjgP	-0.021	7.063	0.86	1	0.87	1	564	576	718	590	697	601	425	540	951	666	580	682
PA14_15910	PA14_15910	0.076	4.312	0.86	1	0.64	0.98	104	106	72	96	80	89	79	100	97	108	66	101
PA14_16970	PA14_16970	0.009	4.875	0.86	1	1	1	128	122	155	131	149	125	96	114	204	148	124	142
PA14_17480	rpoS	-0.016	11.22	0.86	1	0.9	1	11082	10943	11303	10880	10470	12355	8365	10264	15009	12277	8697	14018
PA14_17590	PA14_17590	0.05	3.299	0.86	1	0.91	1	39	47	49	43	45	44	29	44	65	49	37	50
PA14_17630	potB	-0.226	0.901	0.86	1	0.8	1	2	8	9	8	2	13	1	8	11	9	1	14
PA14_18700	rnt	0.029	5.865	0.86	1	0.84	1	272	286	265	239	277	290	205	268	352	270	230	329
PA14_18970	pldA	0.023	6.715	0.86	1	0.86	1	493	495	496	475	493	493	372	464	659	536	410	559
PA14_21310	phaJ1	0.067	3.502	0.86	1	0.72	1	65	50	45	54	54	43	50	47	60	61	45	49
PA14_22550	PA14_22550	0.076	5.214	0.86	1	0.66	0.98	176	197	155	145	140	214	133	185	207	164	116	242
PA14_25020	uup	-0.023	6.747	0.86	1	0.86	1	489	501	500	501	474	539	369	470	664	565	393	611
PA14_25430	lolC	-0.093	6.814	0.86	1	0.53	0.96	450	457	616	522	612	495	339	428	816	589	509	562
PA14_25710	pabC	-0.009	5.84	0.86	1	0.97	1	296	289	215	305	284	214	224	271	288	344	236	244
PA14_26830	PA14_26830	0.15	1.284	0.86	1	0.71	1	15	10	6	10	11	6	12	9	8	11	9	7
PA14_27350	PA14_27350	-0.033	5.079	0.86	1	0.83	1	168	136	162	156	152	168	127	127	215	176	126	190
PA14_27510	msrB	0.019	8.715	0.86	1	0.89	1	1805	2188	1944	1852	1944	2064	1362	2052	2582	2090	1615	2342
PA14_28290	PA14_28290	0.019	3.427	0.86	1	1	1	39	47	59	46	59	40	29	44	77	52	50	46
PA14_31230	PA14_31230	0.084	2.881	0.86	1	0.67	0.99	44	32	27	37	29	29	34	30	37	42	24	33
PA14_31420	PA14_31420	-0.069	7.105	0.86	1	0.67	0.98	623	485	773	642	626	705	470	454	1024	725	520	800
PA14_31760	cdsA	0.133	4.229	0.86	1	0.52	0.96	117	80	73	102	58	86	90	75	98	114	47	97
PA14_32470	PA14_32470	-0.084	2.559	0.86	1	0.71	1	25	17	31	27	26	26	19	16	40	30	22	29
PA14_32770	PA14_32770	-0.108	5.737	0.86	1	0.58	0.97	172	268	273	301	281	188	128	252	361	339	234	214
PA14_34290	PA14_34290	-0.179	0.923	0.86	1	0.76	1	2	9	7	6	7	8	1	9	9	7	6	9
PA14_37850	yejE	-0.175	0.861	0.86	1	0.88	1	8	3	8	9	7	5	6	3	10	10	6	6
PA14_37965	cynS	0.201	0.723	0.86	1	0.73	1	7	5	6	4	4	7	5	5	8	5	3	8
PA14_38380	amrR	0.037	6.756	0.86	1	0.76	1	544	499	493	514	487	494	411	468	655	580	404	561
PA14_40170	sugE	-0.177	3.398	0.86	1	0.5	0.96	34	35	62	50	67	33	25	33	81	56	57	38
PA14_40250	opmL	0.104	8.741	0.86	1	0.55	0.96	2276	2487	1467	1894	1915	1987	1719	2333	1952	2137	1591	2254
PA14_40340	PA14_40340	-0.098	2.093	0.86	1	0.78	1	18	14	19	21	18	16	14	13	25	24	15	18
PA14_40860	PA14_40860	-0.086	9.241	0.86	1	0.69	0.99	1783	3838	2626	3066	3013	2673	1343	3601	3488	3459	2503	3033
PA14_41930	PA14_41930	0.005	8.338	0.86	1	0.97	1	1413	1583	1551	1454	1593	1486	1066	1485	2059	1641	1324	1686
PA14_42600	pscP	0.163	1.061	0.86	1	0.88	1	7	10	7	3	8	9	5	9	9	4	7	10
PA14_43150	PA14_43150	-0.041	4.342	0.86	1	0.83	1	107	81	88	93	109	83	82	76	117	105	91	94
PA14_45890	PA14_45890	-0.04	3.511	0.86	1	0.94	1	48	53	49	51	32	69	36	50	65	58	26	78
PA14_46750	PA14_46750	-0.052	4.64	0.86	1	0.75	1	114	106	118	136	127	87	86	99	156	153	106	100
PA14_49900	PA14_49900	-0.025	4.37	0.86	1	0.93	1	106	83	93	117	85	84	81	78	123	131	70	96
PA14_51460	cupC2	-0.073	2.887	0.86	1	0.8	1	27	32	34	25	30	43	20	30	45	29	25	48
PA14_51490	PA14_51490	0.053	3.313	0.86	1	0.87	1	41	45	48	42	42	47	31	42	64	47	35	53
PA14_51720	tolB	-0.011	8.317	0.86	1	0.93	1	1581	1398	1479	1504	1409	1579	1194	1311	1964	1697	1170	1791
PA14_51830	PA14_51830	0.035	6.996	0.86	1	0.78	1	644	571	597	564	572	630	487	535	793	637	475	715
PA14_52020	PA14_52020	0.026	6.156	0.86	1	0.85	1	334	337	336	352	333	304	252	316	446	397	277	345
PA14_52480	PA14_52480	0.039	7.605	0.86	1	0.77	1	980	890	900	830	845	1018	740	835	1195	937	702	1154
PA14_53090	PA14_53090	0.054	3.021	0.86	1	0.86	1	35	40	34	33	45	29	26	38	46	37	38	33
PA14_56800	PA14_56800	0.033	6.906	0.86	1	0.79	1	566	609	523	548	569	542	427	571	696	618	473	615
PA14_57180	PA14_57180	-0.022	5.714	0.86	1	0.89	1	230	272	226	275	239	224	173	255	301	310	198	255
PA14_58620	PA14_58620	-0.049	4.074	0.86	1	0.79	1	77	69	79	69	78	86	58	65	104	78	65	97
PA14_60210	rluD	-0.083	6.095	0.86	1	0.56	0.96	269	288	367	315	369	298	202	270	485	356	307	339
PA14_60270	PA14_60270	-0.009	6.952	0.86	1	0.96	1	620	571	540	597	571	574	469	536	718	673	474	651
PA14_63605	fdnG	0.033	8.797	0.86	1	0.79	1	2193	2093	2031	1907	2032	2233	1656	1963	2698	2152	1688	2533
PA14_64990	PA14_64990	0.045	4.909	0.86	1	0.77	1	138	162	125	149	140	122	104	152	167	168	116	139
PA14_65320	miaA	0	10.929	0.86	1	1	1	8778	8846	9773	8393	9542	9473	6626	8297	12977	9471	7927	10748
PA14_65500	psd	0.023	4.833	0.86	1	0.92	1	124	126	148	150	123	120	93	118	196	169	102	136
PA14_66110	PA14_66110	-0.011	8.711	0.86	1	0.93	1	1999	1979	1885	1825	1895	2186	1509	1856	2503	2060	1574	2480
PA14_70270	algC	0.034	7.283	0.86	1	0.78	1	780	687	744	743	670	745	589	644	988	838	556	845
PA14_72990	PA14_72990	0.036	3.227	0.86	1	1	1	36	37	51	33	45	45	27	35	67	38	38	51
PA14_73050	PA14_73050	0.172	1.002	0.86	1	0.77	1	7	11	6	5	4	11	5	10	8	6	3	12
EBG00001225136	t44	0.075	2.303	0.87	1	0.93	1	20	20	24	19	25	17	15	19	31	22	21	20
PA14_00770	PA14_00770	-0.073	2.637	0.87	1	0.83	1	31	20	26	21	31	30	24	19	35	24	26	34
PA14_02370	PA14_02370	0.126	1.305	0.87	1	0.8	1	12	8	12	11	7	11	9	7	16	12	6	12
PA14_02840	pcaD	0.078	2.151	0.87	1	0.94	1	19	20	20	26	20	9	14	19	26	29	17	11
PA14_03320	PA14_03320	-0.026	6.745	0.87	1	0.85	1	463	513	512	455	472	588	349	481	679	514	392	666
PA14_03720	PA14_03720	-0.024	5.192	0.87	1	0.9	1	169	151	181	188	136	184	128	141	240	212	112	209
PA14_03770	speB1	-0.113	1.672	0.87	1	0.83	1	13	10	14	17	12	10	10	9	18	19	10	12
PA14_05180	pilT	0.004	7.787	0.87	1	0.98	1	1002	984	1114	960	1048	1084	756	923	1478	1084	871	1230
PA14_06120	PA14_06120	0.076	2.425	0.87	1	0.8	1	25	21	23	20	22	24	19	20	31	23	18	27
PA14_08870	rplW	0.046	6.174	0.87	1	0.76	1	352	307	366	321	267	404	266	288	485	362	221	457
PA14_09790	PA14_09790	-0.02	3.981	0.87	1	1	1	70	83	60	87	60	68	53	78	81	98	49	77
PA14_09940	pfpI	0.092	2.302	0.87	1	0.7	1	21	28	18	28	17	17	16	26	24	31	14	19
PA14_12550	PA14_12550	0.062	2.054	0.87	1	1	1	13	18	22	14	24	15	9	17	29	16	20	17
PA14_14600	tgt	0.024	4.994	0.87	1	0.91	1	137	156	153	133	148	159	103	146	203	150	123	180
PA14_14700	cysE	-0.005	7.144	0.87	1	0.99	1	711	591	676	674	533	775	537	554	898	760	442	879
PA14_15820	nagA	0.09	2.059	0.87	1	0.77	1	21	16	17	16	15	20	16	15	23	18	12	22
PA14_17260	dnaE	0.021	8.527	0.87	1	0.87	1	1728	1690	1799	1773	1621	1747	1304	1585	2388	2000	1346	1982
PA14_18720	motY	-0.03	6.813	0.87	1	0.81	1	486	565	507	520	546	524	366	530	673	587	454	595
PA14_20430	phnM	0.082	2.73	0.87	1	0.76	1	28	38	24	37	27	21	21	36	32	41	22	24
PA14_22090	PA14_22090	-0.06	3.197	0.87	1	0.77	1	39	37	43	43	40	42	29	35	57	48	33	48
PA14_22180	PA14_22180	0.113	1.301	0.87	1	1	1	8	7	16	11	10	9	6	6	20	12	8	10
PA14_22590	PA14_22590	0.085	2.189	0.87	1	0.73	1	21	20	20	19	14	24	16	19	27	22	11	27
PA14_24820	PA14_24820	-0.361	0.05	0.87	1	0.79	1	1	2	2	2	2	4	1	2	3	2	2	4
PA14_24910	moeA2	0.038	6.206	0.87	1	0.77	1	348	370	327	374	325	317	263	347	435	422	270	360
PA14_25990	PA14_25990	0.013	4.239	0.87	1	1	1	76	83	98	100	94	64	57	78	129	112	78	73
PA14_26560	PA14_26560	0.013	7.01	0.87	1	0.93	1	586	580	644	608	583	605	442	544	855	686	484	686
PA14_27110	ligT	0.074	2.46	0.87	1	0.81	1	22	29	22	19	24	26	16	27	30	22	20	29
PA14_27370	deaD	0.001	4.487	0.87	1	0.96	1	95	84	126	108	108	91	71	79	166	122	90	104
PA14_27400	PA14_27400	0.142	1.108	0.87	1	0.89	1	6	12	9	8	8	8	4	11	12	9	7	9
PA14_27570	PA14_27570	0.054	5.037	0.87	1	0.75	1	194	129	141	149	164	133	148	121	188	168	137	151
PA14_28540	PA14_28540	0.14	1.188	0.87	1	0.89	1	12	9	8	5	11	10	9	8	11	6	9	11
PA14_30740	mdaB	0.022	4.18	0.87	1	0.98	1	63	97	91	75	82	91	46	91	120	85	68	103
PA14_32290	PA14_32290	-0.053	3.81	0.87	1	0.8	1	68	50	69	66	67	62	52	47	91	74	56	71
PA14_34070	PA14_34070	0	5.942	0.87	1	0.99	1	280	221	357	315	277	267	211	207	471	355	230	303
PA14_34410	mtlF	0.134	1.321	0.87	1	0.89	1	7	11	11	7	8	11	5	10	14	8	7	12
PA14_34580	PA14_34580	-0.357	-0.191	0.87	1	0.79	1	3	3	1	5	2	1	2	3	1	5	2	1
PA14_34610	PA14_34610	-0.366	-0.069	0.87	1	0.79	1	1	1	3	2	5	2	1	1	4	2	4	2
PA14_34660	gntR	0.058	5.365	0.87	1	0.66	0.98	219	195	175	209	169	184	166	183	233	235	140	209
PA14_35100	arsC	-0.363	-0.321	0.87	1	0.79	1	1	3	1	1	5	3	1	3	2	1	4	3
PA14_35640	pslI	0.092	2.016	0.87	1	0.85	1	18	20	14	13	19	17	14	19	19	15	16	19
PA14_35740	tpnA	-0.029	7.869	0.87	1	0.82	1	1105	983	1160	1120	1064	1131	834	922	1540	1264	884	1283
PA14_39240	PA14_39240	0.121	1.505	0.87	1	0.73	1	15	15	8	11	12	11	12	14	11	12	10	13
PA14_39590	metE	0	5.458	0.87	1	0.98	1	232	202	180	182	182	246	176	189	240	206	151	278
PA14_42570	pscN	0.04	2.805	0.87	1	1	1	23	31	39	28	37	28	17	29	51	32	31	32
PA14_42630	pscS	0.139	1.189	0.87	1	0.89	1	5	13	9	6	8	10	3	12	12	7	7	11
PA14_42840	PA14_42840	-0.106	4.092	0.87	1	0.55	0.96	61	66	95	75	98	69	45	62	125	85	82	79
PA14_43510	PA14_43510	-0.027	5.942	0.87	1	0.84	1	281	290	278	296	290	279	212	272	370	334	241	317
PA14_43880	PA14_43880	0.084	2.195	0.87	1	0.79	1	24	20	19	17	18	23	18	19	25	19	15	26
PA14_44460	PA14_44460	0.072	2.098	0.87	1	1	1	15	18	23	20	21	13	11	17	30	23	18	15
PA14_45050	pykF	0.079	2.584	0.87	1	0.71	1	29	32	21	29	24	23	22	30	29	33	20	26
PA14_47810	PA14_47810	0.059	1.898	0.87	1	1	1	10	12	23	16	17	12	7	11	30	18	14	14
PA14_48750	PA14_48750	0.126	1.472	0.87	1	0.73	1	17	12	8	12	11	10	13	11	11	13	9	11
PA14_50620	PA14_50620	0.032	4.625	0.87	1	0.85	1	124	94	126	116	106	114	94	88	166	131	88	129
PA14_51120	PA14_51120	0.083	2.478	0.87	1	0.71	1	28	26	22	30	20	19	21	24	29	34	16	22
PA14_53020	pbpG	0.052	6.881	0.87	1	0.67	0.99	602	582	501	552	507	562	455	546	666	623	421	637
PA14_53030	yaeJ	0.012	5.2	0.87	1	0.98	1	160	163	187	173	176	160	120	153	248	195	146	182
PA14_55360	exbB2	0.071	2.532	0.87	1	0.88	1	23	27	26	28	25	19	17	25	34	31	21	22
PA14_57240	PA14_57240	-0.033	5.673	0.87	1	0.8	1	229	241	232	254	249	216	173	226	308	286	207	246
PA14_58830	PA14_58830	-0.013	4.725	0.87	1	0.89	1	92	116	152	120	132	114	68	109	200	136	110	130
PA14_61450	PA14_61450	0.083	3.746	0.87	1	0.66	0.98	81	50	59	62	46	69	62	47	79	70	38	78
PA14_62520	PA14_62520	0.099	1.459	0.87	1	1	1	10	7	17	10	12	11	7	6	22	11	10	12
PA14_62670	PA14_62670	0.024	6.262	0.87	1	0.87	1	338	411	331	372	379	312	255	386	440	420	315	354
PA14_62850	folP	0.027	7.096	0.87	1	0.83	1	673	641	622	632	651	616	508	601	827	713	541	699
PA14_63550	fdhE	0.097	1.817	0.87	1	0.76	1	15	18	14	17	13	13	11	17	19	19	11	15
PA14_65760	PA14_65760	0.051	7.771	0.87	1	0.7	1	1107	1121	896	979	1003	1030	836	1052	1191	1105	833	1169
PA14_66530	PA14_66530	0.13	1.279	0.87	1	0.9	1	9	10	10	7	14	6	7	9	13	8	12	7
PA14_68940	PA14_68940	-0.004	8.425	0.87	1	0.98	1	1652	1649	1519	1722	1526	1584	1247	1547	2018	1943	1267	1797
PA14_69370	algP	-0.014	8.686	0.87	1	0.92	1	2055	1726	1972	1982	1827	1999	1552	1619	2619	2236	1517	2268
PA14_73000	PA14_73000	0.094	2.075	0.87	1	0.72	1	17	22	17	21	11	20	13	21	23	23	9	23
EBG00001225128	P24	0.028	2.88	0.88	1	1	1	22	28	46	35	28	33	16	26	59	39	23	37
EBG00001225131	P15	-0.316	0.035	0.88	1	0.61	0.97	0	3	3	2	2	4	0	3	4	2	2	5
PA14_02890	PA14_02890	-0.084	2.275	0.88	1	0.81	1	20	18	23	14	23	29	15	17	30	16	19	32
PA14_03110	PA14_03110	-0.31	1.106	0.88	1	0.53	0.96	6	2	14	7	16	5	4	2	18	8	14	6
PA14_03166	PA14_03166	-0.017	6.338	0.88	1	0.91	1	392	358	377	395	356	387	296	336	500	446	295	439
PA14_05520	mexR	-0.045	4.564	0.88	1	0.77	1	101	102	115	99	113	118	76	96	152	112	94	134
PA14_05910	PA14_05910	-0.015	4.042	0.88	1	1	1	87	84	58	70	78	80	66	79	78	79	65	91
PA14_07560	rpsU	-0.059	5.932	0.88	1	0.77	1	210	219	405	269	334	266	157	205	533	304	278	302
PA14_08090	gpFII	0.056	9.8	0.88	1	0.71	1	4733	4118	3916	3501	3917	4864	3574	3862	5201	3951	3254	5518
PA14_09000	rplF	-0.007	7.009	0.88	1	0.97	1	687	501	610	641	570	596	520	470	810	723	473	676
PA14_10610	hpcD	-0.074	2.31	0.88	1	0.87	1	19	22	20	21	16	27	14	21	27	24	13	30
PA14_11180	PA14_11180	0.049	2.008	0.88	1	1	1	14	13	23	12	23	14	10	12	30	14	20	16
PA14_12030	PA14_12030	0.017	8.381	0.88	1	0.9	1	1716	1613	1381	1464	1440	1749	1296	1513	1836	1652	1196	1984
PA14_12280	cutE	-0.026	5.354	0.88	1	0.86	1	192	181	190	202	187	184	145	170	252	228	155	209
PA14_12310	PA14_12310	0.03	5.399	0.88	1	0.82	1	209	185	200	197	189	194	158	173	265	222	157	220
PA14_14810	PA14_14810	-0.011	9.568	0.88	1	0.94	1	3612	3500	3514	3231	3403	4073	2727	3283	4666	3646	2827	4621
PA14_15840	PA14_15840	-0.062	6.684	0.88	1	0.64	0.98	395	488	521	465	526	479	297	458	691	525	437	544
PA14_15860	PA14_15860	-0.037	7.351	0.88	1	0.78	1	660	825	774	735	774	809	497	774	1027	830	643	918
PA14_16130	PA14_16130	-0.017	5.574	0.88	1	0.92	1	230	211	218	249	203	214	174	198	290	280	168	243
PA14_17470	nlpD	0.033	10.438	0.88	1	0.81	1	7258	5776	6681	6155	6039	7079	5480	5417	8872	6946	5016	8032
PA14_20920	PA14_20920	0.053	7.025	0.88	1	0.69	0.99	649	693	521	591	590	612	490	650	694	667	490	694
PA14_21590	PA14_21590	-0.09	1.795	0.88	1	0.92	1	17	15	11	11	14	19	13	14	15	13	12	21
PA14_22060	PA14_22060	0.054	5.732	0.88	1	0.68	0.99	282	255	219	260	231	233	214	239	292	293	192	265
PA14_24240	PA14_24240	0.042	5.953	0.88	1	0.74	1	309	310	260	293	282	277	234	291	347	331	234	314
PA14_24290	gbt	0.028	4.835	0.88	1	0.87	1	129	123	146	150	114	126	97	115	193	169	94	143
PA14_25150	PA14_25150	-0.024	5.51	0.88	1	0.87	1	221	206	204	211	218	211	167	193	271	238	181	240
PA14_26260	PA14_26260	-0.31	-0.15	0.88	1	0.81	1	3	3	1	5	2	1	2	3	2	6	2	1
PA14_27720	PA14_27720	0.029	3.544	0.88	1	1	1	47	53	58	55	60	42	35	50	76	62	50	48
PA14_29770	PA14_29770	-0.034	3.917	0.88	1	0.91	1	66	79	59	58	73	77	50	74	79	66	61	87
PA14_31050	PA14_31050	0.008	9.89	0.88	1	0.95	1	4120	4874	4376	3919	4641	4733	3109	4572	5811	4423	3856	5370
PA14_31400	ctpH	0.039	3.804	0.88	1	0.9	1	68	59	64	61	69	56	52	55	85	69	58	64
PA14_32790	PA14_32790	0.013	9.819	0.88	1	0.92	1	4194	4152	4401	3880	4135	4618	3166	3894	5844	4379	3435	5239
PA14_36260	PA14_36260	0.029	4.402	0.88	1	0.9	1	91	105	98	91	102	96	68	99	130	103	85	109
PA14_39100	PA14_39100	-0.078	3.035	0.88	1	0.7	1	37	30	39	35	50	29	28	28	52	40	42	33
PA14_40490	yedI	-0.042	4.37	0.88	1	0.8	1	89	85	103	109	89	88	67	80	136	123	74	100
PA14_41000	nhaB	0.03	4.986	0.88	1	0.85	1	155	141	150	139	143	154	117	132	199	157	119	174
PA14_46720	PA14_46720	0.025	4.654	0.88	1	0.91	1	112	123	117	116	124	106	84	115	155	131	103	121
PA14_47310	phnR	-0.029	5.057	0.88	1	0.86	1	157	142	156	170	149	144	119	133	207	192	124	164
PA14_47580	PA14_47580	-0.072	3.843	0.88	1	0.75	1	48	77	64	82	70	47	35	72	85	92	58	54
PA14_49880	PA14_49880	0.004	5.783	0.88	1	1	1	212	277	278	258	256	254	159	260	368	291	213	288
PA14_51170	pauA	0.021	4.967	0.88	1	0.93	1	134	160	144	153	153	127	101	150	191	173	127	144
PA14_52780	aotQ	0.061	6.415	0.88	1	0.64	0.98	457	414	349	413	358	394	346	388	465	466	297	447
PA14_53540	PA14_53540	0.069	3.527	0.88	1	0.72	1	59	61	43	57	43	53	45	57	58	64	35	60
PA14_58090	PA14_58090	0.002	8.755	0.88	1	0.99	1	2123	2061	1886	2043	1925	2092	1603	1933	2506	2305	1599	2374
PA14_58770	pilD	0.026	7.556	0.88	1	0.84	1	901	919	844	770	897	949	680	862	1121	869	745	1076
PA14_62060	PA14_62060	-0.062	5.449	0.88	1	0.86	1	233	104	254	201	105	313	177	97	335	227	85	353
PA14_63050	yfjG	0.042	7.253	0.88	1	0.76	1	821	676	676	614	709	786	621	634	898	693	589	891
PA14_63060	smpB	-0.013	4.94	0.88	1	0.91	1	130	124	167	125	173	130	98	116	220	141	145	148
PA14_63840	PA14_63840	0.072	2.994	0.88	1	0.79	1	31	43	35	48	26	29	23	40	47	54	21	33
PA14_65130	dnaB	-0.024	5.996	0.88	1	0.87	1	280	293	308	292	266	337	211	275	408	330	220	382
PA14_67890	hisA	0.034	5.81	0.88	1	0.79	1	271	254	267	281	228	262	205	238	354	317	189	297
PA14_68420	PA14_68420	0.038	3.761	0.88	1	0.89	1	62	59	67	65	63	56	47	55	88	73	52	64
PA14_69690	dapF	-0.018	6.169	0.88	1	0.91	1	353	322	326	347	331	334	267	302	433	391	275	379
PA14_73150	PA14_73150	-0.004	5.186	0.88	1	0.96	1	167	129	207	180	174	152	126	121	273	203	145	173
EBG00001225124	P2	-0.167	0.8	0.89	1	1	1	5	5	7	11	0	8	4	5	9	12	0	9
PA14_00940	PA14_00940	0.03	4.61	0.89	1	0.87	1	109	122	110	127	114	94	82	115	147	143	95	107
PA14_02740	PA14_02740	-0.032	3.771	0.89	1	0.93	1	65	69	53	57	65	68	49	65	71	64	54	77
PA14_07010	PA14_07010	0.044	3.224	0.89	1	0.91	1	42	38	45	48	38	37	32	36	60	54	31	42
PA14_07230	fda	-0.012	6.489	0.89	1	0.94	1	435	397	419	433	385	442	329	372	557	489	319	501
PA14_09690	PA14_09690	0.052	3.512	0.89	1	0.82	1	53	49	54	63	38	48	40	46	72	71	31	55
PA14_10800	ampR	0.05	4.049	0.89	1	0.78	1	89	68	74	89	67	66	68	64	98	100	55	75
PA14_11770	eutB	0.045	5.365	0.89	1	0.72	1	211	203	172	174	184	207	160	190	230	197	153	234
PA14_14520	PA14_14520	-0.063	3.402	0.89	1	0.83	1	43	36	58	48	35	61	32	34	76	54	28	69
PA14_15200	PA14_15200	-0.082	1.849	0.89	1	0.92	1	13	20	11	18	12	16	10	19	15	20	10	18
PA14_15360	PA14_15360	0.002	8.038	0.89	1	0.98	1	1368	1142	1183	1091	1117	1477	1034	1071	1571	1232	927	1675
PA14_15720	yfhD	-0.032	6.18	0.89	1	0.79	1	313	350	336	317	356	350	236	328	446	358	296	397
PA14_15750	PA14_15750	-0.092	1.886	0.89	1	0.78	1	13	16	16	21	19	9	10	15	21	23	16	11
PA14_21470	PA14_21470	0.036	3.225	0.89	1	1	1	34	44	46	38	43	41	25	41	61	43	36	47
PA14_22330	PA14_22330	0.044	3.967	0.89	1	0.79	1	78	67	73	66	60	84	59	63	97	75	49	95
PA14_24070	xcpX	-0.025	5.993	0.89	1	0.86	1	299	286	296	279	301	317	226	268	393	315	250	359
PA14_26930	PA14_26930	0.01	5.386	0.89	1	0.99	1	182	192	208	209	200	171	137	180	275	235	166	195
PA14_27170	PA14_27170	-0.074	2.407	0.89	1	0.75	1	15	26	24	24	23	23	11	24	32	27	19	26
PA14_27890	PA14_27890	-0.274	-0.089	0.89	1	0.82	1	1	5	1	4	4	2	1	5	2	5	3	2
PA14_31870	PA14_31870	-0.022	4.411	0.89	1	0.95	1	114	85	93	105	95	95	87	80	124	118	79	108
PA14_31900	PA14_31900	-0.021	6.167	0.89	1	0.88	1	340	328	328	357	337	316	257	308	436	403	280	359
PA14_34020	PA14_34020	-0.059	2.758	0.89	1	0.89	1	30	31	26	35	29	26	23	29	35	39	24	30
PA14_35070	PA14_35070	0.016	4.549	0.89	1	0.98	1	96	116	112	95	119	109	72	109	149	108	99	124
PA14_39080	PA14_39080	-0.137	1.164	0.89	1	0.78	1	8	4	11	12	6	8	6	4	14	13	5	9
PA14_39820	ufrA	0.016	4.861	0.89	1	0.96	1	138	124	143	126	146	130	104	116	190	142	122	148
PA14_41690	PA14_41690	-0.026	4.673	0.89	1	0.88	1	83	99	164	121	116	118	61	93	215	136	96	134
PA14_42770	PA14_42770	-0.035	4.514	0.89	1	0.8	1	102	101	109	107	105	108	77	95	144	121	87	123
PA14_44430	PA14_44430	-0.011	6.227	0.89	1	0.95	1	377	343	324	326	359	366	285	322	431	368	298	415
PA14_45150	PA14_45150	-0.079	1.908	0.89	1	1	1	18	15	13	14	12	21	14	14	17	16	10	23
PA14_45790	fliN	0.034	6.246	0.89	1	0.81	1	358	406	312	319	373	359	270	381	416	360	310	407
PA14_48010	PA14_48010	-0.047	3.779	0.89	1	0.81	1	57	69	58	68	73	51	43	65	78	77	61	58
PA14_50340	flgL	0.003	6.949	0.89	1	0.97	1	598	624	513	568	561	599	452	585	683	641	466	680
PA14_50550	braF	-0.013	5.386	0.89	1	0.97	1	225	168	187	215	193	176	171	157	249	242	160	200
PA14_52050	purN	0.017	4.508	0.89	1	0.98	1	97	103	112	90	112	109	73	97	148	102	93	124
PA14_53560	PA14_53560	-0.053	3.308	0.89	1	0.79	1	38	46	48	42	42	52	28	43	63	48	35	59
PA14_54500	PA14_54500	0.038	4.619	0.89	1	0.8	1	119	120	105	123	114	97	90	113	140	139	95	110
PA14_57100	ampG	-0.01	5.988	0.89	1	0.97	1	334	271	281	316	295	279	253	254	374	356	245	317
PA14_57810	murA	-0.015	7.918	0.89	1	0.91	1	1122	1130	1124	1218	1098	1096	847	1060	1493	1374	912	1244
PA14_60200	PA14_60200	-0.014	5.414	0.89	1	0.95	1	209	212	172	209	217	171	158	199	230	236	181	195
PA14_60240	PA14_60240	-0.128	1.812	0.89	1	0.64	0.98	9	11	21	16	18	12	6	10	27	18	15	14
PA14_60970	PA14_60970	-0.029	8.74	0.89	1	0.82	1	1812	2146	1986	1937	2042	2085	1367	2013	2637	2186	1696	2366
PA14_61200	PA14_61200	0.046	13.004	0.89	1	0.73	1	43180	38011	36094	36950	35843	40771	32596	35652	47932	41695	29775	46260
PA14_63990	speA	-0.004	7.358	0.89	1	0.99	1	800	734	766	790	688	825	604	688	1017	891	571	936
PA14_65880	dmsR	0.032	4.522	0.89	1	0.84	1	110	98	112	120	95	97	83	92	148	135	79	110
PA14_67010	PA14_67010	-0.018	3.298	0.89	1	1	1	53	42	38	60	35	38	41	39	51	67	29	43
PA14_71420	PA14_71420	-0.019	3.148	0.89	1	1	1	45	46	30	30	34	57	34	43	41	34	28	64
PA14_72520	PA14_72520	0.044	8.527	0.89	1	0.75	1	1813	1853	1594	1569	1616	1916	1369	1738	2118	1771	1342	2173
PA14_73240	atpD	0.053	10.128	0.89	1	0.72	1	6219	4665	5122	4795	4805	5828	4696	4375	6802	5411	3991	6612
PA14_73280	atpH	-0.006	8.976	0.89	1	0.97	1	2470	2153	2436	2276	2026	2784	1865	2019	3234	2568	1682	3158
PA14_02100	PA14_02100	0.028	4.804	0.9	1	0.91	1	137	130	123	152	145	86	104	122	164	171	121	99
PA14_05590	metF	0.045	6.24	0.9	1	0.71	1	394	360	319	341	333	363	298	338	425	385	276	412
PA14_09070	rpmJ	0.035	8.737	0.9	1	0.8	1	2015	2244	1804	1797	1969	2152	1521	2105	2397	2028	1636	2441
PA14_09750	PA14_09750	0.024	4.611	0.9	1	0.91	1	99	120	121	114	97	124	74	113	160	129	80	140
PA14_10250	acoB	-0.111	1.337	0.9	1	0.9	1	7	13	8	7	11	12	5	12	11	8	9	14
PA14_10660	hpaA	0.027	3.905	0.9	1	0.94	1	60	69	77	68	63	72	45	65	101	77	52	82
PA14_14590	queA	-0.026	6.541	0.9	1	0.84	1	447	414	429	421	469	425	338	388	570	475	390	482
PA14_14650	secF	0.053	7.425	0.9	1	0.69	0.99	872	874	711	766	736	864	659	820	946	864	611	980
PA14_17010	yjcE	-0.011	5.09	0.9	1	0.98	1	175	137	161	171	138	166	133	128	214	193	114	188
PA14_18880	nth	0.03	3.913	0.9	1	0.91	1	74	61	74	53	70	82	56	57	98	60	58	93
PA14_19860	PA14_19860	0.037	5.323	0.9	1	0.8	1	187	206	170	217	176	155	141	193	227	244	146	176
PA14_20900	PA14_20900	0.017	7.154	0.9	1	0.91	1	730	767	512	689	688	607	552	720	682	777	572	689
PA14_21840	PA14_21840	-0.1	6.637	0.9	1	0.52	0.96	383	410	551	437	568	439	288	384	729	493	473	498
PA14_24170	fadH1	0.017	3.952	0.9	1	1	1	63	68	80	77	74	60	47	64	106	87	62	68
PA14_24190	PA14_24190	0.011	3.886	0.9	1	1	1	64	69	69	63	87	52	48	65	91	71	73	60
PA14_24700	PA14_24700	-0.018	6.213	0.9	1	0.89	1	320	290	418	351	353	341	241	272	553	396	293	387
PA14_24900	moaB2	0.027	4.234	0.9	1	0.92	1	79	93	90	94	81	82	59	87	119	106	67	93
PA14_26330	PA14_26330	0.029	3.86	0.9	1	0.93	1	66	64	69	57	72	67	50	60	91	65	60	76
PA14_28110	PA14_28110	0.18	0.716	0.9	1	0.88	1	5	1	10	4	1	9	4	1	13	5	1	10
PA14_29100	PA14_29100	-0.03	4.755	0.9	1	0.9	1	99	146	123	149	105	122	74	137	163	167	87	138
PA14_29390	PA14_29390	0.006	8.191	0.9	1	0.96	1	1483	1290	1339	1356	1221	1515	1120	1210	1778	1530	1014	1718
PA14_39280	rbsK	0.038	6.113	0.9	1	0.78	1	336	369	276	309	338	307	254	346	368	349	281	348
PA14_39530	PA14_39530	-0.037	3.156	0.9	1	1	1	43	46	32	43	40	40	33	43	43	48	33	45
PA14_43660	PA14_43660	-0.069	3.993	0.9	1	0.68	0.99	67	59	87	74	86	65	50	55	114	84	72	74
PA14_44680	smc	0.02	10.128	0.9	1	0.87	1	5221	5461	5152	4855	5126	5632	3941	5122	6842	5479	4258	6390
PA14_48410	PA14_48410	0.041	3.884	0.9	1	0.82	1	77	67	62	75	73	52	59	63	83	84	61	60
PA14_49580	PA14_49580	-0.113	1.242	0.9	1	0.8	1	8	8	12	13	10	8	6	7	15	14	8	9
PA14_50570	PA14_50570	0.033	7.324	0.9	1	0.79	1	742	815	716	773	688	760	560	765	951	872	571	862
PA14_52520	PA14_52520	0.007	5.794	0.9	1	0.94	1	284	252	241	254	222	293	215	236	321	287	184	332
PA14_54320	era	0.036	7.645	0.9	1	0.78	1	976	953	912	907	850	1011	737	894	1211	1024	706	1147
PA14_56360	PA14_56360	-0.024	4.981	0.9	1	0.88	1	146	146	142	146	145	150	110	137	189	165	120	170
PA14_57460	PA14_57460	-0.048	9.263	0.9	1	0.74	1	2623	2604	3256	2638	2778	3353	1979	2442	4322	2977	2307	3804
PA14_60800	PA14_60800	-0.011	7.315	0.9	1	0.94	1	795	677	752	809	715	717	601	635	999	912	594	814
PA14_63150	pmrA	-0.043	4.014	0.9	1	0.83	1	72	67	79	89	75	61	54	63	104	100	62	70
PA14_63190	PA14_63190	-0.056	3.6	0.9	1	0.82	1	54	58	51	62	71	36	41	54	68	70	60	42
PA14_64780	PA14_64780	0.057	2.234	0.9	1	0.94	1	13	23	24	29	18	11	9	22	31	32	15	13
PA14_65660	parE	0.045	7.269	0.9	1	0.72	1	798	724	678	706	658	764	603	679	901	797	546	867
PA14_66550	hemE	-0.032	4.375	0.9	1	0.86	1	106	80	96	103	103	82	81	75	127	116	86	94
PA14_67580	thiI	-0.088	6.493	0.9	1	0.55	0.96	343	386	491	416	499	386	258	362	650	470	415	439
PA14_69750	PA14_69750	-0.017	6.139	0.9	1	0.91	1	355	291	332	327	324	339	269	273	441	369	269	384
PA14_70400	PA14_70400	0.021	6.883	0.9	1	0.88	1	598	484	583	515	520	605	452	454	773	581	432	686
PA14_71150	PA14_71150	-0.24	0.017	0.9	1	1	1	4	5	0	2	5	4	3	5	1	2	4	5
PA14_72940	PA14_72940	0.036	4.886	0.9	1	0.78	1	144	142	131	142	124	138	109	133	174	160	103	156
PA14_73110	PA14_73110	0.044	6.282	0.9	1	0.72	1	399	390	319	354	359	360	302	366	425	399	298	408
PA14_00640	phzH	0.036	4.577	0.91	1	0.79	1	110	117	107	110	96	119	83	110	143	124	79	135
PA14_01660	guaD	0.034	5.22	0.91	1	0.8	1	191	164	170	189	159	163	145	154	226	213	132	185
PA14_04590	PA14_04590	-0.015	4.506	0.91	1	0.98	1	126	89	100	112	104	100	96	83	133	126	86	114
PA14_04670	mutM	-0.048	4.879	0.91	1	0.75	1	118	130	152	161	141	114	88	122	201	181	117	130
PA14_08420	PA14_08420	-0.011	5.796	0.91	1	0.91	1	242	252	275	249	299	231	182	236	365	281	249	262
PA14_09950	PA14_09950	-0.036	3.5	0.91	1	0.92	1	44	53	51	54	40	58	33	50	68	61	33	65
PA14_10130	PA14_10130	0.027	3.752	0.91	1	0.94	1	66	61	60	73	72	39	50	57	80	82	60	45
PA14_11630	PA14_11630	-0.021	3.952	0.91	1	0.97	1	79	65	68	86	65	62	60	61	91	97	54	71
PA14_11990	PA14_11990	-0.074	2.016	0.91	1	0.92	1	15	20	16	21	18	15	11	19	21	23	15	17
PA14_13040	cioB	-0.012	7.031	0.91	1	0.93	1	570	657	596	628	581	630	430	616	792	708	482	715
PA14_13500	PA14_13500	0.003	3.909	0.91	1	1	1	63	70	72	73	90	42	47	66	95	82	76	49
PA14_14230	PA14_14230	0.022	5.749	0.91	1	0.87	1	238	281	235	255	254	233	179	264	313	288	211	265
PA14_16730	PA14_16730	-0.05	5.551	0.91	1	0.72	1	213	202	226	204	266	197	161	189	300	230	222	224
PA14_17620	potC	-0.218	0.306	0.91	1	1	1	5	4	1	4	5	3	4	4	2	4	4	4
PA14_18680	bfd	-0.126	10.006	0.91	1	0.52	0.96	3393	4317	6105	5545	5470	4064	2559	4049	8103	6256	4545	4612
PA14_19600	PA14_19600	0.018	3.729	0.91	1	1	1	57	60	63	70	68	41	43	56	84	79	57	47
PA14_21130	PA14_21130	0.005	4.793	0.91	1	1	1	101	148	135	138	131	116	75	139	179	155	109	132
PA14_23100	mutT	-0.021	4.829	0.91	1	0.92	1	135	128	129	127	124	146	102	120	172	143	103	165
PA14_23590	PA14_23590	0.083	2.811	0.91	1	0.72	1	33	40	23	35	22	32	25	38	31	39	18	36
PA14_24060	xcpW	0.028	5.851	0.91	1	0.82	1	275	277	263	283	253	262	208	260	349	319	210	297
PA14_25690	fabF1	-0.012	7.268	0.91	1	0.93	1	744	697	710	784	710	674	562	654	943	884	590	765
PA14_27610	PA14_27610	-0.027	3.345	0.91	1	0.88	1	29	39	67	52	51	36	21	36	87	58	43	41
PA14_27800	PA14_27800	-0.027	4.642	0.91	1	0.89	1	124	110	108	111	128	109	94	103	144	125	107	124
PA14_28620	PA14_28620	-0.052	6.685	0.91	1	0.78	1	372	451	588	530	577	357	279	423	778	598	480	406
PA14_32750	PA14_32750	-0.068	2.582	0.91	1	0.87	1	37	18	21	27	37	16	29	17	28	30	31	19
PA14_37170	PA14_37170	0.03	5.057	0.91	1	0.84	1	156	164	148	167	148	143	118	154	197	188	123	162
PA14_37440	PA14_37440	0.016	6.782	0.91	1	0.91	1	592	420	540	535	529	470	448	394	716	603	440	534
PA14_38140	PA14_38140	0.018	5.023	0.91	1	0.92	1	146	137	171	166	125	157	110	128	226	187	103	178
PA14_38990	PA14_38990	0.055	2.755	0.91	1	0.85	1	40	22	31	29	30	29	31	20	41	33	25	33
PA14_40950	nudC	0.038	7.699	0.91	1	0.77	1	1069	984	901	1051	944	882	808	923	1198	1185	784	1001
PA14_43770	PA14_43770	0.012	4.13	0.91	1	1	1	71	77	91	87	82	70	53	72	120	98	68	80
PA14_45590	cheA	-0.003	9.717	0.91	1	0.98	1	4114	3967	3734	3803	3951	4084	3106	3721	4959	4292	3282	4634
PA14_46670	PA14_46670	0.049	2.575	0.91	1	0.94	1	24	28	26	22	31	24	18	26	35	25	26	27
PA14_46710	PA14_46710	-0.031	3.548	0.91	1	0.92	1	57	56	46	58	59	46	43	53	62	65	49	52
PA14_46880	PA14_46880	-0.037	4.996	0.91	1	0.79	1	141	145	148	155	167	126	106	136	197	175	139	143
PA14_47260	PA14_47260	0.071	2.896	0.91	1	0.79	1	40	40	23	36	39	23	31	38	32	40	33	27
PA14_47900	PA14_47900	-0.222	0.209	0.91	1	0.84	1	4	3	3	1	6	5	3	3	4	1	5	6
PA14_48940	coaB	-0.005	5.907	0.91	1	1	1	280	290	269	242	246	351	211	272	357	274	204	397
PA14_49840	dgt	0.011	6.566	0.91	1	0.94	1	410	456	463	417	417	486	309	428	614	471	346	551
PA14_51930	helX	-0.043	4.65	0.91	1	0.78	1	106	99	135	109	109	135	80	93	178	123	90	153
PA14_52460	mgtE	-0.023	8.768	0.91	1	0.86	1	1969	2024	2081	2159	2057	1955	1486	1898	2763	2436	1709	2218
PA14_54180	PA14_54180	-0.071	2.044	0.91	1	0.92	1	20	17	16	16	19	19	15	16	21	18	16	22
PA14_59930	PA14_59930	-0.222	0.304	0.91	1	0.83	1	3	4	3	3	6	3	2	4	4	3	5	4
PA14_60600	rtcR	0.015	5.877	0.91	1	0.93	1	244	310	271	267	271	279	183	291	360	301	225	317
PA14_61350	PA14_61350	0.035	5.36	0.91	1	0.81	1	204	192	184	170	175	219	154	180	245	192	145	248
PA14_64430	PA14_64430	-0.078	2.333	0.91	1	0.84	1	26	22	14	18	34	15	20	21	20	20	29	17
PA14_65480	rhdA	0.021	3.608	0.91	1	1	1	52	52	61	58	62	45	39	49	80	65	52	51
PA14_67020	PA14_67020	-0.071	5.041	0.91	1	0.64	0.98	113	145	182	151	158	158	84	136	240	170	131	179
PA14_71870	uvrD	-0.026	6.612	0.91	1	0.83	1	441	446	470	457	458	468	333	418	624	516	380	531
PA14_72250	PA14_72250	0.016	8.253	0.91	1	0.9	1	1399	1474	1431	1390	1383	1484	1056	1383	1901	1569	1149	1684
EBG00001225066	P10	-0.036	2.702	0.92	1	1	1	37	28	22	29	33	25	29	26	30	33	28	29
EBG00001225132	P10	-0.2	0.201	0.92	1	0.84	1	5	2	4	3	5	5	4	2	5	3	4	6
PA14_00850	PA14_00850	0.029	4.214	0.92	1	0.93	1	84	96	78	102	93	57	63	90	104	114	78	66
PA14_01800	PA14_01800	-0.048	2.651	0.92	1	0.89	1	27	28	27	38	25	21	20	26	36	42	21	24
PA14_03550	cynX	-0.182	0.545	0.92	1	0.85	1	6	3	3	3	7	3	5	3	4	4	6	4
PA14_04230	PA14_04230	-0.198	0.201	0.92	1	0.84	1	5	3	3	3	4	6	4	3	4	3	3	7
PA14_05480	PA14_05480	0.025	6.591	0.92	1	0.85	1	447	470	443	498	413	425	337	441	589	561	343	482
PA14_08210	PA14_08210	0.045	10.542	0.92	1	0.77	1	8164	6510	6597	5879	6794	7947	6164	6106	8761	6635	5644	9016
PA14_09080	rpsM	-0.02	8.371	0.92	1	0.87	1	1454	1587	1572	1554	1533	1593	1097	1489	2087	1753	1273	1807
PA14_09980	yafB	-0.028	3.639	0.92	1	0.96	1	67	47	54	54	59	57	51	44	72	61	49	65
PA14_11060	cupB1	0.062	2.336	0.92	1	0.87	1	26	20	20	17	19	27	20	19	27	19	16	30
PA14_12410	thiD	-0.007	4.855	0.92	1	0.95	1	126	121	153	155	148	102	95	113	202	174	123	116
PA14_15500	traK	0.019	5.236	0.92	1	0.91	1	171	183	173	151	175	195	129	172	230	171	145	221
PA14_16350	PA14_16350	0.012	3.892	0.92	1	1	1	69	54	81	76	66	61	52	50	107	85	55	70
PA14_16670	cadR	-0.036	4.595	0.92	1	0.83	1	104	97	127	123	102	113	78	91	168	139	84	128
PA14_18480	algX	0.054	2.286	0.92	1	0.93	1	24	15	25	20	19	22	18	14	33	23	16	25
PA14_19065	mrp	-0.01	5.37	0.92	1	0.92	1	169	188	215	204	204	171	127	176	285	230	170	195
PA14_19720	PA14_19720	-0.031	3.382	0.92	1	0.96	1	45	50	43	38	45	59	34	47	58	43	37	66
PA14_20100	PA14_20100	0.004	3.882	0.92	1	0.97	1	59	66	76	61	80	62	44	62	100	69	67	71
PA14_20420	phnL	-0.197	0.24	0.92	1	1	1	5	4	2	5	3	4	4	4	3	6	2	5
PA14_21920	PA14_21920	-0.043	3.586	0.92	1	0.81	1	44	54	58	57	53	54	33	51	77	64	44	61
PA14_22730	PA14_22730	-0.043	3.981	0.92	1	0.8	1	70	64	78	85	77	58	53	60	103	96	64	66
PA14_24390	PA14_24390	-0.028	5.15	0.92	1	0.88	1	172	155	160	195	181	121	130	145	213	219	151	138
PA14_24830	PA14_24830	0.058	2.276	0.92	1	0.93	1	21	23	19	14	23	24	16	22	25	16	19	27
PA14_25790	PA14_25790	0.034	6.427	0.92	1	0.78	1	454	383	384	367	389	433	344	359	510	415	323	491
PA14_26080	PA14_26080	0.052	2.119	0.92	1	1	1	16	19	20	21	21	11	12	18	26	24	18	13
PA14_26810	PA14_26810	-0.1	1.561	0.92	1	0.82	1	9	9	14	7	13	15	7	8	18	8	11	17
PA14_27900	PA14_27900	0.018	5.066	0.92	1	0.91	1	156	154	158	161	153	149	118	144	210	181	127	169
PA14_29050	PA14_29050	0.027	2.484	0.92	1	1	1	24	17	31	18	31	23	18	16	40	21	26	26
PA14_31370	tam	-0.014	7.159	0.92	1	0.92	1	627	714	650	610	657	743	473	670	864	689	546	843
PA14_31560	PA14_31560	-0.028	5.53	0.92	1	0.83	1	206	204	225	205	213	229	155	191	298	232	177	260
PA14_32460	PA14_32460	-0.04	3.015	0.92	1	0.91	1	41	37	30	40	44	27	31	35	41	45	37	31
PA14_35380	ptxR	0.06	4.011	0.92	1	0.7	1	85	78	63	85	58	70	65	73	85	96	48	80
PA14_35940	PA14_35940	-0.058	2.171	0.92	1	0.93	1	19	23	16	20	17	22	14	22	22	23	14	25
PA14_36290	yncB	-0.042	3.038	0.92	1	0.91	1	32	39	37	31	34	47	24	37	49	35	28	53
PA14_36410	PA14_36410	-0.083	1.494	0.92	1	1	1	8	15	10	11	9	16	6	14	14	12	7	18
PA14_36460	PA14_36460	0.033	3.924	0.92	1	0.88	1	68	72	70	63	59	82	51	68	93	71	49	93
PA14_37660	PA14_37660	0.022	3.847	0.92	1	0.97	1	74	58	68	62	74	61	56	54	90	70	62	69
PA14_39110	PA14_39110	0.019	3.497	0.92	1	1	1	42	54	55	54	56	40	31	51	72	61	47	46
PA14_39670	PA14_39670	0.054	2.143	0.92	1	0.93	1	23	12	21	15	21	19	18	11	28	17	18	21
PA14_41320	PA14_41320	-0.091	5.253	0.92	1	0.58	0.97	148	148	215	165	218	164	111	139	283	187	182	187
PA14_42160	PA14_42160	0.006	6.299	0.92	1	0.98	1	389	342	371	336	404	360	294	321	493	379	336	408
PA14_42500	pcrD	-0.037	5.468	0.92	1	0.75	1	186	210	212	191	227	209	140	197	281	216	189	237
PA14_43030	PA14_43030	0.065	6.568	0.92	1	0.67	0.98	546	443	373	383	433	483	414	415	497	433	360	547
PA14_44030	sdhA	0.033	8.635	0.92	1	0.8	1	2117	1719	1813	1870	1776	1873	1599	1612	2408	2110	1475	2125
PA14_44080	PA14_44080	0.011	6.773	0.92	1	0.93	1	508	498	530	502	489	533	383	467	704	566	406	605
PA14_45410	PA14_45410	0.04	3.983	0.92	1	0.83	1	86	61	72	64	65	82	66	57	96	73	54	93
PA14_46200	PA14_46200	0.014	4.368	0.92	1	1	1	82	105	96	83	101	98	61	99	127	94	84	111
PA14_49940	PA14_49940	0.02	6.671	0.92	1	0.87	1	481	486	470	505	459	453	363	456	624	569	381	514
PA14_50600	PA14_50600	0.053	2.23	0.92	1	1	1	16	22	21	16	24	19	12	21	28	18	20	22
PA14_53110	PA14_53110	-0.025	3.608	0.92	1	1	1	63	54	48	52	55	58	48	51	64	59	46	66
PA14_53330	PA14_53330	0.05	4.62	0.92	1	0.71	1	136	115	98	118	105	111	104	108	131	133	87	126
PA14_55520	hxcU	-0.287	-0.048	0.92	1	0.81	1	1	1	5	7	1	1	1	1	6	8	1	1
PA14_56510	PA14_56510	-0.043	5.258	0.92	1	0.77	1	155	186	181	196	199	145	116	175	240	221	166	165
PA14_57190	mutT	0.001	6.909	0.92	1	0.99	1	576	589	520	585	542	554	435	553	691	660	450	629
PA14_57880	PA14_57880	-0.027	7.906	0.92	1	0.84	1	954	1152	1226	1105	1220	1075	719	1081	1627	1247	1014	1220
PA14_57920	PA14_57920	0.001	5.949	0.92	1	0.98	1	325	255	285	325	262	276	246	239	379	366	217	313
PA14_59890	PA14_59890	-0.199	0.383	0.92	1	1	1	3	4	4	3	3	7	2	4	5	3	2	8
PA14_60950	cstA	0.005	9.518	0.92	1	0.97	1	3745	3351	3222	3232	3416	3631	2828	3143	4279	3647	2838	4120
PA14_63020	fur	-0.08	10.178	0.92	1	0.61	0.97	4218	5449	6154	5432	6131	5163	3182	5111	8170	6130	5094	5858
PA14_66040	PA14_66040	0.025	4.326	0.92	1	0.89	1	94	91	94	87	89	98	71	85	125	98	74	111
PA14_66580	PA14_66580	-0.018	8.58	0.92	1	0.89	1	1542	1852	1939	1842	1852	1710	1163	1737	2574	2078	1539	1940
PA14_69795	amtB	0.02	5.779	0.92	1	0.88	1	258	255	258	248	242	270	195	239	343	280	201	306
PA14_70230	radC	-0.001	6.312	0.92	1	1	1	404	367	340	361	375	373	306	344	453	408	312	423
PA14_70790	PA14_70790	0.004	6.835	0.92	1	0.99	1	505	513	582	550	498	550	381	481	772	620	413	624
PA14_72220	PA14_72220	-0.043	4.211	0.92	1	0.76	1	76	84	88	75	99	85	57	79	117	85	83	96
PA14_72600	PA14_72600	-0.064	3.917	0.92	1	0.79	1	59	72	69	90	79	41	44	68	92	101	66	48
PA14_73090	PA14_73090	0.002	7.281	0.92	1	0.99	1	744	766	671	676	706	795	562	719	892	763	586	902
PA14_00400	PA14_00400	-0.039	3.113	0.93	1	0.91	1	31	48	36	42	40	37	23	45	48	47	33	42
PA14_00760	PA14_00760	0.018	4.994	0.93	1	0.93	1	127	168	149	163	133	143	95	158	198	184	110	162
PA14_03860	PA14_03860	0.018	8.363	0.93	1	0.89	1	1537	1509	1604	1486	1375	1730	1160	1415	2129	1677	1142	1962
PA14_05050	PA14_05050	0.021	5.323	0.93	1	0.88	1	182	211	170	183	196	175	137	198	227	207	163	199
PA14_06030	PA14_06030	-0.015	5.469	0.93	1	0.93	1	213	195	204	212	202	204	161	183	271	239	168	231
PA14_06970	PA14_06970	0.029	4.124	0.93	1	0.85	1	83	82	77	89	75	73	63	77	103	100	62	83
PA14_08600	PA14_08600	0.072	1.909	0.93	1	0.78	1	18	14	17	21	9	17	14	13	23	23	7	19
PA14_10040	PA14_10040	-0.019	4.696	0.93	1	0.93	1	117	116	122	131	109	120	88	109	162	147	90	136
PA14_10400	PA14_10400	-0.059	2.557	0.93	1	0.85	1	12	15	46	28	25	22	8	14	58	32	21	25
PA14_10700	PA14_10700	0.002	8.398	0.93	1	0.99	1	1579	1507	1653	1605	1575	1553	1192	1413	2195	1811	1308	1762
PA14_14530	PA14_14530	0.017	6.918	0.93	1	0.89	1	568	563	574	523	534	627	429	528	762	591	443	711
PA14_15210	PA14_15210	0.065	3.44	0.93	1	0.73	1	58	44	47	54	31	55	44	41	63	61	25	62
PA14_15620	PA14_15620	0.057	1.649	0.93	1	1	1	14	9	17	8	15	16	11	8	22	9	13	18
PA14_17280	mesJ	0.023	5.325	0.93	1	0.87	1	187	197	180	179	182	193	141	185	239	202	151	219
PA14_17500	mutS	0.002	5.814	0.93	1	1	1	246	250	289	266	248	271	185	234	383	300	206	307
PA14_19030	PA14_19030	-0.025	5.184	0.93	1	0.87	1	175	165	162	180	193	139	132	155	216	203	161	158
PA14_19770	PA14_19770	-0.004	2.619	0.93	1	0.9	1	24	18	36	25	37	19	18	17	47	28	31	22
PA14_20760	cheR	0.009	8.797	0.93	1	0.94	1	2239	2127	1902	1942	2078	2205	1691	1995	2527	2192	1726	2502
PA14_22290	vacJ	0.013	5.824	0.93	1	0.94	1	260	240	294	230	235	322	196	225	389	260	195	364
PA14_22660	PA14_22660	0.014	6.037	0.93	1	0.91	1	319	290	314	309	297	307	241	272	417	349	247	348
PA14_22820	yciV	-0.031	6.502	0.93	1	0.81	1	402	398	454	392	427	463	303	373	602	443	355	525
PA14_26510	cobI	-0.015	4.569	0.93	1	0.98	1	109	116	103	125	107	98	82	109	137	141	89	111
PA14_29990	nuoD	0.068	7.352	0.93	1	0.65	0.98	928	749	671	717	670	850	702	702	893	809	556	964
PA14_35330	kguT	-0.08	1.687	0.93	1	0.83	1	10	13	15	9	14	17	7	12	19	10	12	19
PA14_37670	PA14_37670	0.006	6.53	0.93	1	0.98	1	424	436	435	409	449	433	320	409	577	462	373	491
PA14_38490	gnyL	0.018	6.367	0.93	1	0.89	1	383	405	373	411	377	358	289	380	496	464	313	406
PA14_41190	ppiD	0.021	8.413	0.93	1	0.87	1	1723	1483	1617	1533	1512	1706	1301	1391	2147	1730	1256	1935
PA14_41260	PA14_41260	0.032	3.198	0.93	1	0.95	1	41	35	46	41	37	41	31	33	60	46	31	47
PA14_42250	pscL	-0.026	4.535	0.93	1	0.86	1	92	114	108	111	101	108	69	107	143	125	84	123
PA14_42830	PA14_42830	-0.005	4.978	0.93	1	0.95	1	127	148	160	151	157	132	95	139	212	170	131	150
PA14_42900	PA14_42900	0.032	6.773	0.93	1	0.81	1	523	580	446	497	520	496	395	544	594	561	432	563
PA14_44260	PA14_44260	-0.055	2.232	0.93	1	0.93	1	20	19	21	21	16	25	15	18	28	24	13	28
PA14_46370	PA14_46370	-0.045	5.33	0.93	1	0.77	1	152	161	234	188	218	162	114	151	308	212	182	184
PA14_46820	PA14_46820	-0.024	6.267	0.93	1	0.84	1	346	365	355	341	385	360	261	342	472	385	320	408
PA14_47880	PA14_47880	0.022	3.276	0.93	1	1	1	35	51	44	52	47	30	26	48	58	58	39	35
PA14_48460	PA14_48460	-0.066	2.344	0.93	1	0.81	1	13	25	23	22	24	19	9	24	30	25	20	22
PA14_49820	cobB	-0.014	3.949	0.93	1	0.97	1	71	81	57	82	76	53	54	76	77	92	63	61
PA14_49850	PA14_49850	-0.01	3.833	0.93	1	0.91	1	55	51	86	62	65	69	41	48	112	70	54	78
PA14_50460	flgD	0.004	6.783	0.93	1	0.97	1	530	523	491	476	476	587	400	491	653	537	395	665
PA14_51530	exoU	-0.007	8.175	0.93	1	0.96	1	1413	1323	1310	1220	1382	1462	1067	1241	1740	1377	1148	1659
PA14_52430	yehS	-0.157	0.596	0.93	1	0.86	1	3	5	5	7	6	3	2	5	7	8	5	3
PA14_54040	PA14_54040	-0.032	4.254	0.93	1	0.83	1	84	87	89	82	97	88	63	82	118	93	81	100
PA14_54740	PA14_54740	-0.052	2.823	0.93	1	0.79	1	28	28	33	33	37	24	21	26	44	37	31	28
PA14_54970	PA14_54970	-0.035	4.372	0.93	1	0.82	1	97	85	100	93	107	92	73	80	133	105	89	104
PA14_57110	PA14_57110	-0.039	6.403	0.93	1	0.75	1	359	390	416	369	432	399	270	366	552	417	359	453
PA14_57390	murF	-0.002	8.573	0.93	1	0.99	1	1815	1860	1669	1789	1798	1762	1370	1745	2217	2019	1494	1999
PA14_64800	vanA	-0.059	2.26	0.93	1	0.86	1	18	20	21	20	20	21	13	19	28	23	17	24
PA14_65540	fimX	-0.007	8.164	0.93	1	0.96	1	1364	1318	1331	1318	1306	1409	1030	1236	1767	1487	1085	1598
PA14_65870	PA14_65870	0.02	4.772	0.93	1	0.88	1	141	136	104	149	104	119	107	128	139	168	86	135
PA14_67150	PA14_67150	0.047	3.164	0.93	1	0.83	1	52	36	36	44	42	32	40	34	48	50	35	37
PA14_67310	hutT	0.042	3.8	0.93	1	0.82	1	73	64	56	49	64	74	56	60	75	56	53	83
PA14_69000	pepP	-0.01	8.485	0.93	1	0.94	1	1710	1643	1659	1721	1672	1652	1291	1541	2203	1942	1389	1874
PA14_71380	PA14_71380	0.038	3.254	0.93	1	0.89	1	42	49	37	51	47	28	32	46	50	57	39	32
PA14_73010	PA14_73010	0	4.417	0.93	1	0.98	1	119	97	81	89	102	103	91	91	109	101	85	117
PA14_73290	atpF	0.008	9.087	0.93	1	0.96	1	2816	2283	2560	2275	2193	3149	2127	2141	3400	2568	1821	3572
EBG00001225064	rpsL_psuedo	-0.051	5.373	0.94	1	0.71	1	156	182	223	190	199	198	117	171	295	214	165	225
PA14_02700	PA14_02700	-0.022	2.479	0.94	1	1	1	24	30	18	19	20	33	18	28	25	22	16	37
PA14_03160	PA14_03160	-0.032	8.553	0.94	1	0.81	1	1603	1697	1910	1636	1738	1953	1209	1592	2535	1846	1444	2216
PA14_03830	aguB	0.032	2.852	0.94	1	0.95	1	27	34	36	32	27	36	20	32	47	36	22	41
PA14_04960	PA14_04960	-0.007	4.173	0.94	1	0.96	1	79	75	94	100	93	57	59	70	124	112	78	65
PA14_05250	pyrC	-0.016	4.495	0.94	1	0.95	1	101	114	94	113	107	92	76	107	126	127	89	105
PA14_07740	pdxA	-0.046	3.971	0.94	1	0.77	1	58	67	82	84	71	61	43	63	108	94	59	70
PA14_08000	PA14_08000	0.01	9.115	0.94	1	0.94	1	2814	2499	2503	2340	2468	2951	2125	2344	3325	2641	2050	3348
PA14_09700	pqsL	0.01	4.211	0.94	1	0.91	1	105	79	75	110	74	71	80	74	100	123	61	81
PA14_12870	tesB	-0.02	5.263	0.94	1	0.87	1	166	180	181	169	176	191	125	169	240	191	146	216
PA14_13260	moaB1	0.111	1.703	0.94	1	0.69	0.99	20	14	7	11	10	15	16	13	10	13	8	17
PA14_14290	PA14_14290	-0.009	4.582	0.94	1	0.92	1	88	116	125	119	115	99	65	109	165	134	96	113
PA14_16100	PA14_16100	0.016	5.432	0.94	1	0.91	1	203	206	196	198	201	198	153	193	260	223	167	225
PA14_16790	PA14_16790	0.011	6.978	0.94	1	0.93	1	625	625	527	555	580	624	472	586	701	627	482	708
PA14_18930	rnfB	-0.037	3.243	0.94	1	0.87	1	33	51	41	47	43	38	24	48	54	53	36	43
PA14_21670	PA14_21670	0.081	1.417	0.94	1	0.9	1	11	14	8	12	10	9	8	13	11	13	8	10
PA14_25600	sppA	0.057	7.968	0.94	1	0.71	1	1364	1112	1109	1076	987	1381	1031	1043	1474	1215	819	1566
PA14_27840	PA14_27840	0.076	1.601	0.94	1	0.91	1	13	13	10	14	12	8	10	12	14	16	10	9
PA14_28440	PA14_28440	-0.026	7.941	0.94	1	0.83	1	1118	1090	1208	1082	1193	1207	844	1022	1604	1221	991	1369
PA14_29970	nuoF	0.054	7.423	0.94	1	0.68	0.99	898	866	690	832	728	799	679	812	918	939	604	907
PA14_30340	cysG	0.033	7.531	0.94	1	0.79	1	915	915	794	879	827	856	691	858	1056	992	687	971
PA14_31780	PA14_31780	-0.029	5.804	0.94	1	0.84	1	235	247	288	261	312	216	177	232	381	295	260	246
PA14_32600	PA14_32600	0.015	3.571	0.94	1	1	1	49	56	55	67	58	36	37	53	73	75	48	41
PA14_33150	PA14_33150	0.04	5.65	0.94	1	0.76	1	268	245	200	226	233	231	203	230	267	255	194	262
PA14_34200	msuC	-0.04	2.874	0.94	1	0.9	1	33	35	29	32	42	27	25	33	39	36	35	31
PA14_34210	sfnR	0.038	2.992	0.94	1	0.91	1	32	42	32	43	35	26	24	40	43	48	29	30
PA14_34780	PA14_34780	0.008	5.367	0.94	1	0.99	1	200	187	189	188	215	171	151	175	251	212	179	194
PA14_35150	PA14_35150	0.074	1.568	0.94	1	0.91	1	12	16	10	13	11	11	9	15	14	15	9	13
PA14_35750	tpnC	0.027	6.537	0.94	1	0.84	1	477	452	385	412	378	497	361	424	512	465	313	563
PA14_38320	yfeH	-0.004	6.359	0.94	1	0.97	1	362	393	391	410	412	330	273	369	519	462	343	375
PA14_40470	PA14_40470	-0.004	5.177	0.94	1	0.97	1	175	148	179	174	191	140	132	139	237	196	159	160
PA14_40740	PA14_40740	-0.024	7.663	0.94	1	0.86	1	852	1057	908	949	1031	885	642	992	1206	1071	857	1005
PA14_42850	folE2	-0.059	5.33	0.94	1	0.7	1	150	169	228	176	181	215	112	158	300	199	150	243
PA14_42880	stk1	0.081	3.648	0.94	1	0.74	1	63	80	34	56	62	48	48	75	47	63	52	55
PA14_42920	PA14_42920	0.015	5.186	0.94	1	0.89	1	181	187	143	177	152	174	137	176	191	199	126	197
PA14_43400	kdpA	0.079	1.487	0.94	1	0.91	1	14	8	12	9	9	14	11	7	16	10	7	16
PA14_43600	PA14_43600	0.033	4.772	0.94	1	0.82	1	147	123	116	133	122	120	112	115	155	150	101	136
PA14_44780	PA14_44780	-0.041	7.273	0.94	1	0.75	1	603	764	767	742	761	696	454	717	1017	837	632	790
PA14_49410	PA14_49410	-0.016	10.105	0.94	1	0.92	1	4252	5529	5603	5906	5013	4633	3208	5186	7439	6664	4164	5257
PA14_50920	PA14_50920	-0.035	2.834	0.94	1	0.95	1	38	31	27	25	38	34	29	29	36	29	32	38
PA14_53770	PA14_53770	0.069	1.326	0.94	1	1	1	7	8	15	8	11	11	5	7	19	9	9	12
PA14_55230	PA14_55230	0.066	1.635	0.94	1	0.91	1	12	14	14	14	17	8	9	13	18	16	14	9
PA14_60920	PA14_60920	0.01	6.864	0.94	1	0.95	1	529	601	507	484	587	555	399	564	674	547	488	630
PA14_63700	PA14_63700	0.089	1.489	0.94	1	0.73	1	13	14	8	12	6	13	10	13	11	13	5	15
PA14_65700	PA14_65700	0.023	5.142	0.94	1	0.89	1	158	188	149	163	163	161	119	177	199	184	135	183
PA14_68250	PA14_68250	0.021	6.056	0.94	1	0.86	1	342	295	299	323	312	287	259	277	398	364	259	326
PA14_69240	hemB	-0.016	8.331	0.94	1	0.91	1	1567	1351	1577	1399	1505	1640	1183	1267	2093	1579	1250	1860
PA14_71300	etfA-1	-0.143	0.652	0.94	1	0.74	1	2	6	7	5	8	4	1	6	9	6	7	5
PA14_72480	engB	0.029	7.24	0.94	1	0.82	1	713	774	654	639	664	793	538	726	870	722	551	899
PA14_72840	PA14_72840	-0.013	6.589	0.94	1	0.92	1	453	429	459	414	441	497	342	402	609	468	366	564
EBG00001225106	tRNA-Sec	-0.009	4.034	0.95	1	0.93	1	56	78	89	61	74	91	41	73	117	69	61	103
EBG00001225116	P35	-0.044	2.554	0.95	1	0.88	1	19	25	30	28	20	29	14	23	39	31	16	33
PA14_01400	elaA	0.014	3.89	0.95	1	1	1	65	68	71	57	72	74	49	64	94	65	60	84
PA14_01610	PA14_01610	-0.05	3.006	0.95	1	0.83	1	25	41	39	43	40	28	18	39	51	48	33	32
PA14_01900	pcaH	-0.107	0.961	0.95	1	1	1	7	7	5	8	7	5	5	7	7	9	6	6
PA14_02790	pcaF	0.059	3.396	0.95	1	0.76	1	62	49	37	57	46	38	48	46	50	64	38	43
PA14_03900	spuC	0.025	7.771	0.95	1	0.85	1	1137	1028	928	960	950	1127	859	964	1234	1084	789	1278
PA14_06830	norB	0.044	3.399	0.95	1	0.81	1	54	57	37	47	47	48	41	54	50	53	39	54
PA14_07760	surA	0.028	7.672	0.95	1	0.82	1	1014	987	889	933	919	980	766	926	1182	1053	763	1112
PA14_10830	PA14_10830	-0.027	6.547	0.95	1	0.83	1	444	398	453	392	477	451	335	373	601	443	397	512
PA14_11880	PA14_11880	0.033	2.829	0.95	1	0.95	1	22	39	34	39	23	31	16	37	45	44	19	35
PA14_12400	thiE	0.011	3.876	0.95	1	1	1	66	61	73	78	69	52	50	57	96	88	57	60
PA14_12770	PA14_12770	0.018	5.653	0.95	1	0.89	1	241	249	217	250	241	207	182	234	289	282	200	235
PA14_14430	PA14_14430	-0.023	5.563	0.95	1	0.86	1	230	191	233	198	232	236	174	179	309	224	193	267
PA14_15240	PA14_15240	-0.042	1.88	0.95	1	1	1	18	19	10	10	18	20	14	18	14	12	15	22
PA14_15310	guaB	-0.028	7.708	0.95	1	0.83	1	865	949	1087	970	1040	951	652	890	1442	1095	864	1079
PA14_15650	PA14_15650	0.009	4.431	0.95	1	1	1	89	94	111	98	84	111	67	88	147	111	69	126
PA14_15990	trmD	0.008	7.561	0.95	1	0.95	1	949	854	855	853	835	954	717	801	1136	963	693	1082
PA14_16510	PA14_16510	-0.02	7.884	0.95	1	0.87	1	1096	1100	1096	1057	1201	1080	827	1032	1455	1193	998	1226
PA14_16560	PA14_16560	-0.039	7.316	0.95	1	0.76	1	643	732	827	737	746	782	484	687	1097	832	620	887
PA14_19230	ybdG	-0.032	3.311	0.95	1	0.87	1	44	40	49	49	45	42	33	37	64	55	37	48
PA14_20680	PA14_20680	-0.002	6.144	0.95	1	0.98	1	266	386	335	342	320	327	199	362	445	386	266	371
PA14_21175	PA14_21175	0.005	4.275	0.95	1	0.95	1	96	94	79	91	74	100	73	88	106	103	61	113
PA14_21620	oprP	-0.027	4.4	0.95	1	0.88	1	104	80	104	84	103	108	79	75	138	95	86	122
PA14_21650	PA14_21650	-0.129	3.987	0.95	1	0.57	0.97	39	66	100	76	86	63	28	62	130	86	72	72
PA14_24140	PA14_24140	0.013	3.918	0.95	1	0.97	1	75	50	81	67	63	74	57	47	106	76	52	84
PA14_26580	PA14_26580	-0.108	0.798	0.95	1	1	1	8	4	7	8	7	5	6	4	9	9	6	6
PA14_30850	trbI	-0.022	3.032	0.95	1	1	1	36	36	35	47	28	32	27	34	46	52	23	37
PA14_34820	PA14_34820	-0.006	8.102	0.95	1	0.97	1	1290	1317	1242	1404	1298	1162	974	1235	1650	1584	1078	1319
PA14_37150	PA14_37150	0.098	1.079	0.95	1	1	1	13	4	7	9	9	4	10	4	10	10	8	5
PA14_37470	PA14_37470	-0.054	5.517	0.95	1	0.74	1	200	179	243	248	235	165	151	168	321	279	196	188
PA14_37940	cynR	0.028	4.827	0.95	1	0.85	1	138	151	110	136	138	116	104	142	148	153	115	132
PA14_38580	PA14_38580	-0.116	0.737	0.95	1	1	1	3	8	6	7	6	6	2	8	8	8	5	7
PA14_41760	PA14_41760	-0.015	4.659	0.95	1	0.96	1	128	106	116	102	119	131	97	99	154	116	99	148
PA14_41990	PA14_41990	-0.105	0.836	0.95	1	1	1	4	11	4	9	7	4	3	10	6	10	6	5
PA14_43000	PA14_43000	-0.003	6.066	0.95	1	1	1	340	313	282	264	341	331	257	294	375	298	284	375
PA14_45480	PA14_45480	-0.022	6.52	0.95	1	0.89	1	410	481	384	467	497	330	309	451	511	527	414	375
PA14_47820	PA14_47820	-0.02	5.375	0.95	1	0.86	1	176	175	222	183	213	188	132	164	293	207	177	214
PA14_48160	PA14_48160	-0.012	5.986	0.95	1	0.93	1	297	292	291	318	301	268	224	274	386	358	250	305
PA14_48350	PA14_48350	-0.062	1.895	0.95	1	0.84	1	13	13	17	18	16	12	10	12	22	20	13	14
PA14_50040	PA14_50040	-0.002	5.091	0.95	1	0.97	1	129	188	154	169	171	134	96	177	205	190	142	153
PA14_50130	fliG	0.019	7.076	0.95	1	0.88	1	650	617	636	635	574	669	491	579	845	716	476	759
PA14_50610	PA14_50610	0.024	3.841	0.95	1	0.9	1	64	73	61	70	64	61	48	69	82	79	53	69
PA14_51050	pcd	0.007	4.478	0.95	1	0.96	1	123	104	81	79	112	115	94	98	109	90	93	130
PA14_54220	icp	0.018	4.464	0.95	1	0.93	1	106	100	101	87	102	113	80	94	134	99	85	128
PA14_54840	PA14_54840	-0.116	6.919	0.95	1	0.64	0.98	351	400	872	557	621	577	262	375	1151	629	516	655
PA14_55780	PA14_55780	0.095	8.943	0.95	1	0.6	0.97	2718	2812	1610	2260	2132	2294	2053	2638	2142	2550	1771	2603
PA14_56080	sbcB	-0.019	6.23	0.95	1	0.89	1	366	297	380	350	342	365	277	278	503	395	284	414
PA14_56130	PA14_56130	0.035	5.204	0.95	1	0.8	1	205	148	165	180	156	167	156	139	219	203	129	190
PA14_56260	PA14_56260	0.047	5.703	0.95	1	0.79	1	262	292	187	270	258	188	198	274	251	304	215	214
PA14_56960	PA14_56960	-0.048	1.544	0.95	1	1	1	21	9	7	12	17	9	17	8	10	14	14	10
PA14_57600	PA14_57600	-0.008	5.574	0.95	1	0.97	1	216	232	213	231	217	216	163	218	283	261	180	245
PA14_58230	PA14_58230	0.016	7.041	0.95	1	0.9	1	620	686	551	612	570	652	468	644	733	691	473	739
PA14_59350	pilV2	0.024	4.119	0.95	1	0.89	1	73	94	75	71	74	93	55	88	100	80	61	105
PA14_60400	rpsT	-0.155	6.477	0.95	1	0.51	0.96	229	378	572	434	507	369	170	354	754	490	422	419
PA14_61170	PA14_61170	0.103	0.826	0.95	1	0.88	1	6	7	8	5	7	7	4	7	10	6	6	8
PA14_62170	PA14_62170	-0.038	3.894	0.95	1	0.82	1	61	57	80	60	64	81	46	53	105	68	53	91
PA14_62430	PA14_62430	0.018	4.727	0.95	1	0.92	1	117	131	122	140	115	110	88	123	162	158	95	125
PA14_63070	pdhR	0.017	6.442	0.95	1	0.89	1	436	397	393	384	409	417	330	372	522	433	340	473
PA14_69300	PA14_69300	0.013	7.754	0.95	1	0.92	1	1076	1029	936	946	973	1092	813	965	1244	1068	808	1239
PA14_69540	PA14_69540	-0.124	0.782	0.95	1	1	1	5	4	7	6	6	6	4	4	9	7	5	7
PA14_70350	PA14_70350	0.004	6.298	0.95	1	0.98	1	349	371	381	362	352	385	263	348	506	408	292	437
PA14_71280	PA14_71280	0.037	2.781	0.95	1	0.89	1	35	27	32	36	28	27	27	25	42	40	23	31
PA14_00800	PA14_00800	0.022	4.103	0.96	1	0.92	1	76	85	76	94	72	67	57	80	101	105	60	76
PA14_03360	PA14_03360	0.019	5.443	0.96	1	0.89	1	210	191	208	213	173	214	159	179	276	240	143	242
PA14_04440	PA14_04440	-0.02	3.448	0.96	1	0.96	1	56	44	47	50	50	48	43	41	62	56	42	54
PA14_05190	pilU	0.003	8.187	0.96	1	0.98	1	1412	1386	1299	1329	1370	1388	1066	1300	1725	1500	1138	1575
PA14_06280	PA14_06280	-0.012	4.655	0.96	1	0.95	1	125	108	115	115	119	116	95	101	153	130	99	132
PA14_07360	PA14_07360	0.016	5.619	0.96	1	0.88	1	256	227	206	246	208	225	194	213	275	277	172	255
PA14_08320	PA14_08320	0.017	6.95	0.96	1	0.91	1	688	501	554	516	547	658	521	470	736	583	454	746
PA14_09880	PA14_09880	-0.048	2.017	0.96	1	0.92	1	17	15	18	16	16	20	13	14	24	18	13	23
PA14_10290	acoR	-0.012	6.544	0.96	1	0.93	1	402	468	431	444	433	435	303	439	573	501	360	494
PA14_11310	PA14_11310	-0.056	2.068	0.96	1	0.78	1	12	17	21	16	21	17	9	16	27	18	18	19
PA14_12010	proA	-0.017	5.788	0.96	1	0.9	1	252	246	266	273	256	245	190	231	353	308	213	278
PA14_13390	PA14_13390	-0.073	5.252	0.96	1	0.72	1	148	165	202	219	209	116	111	155	267	246	174	133
PA14_13830	narI	0.109	0.641	0.96	1	1	1	3	5	9	6	6	4	2	5	11	7	5	5
PA14_14370	PA14_14370	0.016	5.79	0.96	1	0.9	1	276	247	254	288	205	273	209	232	337	325	169	309
PA14_18760	mexE	0.061	4.07	0.96	1	0.89	1	126	16	94	69	71	88	98	14	124	78	59	99
PA14_19020	PA14_19020	-0.036	3.962	0.96	1	0.83	1	63	64	81	84	71	60	47	60	107	94	59	69
PA14_19400	PA14_19400	-0.02	4.12	0.96	1	0.91	1	75	84	78	87	81	73	56	79	104	98	67	83
PA14_21080	toxR	0.041	2.536	0.96	1	0.82	1	29	26	21	21	22	29	22	24	29	24	18	33
PA14_21830	PA14_21830	-0.012	7.455	0.96	1	0.93	1	732	848	867	729	822	919	552	795	1151	823	683	1042
PA14_23270	serC	0.007	7.715	0.96	1	0.96	1	967	990	996	983	946	1009	730	929	1322	1109	786	1145
PA14_25490	PA14_25490	-0.023	4.913	0.96	1	0.87	1	127	129	156	138	127	155	95	121	206	156	105	175
PA14_26720	mccB	-0.018	4.819	0.96	1	0.9	1	120	136	130	141	134	117	90	128	172	159	111	133
PA14_26730	PA14_26730	0.019	3.727	0.96	1	0.97	1	60	67	55	63	67	49	45	63	73	71	56	56
PA14_26760	PA14_26760	0.004	6.39	0.96	1	0.97	1	373	431	371	388	359	422	281	404	493	438	298	478
PA14_26880	PA14_26880	-0.004	5.624	0.96	1	0.99	1	233	243	212	234	238	217	176	228	282	264	198	246
PA14_28350	PA14_28350	-0.004	5.876	0.96	1	0.97	1	226	322	270	241	282	299	169	302	359	272	234	339
PA14_28630	PA14_28630	0.02	4.331	0.96	1	0.89	1	89	104	85	88	89	97	67	98	114	99	74	110
PA14_29200	PA14_29200	0.035	2.55	0.96	1	0.94	1	26	28	23	27	25	23	20	26	31	30	21	26
PA14_29410	PA14_29410	0.02	5.659	0.96	1	0.89	1	241	261	208	241	246	211	182	245	277	272	205	240
PA14_30330	serS	0.005	6.885	0.96	1	0.96	1	589	547	525	533	547	573	445	513	698	602	454	650
PA14_30540	PA14_30540	0.036	3.246	0.96	1	0.88	1	52	40	40	36	40	51	40	37	53	41	33	57
PA14_32250	PA14_32250	0.012	3.178	0.96	1	1	1	40	32	50	37	39	46	30	30	65	42	32	52
PA14_33050	PA14_33050	-0.01	4.786	0.96	1	0.98	1	137	126	120	113	137	135	104	118	160	128	114	153
PA14_33340	PA14_33340	0.007	7.585	0.96	1	0.96	1	974	815	913	935	811	941	736	764	1212	1055	673	1067
PA14_33460	PA14_33460	-0.039	2.623	0.96	1	0.89	1	19	29	31	29	21	32	14	27	41	33	17	36
PA14_34050	PA14_34050	0.033	7.284	0.96	1	0.81	1	868	678	665	739	659	760	657	636	884	834	547	862
PA14_34920	PA14_34920	0.012	3.65	0.96	1	0.96	1	57	48	66	57	51	63	43	45	87	64	42	71
PA14_35860	PA14_35860	-0.008	5.899	0.96	1	0.94	1	246	312	272	269	312	256	185	293	362	304	260	291
PA14_36930	PA14_36930	0.152	0.281	0.96	1	0.84	1	4	6	3	6	1	3	3	6	4	7	1	4
PA14_37460	PA14_37460	-0.019	6.675	0.96	1	0.89	1	513	397	510	473	495	472	388	372	677	534	411	536
PA14_37950	cynT	0.146	0.507	0.96	1	1	1	4	5	4	5	5	2	3	5	5	6	4	2
PA14_38050	PA14_38050	0.033	2.485	0.96	1	0.94	1	23	30	22	27	29	18	17	28	30	30	24	21
PA14_38160	azlC	0.095	0.692	0.96	1	1	1	4	2	10	6	7	3	3	2	12	7	6	3
PA14_40320	xqhA	-0.054	2.598	0.96	1	0.84	1	23	27	28	28	35	18	17	25	37	32	30	21
PA14_40980	PA14_40980	-0.02	7.337	0.96	1	0.87	1	677	726	844	759	752	770	510	681	1119	856	625	874
PA14_41160	PA14_41160	0.004	5.728	0.96	1	0.97	1	262	259	221	221	250	266	198	243	294	250	208	301
PA14_41250	tig	-0.019	8.466	0.96	1	0.88	1	1701	1469	1761	1571	1682	1745	1284	1378	2338	1773	1397	1980
PA14_42260	pscK	-0.048	2.043	0.96	1	0.92	1	16	15	19	18	16	19	12	14	25	20	13	21
PA14_44230	PA14_44230	0.136	0.358	0.96	1	1	1	3	4	6	5	3	4	2	4	8	6	2	5
PA14_44270	PA14_44270	-0.024	4.752	0.96	1	0.86	1	96	118	153	135	119	122	71	111	201	152	99	138
PA14_44740	xdhB	0.008	6.947	0.96	1	0.95	1	562	670	503	557	587	580	424	629	670	629	488	658
PA14_44890	hcpA	0.144	0.422	0.96	1	1	1	4	3	5	4	5	3	3	3	7	4	4	4
PA14_45660	flhF	0.021	8.465	0.96	1	0.87	1	1694	1719	1584	1700	1581	1643	1279	1612	2104	1918	1313	1864
PA14_47910	PA14_47910	0.087	0.875	0.96	1	1	1	2	6	9	6	8	3	1	6	12	7	7	4
PA14_48920	PA14_48920	0.166	0.107	0.96	1	1	1	5	3	3	2	5	4	4	3	4	2	4	4
PA14_50080	fliJ	0.012	4.814	0.96	1	0.93	1	136	124	132	132	131	125	103	116	175	149	109	142
PA14_50640	PA14_50640	0.028	5.276	0.96	1	0.83	1	184	195	167	196	163	174	139	183	222	221	135	197
PA14_50680	phaG	0.018	5.22	0.96	1	0.89	1	198	182	143	157	171	186	150	171	192	177	142	211
PA14_51300	perM	-0.018	4.298	0.96	1	0.95	1	95	79	96	99	86	88	72	74	127	112	71	100
PA14_51670	PA14_51670	0.017	4.934	0.96	1	0.91	1	129	153	142	138	121	160	97	144	189	156	100	181
PA14_52260	lemA	-0.024	6.587	0.96	1	0.84	1	431	424	478	469	457	432	325	398	634	529	380	490
PA14_52300	PA14_52300	0.023	2.537	0.96	1	1	1	22	20	32	30	21	23	16	19	42	34	17	26
PA14_56040	PA14_56040	-0.013	5.31	0.96	1	0.94	1	183	187	181	192	190	173	138	175	241	217	158	197
PA14_56740	iciA	-0.003	4.681	0.96	1	1	1	118	132	105	120	118	116	89	124	140	135	98	132
PA14_57050	PA14_57050	-0.017	7.856	0.96	1	0.9	1	1084	1000	1148	1065	1076	1129	818	938	1524	1202	894	1281
PA14_58910	PA14_58910	-0.044	4.383	0.96	1	0.79	1	64	91	125	107	101	82	47	85	163	120	84	94
PA14_59640	PA14_59640	0.108	0.821	0.96	1	1	1	3	6	8	3	7	6	2	6	10	4	6	7
PA14_61860	yadF	0.033	5.15	0.96	1	0.81	1	178	171	150	155	149	181	135	160	200	175	123	205
PA14_61990	PA14_61990	0.011	5.956	0.96	1	0.92	1	318	284	271	303	271	289	241	266	361	342	225	328
PA14_62020	PA14_62020	0.013	7.019	0.96	1	0.92	1	678	560	589	598	561	648	513	525	782	675	466	735
PA14_62740	rbfA	-0.005	5.587	0.96	1	0.99	1	206	246	214	223	206	238	155	231	285	252	171	270
PA14_62860	ftsH	0.031	10.833	0.96	1	0.82	1	9526	8145	8248	7912	8002	9458	7192	7639	10953	8928	6647	10731
PA14_63640	fadH2	-0.09	1.055	0.96	1	0.88	1	8	7	7	9	9	5	6	7	9	10	8	6
PA14_64190	fis	-0.006	3.766	0.96	1	1	1	62	63	59	70	48	64	47	59	78	79	39	73
PA14_64870	braF	0.022	6.206	0.96	1	0.86	1	388	349	304	309	328	386	294	327	405	349	272	437
PA14_64900	PA14_64900	0.021	8.57	0.96	1	0.88	1	1879	1867	1630	1584	1656	2056	1419	1751	2166	1788	1375	2332
PA14_67600	glnA	0.002	7.779	0.96	1	0.98	1	1070	1000	1014	982	986	1110	808	938	1347	1108	819	1259
PA14_68200	rmlA	0.019	7.926	0.96	1	0.89	1	1267	994	1178	1262	1048	1081	957	932	1564	1424	870	1227
PA14_68500	attL	0.03	3.189	0.96	1	0.91	1	45	46	36	47	43	32	34	43	48	53	36	37
PA14_70310	PA14_70310	-0.002	2.585	0.96	1	0.95	1	29	31	21	28	16	34	22	29	28	32	13	38
PA14_70360	PA14_70360	-0.017	7.942	0.96	1	0.89	1	1133	1141	1155	1192	1211	1067	855	1070	1534	1345	1006	1211
PA14_70760	phoR	-0.018	3.975	0.96	1	0.95	1	83	68	63	73	89	55	63	64	85	82	75	63
EBG00001225084	tRNA	-0.028	5.05	0.97	1	0.87	1	150	140	163	118	163	181	113	131	216	134	136	205
EBG00001225171	tRNA	0.178	0.171	0.97	1	1	1	4	1	5	6	1	1	3	1	6	7	1	1
PA14_00170	trkA	-0.001	6.883	0.97	1	1	1	550	566	539	556	539	560	415	531	716	627	448	635
PA14_00590	PA14_00590	-0.003	3.141	0.97	1	1	1	38	54	26	42	43	33	29	51	36	47	36	38
PA14_01750	PA14_01750	-0.065	5.989	0.97	1	0.71	1	195	304	363	297	329	277	145	285	479	335	274	315
PA14_04420	PA14_04420	0.014	7.382	0.97	1	0.9	1	809	804	737	792	717	815	611	754	980	894	595	925
PA14_04890	PA14_04890	0.001	4.502	0.97	1	1	1	101	93	117	105	104	104	76	87	154	118	86	118
PA14_06150	PA14_06150	0.021	4.835	0.97	1	0.87	1	141	132	127	137	121	134	107	124	169	155	100	152
PA14_06990	PA14_06990	0.018	4.433	0.97	1	0.9	1	108	89	103	98	86	110	82	83	136	111	71	124
PA14_09180	uvrA	0.024	6.46	0.97	1	0.85	1	465	368	411	424	373	425	352	345	546	478	309	482
PA14_11680	PA14_11680	-0.014	7.809	0.97	1	0.92	1	1002	980	1149	950	1041	1171	756	919	1525	1073	865	1328
PA14_12690	PA14_12690	-0.012	3.083	0.97	1	0.92	1	31	33	48	43	44	29	23	31	63	48	37	33
PA14_13670	PA14_13670	0.179	0.009	0.97	1	1	1	4	3	3	3	4	3	3	3	4	3	3	3
PA14_13890	PA14_13890	-0.029	4.025	0.97	1	0.88	1	72	61	86	72	72	80	54	57	113	81	60	91
PA14_15190	PA14_15190	0.278	-0.525	0.97	1	1	1	1	3	1	2	2	1	1	3	2	2	2	1
PA14_15370	PA14_15370	0.163	0.334	0.97	1	1	1	7	2	4	0	4	8	6	2	5	0	3	9
PA14_15510	traJ	-0.018	5.55	0.97	1	0.91	1	187	217	240	213	182	259	140	204	318	240	150	293
PA14_17340	ispD	-0.03	4.941	0.97	1	0.82	1	118	132	168	150	154	127	88	124	221	169	128	144
PA14_18080	PA14_18080	0.011	5.011	0.97	1	0.97	1	132	171	144	142	142	161	99	161	192	160	118	182
PA14_18580	algD	0.033	2.277	0.97	1	1	1	19	20	24	19	22	21	14	19	31	22	18	24
PA14_18830	PA14_18830	0.07	4.322	0.97	1	0.83	1	142	43	98	77	81	113	110	40	130	87	67	128
PA14_19750	PA14_19750	0.249	0.003	0.97	1	1	1	4	3	1	4	1	1	3	3	1	4	1	1
PA14_20390	phnJ	-0.084	1.235	0.97	1	0.89	1	4	7	12	11	8	7	3	7	15	12	7	8
PA14_20560	amiE	-0.025	5.178	0.97	1	0.87	1	163	137	196	185	150	171	123	128	259	208	124	194
PA14_21020	PA14_21020	0.015	9.852	0.97	1	0.91	1	4362	4661	4025	4580	4385	3948	3293	4372	5346	5168	3643	4480
PA14_22700	ykgJ	-0.051	2.121	0.97	1	0.79	1	14	19	21	14	23	21	10	18	28	16	19	24
PA14_22760	cpxR	-0.02	3.556	0.97	1	0.92	1	48	56	53	54	52	54	36	53	70	61	43	61
PA14_23500	tyrB	-0.079	7.43	0.97	1	0.61	0.97	660	695	992	789	899	796	497	652	1314	890	747	903
PA14_23880	folC	0.004	7.827	0.97	1	0.98	1	1009	1129	1050	1110	1055	1016	761	1059	1395	1252	876	1153
PA14_24010	xcpS	0.018	7.139	0.97	1	0.89	1	717	656	618	701	673	591	542	615	822	791	559	671
PA14_25220	PA14_25220	0.002	5.069	0.97	1	0.98	1	166	154	149	145	146	175	126	144	198	164	121	198
PA14_26220	hisM	0.184	0.276	0.97	1	0.82	1	4	4	2	2	1	5	3	4	3	2	1	6
PA14_26590	PA14_26590	0.003	10.101	0.97	1	0.98	1	5215	5146	5089	4791	5271	5354	3937	4827	6758	5406	4379	6075
PA14_26700	PA14_26700	-0.001	4.279	0.97	1	1	1	102	78	88	96	80	91	78	73	117	108	66	103
PA14_26850	PA14_26850	0.034	2.285	0.97	1	1	1	18	24	22	23	19	20	13	23	29	26	16	23
PA14_27550	PA14_27550	-0.011	7.338	0.97	1	0.93	1	760	763	737	743	806	730	574	716	979	838	670	828
PA14_28460	PA14_28460	0.01	6.036	0.97	1	0.94	1	328	290	304	306	310	299	248	272	404	345	258	339
PA14_28590	mapB	-0.004	4.069	0.97	1	1	1	83	78	70	80	71	78	63	73	93	90	59	88
PA14_31460	PA14_31460	0.007	4.246	0.97	1	1	1	96	78	88	73	99	89	73	73	117	83	83	101
PA14_32100	xylY	0.243	-0.386	0.97	1	1	1	3	3	1	2	2	2	2	3	2	2	2	2
PA14_32140	antC	0.243	-0.122	0.97	1	1	1	3	2	2	1	2	3	2	2	3	1	2	3
PA14_34100	PA14_34100	0.017	7.902	0.97	1	0.89	1	1121	1216	1038	1160	1108	1065	846	1141	1379	1309	920	1209
PA14_35130	arsR	0.182	0.276	0.97	1	1	1	3	5	2	2	2	4	2	5	3	2	2	5
PA14_35390	pvcD	0.182	0.011	0.97	1	1	1	3	6	1	3	5	2	2	6	2	3	4	2
PA14_36810	katE	-0.041	2.139	0.97	1	0.93	1	13	24	17	19	16	21	9	23	23	21	13	24
PA14_37200	PA14_37200	-0.019	3.559	0.97	1	0.96	1	60	46	54	59	58	46	46	43	72	66	48	53
PA14_39620	PA14_39620	0.195	-0.032	0.97	1	1	1	2	3	4	5	1	2	1	3	5	5	1	2
PA14_42410	PA14_42410	-0.021	2.807	0.97	1	1	1	26	42	25	33	34	28	19	40	34	37	28	32
PA14_46030	PA14_46030	0.012	5.986	0.97	1	0.91	1	319	306	264	284	289	305	241	287	352	321	240	346
PA14_46470	pdxB	-0.013	4.063	0.97	1	0.93	1	72	70	83	94	87	48	54	66	110	105	73	55
PA14_47040	yegH	0	5.816	0.97	1	1	1	274	256	258	287	251	249	207	240	343	323	208	283
PA14_47430	czcD	0.023	3.622	0.97	1	0.92	1	57	60	51	49	53	61	43	56	68	56	44	69
PA14_47800	btuB	0.023	5.637	0.97	1	0.85	1	242	243	216	239	219	229	183	228	288	270	182	260
PA14_49160	yegE	0.008	8.622	0.97	1	0.95	1	1938	1886	1728	1826	1862	1829	1463	1769	2295	2061	1547	2075
PA14_51920	PA14_51920	0.027	3.982	0.97	1	0.84	1	84	70	65	70	69	74	64	66	87	79	57	84
PA14_52290	PA14_52290	0.025	2.199	0.97	1	1	1	18	17	25	18	24	18	13	16	32	20	20	21
PA14_52330	PA14_52330	-0.026	5.467	0.97	1	0.85	1	193	181	232	214	198	208	145	170	307	241	164	236
PA14_52440	PA14_52440	0.244	-0.328	0.97	1	1	1	3	3	1	1	2	3	2	3	2	1	2	3
PA14_53860	PA14_53860	-0.017	3.829	0.97	1	0.93	1	58	69	66	69	59	67	43	65	88	78	49	76
PA14_54370	lepA	-0.033	8.019	0.97	1	0.8	1	1108	1123	1365	1158	1301	1225	836	1053	1811	1307	1081	1390
PA14_57160	apbA	0.016	3.952	0.97	1	0.97	1	73	75	64	73	77	60	55	70	86	82	64	68
PA14_57710	cysN	0.021	9.482	0.97	1	0.87	1	3492	3390	3236	3538	3166	3265	2636	3180	4298	3992	2630	3705
PA14_57900	PA14_57900	-0.036	6.147	0.97	1	0.78	1	280	325	369	320	372	310	210	305	488	361	310	352
PA14_62780	yhbC	-0.129	8.01	0.97	1	0.54	0.96	834	937	1683	1150	1384	1242	627	878	2229	1298	1150	1409
PA14_63430	PA14_63430	-0.034	4.963	0.97	1	0.79	1	133	133	157	142	161	135	100	125	208	160	134	153
PA14_63890	PA14_63890	0.039	3.577	0.97	1	0.79	1	65	56	44	59	50	50	50	53	59	66	41	57
PA14_64220	purD	0.002	5.605	0.97	1	0.97	1	223	249	209	246	220	212	168	234	278	277	183	241
PA14_65230	purA	0.017	8.749	0.97	1	0.89	1	2041	2076	1958	1892	1901	2209	1541	1947	2601	2135	1579	2506
PA14_66540	PA14_66540	0.025	3.003	0.97	1	0.9	1	43	33	34	34	36	37	33	31	45	38	30	42
PA14_66720	priA	0.024	3.953	0.97	1	0.88	1	80	71	63	77	74	58	61	67	84	87	62	66
PA14_66980	tatC	0.02	5.307	0.97	1	0.87	1	206	170	180	173	176	197	156	159	239	195	146	223
PA14_68710	tex	0.02	4.989	0.97	1	0.87	1	152	146	145	147	128	160	115	137	193	166	106	181
PA14_72040	PA14_72040	0.02	3.879	0.97	1	0.94	1	74	66	64	77	66	57	56	62	85	86	55	65
PA14_72430	PA14_72430	0.015	6.817	0.97	1	0.9	1	575	531	483	583	514	474	435	498	643	657	427	538
EBG00001225035	tRNA	0.03	2.175	0.98	1	1	1	16	20	20	14	21	21	12	19	27	16	18	24
PA14_00010	dnaA	-0.001	9.061	0.98	1	0.99	1	2447	2442	2610	2391	2385	2730	1847	2290	3466	2698	1981	3097
PA14_00480	PA14_00480	-0.012	11.307	0.98	1	0.94	1	9676	14225	11556	11967	12328	11470	7302	13343	15346	13503	10241	13015
PA14_01460	dctA	0.015	6.016	0.98	1	0.89	1	332	314	266	300	306	294	251	295	354	338	254	334
PA14_01490	PA14_01490	-0.002	12.056	0.98	1	0.99	1	19802	19714	20286	19471	19047	21371	14948	18490	26939	21971	15822	24248
PA14_04780	PA14_04780	-0.007	5.661	0.98	1	0.95	1	218	241	245	252	241	217	164	226	325	284	200	246
PA14_05620	sahH	0.027	7.887	0.98	1	0.84	1	1294	1023	1039	1142	1043	1106	978	959	1381	1288	866	1255
PA14_08310	PA14_08310	0.02	10.189	0.98	1	0.9	1	6083	5052	5382	4695	4972	6619	4593	4738	7147	5298	4130	7509
PA14_08630	PA14_08630	0.025	6.075	0.98	1	0.87	1	342	298	310	264	285	383	259	279	412	299	236	434
PA14_10070	PA14_10070	-0.064	1.321	0.98	1	1	1	12	9	8	11	11	8	9	8	11	12	9	9
PA14_15400	repC	0	6.257	0.98	1	1	1	349	350	369	362	349	358	263	328	490	408	290	406
PA14_15470	merP	0.041	2.039	0.98	1	0.85	1	22	17	14	19	15	17	17	16	19	21	12	19
PA14_15560	PA14_15560	-0.033	7.652	0.98	1	0.8	1	781	984	1022	970	1000	885	588	923	1356	1094	831	1005
PA14_15980	rimM	0.004	7.797	0.98	1	0.98	1	1116	918	1089	1040	1009	1066	843	861	1446	1173	838	1209
PA14_17150	PA14_17150	0.016	9.936	0.98	1	0.9	1	5071	4150	4618	4767	4153	4762	3829	3892	6132	5379	3449	5403
PA14_17490	fdxA	0.015	4.578	0.98	1	0.93	1	109	110	112	107	95	125	82	103	149	121	78	141
PA14_17940	glpR	0.016	3.841	0.98	1	0.93	1	70	62	65	65	62	67	53	58	86	73	51	76
PA14_18780	mexF	0.062	4.745	0.98	1	0.8	1	177	75	127	109	98	157	136	70	169	123	81	177
PA14_19010	PA14_19010	0.031	4.155	0.98	1	0.84	1	90	93	65	82	82	76	68	87	88	93	68	86
PA14_20580	amiC	0.013	4.538	0.98	1	0.93	1	106	109	108	101	97	121	80	102	143	114	80	137
PA14_23330	rpsA	-0.03	11.094	0.98	1	0.83	1	9584	9201	11619	9944	10360	10738	7234	8630	15427	11221	8606	12184
PA14_23980	xcpP	-0.036	8.049	0.98	1	0.8	1	1044	1260	1364	1325	1309	1129	787	1182	1810	1495	1088	1281
PA14_24150	PA14_24150	-0.011	4.359	0.98	1	0.93	1	90	99	93	94	119	73	68	93	124	106	100	84
PA14_24840	PA14_24840	-0.026	5.033	0.98	1	0.87	1	143	116	190	161	146	152	108	108	250	181	121	173
PA14_25195	nagZ	-0.009	5.079	0.98	1	0.95	1	144	166	158	175	150	147	108	156	210	197	124	167
PA14_31040	PA14_31040	-0.004	4.5	0.98	1	1	1	111	102	100	99	101	112	84	96	133	112	84	127
PA14_33480	sndH	0.011	6.393	0.98	1	0.93	1	437	356	387	377	396	397	331	334	514	426	329	450
PA14_37760	PA14_37760	-0.009	6.978	0.98	1	0.95	1	566	624	570	638	620	513	427	585	757	720	515	583
PA14_38060	PA14_38060	-0.031	2.896	0.98	1	0.84	1	29	30	37	31	38	31	22	28	48	35	32	35
PA14_38550	maiA	-0.055	3.774	0.98	1	0.81	1	34	83	65	67	66	56	24	78	86	76	55	64
PA14_39970	phzA2	-0.017	8.866	0.98	1	0.91	1	1895	2060	2557	2601	1869	2120	1429	1932	3393	2934	1552	2406
PA14_40160	nuoA	0.01	4.815	0.98	1	0.95	1	124	161	109	124	127	139	93	151	146	140	105	157
PA14_41380	glnS	-0.003	7.324	0.98	1	0.99	1	725	727	792	783	663	802	547	682	1051	883	550	910
PA14_42660	pscU	0.019	2.931	0.98	1	1	1	36	32	35	32	37	33	27	30	46	36	31	37
PA14_42970	PA14_42970	0.008	4.993	0.98	1	0.98	1	142	163	137	148	154	138	107	153	183	167	128	157
PA14_43130	PA14_43130	-0.003	5.052	0.98	1	1	1	165	135	160	157	139	163	125	126	212	177	115	185
PA14_43890	PA14_43890	0.019	2.955	0.98	1	1	1	28	42	33	28	35	40	21	40	44	32	29	45
PA14_44170	PA14_44170	-0.035	7.242	0.98	1	0.82	1	527	794	774	778	732	639	396	745	1026	877	608	726
PA14_45190	PA14_45190	0	3.84	0.98	1	1	1	65	56	75	73	67	57	49	52	99	82	56	65
PA14_45800	fliM	0.045	7.26	0.98	1	0.74	1	851	704	631	685	673	757	644	660	840	773	559	859
PA14_50100	fliI	0.012	6.319	0.98	1	0.92	1	398	392	331	383	378	349	301	368	441	432	314	396
PA14_51380	pqsE	0.006	10.125	0.98	1	0.96	1	5368	5480	4878	4974	5428	5260	4052	5140	6478	5613	4509	5968
PA14_51950	PA14_51950	0.009	5.652	0.98	1	0.94	1	237	224	243	246	210	243	179	210	323	277	174	276
PA14_52340	PA14_52340	-0.007	4.565	0.98	1	0.96	1	107	89	128	114	105	108	81	83	168	128	87	123
PA14_52370	PA14_52370	-0.014	6.681	0.98	1	0.91	1	461	477	490	511	493	439	348	447	650	576	410	499
PA14_54000	prpD	-0.001	5.777	0.98	1	0.99	1	256	255	253	236	274	255	193	239	336	267	228	289
PA14_59940	PA14_59940	0.046	4.136	0.98	1	0.75	1	93	86	68	94	65	78	71	81	92	106	53	89
PA14_61530	csuC	0.037	4.6	0.98	1	0.8	1	115	127	98	134	93	101	87	119	131	151	77	115
PA14_61770	prs	-0.082	7.36	0.98	1	0.63	0.98	647	592	996	810	823	734	487	555	1319	914	684	833
PA14_62660	PA14_62660	0.015	6.059	0.98	1	0.9	1	351	295	292	289	296	341	266	277	388	326	246	386
PA14_65200	rnr	0.001	9.529	0.98	1	0.99	1	3488	3517	3372	3342	3466	3562	2633	3299	4478	3771	2879	4042
PA14_65210	PA14_65210	-0.171	7.096	0.98	1	0.51	0.96	344	543	916	573	829	622	256	509	1210	647	690	706
PA14_65350	mutL	-0.004	8.687	0.98	1	0.98	1	1889	2043	1849	2005	2003	1790	1426	1916	2456	2262	1664	2031
PA14_65960	waaA	-0.008	4.938	0.98	1	0.96	1	142	146	134	160	149	116	107	137	179	180	124	132
PA14_67930	hisB	-0.01	6.211	0.98	1	0.93	1	321	336	371	349	338	350	242	315	492	394	281	397
PA14_68830	PA14_68830	-0.017	2.261	0.98	1	1	1	26	24	13	20	25	17	20	23	18	23	21	20
PA14_69970	cycB	-0.042	7.848	0.98	1	0.76	1	948	1044	1189	1079	1226	974	715	979	1578	1218	1019	1106
PA14_70300	PA14_70300	0.011	2.843	0.98	1	1	1	28	30	36	22	29	43	21	28	47	25	24	48
PA14_72320	PA14_72320	0.003	5.29	0.98	1	0.97	1	187	192	167	194	182	166	141	180	222	219	151	189
PA14_73350	soj	-0.005	6.594	0.98	1	0.98	1	491	371	487	470	424	459	371	348	646	530	352	521
PA14_00160	PA14_00160	0	5.261	0.99	1	1	1	172	203	157	172	191	170	130	191	210	194	159	193
PA14_00790	prlC	0.001	7.844	0.99	1	1	1	1078	1083	1063	1127	1086	1010	814	1016	1412	1272	902	1146
PA14_01190	PA14_01190	0.038	3.999	0.99	1	0.88	1	82	80	62	97	69	50	62	75	83	109	57	58
PA14_02200	cheR	-0.006	4.419	0.99	1	1	1	103	96	97	89	99	109	78	90	129	101	82	123
PA14_02990	PA14_02990	0.041	1.881	0.99	1	0.92	1	21	11	15	18	12	14	16	10	20	20	10	16
PA14_04390	ygdP	-0.033	7.762	0.99	1	0.8	1	875	998	1136	1005	1036	1039	659	936	1507	1134	861	1179
PA14_05290	algH	0.001	4.258	0.99	1	1	1	96	69	99	91	86	86	73	64	130	103	71	98
PA14_06400	PA14_06400	-0.001	3.094	0.99	1	1	1	43	39	31	35	33	43	33	37	42	40	27	49
PA14_07810	PA14_07810	-0.02	4.598	0.99	1	0.89	1	101	110	118	122	115	98	76	103	156	137	96	112
PA14_09450	phzD1	-0.032	3.971	0.99	1	0.88	1	60	83	70	84	86	50	45	78	93	94	72	57
PA14_09870	PA14_09870	-0.057	1.353	0.99	1	0.91	1	13	9	10	7	15	11	10	8	13	8	13	12
PA14_11660	aqpZ	0.024	2.736	0.99	1	0.89	1	32	30	26	28	23	33	24	28	35	32	19	37
PA14_13150	PA14_13150	0.015	7.779	0.99	1	0.91	1	1027	1158	914	1113	1026	927	775	1086	1215	1255	852	1052
PA14_13600	PA14_13600	0.002	3.221	0.99	1	0.96	1	40	36	49	40	46	41	30	34	64	45	38	47
PA14_16890	PA14_16890	-0.019	5.396	0.99	1	0.88	1	172	200	206	190	194	204	129	188	273	215	161	231
PA14_16960	PA14_16960	0.008	3.319	0.99	1	1	1	34	53	47	52	41	41	25	50	62	58	34	47
PA14_17520	cinA	-0.013	6.289	0.99	1	0.91	1	323	388	377	385	377	339	243	364	500	434	313	385
PA14_17740	ycjJ	-0.011	2.432	0.99	1	1	1	30	20	20	27	17	25	23	19	27	30	14	28
PA14_18790	opmE	0.044	1.859	0.99	1	0.92	1	22	9	14	17	13	12	17	8	19	19	11	14
PA14_18820	PA14_18820	-0.004	3.254	0.99	1	1	1	69	9	50	24	46	59	54	8	65	28	38	66
PA14_18890	rnfE	-0.02	4.714	0.99	1	0.87	1	107	123	128	117	125	123	80	115	170	132	104	140
PA14_18910	rnfD	0.017	3.711	0.99	1	0.93	1	66	52	62	69	51	56	50	49	82	78	42	64
PA14_20820	PA14_20820	-0.001	6.389	0.99	1	0.99	1	377	401	395	386	390	398	284	376	524	436	324	451
PA14_22930	glk	0.001	5.329	0.99	1	1	1	188	191	180	191	177	190	142	179	240	215	147	215
PA14_23210	PA14_23210	-0.012	4.598	0.99	1	0.96	1	126	90	119	109	118	111	96	84	157	123	98	126
PA14_24220	PA14_24220	0.001	5.345	0.99	1	1	1	188	183	193	191	190	183	142	172	256	216	158	208
PA14_24270	pepN	0.013	7.98	0.99	1	0.92	1	1255	1123	1184	1241	1071	1215	948	1053	1572	1400	889	1379
PA14_25450	lolE	-0.017	6.189	0.99	1	0.88	1	316	343	354	323	351	354	238	322	470	365	292	401
PA14_25670	acpP	-0.055	10.994	0.99	1	0.76	1	6597	10612	10906	10570	9937	8712	4977	9954	14481	11927	8255	9885
PA14_26270	PA14_26270	0.02	2.831	0.99	1	0.96	1	28	33	32	47	27	19	21	31	43	52	22	22
PA14_27160	tesA	-0.024	5.795	0.99	1	0.85	1	263	223	282	272	277	234	199	209	373	307	230	266
PA14_32190	PA14_32190	0.035	3.308	0.99	1	0.84	1	45	53	37	52	34	44	34	50	50	58	28	50
PA14_35440	ansA	-0.013	2.49	0.99	1	1	1	30	23	21	31	26	16	23	22	28	35	22	19
PA14_35540	bkdR	-0.012	3.414	0.99	1	1	1	46	51	44	58	47	38	35	48	59	65	39	43
PA14_36090	opdG	0.018	1.767	0.99	1	1	1	18	12	14	12	23	9	14	11	19	14	20	10
PA14_36470	PA14_36470	-0.037	8.958	0.99	1	0.78	1	2115	2224	2552	2298	2478	2296	1596	2086	3387	2593	2059	2605
PA14_37630	PA14_37630	0.025	2.775	0.99	1	0.89	1	32	33	28	35	24	30	24	31	37	39	20	34
PA14_40240	PA14_40240	0.072	7.885	0.99	1	0.68	0.99	1283	1342	777	1123	1075	1038	970	1259	1036	1267	893	1178
PA14_42610	pscQ	0.028	1.935	0.99	1	1	1	11	22	14	17	19	11	8	21	19	19	16	13
PA14_50110	fliH	-0.004	8.166	0.99	1	0.97	1	1279	1417	1329	1342	1335	1361	965	1329	1765	1514	1109	1544
PA14_50330	PA14_50330	0.017	7.397	0.99	1	0.89	1	826	782	772	777	710	862	624	733	1025	877	589	978
PA14_51500	PA14_51500	-0.017	3.396	0.99	1	0.96	1	48	44	51	46	48	50	36	41	67	52	40	57
PA14_52720	aruC	0.027	11.57	0.99	1	0.84	1	14616	15867	12647	14177	13888	14275	11033	14882	16796	15997	11537	16197
PA14_53160	PA14_53160	0.007	5.668	0.99	1	0.98	1	245	247	219	259	255	193	185	232	291	292	212	220
PA14_54330	rnc	-0.022	8.007	0.99	1	0.86	1	1094	1268	1219	1195	1289	1153	825	1189	1618	1349	1071	1309
PA14_55631	PA14_55631	-0.037	6.149	0.99	1	0.92	1	321	165	488	350	181	467	242	154	642	395	148	528
PA14_56890	PA14_56890	0.035	7.309	0.99	1	0.8	1	855	678	716	748	646	800	647	636	952	844	536	907
PA14_57330	murC	0.011	9.512	0.99	1	0.93	1	3458	3633	3207	3501	3393	3327	2610	3408	4260	3950	2819	3775
PA14_59370	PA14_59370	-0.011	4.219	0.99	1	0.97	1	87	79	87	70	84	101	66	74	115	79	70	114
PA14_60410	PA14_60410	0.014	6.744	0.99	1	0.91	1	525	489	493	461	476	555	397	459	655	521	395	629
PA14_60660	PA14_60660	-0.006	5.173	0.99	1	0.98	1	169	156	173	171	160	168	128	146	229	193	133	191
PA14_62480	aspC	0.01	4.64	0.99	1	0.92	1	122	114	112	131	95	117	92	107	149	147	78	133
PA14_63860	PA14_63860	0.02	3.271	0.99	1	0.92	1	50	48	34	39	55	36	38	45	46	44	46	41
PA14_65520	PA14_65520	0	7.318	0.99	1	1	1	754	753	732	756	742	739	569	706	972	853	616	839
PA14_65630	PA14_65630	0.039	6.464	0.99	1	0.75	1	450	440	363	418	361	436	340	413	483	472	299	494
PA14_66330	msrA	-0.012	5.937	0.99	1	0.94	1	290	258	303	300	282	277	219	242	402	338	234	315
PA14_66660	pilM	0.007	9.753	0.99	1	0.96	1	4175	4022	3955	3596	3933	4562	3152	3772	5253	4058	3267	5176
PA14_67830	PA14_67830	0.013	4.714	0.99	1	0.9	1	138	122	109	137	113	112	105	114	145	154	94	127
PA14_68440	PA14_68440	-0.015	3.728	0.99	1	0.91	1	43	64	72	75	55	53	31	60	95	84	45	60
PA14_69280	PA14_69280	-0.021	6.437	0.99	1	0.86	1	352	409	439	405	410	406	265	384	582	457	341	461
PA14_70370	pyrE	-0.022	5.923	0.99	1	0.85	1	246	271	320	297	278	278	185	254	423	335	231	315
PA14_71560	fdhA	-0.008	4.825	0.99	1	0.94	1	109	149	133	120	138	137	81	140	177	136	115	155
PA14_71960	wzm	0.011	5.831	0.99	1	0.93	1	266	291	243	300	255	237	201	273	323	338	212	269
EBG00001225048	tRNA	0.019	1.192	1	1	1	1	6	10	10	4	13	9	4	9	13	5	11	10
EBG00001225075	CRISPR-DR4	-0.02	1.219	1	1	1	1	9	7	8	5	7	13	7	7	11	6	6	14
EBG00001225080	tRNA	0.031	1.188	1	1	1	1	7	7	11	6	8	11	5	7	14	7	7	12
EBG00001225101	tRNA	0.033	-0.312	1	1	1	1	3	2	1	1	2	3	2	2	2	1	2	3
EBG00001225107	tRNA	0.032	-0.066	1	1	1	1	1	2	3	2	2	3	1	2	4	2	2	3
EBG00001225148	tRNA	0.01	1.267	1	1	1	1	16	4	9	13	7	8	13	4	12	15	6	9
EBG00001225163	C4	-0.024	2.555	1	1	0.94	1	24	22	28	25	29	24	18	21	37	28	24	27
EBG00001225176	tRNA	-0.062	0.408	1	1	1	1	5	6	3	4	6	4	4	6	4	5	5	5
PA14_00360	PA14_00360	-0.029	1.831	1	1	1	1	16	16	11	16	12	14	12	15	15	18	10	16
PA14_00380	betC	0.033	1.609	1	1	1	1	11	13	13	11	14	11	8	12	17	12	12	13
PA14_00530	PA14_00530	0	4.561	1	1	1	1	120	90	117	106	97	123	91	84	155	120	80	139
PA14_00570	PA14_00570	0.02	2.713	1	1	0.95	1	34	29	25	16	29	41	26	27	34	19	24	46
PA14_00620	PA14_00620	0.033	0.46	1	1	1	1	3	6	4	5	5	3	2	6	5	6	4	3
PA14_01310	coxG	0.047	6.403	1	1	0.74	1	431	459	316	425	363	377	326	431	422	479	301	428
PA14_02030	PA14_02030	-0.017	3.816	1	1	0.91	1	56	62	73	77	70	49	42	58	96	86	58	56
PA14_02300	PA14_02300	-0.022	1.979	1	1	1	1	14	19	17	20	15	16	10	18	22	22	12	18
PA14_02770	pcaJ	-0.048	1.641	1	1	0.92	1	11	13	13	18	14	6	8	12	17	20	12	7
PA14_03100	PA14_03100	0.031	1.732	1	1	1	1	12	12	16	10	14	15	9	11	21	12	12	17
PA14_03210	PA14_03210	-0.005	3.53	1	1	1	1	59	48	49	53	48	54	45	45	66	60	40	61
PA14_03265	PA14_03265	0.03	5.311	1	1	0.82	1	216	170	174	169	157	219	164	159	232	191	130	248
PA14_03310	PA14_03310	-0.053	3.906	1	1	0.76	1	52	63	86	58	79	73	38	59	112	66	66	83
PA14_04340	PA14_04340	0.047	5.215	1	1	0.79	1	190	208	129	202	167	139	144	195	173	227	139	158
PA14_04660	PA14_04660	-0.062	4.696	1	1	0.71	1	78	121	148	115	126	123	57	114	194	130	105	140
PA14_05410	chpC	0.025	3.555	1	1	0.9	1	55	56	49	70	45	42	42	53	65	78	37	48
PA14_05870	PA14_05870	0.008	2.867	1	1	1	1	38	24	35	32	28	35	29	22	46	36	23	40
PA14_06700	nirL	0.048	-0.295	1	1	1	1	5	1	0	2	0	3	4	1	0	2	0	3
PA14_06740	nirM	0.032	-0.322	1	1	1	1	3	2	2	1	4	3	2	2	3	1	3	3
PA14_07150	hyi	0.007	1.669	1	1	1	1	16	16	9	10	12	17	12	15	13	12	10	19
PA14_07300	PA14_07300	-0.03	5.605	1	1	0.8	1	193	224	250	225	239	221	145	210	331	254	199	251
PA14_07550	PA14_07550	-0.062	2.798	1	1	0.73	1	21	26	41	25	38	30	15	24	53	29	32	34
PA14_07590	folB	0.019	4.983	1	1	0.86	1	166	149	128	152	139	144	126	140	171	171	115	163
PA14_09200	ssb	-0.026	4.515	1	1	0.87	1	101	88	124	114	113	94	76	82	163	128	94	107
PA14_09300	pchH	0.01	10.223	1	1	0.94	1	5753	6010	5090	6059	5925	4753	4343	5637	6760	6837	4922	5394
PA14_09480	phzA1	0	5.337	1	1	1	1	186	169	206	200	159	202	140	158	273	225	131	229
PA14_09550	PA14_09550	-0.003	4.316	1	1	0.97	1	77	105	90	95	94	85	57	99	120	107	78	97
PA14_09930	PA14_09930	0.032	-0.203	1	1	1	1	0	5	2	4	2	2	0	5	3	4	2	2
PA14_10050	PA14_10050	0.032	0.237	1	1	1	1	2	5	5	4	4	4	1	5	6	4	3	5
PA14_10080	PA14_10080	-0.15	-0.259	1	1	1	1	3	3	1	1	4	4	2	3	2	1	3	4
PA14_10280	PA14_10280	-0.149	-0.013	1	1	1	1	3	3	1	3	1	4	2	3	2	3	1	4
PA14_10650	hpaG1	0.034	-0.179	1	1	1	1	1	3	1	4	1	1	1	3	2	4	1	1
PA14_11020	fabG	0.036	-0.05	1	1	1	1	3	2	1	5	1	0	2	2	2	5	1	0
PA14_11030	PA14_11030	0.044	0.848	1	1	1	1	11	4	4	3	8	7	9	4	6	4	7	8
PA14_11090	cupB4	0.033	0.736	1	1	1	1	3	8	4	3	6	6	2	8	6	4	5	7
PA14_11410	ribC	-0.052	5.39	1	1	0.76	1	172	175	224	226	226	142	129	164	296	255	188	162
PA14_11470	pgpA	0.008	5.226	1	1	0.96	1	185	172	167	142	169	209	140	161	222	161	140	236
PA14_11560	ispA	-0.027	3.485	1	1	0.91	1	56	45	49	58	65	30	43	42	65	65	55	35
PA14_11700	PA14_11700	-0.001	2.59	1	1	1	1	23	29	28	29	24	26	17	27	37	33	20	30
PA14_12120	lipB	0.029	6.667	1	1	0.82	1	502	525	411	509	455	442	379	493	547	574	378	502
PA14_12810	PA14_12810	-0.006	5.878	1	1	0.97	1	261	281	275	243	276	303	197	264	365	275	229	343
PA14_13280	moeA1	-0.051	0.696	1	1	1	1	4	8	4	7	7	2	3	8	5	8	6	3
PA14_13680	PA14_13680	-0.006	2.842	1	1	1	1	33	36	26	33	34	28	25	34	35	37	28	32
PA14_13840	PA14_13840	-0.032	0.981	1	1	1	1	9	6	6	8	9	4	7	6	8	9	8	5
PA14_14690	PA14_14690	-0.077	6.621	1	1	0.64	0.98	375	376	588	463	510	442	282	352	777	522	424	502
PA14_15570	PA14_15570	0.002	6.598	1	1	0.99	1	472	407	477	411	424	520	357	382	633	464	352	589
PA14_17050	map	-0.042	7.721	1	1	0.76	1	866	892	1155	960	996	1045	653	836	1531	1084	827	1185
PA14_17670	PA14_17670	-0.014	4.823	1	1	0.92	1	131	121	136	126	151	117	99	113	180	142	126	133
PA14_17820	PA14_17820	0.039	0.475	1	1	1	1	5	6	1	4	5	3	4	6	2	5	4	3
PA14_17880	paaJ	-0.016	1.261	1	1	1	1	10	11	6	10	11	7	8	10	9	11	9	8
PA14_17910	lipG	-0.025	2.563	1	1	0.94	1	24	18	32	28	30	18	18	17	41	32	25	21
PA14_18360	prmF	-0.013	3.069	1	1	1	1	40	34	39	42	33	39	30	32	52	47	27	44
PA14_18410	algF	-0.045	0.696	1	1	1	1	6	7	3	5	4	7	5	7	4	6	3	8
PA14_18590	PA14_18590	-0.018	2.846	1	1	0.95	1	32	24	37	37	30	26	24	22	48	42	25	30
PA14_19800	PA14_19800	0	3.584	1	1	1	1	42	64	57	50	54	59	31	60	75	57	45	67
PA14_19940	PA14_19940	0.004	2.659	1	1	1	1	35	24	24	22	32	27	27	22	32	25	27	31
PA14_20320	phnD	-0.009	1.252	1	1	1	1	10	9	8	13	4	10	8	8	11	14	3	11
PA14_20550	PA14_20550	-0.013	2.181	1	1	1	1	17	23	18	20	19	19	13	22	24	23	16	22
PA14_21090	PA14_21090	0.02	0.999	1	1	1	1	4	6	10	6	11	5	3	6	13	7	9	6
PA14_21660	PA14_21660	0.035	1.65	1	1	1	1	13	14	10	14	13	9	10	13	14	16	11	10
PA14_22000	rluA	-0.022	1.334	1	1	1	1	7	10	12	13	11	5	5	9	15	15	9	6
PA14_22230	PA14_22230	0.015	3.145	1	1	0.95	1	45	43	34	36	44	39	34	40	46	41	37	44
PA14_22240	PA14_22240	-0.075	0.493	1	1	0.85	1	3	3	6	6	5	3	2	3	8	7	4	3
PA14_23530	mdr	-0.011	1.663	1	1	0.93	1	7	15	17	6	18	17	5	14	22	7	15	19
PA14_24870	PA14_24870	-0.089	2.474	1	1	0.74	1	9	22	37	29	24	21	6	21	47	32	20	24
PA14_24940	PA14_24940	0.01	4.829	1	1	0.92	1	144	131	122	124	128	140	109	123	163	140	106	159
PA14_25400	ugpQ	0.011	4.737	1	1	0.94	1	127	122	123	119	107	141	96	114	163	134	88	160
PA14_25410	PA14_25410	0.001	1.813	1	1	1	1	16	12	14	12	12	17	12	11	19	14	10	19
PA14_25760	holB	-0.005	6.274	1	1	0.97	1	355	360	365	406	366	312	268	338	484	458	304	355
PA14_26200	PA14_26200	-0.02	2.925	1	1	0.91	1	28	37	36	35	46	23	21	35	47	39	39	27
PA14_26310	PA14_26310	-0.018	1.262	1	1	1	1	8	11	7	12	7	7	6	10	10	13	6	8
PA14_27220	ohr	0.007	2.988	1	1	1	1	35	34	38	34	33	40	26	32	50	38	27	45
PA14_27250	PA14_27250	0.034	1.35	1	1	1	1	8	15	9	5	12	14	6	14	12	6	10	16
PA14_27410	trpC	-0.027	1.075	1	1	1	1	7	7	8	7	7	9	5	7	11	8	6	10
PA14_27470	PA14_27470	-0.034	3.696	1	1	0.81	1	51	46	74	60	60	57	38	43	97	68	50	65
PA14_27490	PA14_27490	0.033	0.653	1	1	1	1	7	3	7	6	6	4	5	3	9	7	5	5
PA14_28090	PA14_28090	0.034	0.52	1	1	1	1	4	6	4	5	5	4	3	6	6	6	4	5
PA14_28230	PA14_28230	0.036	1.329	1	1	0.9	1	13	9	7	9	11	8	10	8	10	10	9	9
PA14_28330	PA14_28330	-0.174	-0.116	1	1	1	1	4	2	1	1	2	4	3	2	1	1	2	4
PA14_28990	PA14_28990	-0.015	3.425	1	1	0.92	1	48	43	52	47	56	43	36	40	69	53	47	49
PA14_29000	PA14_29000	-0.006	3.636	1	1	1	1	58	55	56	65	57	49	44	52	75	73	47	56
PA14_29130	PA14_29130	-0.017	7.107	1	1	0.89	1	592	679	651	591	683	672	446	637	864	667	568	762
PA14_29520	hplU	0.035	1.545	1	1	1	1	12	10	12	9	9	15	9	9	16	10	7	17
PA14_29540	hplW	-0.014	1.343	1	1	1	1	6	14	11	13	10	8	4	13	14	15	8	9
PA14_29690	PA14_29690	0.011	2.215	1	1	1	1	18	24	19	22	22	17	13	23	25	25	18	19
PA14_29930	nuoH	0.03	6.167	1	1	0.81	1	387	331	300	320	320	352	293	310	399	361	266	399
PA14_30910	trbE	0.022	2.507	1	1	0.94	1	19	34	20	26	22	24	14	32	27	29	18	27
PA14_31470	PA14_31470	0.006	4.248	1	1	0.95	1	100	78	83	79	84	95	76	73	111	89	70	108
PA14_31540	acdA	0.006	3.484	1	1	1	1	54	41	57	54	44	53	41	38	75	61	36	60
PA14_32220	catB	0.039	0.943	1	1	1	1	9	7	6	9	4	8	7	7	8	10	3	9
PA14_32480	PA14_32480	0.023	2.31	1	1	0.94	1	30	15	22	23	18	23	23	14	29	26	15	26
PA14_32610	dsbG	0.004	5.096	1	1	1	1	179	145	153	164	174	138	136	136	204	185	145	157
PA14_32700	PA14_32700	-0.006	3.134	1	1	1	1	42	37	39	35	54	30	32	35	52	40	46	35
PA14_32810	PA14_32810	-0.013	3.582	1	1	0.93	1	49	48	64	47	63	56	37	45	84	53	53	63
PA14_33240	PA14_33240	-0.009	3.147	1	1	0.95	1	35	36	44	33	39	45	26	34	58	38	32	51
PA14_34010	PA14_34010	0.007	6.837	1	1	0.96	1	544	546	513	592	533	470	411	512	682	667	443	534
PA14_34190	msuD	-0.018	1.797	1	1	1	1	12	21	9	17	12	13	9	20	13	19	10	15
PA14_34340	mtlZ	0.035	0.38	1	1	1	1	5	2	5	3	3	6	4	2	6	3	2	7
PA14_34640	gntK	0.015	3.597	1	1	0.92	1	59	53	53	56	48	57	45	50	70	63	40	65
PA14_34670	PA14_34670	0.011	2.372	1	1	1	1	25	19	23	28	24	16	19	18	31	31	20	18
PA14_34700	PA14_34700	0.038	1.813	1	1	0.87	1	26	13	8	14	13	17	21	12	11	16	11	19
PA14_35430	pvcA	0.029	1.09	1	1	1	1	8	10	8	13	11	2	6	9	11	14	9	3
PA14_35930	PA14_35930	0.032	0.381	1	1	1	1	3	3	5	5	3	3	2	3	7	6	2	4
PA14_35970	PA14_35970	-0.034	1.774	1	1	1	1	13	16	11	16	16	9	10	15	15	18	13	11
PA14_36050	PA14_36050	-0.012	2.782	1	1	1	1	30	31	28	31	29	29	23	29	37	35	24	33
PA14_36280	PA14_36280	0.031	0.946	1	1	1	1	4	7	8	5	6	9	3	7	11	6	5	10
PA14_36360	PA14_36360	0.035	1.544	1	1	1	1	8	17	10	11	12	11	6	16	13	12	10	13
PA14_36375	PA14_36375	0.004	1.803	1	1	1	1	18	10	16	18	12	13	14	9	21	20	10	15
PA14_36780	PA14_36780	-0.018	1.213	1	1	1	1	8	11	7	14	10	3	6	10	10	15	8	4
PA14_36790	PA14_36790	-0.049	0.642	1	1	1	1	3	6	7	8	5	4	2	6	9	9	4	5
PA14_36910	PA14_36910	0.018	4.14	1	1	0.9	1	98	83	63	82	86	70	75	78	85	93	72	80
PA14_36940	PA14_36940	-0.028	2.082	1	1	1	1	11	14	26	13	14	26	8	13	33	15	11	29
PA14_37060	cupA1	0.016	3.04	1	1	0.96	1	32	47	32	27	36	46	24	44	43	31	30	52
PA14_37370	PA14_37370	0.034	0.286	1	1	1	1	4	5	4	5	5	3	3	5	5	6	4	3
PA14_37550	PA14_37550	-0.012	5.097	1	1	0.96	1	182	111	180	169	160	149	138	104	238	190	133	169
PA14_37650	PA14_37650	-0.064	0.696	1	1	1	1	5	4	6	3	10	3	4	4	8	4	9	4
PA14_37870	PA14_37870	-0.027	1.775	1	1	1	1	21	6	14	14	16	11	17	5	18	16	13	13
PA14_38020	PA14_38020	0.023	2.508	1	1	0.94	1	22	32	20	29	22	21	16	30	27	32	18	24
PA14_38170	PA14_38170	-0.047	0.613	1	1	1	1	5	4	7	7	4	6	4	4	9	8	3	7
PA14_38640	scoB	-0.008	2.238	1	1	1	1	14	24	20	22	13	23	10	23	26	25	10	26
PA14_39160	PA14_39160	-0.014	4.378	1	1	0.92	1	92	96	98	101	106	83	69	90	130	114	88	95
PA14_39320	rbsC	0.005	5.72	1	1	0.97	1	250	247	238	250	242	241	189	232	317	282	201	273
PA14_39660	PA14_39660	0.032	0.053	1	1	1	1	2	3	5	4	1	4	1	3	6	5	1	4
PA14_40660	PA14_40660	0.034	1.105	1	1	1	1	6	10	7	11	6	5	4	9	10	12	5	6
PA14_40890	PA14_40890	-0.037	4.293	1	1	0.81	1	81	78	103	75	108	90	61	73	136	85	90	102
PA14_41560	nasA	-0.038	1.745	1	1	1	1	12	16	11	12	17	11	9	15	15	14	14	13
PA14_42320	pscE	0.041	0.128	1	1	1	1	5	1	3	1	1	6	4	1	4	1	1	7
PA14_42530	pcr2	0.034	1.144	1	1	1	1	9	6	9	9	7	8	7	6	12	10	6	9
PA14_43405	kdpF	0.032	-0.394	1	1	1	1	3	1	2	3	2	1	2	1	3	3	2	1
PA14_43480	PA14_43480	0.038	1.707	1	1	0.91	1	13	17	10	14	11	13	10	16	14	16	9	15
PA14_43830	panB	0.028	1.471	1	1	1	1	5	14	12	11	9	12	3	13	16	12	7	13
PA14_44311	PA14_44311	-0.013	7.105	1	1	0.92	1	646	587	685	597	656	684	488	550	909	674	545	776
PA14_44860	allA	0.029	4.588	1	1	0.84	1	132	105	100	98	99	130	101	98	133	111	82	147
PA14_45060	PA14_45060	-0.113	0.275	1	1	1	1	3	3	3	4	2	3	2	3	4	5	2	3
PA14_45260	PA14_45260	0.007	3.344	1	1	0.96	1	49	45	45	44	42	50	37	42	60	50	35	57
PA14_46310	PA14_46310	0	3.437	1	1	1	1	61	45	43	45	62	42	47	42	58	51	52	48
PA14_46620	PA14_46620	-0.004	5.287	1	1	1	1	202	151	191	173	179	192	153	141	253	195	149	218
PA14_46630	PA14_46630	-0.006	2.548	1	1	1	1	26	21	27	22	29	26	20	20	36	25	24	29
PA14_47280	phnX	-0.013	6.115	1	1	0.91	1	305	324	335	301	343	331	230	304	444	340	285	376
PA14_47840	PA14_47840	-0.067	0.486	1	1	1	1	3	7	4	6	7	2	2	7	5	7	6	2
PA14_47930	PA14_47930	-0.216	-0.465	1	1	1	1	1	0	3	2	1	3	1	0	4	2	1	3
PA14_48230	PA14_48230	0.039	-0.309	1	1	1	1	5	1	1	1	2	3	4	1	1	1	2	3
PA14_48520	mltA	-0.031	4.179	1	1	0.82	1	70	79	97	86	92	76	52	74	127	97	77	86
PA14_48730	PA14_48730	0.018	4.544	1	1	0.87	1	111	125	89	105	99	114	84	117	120	119	82	129
PA14_48980	PA14_48980	-0.007	1.26	1	1	1	1	12	11	6	5	10	13	9	10	8	6	8	14
PA14_49090	PA14_49090	-0.022	2.138	1	1	1	1	16	21	16	11	23	21	12	20	22	13	19	24
PA14_50410	flgI	-0.003	6.933	1	1	0.99	1	554	595	562	565	578	571	418	558	746	638	480	648
PA14_51190	PA14_51190	0.029	3.97	1	1	0.83	1	85	75	59	76	63	72	65	70	80	86	52	82
PA14_51620	PA14_51620	0.001	2.773	1	1	1	1	27	29	35	32	25	35	20	27	46	36	20	39
PA14_52110	PA14_52110	-0.002	1.588	1	1	1	1	18	5	14	12	12	12	14	5	18	14	10	14
PA14_52890	PA14_52890	-0.215	-0.233	1	1	1	1	1	1	2	1	2	3	1	1	3	1	2	3
PA14_53380	PA14_53380	0.033	0.671	1	1	1	1	4	4	6	4	4	6	3	4	8	5	3	7
PA14_53650	PA14_53650	0.055	1.761	1	1	0.85	1	13	16	13	16	5	18	10	15	17	18	4	20
PA14_54110	PA14_54110	0.033	0.454	1	1	1	1	5	0	7	5	0	6	4	0	9	6	0	7
PA14_54170	putA	-0.034	9.001	1	1	0.8	1	2232	2231	2646	2366	2564	2349	1684	2092	3512	2670	2130	2665
PA14_54230	PA14_54230	-0.029	1.885	1	1	1	1	13	17	13	15	14	15	10	16	18	17	12	17
PA14_54800	rsuA	-0.022	2.703	1	1	0.89	1	24	24	36	26	36	26	18	22	47	29	30	30
PA14_55117	PA14_55117	-0.059	4.236	1	1	0.79	1	56	79	116	90	73	99	41	74	151	102	60	112
PA14_55130	gloA2	-0.017	1.903	1	1	1	1	15	13	17	19	7	19	11	12	22	21	5	21
PA14_55330	PA14_55330	0.027	0.707	1	1	1	1	5	3	9	8	6	4	4	3	12	9	5	5
PA14_55450	hxcQ	-0.022	1.078	1	1	1	1	10	9	5	8	6	9	8	8	7	9	5	10
PA14_55480	hxcX	0.036	-0.201	1	1	1	1	3	4	1	4	1	3	2	4	2	4	1	3
PA14_55500	hxcV	0.034	1.01	1	1	1	1	9	4	8	6	7	7	7	4	10	7	6	8
PA14_55720	PA14_55720	0.001	1.757	1	1	1	1	16	15	11	13	17	11	12	14	15	15	14	13
PA14_55730	PA14_55730	-0.013	3.369	1	1	0.96	1	49	44	47	44	57	41	37	41	63	50	48	47
PA14_56060	purU1	0.006	7.191	1	1	0.96	1	711	692	649	730	693	619	537	649	863	823	576	703
PA14_56600	PA14_56600	-0.021	5.007	1	1	0.86	1	131	145	164	145	150	153	98	136	217	164	125	174
PA14_57080	PA14_57080	-0.01	5.274	1	1	0.94	1	171	173	190	182	182	176	129	162	252	205	151	200
PA14_57480	PA14_57480	-0.006	6.079	1	1	0.97	1	306	301	336	352	295	299	231	282	445	397	245	340
PA14_57730	mltB1	0.016	7.471	1	1	0.89	1	895	816	795	853	791	830	676	765	1056	962	657	942
PA14_58130	mreC	0	4.983	1	1	1	1	147	147	146	158	139	143	111	138	194	178	115	162
PA14_58610	PA14_58610	-0.019	3.823	1	1	0.94	1	51	66	73	67	56	72	38	62	96	75	46	81
PA14_58980	PA14_58980	0.009	0.107	1	1	1	1	3	1	6	0	5	6	2	1	8	0	4	7
PA14_59570	PA14_59570	-0.129	-0.029	1	1	1	1	3	3	2	3	2	4	2	3	3	3	2	4
PA14_59670	PA14_59670	0.037	0.534	1	1	1	1	6	5	3	6	4	3	5	5	4	7	3	4
PA14_59960	PA14_59960	0.006	4.944	1	1	0.98	1	139	137	153	146	114	165	105	128	202	165	94	187
PA14_60390	mviN	-0.002	5.159	1	1	1	1	179	148	168	158	167	171	136	139	223	178	139	194
PA14_61980	PA14_61980	-0.019	1.171	1	1	1	1	11	6	7	11	7	7	9	6	10	12	6	8
PA14_62440	yieG	-0.013	4.358	1	1	0.95	1	101	84	96	88	108	90	77	79	127	99	90	102
PA14_63300	PA14_63300	-0.043	1.454	1	1	0.82	1	8	5	16	10	14	8	6	5	20	11	12	9
PA14_63500	PA14_63500	-0.024	3.428	1	1	0.89	1	39	47	55	59	49	37	29	44	72	66	41	42
PA14_63920	PA14_63920	0.001	3.258	1	1	1	1	45	36	45	41	39	47	34	34	60	46	32	53
PA14_64450	yegD	-0.003	3.607	1	1	1	1	61	52	54	53	52	61	46	49	72	60	43	69
PA14_65450	motA	-0.006	6.559	1	1	0.97	1	444	405	467	439	422	461	335	380	619	495	350	523
PA14_65950	PA14_65950	-0.005	1.535	1	1	1	1	12	8	15	3	15	17	9	7	20	4	13	19
PA14_66010	PA14_66010	0.016	4.206	1	1	0.89	1	89	92	75	89	75	86	67	86	101	100	62	98
PA14_66640	pilO	0.019	7.748	1	1	0.89	1	1079	993	965	864	945	1185	815	931	1282	976	785	1344
PA14_66850	phaD	0.022	7.457	1	1	0.86	1	893	837	755	856	797	792	675	785	1004	966	662	899
PA14_67110	pap	-0.009	4.94	1	1	0.94	1	143	126	153	147	147	133	108	118	203	166	122	151
PA14_67130	ybeJ	0.018	4.358	1	1	0.9	1	103	96	86	86	88	105	78	90	115	97	73	119
PA14_67260	PA14_67260	0.012	5.77	1	1	0.92	1	271	265	229	276	263	218	205	249	305	311	219	248
PA14_69710	sss	0.017	4.12	1	1	0.88	1	86	86	71	86	76	76	65	81	95	97	63	86
PA14_70340	PA14_70340	-0.178	-0.389	1	1	1	1	0	3	2	3	1	3	0	3	3	3	1	3
PA14_70510	PA14_70510	0.034	0.996	1	1	1	1	7	10	7	9	8	5	5	9	9	10	7	6
PA14_70650	glcG	0.036	1.185	1	1	1	1	8	14	6	6	12	10	6	13	9	7	10	11
PA14_70750	phoB	-0.002	4.651	1	1	1	1	119	111	115	106	117	123	90	104	153	120	97	139
PA14_71140	PA14_71140	0.033	-0.174	1	1	1	1	1	3	1	1	2	3	1	3	2	1	2	3
PA14_71390	PA14_71390	0.003	5.291	1	1	0.99	1	165	208	171	202	170	171	124	195	228	227	141	194
PA14_71530	purU2	0.012	3.384	1	1	0.96	1	46	47	47	47	36	56	35	44	63	53	29	63
PA14_71670	PA14_71670	0.046	5.065	1	1	0.74	1	184	173	119	166	144	148	140	162	160	187	119	168
PA14_71700	PA14_71700	0.007	1.555	1	1	0.92	1	14	18	5	17	9	10	11	17	8	19	7	12
PA14_72090	PA14_72090	-0.009	1.366	1	1	1	1	11	11	11	13	9	10	8	10	14	15	7	11
PA14_73250	atpG	0.021	9.072	1	1	0.89	1	2774	2269	2567	2361	2198	2943	2095	2128	3409	2664	1825	3338
